2026-09-04 12:19:50,4.93,0,1
2026-09-04 12:19:50,5.48,0,1
2026-09-04 12:19:51,638.64,0,1
2026-09-04 12:19:51,478.33,0,1
2026-09-04 12:19:52,6.21,0,1
2026-09-04 12:19:52,5.64,0,1
2026-09-04 12:19:52,5.08,0,1
2026-09-04 12:19:52,54.02,0,1
2026-09-04 12:19:52,4.91,0,1
2026-09-04 12:19:52,6.03,0,1
2026-09-04 12:19:52,4.64,0,1
2026-09-04 12:19:52,5.1,0,1
2026-09-04 12:19:52,5.55,0,1
2026-09-04 12:19:53,6.07,0,1
2026-09-04 12:19:53,5.25,0,1
2026-09-04 12:19:53,5.17,0,1
2026-09-04 12:19:53,5.75,0,1
2026-09-04 12:19:53,6.24,0,1
2026-09-04 12:19:53,5.82,0,1
2026-09-04 12:19:53,6.36,0,1
2026-09-04 12:19:53,5.36,0,1
2026-09-04 12:19:53,6.42,0,1
2026-09-04 12:19:53,5.98,0,1
2026-09-04 12:19:54,6.32,0,1
2026-09-04 12:19:54,5.62,0,1
2026-09-04 12:19:54,5.9,0,1
2026-09-04 12:19:54,6.23,0,1
2026-09-04 12:19:54,5.9,0,1
2026-09-04 12:19:54,5.72,0,1
2026-09-04 12:19:54,15.82,0,1
2026-09-04 12:19:54,27.38,0,1
2026-09-04 12:19:54,6.24,0,1
2026-09-04 12:19:55,5.38,0,1
2026-09-04 12:19:55,6.77,0,1
2026-09-04 12:19:55,4.79,0,1
2026-09-04 12:19:55,6.28,0,1
2026-09-04 12:19:56,677.75,0,1
2026-09-04 12:19:56,645.17,0,1
2026-09-04 12:19:57,5.68,0,1
2026-09-04 12:19:57,4.8,0,1
2026-09-04 12:19:57,5.11,0,1
2026-09-04 12:19:57,5.6,0,1
2026-09-04 12:19:57,5.29,0,1
2026-09-04 12:19:57,5.38,0,1
2026-09-04 12:19:57,14.22,0,1
2026-09-04 12:19:57,5.92,0,1
2026-09-04 12:19:57,5.42,0,1
2026-09-04 12:19:58,4.84,0,1
2026-09-04 12:19:58,5.81,0,1
2026-09-04 12:19:58,5.31,0,1
2026-09-04 12:19:58,4.99,0,1
2026-09-04 12:19:58,4.98,0,1
2026-09-04 12:19:58,5.44,0,1
2026-09-04 12:19:58,5.82,0,1
2026-09-04 12:19:58,33.44,0,1
2026-09-04 12:19:58,6.06,0,1
2026-09-04 12:19:59,240.51,0,1
2026-09-04 12:19:59,5.64,0,1
2026-09-04 12:19:59,5.13,0,1
2026-09-04 12:19:59,5.85,0,1
2026-09-04 12:19:59,5.75,0,1
2026-09-04 12:19:59,5.83,0,1
2026-09-04 12:19:59,5.57,0,1
2026-09-04 12:20:00,227.38,0,1
2026-09-04 12:20:00,5.48,0,1
2026-09-04 12:20:00,24.37,0,1
2026-09-04 12:20:00,6.25,0,1
2026-09-04 12:20:00,5.11,0,1
2026-09-04 12:20:00,4.88,0,1
2026-09-04 12:20:00,5.6,0,1
2026-09-04 12:20:00,7.42,0,1
2026-09-04 12:20:01,5.45,0,1
2026-09-04 12:20:01,5.87,0,1
2026-09-04 12:20:01,6.92,0,1
2026-09-04 12:20:01,6.81,0,1
2026-09-04 12:20:01,22.72,0,1
2026-09-04 12:20:01,231.67,0,1
2026-09-04 12:20:01,5.13,0,1
2026-09-04 12:20:02,13.77,0,1
2026-09-04 12:20:02,5.92,0,1
2026-09-04 12:20:02,5.6,0,1
2026-09-04 12:20:02,6.25,0,1
2026-09-04 12:20:02,5.21,0,1
2026-09-04 12:20:02,7.24,0,1
2026-09-04 12:20:02,14.41,0,1
2026-09-04 12:20:02,5.12,0,1
2026-09-04 12:20:03,5000,1,1
2026-09-04 12:20:04,392.57,0,1
2026-09-04 12:20:04,5.02,0,1
2026-09-04 12:20:04,220.08,0,1
2026-09-04 12:20:05,889.2,0,1
2026-09-04 12:20:05,6.44,0,1
2026-09-04 12:20:06,5.81,0,1
2026-09-04 12:20:06,6.15,0,1
2026-09-04 12:20:06,5.69,0,1
2026-09-04 12:20:06,17.52,0,1
2026-09-04 12:20:06,5.83,0,1
2026-09-04 12:20:06,6.29,0,1
2026-09-04 12:20:06,5.93,0,1
2026-09-04 12:20:06,6.36,0,1
2026-09-04 12:20:06,7.27,0,1
2026-09-04 12:20:07,6.04,0,1
2026-09-04 12:20:07,6.19,0,1
2026-09-04 12:20:07,6.01,0,1
2026-09-04 12:20:07,5.15,0,1
2026-09-04 12:20:07,6.15,0,1
2026-09-04 12:20:07,5.82,0,1
2026-09-04 12:20:07,5.89,0,1
2026-09-04 12:20:07,5.41,0,1
2026-09-04 12:20:07,5.75,0,1
2026-09-04 12:20:08,15.93,0,1
2026-09-04 12:20:08,6.2,0,1
2026-09-04 12:20:08,6.2,0,1
2026-09-04 12:20:08,7.01,0,1
2026-09-04 12:20:08,6.09,0,1
2026-09-04 12:20:08,5.43,0,1
2026-09-04 12:20:08,5.52,0,1
2026-09-04 12:20:08,5.48,0,1
2026-09-04 12:20:08,5.1,0,1
2026-09-04 12:20:08,6.43,0,1
2026-09-04 12:20:09,5.84,0,1
2026-09-04 12:20:09,233.75,0,1
2026-09-04 12:20:09,12.5,0,1
2026-09-04 12:20:09,6.29,0,1
2026-09-04 12:20:09,5.59,0,1
2026-09-04 12:20:09,22.09,0,1
2026-09-04 12:20:09,6.66,0,1
2026-09-04 12:20:10,5.54,0,1
2026-09-04 12:20:10,5.78,0,1
2026-09-04 12:20:10,6.03,0,1
2026-09-04 12:20:10,23.54,0,1
2026-09-04 12:20:10,4.78,0,1
2026-09-04 12:20:10,6.31,0,1
2026-09-04 12:20:10,6.19,0,1
2026-09-04 12:20:10,5.55,0,1
2026-09-04 12:20:10,5.39,0,1
2026-09-04 12:20:11,5.23,0,1
2026-09-04 12:20:11,5.26,0,1
2026-09-04 12:20:11,17.56,0,1
2026-09-04 12:20:11,6.37,0,1
2026-09-04 12:20:11,15.85,0,1
2026-09-04 12:20:11,6.25,0,1
2026-09-04 12:20:11,6.7,0,1
2026-09-04 12:20:11,6.17,0,1
2026-09-04 12:20:11,6.66,0,1
2026-09-04 12:20:12,5.42,0,1
2026-09-04 12:20:12,5.27,0,1
2026-09-04 12:20:12,6.12,0,1
2026-09-04 12:20:12,6.18,0,1
2026-09-04 12:20:12,6.39,0,1
2026-09-04 12:20:12,5.18,0,1
2026-09-04 12:20:12,15.72,0,1
2026-09-04 12:20:12,6.4,0,1
2026-09-04 12:20:12,6.15,0,1
2026-09-04 12:20:13,5.91,0,1
2026-09-04 12:20:13,6.35,0,1
2026-09-04 12:20:13,5.35,0,1
2026-09-04 12:20:14,864.65,0,1
2026-09-04 12:20:14,5.49,0,1
2026-09-04 12:20:15,722.29,0,1
2026-09-04 12:20:15,5.03,0,1
2026-09-04 12:20:15,5.95,0,1
2026-09-04 12:20:15,6.23,0,1
2026-09-04 12:20:15,27.43,0,1
2026-09-04 12:20:15,6.52,0,1
2026-09-04 12:20:15,5.99,0,1
2026-09-04 12:20:16,235.25,0,1
2026-09-04 12:20:16,6.59,0,1
2026-09-04 12:20:16,27.31,0,1
2026-09-04 12:20:16,5.5,0,1
2026-09-04 12:20:16,6.37,0,1
2026-09-04 12:20:16,5.49,0,1
2026-09-04 12:20:16,5.4,0,1
2026-09-04 12:20:17,219.97,0,1
2026-09-04 12:20:17,6.4,0,1
2026-09-04 12:20:17,5.44,0,1
2026-09-04 12:20:17,24.76,0,1
2026-09-04 12:20:17,6.37,0,1
2026-09-04 12:20:18,5000,1,1
2026-09-04 12:20:19,442.07,0,1
2026-09-04 12:20:19,221.01,0,1
2026-09-04 12:20:19,7.39,0,1
2026-09-04 12:20:19,6.38,0,1
2026-09-04 12:20:19,7.04,0,1
2026-09-04 12:20:19,7.22,0,1
2026-09-04 12:20:20,6.68,0,1
2026-09-04 12:20:20,5.59,0,1
2026-09-04 12:20:20,5.75,0,1
2026-09-04 12:20:20,7.18,0,1
2026-09-04 12:22:40,5.19,0,1
2026-09-04 12:22:40,4.98,0,1
2026-09-04 12:22:41,226.48,0,1
2026-09-04 12:22:41,5.68,0,1
2026-09-04 12:22:41,6.23,0,1
2026-09-04 12:22:41,5.09,0,1
2026-09-04 12:22:41,5.2,0,1
2026-09-04 12:22:41,4.88,0,1
2026-09-04 12:22:41,5.3,0,1
2026-09-04 12:22:41,4.6,0,1
2026-09-04 12:22:41,5.31,0,1
2026-09-04 12:22:42,22.15,0,1
2026-09-04 12:22:42,5.06,0,1
2026-09-04 12:22:42,4.84,0,1
2026-09-04 12:22:42,5.59,0,1
2026-09-04 12:22:42,5.49,0,1
2026-09-04 12:22:42,5.21,0,1
2026-09-04 12:22:42,5.46,0,1
2026-09-04 12:22:42,5.16,0,1
2026-09-04 12:22:42,5.11,0,1
2026-09-04 12:22:42,4.85,0,1
2026-09-04 12:22:43,5.13,0,1
2026-09-04 12:22:43,5.24,0,1
2026-09-04 12:22:43,6.2,0,1
2026-09-04 12:22:43,5.69,0,1
2026-09-04 12:22:43,5.8,0,1
2026-09-04 12:22:43,5.14,0,1
2026-09-04 12:22:43,219.36,0,1
2026-09-04 12:22:44,5.5,0,1
2026-09-04 12:22:44,13.97,0,1
2026-09-04 12:22:44,6.24,0,1
2026-09-04 12:22:44,5.83,0,1
2026-09-04 12:22:44,5.08,0,1
2026-09-04 12:22:44,5.14,0,1
2026-09-04 12:22:44,5.49,0,1
2026-09-04 12:22:45,640.66,0,1
2026-09-04 12:22:45,7.9,0,1
2026-09-04 12:22:45,6.42,0,1
2026-09-04 12:22:45,5.09,0,1
2026-09-04 12:22:45,4.66,0,1
2026-09-04 12:22:45,4.92,0,1
2026-09-04 12:22:46,428.57,0,1
2026-09-04 12:22:46,13.44,0,1
2026-09-04 12:22:46,5.7,0,1
2026-09-04 12:22:46,5.1,0,1
2026-09-04 12:22:46,5.0,0,1
2026-09-04 12:22:47,228.37,0,1
2026-09-04 12:22:48,5000,1,1
2026-09-04 12:22:48,421.09,0,1
2026-09-04 12:22:49,216.96,0,1
2026-09-04 12:22:49,4.93,0,1
2026-09-04 12:22:49,5.3,0,1
2026-09-04 12:22:49,5.11,0,1
2026-09-04 12:22:49,5.2,0,1
2026-09-04 12:22:49,5.2,0,1
2026-09-04 12:22:49,14.47,0,1
2026-09-04 12:22:49,5.16,0,1
2026-09-04 12:22:50,5.36,0,1
2026-09-04 12:22:50,216.86,0,1
2026-09-04 12:22:50,4.94,0,1
2026-09-04 12:22:50,5.39,0,1
2026-09-04 12:22:50,222.81,0,1
2026-09-04 12:22:51,5.58,0,1
2026-09-04 12:22:51,13.94,0,1
2026-09-04 12:22:51,5.2,0,1
2026-09-04 12:22:51,5.5,0,1
2026-09-04 12:22:51,5.13,0,1
2026-09-04 12:22:51,5.47,0,1
2026-09-04 12:22:51,4.78,0,1
2026-09-04 12:22:51,4.64,0,1
2026-09-04 12:22:52,664.25,0,1
2026-09-04 12:22:52,6.89,0,1
2026-09-04 12:22:52,17.98,0,1
2026-09-04 12:22:52,5.0,0,1
2026-09-04 12:22:53,5.06,0,1
2026-09-04 12:22:53,5.53,0,1
2026-09-04 12:22:53,5.34,0,1
2026-09-04 12:22:53,5.04,0,1
2026-09-04 12:22:53,4.81,0,1
2026-09-04 12:22:53,5.5,0,1
2026-09-04 12:22:53,5.04,0,1
2026-09-04 12:22:53,4.9,0,1
2026-09-04 12:22:53,23.38,0,1
2026-09-04 12:22:53,5.01,0,1
2026-09-04 12:22:54,429.29,0,1
2026-09-04 12:22:54,5.56,0,1
2026-09-04 12:22:54,5.45,0,1
2026-09-04 12:22:54,5.05,0,1
2026-09-04 12:22:54,5.0,0,1
2026-09-04 12:22:55,5.89,0,1
2026-09-04 12:22:55,5.53,0,1
2026-09-04 12:22:55,6.25,0,1
2026-09-04 12:22:55,17.91,0,1
2026-09-04 12:22:55,231.98,0,1
2026-09-04 12:22:55,4.73,0,1
2026-09-04 12:22:55,5.87,0,1
2026-09-04 12:22:56,6.03,0,1
2026-09-04 12:22:56,5.81,0,1
2026-09-04 12:22:56,5.42,0,1
2026-09-04 12:22:56,5.48,0,1
2026-09-04 12:22:56,6.13,0,1
2026-09-04 12:22:56,6.14,0,1
2026-09-04 12:22:56,4.99,0,1
2026-09-04 12:22:56,5.14,0,1
2026-09-04 12:22:56,4.95,0,1
2026-09-04 12:22:56,5.34,0,1
2026-09-04 12:22:57,5.74,0,1
2026-09-04 12:22:57,5.96,0,1
2026-09-04 12:22:57,5.49,0,1
2026-09-04 12:22:57,5.66,0,1
2026-09-04 12:22:57,5.69,0,1
2026-09-04 12:22:57,5.27,0,1
2026-09-04 12:22:57,5.17,0,1
2026-09-04 12:22:57,6.26,0,1
2026-09-04 12:22:57,5.88,0,1
2026-09-04 12:22:58,5.18,0,1
2026-09-04 12:22:58,225.19,0,1
2026-09-04 12:22:58,5.81,0,1
2026-09-04 12:22:58,6.0,0,1
2026-09-04 12:22:58,5.31,0,1
2026-09-04 12:22:58,5.4,0,1
2026-09-04 12:22:58,5.15,0,1
2026-09-04 12:22:59,5.02,0,1
2026-09-04 12:22:59,5.43,0,1
2026-09-04 12:22:59,4.64,0,1
2026-09-04 12:22:59,5.35,0,1
2026-09-04 12:22:59,5.32,0,1
2026-09-04 12:22:59,4.95,0,1
2026-09-04 12:22:59,4.96,0,1
2026-09-04 12:22:59,5.72,0,1
2026-09-04 12:22:59,4.84,0,1
2026-09-04 12:22:59,5.82,0,1
2026-09-04 12:23:00,5.01,0,1
2026-09-04 12:23:00,5.33,0,1
2026-09-04 12:23:00,13.59,0,1
2026-09-04 12:23:00,5.51,0,1
2026-09-04 12:23:00,4.84,0,1
2026-09-04 12:23:00,22.97,0,1
2026-09-04 12:23:00,5.63,0,1
2026-09-04 12:23:00,4.83,0,1
2026-09-04 12:23:00,18.78,0,1
2026-09-04 12:23:01,4.52,0,1
2026-09-04 12:23:01,5.16,0,1
2026-09-04 12:23:01,5.02,0,1
2026-09-04 12:23:01,4.97,0,1
2026-09-04 12:23:01,5.71,0,1
2026-09-04 12:23:01,22.4,0,1
2026-09-04 12:23:01,5.25,0,1
2026-09-04 12:23:01,5.07,0,1
2026-09-04 12:23:01,18.27,0,1
2026-09-04 12:23:02,25.45,0,1
2026-09-04 12:23:02,6.19,0,1
2026-09-04 12:23:02,5.23,0,1
2026-09-04 12:23:02,5.21,0,1
2026-09-04 12:23:02,5.2,0,1
2026-09-04 12:23:02,6.17,0,1
2026-09-04 12:23:02,6.67,0,1
2026-09-04 12:23:02,6.04,0,1
2026-09-04 12:23:02,19.97,0,1
2026-09-04 12:23:03,5.96,0,1
2026-09-04 12:23:03,19.94,0,1
2026-09-04 12:23:03,5.09,0,1
2026-09-04 12:23:04,5000,1,1
2026-09-04 12:23:05,5000,1,1
2026-09-04 12:23:05,87.25,0,1
2026-09-04 12:23:05,23.89,0,1
2026-09-04 12:23:05,5.55,0,1
2026-09-04 12:23:06,6.21,0,1
2026-09-04 12:23:06,5.7,0,1
2026-09-04 12:23:06,5.78,0,1
2026-09-04 12:23:06,5.28,0,1
2026-09-04 12:23:06,5.96,0,1
2026-09-04 12:23:06,5.34,0,1
2026-09-04 12:23:06,22.11,0,1
2026-09-04 12:23:06,40.25,0,1
2026-09-04 12:23:07,593.2,0,1
2026-09-04 12:23:07,4.92,0,1
2026-09-04 12:23:07,228.11,0,1
2026-09-04 12:23:08,5.71,0,1
2026-09-04 12:23:08,17.54,0,1
2026-09-04 12:23:08,5.34,0,1
2026-09-04 12:23:08,5.33,0,1
2026-09-04 12:23:08,5.2,0,1
2026-09-04 12:23:09,703.45,0,1
2026-09-04 12:23:10,690.35,0,1
2026-09-04 12:23:10,5.73,0,1
2026-09-04 12:23:10,6.28,0,1
2026-09-04 12:23:10,5.49,0,1
2026-09-04 12:23:10,5.57,0,1
2026-09-04 12:25:30,6.19,0,1
2026-09-04 12:25:30,5.55,0,1
2026-09-04 12:25:31,5.67,0,1
2026-09-04 12:25:31,5.73,0,1
2026-09-04 12:25:31,7.44,0,1
2026-09-04 12:25:31,5.38,0,1
2026-09-04 12:25:31,4.99,0,1
2026-09-04 12:25:31,5.51,0,1
2026-09-04 12:25:31,4.84,0,1
2026-09-04 12:25:31,5.12,0,1
2026-09-04 12:25:32,638.72,0,1
2026-09-04 12:25:32,5.42,0,1
2026-09-04 12:25:32,4.83,0,1
2026-09-04 12:25:32,14.95,0,1
2026-09-04 12:25:33,5.29,0,1
2026-09-04 12:25:33,6.1,0,1
2026-09-04 12:25:33,6.98,0,1
2026-09-04 12:25:33,6.03,0,1
2026-09-04 12:25:33,12.96,0,1
2026-09-04 12:25:33,5.0,0,1
2026-09-04 12:25:33,5.1,0,1
2026-09-04 12:25:33,5.56,0,1
2026-09-04 12:25:33,5.32,0,1
2026-09-04 12:25:33,5.43,0,1
2026-09-04 12:25:34,5.82,0,1
2026-09-04 12:25:34,5.61,0,1
2026-09-04 12:25:34,13.66,0,1
2026-09-04 12:25:34,5.58,0,1
2026-09-04 12:25:34,5.57,0,1
2026-09-04 12:25:34,5.54,0,1
2026-09-04 12:25:34,5.23,0,1
2026-09-04 12:25:35,228.16,0,1
2026-09-04 12:25:35,4.7,0,1
2026-09-04 12:25:35,5.02,0,1
2026-09-04 12:25:35,13.45,0,1
2026-09-04 12:25:35,6.1,0,1
2026-09-04 12:25:35,6.27,0,1
2026-09-04 12:25:35,216.94,0,1
2026-09-04 12:25:36,5.7,0,1
2026-09-04 12:25:37,5000,1,1
2026-09-04 12:25:37,456.33,0,1
2026-09-04 12:25:37,32.92,0,1
2026-09-04 12:25:37,6.33,0,1
2026-09-04 12:25:38,24.78,0,1
2026-09-04 12:25:38,6.04,0,1
2026-09-04 12:25:38,5.08,0,1
2026-09-04 12:25:38,5.34,0,1
2026-09-04 12:25:38,5.67,0,1
2026-09-04 12:25:38,5.93,0,1
2026-09-04 12:25:38,5.27,0,1
2026-09-04 12:25:38,5.92,0,1
2026-09-04 12:25:38,5.48,0,1
2026-09-04 12:25:39,6.75,0,1
2026-09-04 12:25:39,4.59,0,1
2026-09-04 12:25:39,6.03,0,1
2026-09-04 12:25:39,228.05,0,1
2026-09-04 12:25:39,6.65,0,1
2026-09-04 12:25:39,5.32,0,1
2026-09-04 12:25:39,5.91,0,1
2026-09-04 12:25:39,5.61,0,1
2026-09-04 12:25:40,5.03,0,1
2026-09-04 12:25:40,5.43,0,1
2026-09-04 12:25:40,5.61,0,1
2026-09-04 12:25:40,5.21,0,1
2026-09-04 12:25:40,5.74,0,1
2026-09-04 12:25:40,14.18,0,1
2026-09-04 12:25:40,4.88,0,1
2026-09-04 12:25:40,6.73,0,1
2026-09-04 12:25:40,5.24,0,1
2026-09-04 12:25:41,6.69,0,1
2026-09-04 12:25:41,5.69,0,1
2026-09-04 12:25:41,6.29,0,1
2026-09-04 12:25:41,5.7,0,1
2026-09-04 12:25:41,6.67,0,1
2026-09-04 12:25:41,6.27,0,1
2026-09-04 12:25:41,5.07,0,1
2026-09-04 12:25:41,5.31,0,1
2026-09-04 12:25:41,5.24,0,1
2026-09-04 12:25:42,5.32,0,1
2026-09-04 12:25:42,7.25,0,1
2026-09-04 12:25:42,5.03,0,1
2026-09-04 12:25:42,5.96,0,1
2026-09-04 12:25:42,5.9,0,1
2026-09-04 12:25:43,644.02,0,1
2026-09-04 12:25:43,5.35,0,1
2026-09-04 12:25:43,5.74,0,1
2026-09-04 12:25:43,5.83,0,1
2026-09-04 12:25:43,6.54,0,1
2026-09-04 12:25:43,5.33,0,1
2026-09-04 12:25:43,5.87,0,1
2026-09-04 12:25:43,5.12,0,1
2026-09-04 12:25:44,6.9,0,1
2026-09-04 12:25:44,5.99,0,1
2026-09-04 12:25:44,6.4,0,1
2026-09-04 12:25:44,5.28,0,1
2026-09-04 12:25:44,6.3,0,1
2026-09-04 12:25:44,219.56,0,1
2026-09-04 12:25:44,6.82,0,1
2026-09-04 12:25:45,4.9,0,1
2026-09-04 12:25:45,5.15,0,1
2026-09-04 12:25:45,5.81,0,1
2026-09-04 12:25:45,5.56,0,1
2026-09-04 12:25:45,7.98,0,1
2026-09-04 12:25:46,648.1,0,1
2026-09-04 12:25:46,219.81,0,1
2026-09-04 12:25:46,5.64,0,1
2026-09-04 12:25:46,5.45,0,1
2026-09-04 12:25:46,5.83,0,1
2026-09-04 12:25:46,6.48,0,1
2026-09-04 12:25:47,5.4,0,1
2026-09-04 12:25:47,5.56,0,1
2026-09-04 12:25:47,4.73,0,1
2026-09-04 12:25:47,5.07,0,1
2026-09-04 12:25:47,5.83,0,1
2026-09-04 12:25:47,4.65,0,1
2026-09-04 12:25:47,6.23,0,1
2026-09-04 12:25:47,5.07,0,1
2026-09-04 12:25:48,5000,1,1
2026-09-04 12:25:50,5000,1,1
2026-09-04 12:25:51,953.08,0,1
2026-09-04 12:25:51,4.9,0,1
2026-09-04 12:25:51,4.79,0,1
2026-09-04 12:25:51,5.49,0,1
2026-09-04 12:25:51,5.19,0,1
2026-09-04 12:25:51,6.12,0,1
2026-09-04 12:25:52,456.61,0,1
2026-09-04 12:25:52,13.51,0,1
2026-09-04 12:25:52,5.56,0,1
2026-09-04 12:25:52,6.38,0,1
2026-09-04 12:25:52,5.09,0,1
2026-09-04 12:25:52,5.32,0,1
2026-09-04 12:25:52,4.94,0,1
2026-09-04 12:25:53,232.38,0,1
2026-09-04 12:25:53,5.41,0,1
2026-09-04 12:25:53,5.68,0,1
2026-09-04 12:25:53,5.8,0,1
2026-09-04 12:25:53,6.3,0,1
2026-09-04 12:25:53,5.52,0,1
2026-09-04 12:25:53,5.44,0,1
2026-09-04 12:25:54,225.41,0,1
2026-09-04 12:25:54,5.68,0,1
2026-09-04 12:25:54,6.47,0,1
2026-09-04 12:25:54,5.86,0,1
2026-09-04 12:25:54,5.53,0,1
2026-09-04 12:25:55,5000,1,1
2026-09-04 12:25:56,383.25,0,1
2026-09-04 12:25:56,5.81,0,1
2026-09-04 12:25:56,6.31,0,1
2026-09-04 12:25:56,14.24,0,1
2026-09-04 12:25:56,6.28,0,1
2026-09-04 12:25:56,6.02,0,1
2026-09-04 12:25:56,5.53,0,1
2026-09-04 12:25:56,5.11,0,1
2026-09-04 12:25:56,5.43,0,1
2026-09-04 12:25:57,5.71,0,1
2026-09-04 12:25:57,6.98,0,1
2026-09-04 12:25:57,5.65,0,1
2026-09-04 12:25:57,5.36,0,1
2026-09-04 12:25:57,6.06,0,1
2026-09-04 12:25:57,7.13,0,1
2026-09-04 12:25:57,5.08,0,1
2026-09-04 12:25:57,5.2,0,1
2026-09-04 12:25:57,5.63,0,1
2026-09-04 12:25:58,6.49,0,1
2026-09-04 12:25:58,5.78,0,1
2026-09-04 12:25:58,230.22,0,1
2026-09-04 12:25:58,5.59,0,1
2026-09-04 12:25:58,6.88,0,1
2026-09-04 12:25:58,5.06,0,1
2026-09-04 12:25:58,6.39,0,1
2026-09-04 12:25:59,5.98,0,1
2026-09-04 12:25:59,5.18,0,1
2026-09-04 12:25:59,5.77,0,1
2026-09-04 12:25:59,5.07,0,1
2026-09-04 12:25:59,4.91,0,1
2026-09-04 12:25:59,5.81,0,1
2026-09-04 12:25:59,6.12,0,1
2026-09-04 12:25:59,6.16,0,1
2026-09-04 12:25:59,6.47,0,1
2026-09-04 12:25:59,6.1,0,1
2026-09-04 12:26:00,6.01,0,1
2026-09-04 12:26:00,6.31,0,1
2026-09-04 12:26:00,5.61,0,1
2026-09-04 12:26:00,5.36,0,1
2026-09-04 12:26:00,229.68,0,1
2026-09-04 12:28:20,0.85,0,1
2026-09-04 12:28:21,31.05,0,1
2026-09-04 12:28:21,32.4,0,1
2026-09-04 12:28:21,325.18,0,1
2026-09-04 12:28:21,78.69,0,1
2026-09-04 12:28:22,964.83,0,1
2026-09-04 12:28:23,31.26,0,1
2026-09-04 12:28:23,298.2,0,1
2026-09-04 12:28:23,33.23,0,1
2026-09-04 12:28:24,315.24,0,1
2026-09-04 12:28:24,32.67,0,1
2026-09-04 12:28:24,297.93,0,1
2026-09-04 12:28:24,16.03,0,1
2026-09-04 12:28:24,15.61,0,1
2026-09-04 12:28:24,31.71,0,1
2026-09-04 12:28:25,34.65,0,1
2026-09-04 12:28:25,31.28,0,1
2026-09-04 12:28:25,31.28,0,1
2026-09-04 12:28:26,5000,1,1
2026-09-04 12:28:27,5000,1,1
2026-09-04 12:28:27,47.99,0,1
2026-09-04 12:28:27,19.0,0,1
2026-09-04 12:28:28,807.62,0,1
2026-09-04 12:28:29,109.03,0,1
2026-09-04 12:28:29,77.64,0,1
2026-09-04 12:28:29,295.0,0,1
2026-09-04 12:28:30,344.9,0,1
2026-09-04 12:28:30,30.87,0,1
2026-09-04 12:28:30,29.86,0,1
2026-09-04 12:28:30,32.24,0,1
2026-09-04 12:28:30,15.57,0,1
2026-09-04 12:28:30,31.93,0,1
2026-09-04 12:28:30,15.3,0,1
2026-09-04 12:28:31,329.27,0,1
2026-09-04 12:28:31,33.39,0,1
2026-09-04 12:28:31,32.62,0,1
2026-09-04 12:28:32,5000,1,1
2026-09-04 12:28:33,969.39,0,1
2026-09-04 12:28:33,30.78,0,1
2026-09-04 12:28:34,31.11,0,1
2026-09-04 12:28:34,31.38,0,1
2026-09-04 12:28:34,30.48,0,1
2026-09-04 12:28:34,32.38,0,1
2026-09-04 12:28:34,31.59,0,1
2026-09-04 12:28:34,19.34,0,1
2026-09-04 12:28:34,32.03,0,1
2026-09-04 12:28:35,68.66,0,1
2026-09-04 12:28:35,30.98,0,1
2026-09-04 12:28:35,50.46,0,1
2026-09-04 12:28:35,32.0,0,1
2026-09-04 12:28:36,736.89,0,1
2026-09-04 12:28:36,30.64,0,1
2026-09-04 12:28:36,309.65,0,1
2026-09-04 12:28:37,31.69,0,1
2026-09-04 12:28:37,31.3,0,1
2026-09-04 12:28:37,31.17,0,1
2026-09-04 12:28:37,77.53,0,1
2026-09-04 12:28:37,30.0,0,1
2026-09-04 12:28:37,32.5,0,1
2026-09-04 12:28:37,30.74,0,1
2026-09-04 12:28:38,31.99,0,1
2026-09-04 12:28:38,31.27,0,1
2026-09-04 12:28:38,31.93,0,1
2026-09-04 12:28:38,32.14,0,1
2026-09-04 12:28:38,30.98,0,1
2026-09-04 12:28:38,31.73,0,1
2026-09-04 12:28:38,75.14,0,1
2026-09-04 12:28:40,967.88,0,1
2026-09-04 12:28:40,30.79,0,1
2026-09-04 12:28:40,31.4,0,1
2026-09-04 12:28:40,31.12,0,1
2026-09-04 12:28:40,32.53,0,1
2026-09-04 12:28:40,139.32,0,1
2026-09-04 12:28:41,31.23,0,1
2026-09-04 12:28:41,75.84,0,1
2026-09-04 12:28:41,311.47,0,1
2026-09-04 12:28:41,31.07,0,1
2026-09-04 12:28:42,292.15,0,1
2026-09-04 12:28:42,22.64,0,1
2026-09-04 12:28:42,30.92,0,1
2026-09-04 12:28:42,32.19,0,1
2026-09-04 12:28:42,307.27,0,1
2026-09-04 12:28:43,22.56,0,1
2026-09-04 12:28:43,32.44,0,1
2026-09-04 12:28:43,32.96,0,1
2026-09-04 12:28:43,93.43,0,1
2026-09-04 12:28:43,32.07,0,1
2026-09-04 12:28:43,73.32,0,1
2026-09-04 12:28:45,5000,1,1
2026-09-04 12:28:45,686.64,0,1
2026-09-04 12:28:45,31.42,0,1
2026-09-04 12:28:46,31.42,0,1
2026-09-04 12:28:46,32.62,0,1
2026-09-04 12:28:46,30.63,0,1
2026-09-04 12:28:46,30.46,0,1
2026-09-04 12:28:47,5000,1,1
2026-09-04 12:28:48,603.9,0,1
2026-09-04 12:28:48,31.35,0,1
2026-09-04 12:28:48,344.18,0,1
2026-09-04 12:28:49,30.96,0,1
2026-09-04 12:28:49,31.73,0,1
2026-09-04 12:28:49,99.87,0,1
2026-09-04 12:28:49,31.98,0,1
2026-09-04 12:28:49,31.85,0,1
2026-09-04 12:28:50,311.67,0,1
2026-09-04 12:28:50,16.28,0,1
2026-09-04 12:28:50,371.95,0,1
2026-09-04 12:28:50,30.96,0,1
2026-09-04 12:28:50,6.8,0,1
2026-09-04 12:31:11,31.26,0,1
2026-09-04 12:31:11,31.23,0,1
2026-09-04 12:31:11,31.07,0,1
2026-09-04 12:31:11,15.57,0,1
2026-09-04 12:31:11,23.22,0,1
2026-09-04 12:31:12,63.62,0,1
2026-09-04 12:31:12,15.59,0,1
2026-09-04 12:31:12,30.46,0,1
2026-09-04 12:31:12,77.16,0,1
2026-09-04 12:31:12,31.07,0,1
2026-09-04 12:31:12,31.65,0,1
2026-09-04 12:31:12,32.37,0,1
2026-09-04 12:31:13,55.61,0,1
2026-09-04 12:31:13,78.05,0,1
2026-09-04 12:31:13,30.5,0,1
2026-09-04 12:31:13,124.53,0,1
2026-09-04 12:31:13,30.39,0,1
2026-09-04 12:31:13,31.65,0,1
2026-09-04 12:31:14,30.74,0,1
2026-09-04 12:31:14,32.08,0,1
2026-09-04 12:31:14,31.4,0,1
2026-09-04 12:31:14,30.71,0,1
2026-09-04 12:31:14,31.27,0,1
2026-09-04 12:31:14,79.05,0,1
2026-09-04 12:31:15,296.22,0,1
2026-09-04 12:31:16,5000,1,1
2026-09-04 12:31:17,571.69,0,1
2026-09-04 12:31:17,30.85,0,1
2026-09-04 12:31:17,31.24,0,1
2026-09-04 12:31:17,31.69,0,1
2026-09-04 12:31:17,30.99,0,1
2026-09-04 12:31:17,31.09,0,1
2026-09-04 12:31:17,31.0,0,1
2026-09-04 12:31:17,18.79,0,1
2026-09-04 12:31:18,790.55,0,1
2026-09-04 12:31:19,31.23,0,1
2026-09-04 12:31:19,31.67,0,1
2026-09-04 12:31:19,32.08,0,1
2026-09-04 12:31:19,31.0,0,1
2026-09-04 12:31:19,20.57,0,1
2026-09-04 12:31:19,31.53,0,1
2026-09-04 12:31:19,31.47,0,1
2026-09-04 12:31:19,16.21,0,1
2026-09-04 12:31:20,32.18,0,1
2026-09-04 12:31:20,31.09,0,1
2026-09-04 12:31:20,16.18,0,1
2026-09-04 12:31:20,21.65,0,1
2026-09-04 12:31:20,31.34,0,1
2026-09-04 12:31:20,31.03,0,1
2026-09-04 12:31:20,18.87,0,1
2026-09-04 12:31:21,31.77,0,1
2026-09-04 12:31:21,31.49,0,1
2026-09-04 12:31:21,33.21,0,1
2026-09-04 12:31:21,31.68,0,1
2026-09-04 12:31:21,31.0,0,1
2026-09-04 12:31:21,30.89,0,1
2026-09-04 12:31:21,31.65,0,1
2026-09-04 12:31:22,21.99,0,1
2026-09-04 12:31:22,15.64,0,1
2026-09-04 12:31:22,31.05,0,1
2026-09-04 12:31:22,31.86,0,1
2026-09-04 12:31:22,31.33,0,1
2026-09-04 12:31:22,31.88,0,1
2026-09-04 12:31:22,62.32,0,1
2026-09-04 12:31:22,16.28,0,1
2026-09-04 12:31:23,32.93,0,1
2026-09-04 12:31:23,31.87,0,1
2026-09-04 12:31:23,30.63,0,1
2026-09-04 12:31:23,31.31,0,1
2026-09-04 12:31:23,31.92,0,1
2026-09-04 12:31:23,32.02,0,1
2026-09-04 12:31:24,126.91,0,1
2026-09-04 12:31:24,30.95,0,1
2026-09-04 12:31:24,32.61,0,1
2026-09-04 12:31:24,31.91,0,1
2026-09-04 12:31:24,32.33,0,1
2026-09-04 12:31:24,32.29,0,1
2026-09-04 12:31:24,15.3,0,1
2026-09-04 12:31:25,31.63,0,1
2026-09-04 12:31:25,125.15,0,1
2026-09-04 12:31:25,27.21,0,1
2026-09-04 12:31:25,32.14,0,1
2026-09-04 12:31:25,32.0,0,1
2026-09-04 12:31:25,31.54,0,1
2026-09-04 12:31:25,32.62,0,1
2026-09-04 12:31:26,31.13,0,1
2026-09-04 12:31:26,279.01,0,1
2026-09-04 12:31:26,30.64,0,1
2026-09-04 12:31:26,23.92,0,1
2026-09-04 12:31:26,30.6,0,1
2026-09-04 12:31:27,31.72,0,1
2026-09-04 12:31:27,19.73,0,1
2026-09-04 12:31:27,29.73,0,1
2026-09-04 12:31:27,78.46,0,1
2026-09-04 12:31:27,32.47,0,1
2026-09-04 12:31:27,27.94,0,1
2026-09-04 12:31:28,295.62,0,1
2026-09-04 12:31:28,24.36,0,1
2026-09-04 12:31:29,5000,1,1
2026-09-04 12:31:30,5000,1,1
2026-09-04 12:31:31,5000,1,1
2026-09-04 12:31:32,345.08,0,1
2026-09-04 12:31:32,31.43,0,1
2026-09-04 12:31:32,63.6,0,1
2026-09-04 12:31:32,31.48,0,1
2026-09-04 12:31:32,294.34,0,1
2026-09-04 12:31:33,30.83,0,1
2026-09-04 12:31:33,20.82,0,1
2026-09-04 12:31:33,32.0,0,1
2026-09-04 12:31:33,30.98,0,1
2026-09-04 12:31:33,16.19,0,1
2026-09-04 12:31:33,31.57,0,1
2026-09-04 12:31:33,32.07,0,1
2026-09-04 12:31:34,79.39,0,1
2026-09-04 12:31:34,29.52,0,1
2026-09-04 12:31:34,139.62,0,1
2026-09-04 12:31:34,32.06,0,1
2026-09-04 12:31:34,15.22,0,1
2026-09-04 12:31:34,30.93,0,1
2026-09-04 12:31:34,20.32,0,1
2026-09-04 12:31:35,31.32,0,1
2026-09-04 12:31:35,19.26,0,1
2026-09-04 12:31:35,19.08,0,1
2026-09-04 12:31:35,62.97,0,1
2026-09-04 12:31:35,31.1,0,1
2026-09-04 12:31:35,31.16,0,1
2026-09-04 12:31:35,14.91,0,1
2026-09-04 12:31:36,31.81,0,1
2026-09-04 12:31:36,31.85,0,1
2026-09-04 12:31:36,295.87,0,1
2026-09-04 12:31:36,30.59,0,1
2026-09-04 12:31:36,31.01,0,1
2026-09-04 12:31:37,31.57,0,1
2026-09-04 12:31:37,141.54,0,1
2026-09-04 12:31:37,30.67,0,1
2026-09-04 12:31:37,31.95,0,1
2026-09-04 12:31:38,786.13,0,1
2026-09-04 12:31:38,26.63,0,1
2026-09-04 12:31:38,24.29,0,1
2026-09-04 12:31:38,30.92,0,1
2026-09-04 12:31:38,15.98,0,1
2026-09-04 12:31:39,32.33,0,1
2026-09-04 12:31:39,76.82,0,1
2026-09-04 12:31:39,31.21,0,1
2026-09-04 12:31:39,31.66,0,1
2026-09-04 12:31:39,31.21,0,1
2026-09-04 12:31:39,30.48,0,1
2026-09-04 12:31:40,32.38,0,1
2026-09-04 12:31:40,16.27,0,1
2026-09-04 12:31:40,8.02,0,1
2026-09-04 12:31:40,31.43,0,1
2026-09-04 12:31:40,30.71,0,1
2026-09-04 12:31:40,30.11,0,1
2026-09-04 12:31:40,31.43,0,1
2026-09-04 12:31:40,31.27,0,1
2026-09-04 12:31:41,30.59,0,1
2026-09-04 12:31:41,31.82,0,1
2026-09-04 12:34:01,20.71,0,1
2026-09-04 12:34:01,33.39,0,1
2026-09-04 12:34:02,294.9,0,1
2026-09-04 12:34:02,31.82,0,1
2026-09-04 12:34:02,16.07,0,1
2026-09-04 12:34:02,297.92,0,1
2026-09-04 12:34:02,18.65,0,1
2026-09-04 12:34:03,125.56,0,1
2026-09-04 12:34:03,92.21,0,1
2026-09-04 12:34:03,32.81,0,1
2026-09-04 12:34:03,31.74,0,1
2026-09-04 12:34:03,31.84,0,1
2026-09-04 12:34:03,30.89,0,1
2026-09-04 12:34:04,20.84,0,1
2026-09-04 12:34:04,30.7,0,1
2026-09-04 12:34:04,31.83,0,1
2026-09-04 12:34:04,16.06,0,1
2026-09-04 12:34:04,31.68,0,1
2026-09-04 12:34:04,324.4,0,1
2026-09-04 12:34:05,28.98,0,1
2026-09-04 12:34:05,32.55,0,1
2026-09-04 12:34:05,124.72,0,1
2026-09-04 12:34:05,29.66,0,1
2026-09-04 12:34:06,5000,1,1
2026-09-04 12:34:07,720.22,0,1
2026-09-04 12:34:07,157.08,0,1
2026-09-04 12:34:07,32.05,0,1
2026-09-04 12:34:08,15.41,0,1
2026-09-04 12:34:08,31.36,0,1
2026-09-04 12:34:08,31.37,0,1
2026-09-04 12:34:08,78.83,0,1
2026-09-04 12:34:08,30.99,0,1
2026-09-04 12:34:08,32.14,0,1
2026-09-04 12:34:08,32.75,0,1
2026-09-04 12:34:09,31.33,0,1
2026-09-04 12:34:09,23.51,0,1
2026-09-04 12:34:09,31.86,0,1
2026-09-04 12:34:09,19.64,0,1
2026-09-04 12:34:09,31.26,0,1
2026-09-04 12:34:09,33.09,0,1
2026-09-04 12:34:09,30.98,0,1
2026-09-04 12:34:10,16.2,0,1
2026-09-04 12:34:10,31.19,0,1
2026-09-04 12:34:10,32.98,0,1
2026-09-04 12:34:10,16.2,0,1
2026-09-04 12:34:10,31.25,0,1
2026-09-04 12:34:10,79.85,0,1
2026-09-04 12:34:10,32.02,0,1
2026-09-04 12:34:11,31.25,0,1
2026-09-04 12:34:11,32.96,0,1
2026-09-04 12:34:11,19.18,0,1
2026-09-04 12:34:11,30.68,0,1
2026-09-04 12:34:11,15.3,0,1
2026-09-04 12:34:11,30.79,0,1
2026-09-04 12:34:11,31.13,0,1
2026-09-04 12:34:11,32.23,0,1
2026-09-04 12:34:12,31.01,0,1
2026-09-04 12:34:12,283.85,0,1
2026-09-04 12:34:12,31.34,0,1
2026-09-04 12:34:12,27.21,0,1
2026-09-04 12:34:12,21.3,0,1
2026-09-04 12:34:13,31.36,0,1
2026-09-04 12:34:13,76.68,0,1
2026-09-04 12:34:13,32.1,0,1
2026-09-04 12:34:13,18.12,0,1
2026-09-04 12:34:13,33.6,0,1
2026-09-04 12:34:13,33.65,0,1
2026-09-04 12:34:13,31.53,0,1
2026-09-04 12:34:14,31.42,0,1
2026-09-04 12:34:14,31.53,0,1
2026-09-04 12:34:14,277.85,0,1
2026-09-04 12:34:14,31.49,0,1
2026-09-04 12:34:14,95.11,0,1
2026-09-04 12:34:15,30.08,0,1
2026-09-04 12:34:15,31.35,0,1
2026-09-04 12:34:15,31.72,0,1
2026-09-04 12:34:15,6.39,0,1
2026-09-04 12:34:15,7.13,0,1
2026-09-04 12:34:15,109.79,0,1
2026-09-04 12:34:15,30.54,0,1
2026-09-04 12:34:16,31.2,0,1
2026-09-04 12:34:16,18.69,0,1
2026-09-04 12:34:16,286.23,0,1
2026-09-04 12:34:16,33.33,0,1
2026-09-04 12:34:16,31.04,0,1
2026-09-04 12:34:17,30.45,0,1
2026-09-04 12:34:17,30.99,0,1
2026-09-04 12:34:17,342.18,0,1
2026-09-04 12:34:17,31.82,0,1
2026-09-04 12:34:18,188.01,0,1
2026-09-04 12:34:18,31.36,0,1
2026-09-04 12:34:18,32.09,0,1
2026-09-04 12:34:18,279.61,0,1
2026-09-04 12:34:18,31.16,0,1
2026-09-04 12:34:18,33.01,0,1
2026-09-04 12:34:19,31.94,0,1
2026-09-04 12:34:19,15.92,0,1
2026-09-04 12:34:19,33.22,0,1
2026-09-04 12:34:19,31.33,0,1
2026-09-04 12:34:19,31.78,0,1
2026-09-04 12:34:19,33.16,0,1
2026-09-04 12:34:19,31.03,0,1
2026-09-04 12:34:20,30.94,0,1
2026-09-04 12:34:20,32.3,0,1
2026-09-04 12:34:20,30.48,0,1
2026-09-04 12:34:20,16.81,0,1
2026-09-04 12:34:20,31.85,0,1
2026-09-04 12:34:20,31.63,0,1
2026-09-04 12:34:20,31.67,0,1
2026-09-04 12:34:21,23.04,0,1
2026-09-04 12:34:21,31.26,0,1
2026-09-04 12:34:21,18.58,0,1
2026-09-04 12:34:21,305.74,0,1
2026-09-04 12:34:21,31.66,0,1
2026-09-04 12:34:21,31.03,0,1
2026-09-04 12:34:23,981.81,0,1
2026-09-04 12:34:23,30.69,0,1
2026-09-04 12:34:23,32.71,0,1
2026-09-04 12:34:23,18.37,0,1
2026-09-04 12:34:23,31.91,0,1
2026-09-04 12:34:23,78.04,0,1
2026-09-04 12:34:24,295.0,0,1
2026-09-04 12:34:24,31.97,0,1
2026-09-04 12:34:24,296.72,0,1
2026-09-04 12:34:24,31.96,0,1
2026-09-04 12:34:25,16.08,0,1
2026-09-04 12:34:25,32.22,0,1
2026-09-04 12:34:25,25.24,0,1
2026-09-04 12:34:25,32.7,0,1
2026-09-04 12:34:25,325.21,0,1
2026-09-04 12:34:26,27.88,0,1
2026-09-04 12:34:26,31.29,0,1
2026-09-04 12:34:26,31.27,0,1
2026-09-04 12:34:26,22.4,0,1
2026-09-04 12:34:26,31.48,0,1
2026-09-04 12:34:26,32.45,0,1
2026-09-04 12:34:26,28.4,0,1
2026-09-04 12:34:27,308.5,0,1
2026-09-04 12:34:27,278.81,0,1
2026-09-04 12:34:27,32.09,0,1
2026-09-04 12:34:27,31.31,0,1
2026-09-04 12:34:28,33.3,0,1
2026-09-04 12:34:28,30.89,0,1
2026-09-04 12:34:28,31.14,0,1
2026-09-04 12:34:28,20.96,0,1
2026-09-04 12:34:28,29.42,0,1
2026-09-04 12:34:28,30.83,0,1
2026-09-04 12:34:28,30.06,0,1
2026-09-04 12:34:29,21.76,0,1
2026-09-04 12:34:29,32.03,0,1
2026-09-04 12:34:29,32.28,0,1
2026-09-04 12:34:29,30.19,0,1
2026-09-04 12:34:29,31.38,0,1
2026-09-04 12:34:29,18.49,0,1
2026-09-04 12:34:29,32.45,0,1
2026-09-04 12:34:30,906.69,0,1
2026-09-04 12:36:51,61.78,0,1
2026-09-04 12:36:51,94.59,0,1
2026-09-04 12:36:52,31.74,0,1
2026-09-04 12:36:52,30.29,0,1
2026-09-04 12:36:52,30.28,0,1
2026-09-04 12:36:52,30.76,0,1
2026-09-04 12:36:52,31.67,0,1
2026-09-04 12:36:53,809.39,0,1
2026-09-04 12:36:53,30.95,0,1
2026-09-04 12:36:53,31.03,0,1
2026-09-04 12:36:53,9.67,0,1
2026-09-04 12:36:54,30.98,0,1
2026-09-04 12:36:54,31.66,0,1
2026-09-04 12:36:55,798.73,0,1
2026-09-04 12:36:55,31.1,0,1
2026-09-04 12:36:55,31.59,0,1
2026-09-04 12:36:55,31.38,0,1
2026-09-04 12:36:55,31.69,0,1
2026-09-04 12:36:55,33.23,0,1
2026-09-04 12:36:56,30.61,0,1
2026-09-04 12:36:56,31.17,0,1
2026-09-04 12:36:56,35.2,0,1
2026-09-04 12:36:56,31.21,0,1
2026-09-04 12:36:56,30.77,0,1
2026-09-04 12:36:57,5000,1,1
2026-09-04 12:36:58,5000,1,1
2026-09-04 12:36:59,5000,1,1
2026-09-04 12:37:00,359.99,0,1
2026-09-04 12:37:00,32.12,0,1
2026-09-04 12:37:00,30.14,0,1
2026-09-04 12:37:00,31.4,0,1
2026-09-04 12:37:00,30.24,0,1
2026-09-04 12:37:01,24.14,0,1
2026-09-04 12:37:01,31.92,0,1
2026-09-04 12:37:01,325.99,0,1
2026-09-04 12:37:01,31.44,0,1
2026-09-04 12:37:01,30.35,0,1
2026-09-04 12:37:02,31.88,0,1
2026-09-04 12:37:02,30.74,0,1
2026-09-04 12:37:02,32.11,0,1
2026-09-04 12:37:02,31.91,0,1
2026-09-04 12:37:02,31.19,0,1
2026-09-04 12:37:02,31.2,0,1
2026-09-04 12:37:02,30.98,0,1
2026-09-04 12:37:03,32.15,0,1
2026-09-04 12:37:03,32.32,0,1
2026-09-04 12:37:03,15.91,0,1
2026-09-04 12:37:03,32.33,0,1
2026-09-04 12:37:04,808.19,0,1
2026-09-04 12:37:04,31.89,0,1
2026-09-04 12:37:04,19.08,0,1
2026-09-04 12:37:04,31.4,0,1
2026-09-04 12:37:04,30.7,0,1
2026-09-04 12:37:05,30.35,0,1
2026-09-04 12:37:05,31.82,0,1
2026-09-04 12:37:05,270.43,0,1
2026-09-04 12:37:05,5.1,0,1
2026-09-04 12:37:05,5.34,0,1
2026-09-04 12:37:05,6.05,0,1
2026-09-04 12:37:05,5.17,0,1
2026-09-04 12:37:06,17.74,0,1
2026-09-04 12:37:06,31.18,0,1
2026-09-04 12:37:06,30.71,0,1
2026-09-04 12:37:06,5.64,0,1
2026-09-04 12:37:06,5.46,0,1
2026-09-04 12:37:06,5.48,0,1
2026-09-04 12:37:06,5.19,0,1
2026-09-04 12:37:06,5.99,0,1
2026-09-04 12:37:07,4.85,0,1
2026-09-04 12:37:07,255.76,0,1
2026-09-04 12:37:07,32.36,0,1
2026-09-04 12:37:07,30.86,0,1
2026-09-04 12:37:07,30.95,0,1
2026-09-04 12:37:07,31.62,0,1
2026-09-04 12:37:08,30.79,0,1
2026-09-04 12:37:08,31.43,0,1
2026-09-04 12:37:08,185.59,0,1
2026-09-04 12:37:08,16.46,0,1
2026-09-04 12:37:08,30.64,0,1
2026-09-04 12:37:08,31.22,0,1
2026-09-04 12:37:09,31.31,0,1
2026-09-04 12:37:09,32.51,0,1
2026-09-04 12:37:09,31.22,0,1
2026-09-04 12:37:09,31.28,0,1
2026-09-04 12:37:09,30.68,0,1
2026-09-04 12:37:09,30.45,0,1
2026-09-04 12:37:10,818.2,0,1
2026-09-04 12:37:10,31.97,0,1
2026-09-04 12:37:10,31.53,0,1
2026-09-04 12:37:11,28.47,0,1
2026-09-04 12:37:11,31.5,0,1
2026-09-04 12:37:11,31.94,0,1
2026-09-04 12:37:11,109.11,0,1
2026-09-04 12:37:11,16.08,0,1
2026-09-04 12:37:11,32.82,0,1
2026-09-04 12:37:11,30.72,0,1
2026-09-04 12:37:12,16.64,0,1
2026-09-04 12:37:12,27.25,0,1
2026-09-04 12:37:12,31.92,0,1
2026-09-04 12:37:12,28.88,0,1
2026-09-04 12:37:12,32.04,0,1
2026-09-04 12:37:13,310.06,0,1
2026-09-04 12:37:13,32.05,0,1
2026-09-04 12:37:13,32.49,0,1
2026-09-04 12:37:13,30.49,0,1
2026-09-04 12:37:13,109.38,0,1
2026-09-04 12:37:13,32.74,0,1
2026-09-04 12:37:13,30.93,0,1
2026-09-04 12:37:14,32.1,0,1
2026-09-04 12:37:14,296.93,0,1
2026-09-04 12:37:14,31.65,0,1
2026-09-04 12:37:14,30.2,0,1
2026-09-04 12:37:14,31.6,0,1
2026-09-04 12:37:15,29.78,0,1
2026-09-04 12:37:15,31.61,0,1
2026-09-04 12:37:15,31.03,0,1
2026-09-04 12:37:15,30.63,0,1
2026-09-04 12:37:15,32.63,0,1
2026-09-04 12:37:15,31.03,0,1
2026-09-04 12:37:15,19.72,0,1
2026-09-04 12:37:16,31.39,0,1
2026-09-04 12:37:16,34.0,0,1
2026-09-04 12:37:16,5.77,0,1
2026-09-04 12:37:16,295.27,0,1
2026-09-04 12:37:16,71.26,0,1
2026-09-04 12:37:17,27.45,0,1
2026-09-04 12:37:17,793.35,0,1
2026-09-04 12:37:18,318.68,0,1
2026-09-04 12:37:18,75.92,0,1
2026-09-04 12:37:18,24.99,0,1
2026-09-04 12:37:18,30.94,0,1
2026-09-04 12:37:18,31.94,0,1
2026-09-04 12:37:19,31.62,0,1
2026-09-04 12:37:19,283.97,0,1
2026-09-04 12:37:19,32.12,0,1
2026-09-04 12:37:19,30.82,0,1
2026-09-04 12:37:20,5000,1,1
2026-09-04 12:39:42,110.16,0,1
2026-09-04 12:39:42,23.08,0,1
2026-09-04 12:39:42,5.2,0,1
2026-09-04 12:39:42,31.02,0,1
2026-09-04 12:39:42,31.63,0,1
2026-09-04 12:39:42,16.22,0,1
2026-09-04 12:39:42,32.62,0,1
2026-09-04 12:39:43,31.92,0,1
2026-09-04 12:39:43,4.99,0,1
2026-09-04 12:39:43,5.6,0,1
2026-09-04 12:39:43,6.03,0,1
2026-09-04 12:39:43,228.94,0,1
2026-09-04 12:39:43,30.94,0,1
2026-09-04 12:39:43,31.18,0,1
2026-09-04 12:39:44,269.76,0,1
2026-09-04 12:39:44,5.24,0,1
2026-09-04 12:39:44,233.33,0,1
2026-09-04 12:39:44,5.23,0,1
2026-09-04 12:39:44,6.0,0,1
2026-09-04 12:39:45,5.26,0,1
2026-09-04 12:39:45,5.36,0,1
2026-09-04 12:39:45,5.46,0,1
2026-09-04 12:39:45,5.32,0,1
2026-09-04 12:39:45,5.31,0,1
2026-09-04 12:39:45,5.11,0,1
2026-09-04 12:39:45,227.75,0,1
2026-09-04 12:39:46,4.64,0,1
2026-09-04 12:39:46,5.36,0,1
2026-09-04 12:39:46,5.86,0,1
2026-09-04 12:39:46,6.12,0,1
2026-09-04 12:39:46,5.27,0,1
2026-09-04 12:39:46,4.84,0,1
2026-09-04 12:39:46,5.29,0,1
2026-09-04 12:39:46,5.19,0,1
2026-09-04 12:39:46,5.47,0,1
2026-09-04 12:39:47,440.59,0,1
2026-09-04 12:39:47,5.5,0,1
2026-09-04 12:39:47,5.92,0,1
2026-09-04 12:39:47,5.39,0,1
2026-09-04 12:39:47,18.02,0,1
2026-09-04 12:39:47,5.38,0,1
2026-09-04 12:39:48,4.84,0,1
2026-09-04 12:39:48,216.06,0,1
2026-09-04 12:39:48,5.28,0,1
2026-09-04 12:39:48,6.16,0,1
2026-09-04 12:39:48,5.14,0,1
2026-09-04 12:39:48,18.94,0,1
2026-09-04 12:39:48,5.28,0,1
2026-09-04 12:39:49,17.02,0,1
2026-09-04 12:39:49,5.18,0,1
2026-09-04 12:39:49,5.4,0,1
2026-09-04 12:39:49,5.53,0,1
2026-09-04 12:39:50,644.6,0,1
2026-09-04 12:39:50,5.26,0,1
2026-09-04 12:39:50,5.79,0,1
2026-09-04 12:39:50,4.66,0,1
2026-09-04 12:39:50,5.22,0,1
2026-09-04 12:39:50,6.39,0,1
2026-09-04 12:39:50,5.36,0,1
2026-09-04 12:39:50,6.23,0,1
2026-09-04 12:39:50,4.82,0,1
2026-09-04 12:39:51,5.86,0,1
2026-09-04 12:39:51,6.25,0,1
2026-09-04 12:39:51,5.55,0,1
2026-09-04 12:39:51,5.04,0,1
2026-09-04 12:39:51,5.1,0,1
2026-09-04 12:39:51,5.57,0,1
2026-09-04 12:39:51,5.3,0,1
2026-09-04 12:39:51,23.42,0,1
2026-09-04 12:39:51,5.61,0,1
2026-09-04 12:39:52,6.56,0,1
2026-09-04 12:39:52,6.57,0,1
2026-09-04 12:39:52,6.26,0,1
2026-09-04 12:39:52,5.67,0,1
2026-09-04 12:39:52,5.92,0,1
2026-09-04 12:39:52,5.47,0,1
2026-09-04 12:39:52,5.69,0,1
2026-09-04 12:39:52,5.09,0,1
2026-09-04 12:39:53,284.13,0,1
2026-09-04 12:39:53,4.87,0,1
2026-09-04 12:39:53,17.61,0,1
2026-09-04 12:39:53,18.87,0,1
2026-09-04 12:39:53,5.16,0,1
2026-09-04 12:39:53,5.21,0,1
2026-09-04 12:39:53,5.49,0,1
2026-09-04 12:39:53,5.7,0,1
2026-09-04 12:39:54,5.42,0,1
2026-09-04 12:39:54,22.5,0,1
2026-09-04 12:39:54,218.4,0,1
2026-09-04 12:39:54,5.41,0,1
2026-09-04 12:39:54,5.25,0,1
2026-09-04 12:39:54,5.1,0,1
2026-09-04 12:39:54,5.16,0,1
2026-09-04 12:39:55,5.54,0,1
2026-09-04 12:39:55,5.77,0,1
2026-09-04 12:39:55,4.97,0,1
2026-09-04 12:39:55,4.82,0,1
2026-09-04 12:39:55,5.52,0,1
2026-09-04 12:39:55,5.01,0,1
2026-09-04 12:39:56,644.09,0,1
2026-09-04 12:39:56,23.62,0,1
2026-09-04 12:39:56,5.99,0,1
2026-09-04 12:39:56,5.51,0,1
2026-09-04 12:39:56,5.18,0,1
2026-09-04 12:39:56,17.65,0,1
2026-09-04 12:39:57,6.09,0,1
2026-09-04 12:39:57,4.9,0,1
2026-09-04 12:39:57,6.16,0,1
2026-09-04 12:39:57,5.09,0,1
2026-09-04 12:39:57,5.46,0,1
2026-09-04 12:39:57,431.91,0,1
2026-09-04 12:39:58,6.42,0,1
2026-09-04 12:39:58,5.66,0,1
2026-09-04 12:39:58,6.01,0,1
2026-09-04 12:39:58,6.26,0,1
2026-09-04 12:39:58,5.77,0,1
2026-09-04 12:39:58,7.23,0,1
2026-09-04 12:39:58,5.47,0,1
2026-09-04 12:39:58,5.45,0,1
2026-09-04 12:39:58,5.04,0,1
2026-09-04 12:39:59,5.05,0,1
2026-09-04 12:39:59,4.87,0,1
2026-09-04 12:39:59,5.5,0,1
2026-09-04 12:40:00,666.41,0,1
2026-09-04 12:40:00,5.48,0,1
2026-09-04 12:40:00,6.03,0,1
2026-09-04 12:40:00,20.09,0,1
2026-09-04 12:40:00,29.31,0,1
2026-09-04 12:40:00,6.37,0,1
2026-09-04 12:40:00,4.82,0,1
2026-09-04 12:40:00,5.75,0,1
2026-09-04 12:40:00,5.92,0,1
2026-09-04 12:40:01,5.2,0,1
2026-09-04 12:40:01,5.29,0,1
2026-09-04 12:40:01,4.8,0,1
2026-09-04 12:40:01,5.56,0,1
2026-09-04 12:40:01,217.22,0,1
2026-09-04 12:40:01,5.31,0,1
2026-09-04 12:40:01,5.14,0,1
2026-09-04 12:40:01,5.35,0,1
2026-09-04 12:40:02,5.98,0,1
2026-09-04 12:40:02,5.33,0,1
2026-09-04 12:40:02,5.03,0,1
2026-09-04 12:40:02,4.6,0,1
2026-09-04 12:40:02,229.31,0,1
2026-09-04 12:40:02,5.21,0,1
2026-09-04 12:40:02,17.39,0,1
2026-09-04 12:40:03,6.31,0,1
2026-09-04 12:40:03,5.35,0,1
2026-09-04 12:40:03,20.04,0,1
2026-09-04 12:40:03,5.86,0,1
2026-09-04 12:40:03,5.94,0,1
2026-09-04 12:40:03,6.14,0,1
2026-09-04 12:40:03,6.5,0,1
2026-09-04 12:40:03,5.06,0,1
2026-09-04 12:40:03,4.62,0,1
2026-09-04 12:40:04,35.47,0,1
2026-09-04 12:40:04,5.47,0,1
2026-09-04 12:40:04,4.56,0,1
2026-09-04 12:40:04,5.21,0,1
2026-09-04 12:40:04,5.17,0,1
2026-09-04 12:40:04,5.19,0,1
2026-09-04 12:40:04,218.8,0,1
2026-09-04 12:40:05,230.74,0,1
2026-09-04 12:40:05,5.21,0,1
2026-09-04 12:40:05,5.94,0,1
2026-09-04 12:40:05,5.02,0,1
2026-09-04 12:40:05,5.64,0,1
2026-09-04 12:40:05,5.44,0,1
2026-09-04 12:40:05,5.46,0,1
2026-09-04 12:40:06,16.62,0,1
2026-09-04 12:40:06,221.31,0,1
2026-09-04 12:40:07,843.5,0,1
2026-09-04 12:40:07,18.25,0,1
2026-09-04 12:40:07,5.92,0,1
2026-09-04 12:40:07,7.01,0,1
2026-09-04 12:40:07,4.84,0,1
2026-09-04 12:40:07,5.38,0,1
2026-09-04 12:40:08,230.56,0,1
2026-09-04 12:40:08,5.04,0,1
2026-09-04 12:40:08,5.56,0,1
2026-09-04 12:40:09,5000,1,1
2026-09-04 12:40:10,5000,1,1
2026-09-04 12:40:11,988.41,0,1
2026-09-04 12:42:32,4.84,0,1
2026-09-04 12:42:32,5.42,0,1
2026-09-04 12:42:32,6.57,0,1
2026-09-04 12:42:32,5.74,0,1
2026-09-04 12:42:32,5.48,0,1
2026-09-04 12:42:32,5.49,0,1
2026-09-04 12:42:32,5.87,0,1
2026-09-04 12:42:32,5.28,0,1
2026-09-04 12:42:33,5.43,0,1
2026-09-04 12:42:33,4.83,0,1
2026-09-04 12:42:33,5.53,0,1
2026-09-04 12:42:33,4.76,0,1
2026-09-04 12:42:33,4.93,0,1
2026-09-04 12:42:33,5.51,0,1
2026-09-04 12:42:33,4.88,0,1
2026-09-04 12:42:33,18.15,0,1
2026-09-04 12:42:34,228.01,0,1
2026-09-04 12:42:35,915.2,0,1
2026-09-04 12:42:35,4.99,0,1
2026-09-04 12:42:35,5.36,0,1
2026-09-04 12:42:35,5.43,0,1
2026-09-04 12:42:35,5.18,0,1
2026-09-04 12:42:35,45.33,0,1
2026-09-04 12:42:35,6.65,0,1
2026-09-04 12:42:35,5.94,0,1
2026-09-04 12:42:35,5.44,0,1
2026-09-04 12:42:36,5.15,0,1
2026-09-04 12:42:36,296.82,0,1
2026-09-04 12:42:36,30.87,0,1
2026-09-04 12:42:36,108.0,0,1
2026-09-04 12:42:37,139.08,0,1
2026-09-04 12:42:37,108.08,0,1
2026-09-04 12:42:37,31.04,0,1
2026-09-04 12:42:37,31.92,0,1
2026-09-04 12:42:37,31.21,0,1
2026-09-04 12:42:37,33.39,0,1
2026-09-04 12:42:38,31.42,0,1
2026-09-04 12:42:38,31.4,0,1
2026-09-04 12:42:38,19.73,0,1
2026-09-04 12:42:38,30.76,0,1
2026-09-04 12:42:38,124.61,0,1
2026-09-04 12:42:38,93.61,0,1
2026-09-04 12:42:39,295.29,0,1
2026-09-04 12:42:39,78.17,0,1
2026-09-04 12:42:39,31.34,0,1
2026-09-04 12:42:39,30.41,0,1
2026-09-04 12:42:39,31.01,0,1
2026-09-04 12:42:39,16.02,0,1
2026-09-04 12:42:40,22.01,0,1
2026-09-04 12:42:40,31.2,0,1
2026-09-04 12:42:40,621.36,0,1
2026-09-04 12:42:41,20.32,0,1
2026-09-04 12:42:41,31.21,0,1
2026-09-04 12:42:41,30.68,0,1
2026-09-04 12:42:41,26.85,0,1
2026-09-04 12:42:41,32.54,0,1
2026-09-04 12:42:41,32.07,0,1
2026-09-04 12:42:41,31.54,0,1
2026-09-04 12:42:42,80.55,0,1
2026-09-04 12:42:42,19.75,0,1
2026-09-04 12:42:42,31.73,0,1
2026-09-04 12:42:42,312.06,0,1
2026-09-04 12:42:42,26.93,0,1
2026-09-04 12:42:43,25.82,0,1
2026-09-04 12:42:43,31.81,0,1
2026-09-04 12:42:43,31.01,0,1
2026-09-04 12:42:43,269.05,0,1
2026-09-04 12:42:43,31.05,0,1
2026-09-04 12:42:44,20.84,0,1
2026-09-04 12:42:44,31.3,0,1
2026-09-04 12:42:44,31.74,0,1
2026-09-04 12:42:44,20.28,0,1
2026-09-04 12:42:44,31.58,0,1
2026-09-04 12:42:44,31.63,0,1
2026-09-04 12:42:44,30.9,0,1
2026-09-04 12:42:44,31.0,0,1
2026-09-04 12:42:45,31.82,0,1
2026-09-04 12:42:45,31.45,0,1
2026-09-04 12:42:46,823.63,0,1
2026-09-04 12:42:46,32.43,0,1
2026-09-04 12:42:46,31.45,0,1
2026-09-04 12:42:46,5.29,0,1
2026-09-04 12:42:47,833.62,0,1
2026-09-04 12:42:47,5.79,0,1
2026-09-04 12:42:47,5.24,0,1
2026-09-04 12:42:47,6.95,0,1
2026-09-04 12:42:47,5.79,0,1
2026-09-04 12:42:48,7.6,0,1
2026-09-04 12:42:48,314.66,0,1
2026-09-04 12:42:48,8.3,0,1
2026-09-04 12:42:48,54.36,0,1
2026-09-04 12:42:48,37.59,0,1
2026-09-04 12:42:48,6.29,0,1
2026-09-04 12:42:49,6.06,0,1
2026-09-04 12:42:49,7.01,0,1
2026-09-04 12:42:49,6.27,0,1
2026-09-04 12:42:49,232.36,0,1
2026-09-04 12:42:49,5.72,0,1
2026-09-04 12:42:49,7.55,0,1
2026-09-04 12:42:49,4.92,0,1
2026-09-04 12:42:50,28.3,0,1
2026-09-04 12:42:50,6.07,0,1
2026-09-04 12:42:50,5.54,0,1
2026-09-04 12:42:50,20.61,0,1
2026-09-04 12:42:50,22.27,0,1
2026-09-04 12:42:50,4.98,0,1
2026-09-04 12:42:50,5.96,0,1
2026-09-04 12:42:50,5.6,0,1
2026-09-04 12:42:50,34.65,0,1
2026-09-04 12:42:51,5.91,0,1
2026-09-04 12:42:51,228.49,0,1
2026-09-04 12:42:51,255.59,0,1
2026-09-04 12:42:51,7.3,0,1
2026-09-04 12:42:52,5.6,0,1
2026-09-04 12:42:52,5.53,0,1
2026-09-04 12:42:52,6.34,0,1
2026-09-04 12:42:52,6.28,0,1
2026-09-04 12:42:52,5.41,0,1
2026-09-04 12:42:53,648.12,0,1
2026-09-04 12:42:53,6.71,0,1
2026-09-04 12:42:53,6.16,0,1
2026-09-04 12:42:53,6.08,0,1
2026-09-04 12:42:53,19.31,0,1
2026-09-04 12:42:53,6.13,0,1
2026-09-04 12:42:53,6.02,0,1
2026-09-04 12:42:53,5.17,0,1
2026-09-04 12:42:54,24.28,0,1
2026-09-04 12:42:54,5.7,0,1
2026-09-04 12:42:54,6.43,0,1
2026-09-04 12:42:54,5.89,0,1
2026-09-04 12:42:54,6.33,0,1
2026-09-04 12:42:54,19.29,0,1
2026-09-04 12:42:54,5.8,0,1
2026-09-04 12:42:54,5.5,0,1
2026-09-04 12:42:54,5.18,0,1
2026-09-04 12:42:55,5.72,0,1
2026-09-04 12:42:55,5.6,0,1
2026-09-04 12:42:55,6.27,0,1
2026-09-04 12:42:55,5.25,0,1
2026-09-04 12:42:55,5.39,0,1
2026-09-04 12:42:55,5.44,0,1
2026-09-04 12:42:55,6.16,0,1
2026-09-04 12:42:55,4.93,0,1
2026-09-04 12:42:55,5.95,0,1
2026-09-04 12:42:56,28.38,0,1
2026-09-04 12:42:56,5.58,0,1
2026-09-04 12:42:56,5.87,0,1
2026-09-04 12:42:56,5.07,0,1
2026-09-04 12:42:56,5.78,0,1
2026-09-04 12:42:56,5.5,0,1
2026-09-04 12:42:56,4.93,0,1
2026-09-04 12:42:56,4.98,0,1
2026-09-04 12:42:56,6.0,0,1
2026-09-04 12:42:56,5.09,0,1
2026-09-04 12:42:57,5.62,0,1
2026-09-04 12:42:57,5.38,0,1
2026-09-04 12:42:57,17.71,0,1
2026-09-04 12:42:57,231.0,0,1
2026-09-04 12:42:57,5.69,0,1
2026-09-04 12:42:57,5.23,0,1
2026-09-04 12:42:58,730.42,0,1
2026-09-04 12:42:58,27.17,0,1
2026-09-04 12:42:58,22.92,0,1
2026-09-04 12:42:59,32.3,0,1
2026-09-04 12:42:59,527.21,0,1
2026-09-04 12:42:59,15.66,0,1
2026-09-04 12:43:00,31.87,0,1
2026-09-04 12:43:00,30.93,0,1
2026-09-04 12:43:00,18.69,0,1
2026-09-04 12:43:00,30.8,0,1
2026-09-04 12:43:00,31.27,0,1
2026-09-04 12:43:00,33.12,0,1
2026-09-04 12:43:00,23.76,0,1
2026-09-04 12:43:00,31.38,0,1
2026-09-04 12:43:01,30.87,0,1
2026-09-04 12:43:01,20.23,0,1
2026-09-04 12:43:01,33.54,0,1
2026-09-04 12:43:01,30.97,0,1
2026-09-04 12:43:01,32.07,0,1
2026-09-04 12:43:01,32.01,0,1
2026-09-04 12:43:01,30.26,0,1
2026-09-04 12:43:02,8.17,0,1
2026-09-04 12:43:02,22.25,0,1
2026-09-04 12:45:22,5.21,0,1
2026-09-04 12:45:22,6.11,0,1
2026-09-04 12:45:22,6.2,0,1
2026-09-04 12:45:22,5.33,0,1
2026-09-04 12:45:22,5.6,0,1
2026-09-04 12:45:22,5.32,0,1
2026-09-04 12:45:23,225.26,0,1
2026-09-04 12:45:23,7.07,0,1
2026-09-04 12:45:23,5.88,0,1
2026-09-04 12:45:23,20.97,0,1
2026-09-04 12:45:23,5.27,0,1
2026-09-04 12:45:23,5.47,0,1
2026-09-04 12:45:23,5.24,0,1
2026-09-04 12:45:24,18.76,0,1
2026-09-04 12:45:24,5.57,0,1
2026-09-04 12:45:24,6.16,0,1
2026-09-04 12:45:24,5.09,0,1
2026-09-04 12:45:24,230.4,0,1
2026-09-04 12:45:24,23.54,0,1
2026-09-04 12:45:24,18.76,0,1
2026-09-04 12:45:25,22.4,0,1
2026-09-04 12:45:25,5.47,0,1
2026-09-04 12:45:25,5.91,0,1
2026-09-04 12:45:25,4.95,0,1
2026-09-04 12:45:26,879.37,0,1
2026-09-04 12:45:26,15.52,0,1
2026-09-04 12:45:26,20.67,0,1
2026-09-04 12:45:26,5.82,0,1
2026-09-04 12:45:26,30.02,0,1
2026-09-04 12:45:26,31.65,0,1
2026-09-04 12:45:27,17.3,0,1
2026-09-04 12:45:27,29.29,0,1
2026-09-04 12:45:27,31.18,0,1
2026-09-04 12:45:27,31.96,0,1
2026-09-04 12:45:27,8.16,0,1
2026-09-04 12:45:27,31.16,0,1
2026-09-04 12:45:27,31.45,0,1
2026-09-04 12:45:28,5.76,0,1
2026-09-04 12:45:28,51.47,0,1
2026-09-04 12:45:28,4.94,0,1
2026-09-04 12:45:28,5.94,0,1
2026-09-04 12:45:28,5.45,0,1
2026-09-04 12:45:28,6.09,0,1
2026-09-04 12:45:28,5.23,0,1
2026-09-04 12:45:28,6.19,0,1
2026-09-04 12:45:28,6.24,0,1
2026-09-04 12:45:29,6.39,0,1
2026-09-04 12:45:29,5.84,0,1
2026-09-04 12:45:29,5.09,0,1
2026-09-04 12:45:29,6.0,0,1
2026-09-04 12:45:29,5.03,0,1
2026-09-04 12:45:29,20.56,0,1
2026-09-04 12:45:29,5.04,0,1
2026-09-04 12:45:29,5.14,0,1
2026-09-04 12:45:29,19.52,0,1
2026-09-04 12:45:30,18.86,0,1
2026-09-04 12:45:30,5.25,0,1
2026-09-04 12:45:30,5.76,0,1
2026-09-04 12:45:30,7.09,0,1
2026-09-04 12:45:30,5.52,0,1
2026-09-04 12:45:30,222.5,0,1
2026-09-04 12:45:30,5.34,0,1
2026-09-04 12:45:30,5.71,0,1
2026-09-04 12:45:31,6.07,0,1
2026-09-04 12:45:31,5.58,0,1
2026-09-04 12:45:31,5.87,0,1
2026-09-04 12:45:31,6.02,0,1
2026-09-04 12:45:31,5.26,0,1
2026-09-04 12:45:31,5.37,0,1
2026-09-04 12:45:31,5.02,0,1
2026-09-04 12:45:31,128.32,0,1
2026-09-04 12:45:32,342.17,0,1
2026-09-04 12:45:32,5.58,0,1
2026-09-04 12:45:32,5.67,0,1
2026-09-04 12:45:32,5.63,0,1
2026-09-04 12:45:32,5.29,0,1
2026-09-04 12:45:32,5.54,0,1
2026-09-04 12:45:33,5.71,0,1
2026-09-04 12:45:33,5.43,0,1
2026-09-04 12:45:33,5.43,0,1
2026-09-04 12:45:33,19.52,0,1
2026-09-04 12:45:33,5.72,0,1
2026-09-04 12:45:33,6.81,0,1
2026-09-04 12:45:33,5.56,0,1
2026-09-04 12:45:33,5.79,0,1
2026-09-04 12:45:33,4.99,0,1
2026-09-04 12:45:34,6.32,0,1
2026-09-04 12:45:34,6.12,0,1
2026-09-04 12:45:34,5.64,0,1
2026-09-04 12:45:34,5.38,0,1
2026-09-04 12:45:34,4.75,0,1
2026-09-04 12:45:34,5.45,0,1
2026-09-04 12:45:34,23.84,0,1
2026-09-04 12:45:34,5.64,0,1
2026-09-04 12:45:34,5.69,0,1
2026-09-04 12:45:34,5.34,0,1
2026-09-04 12:45:35,23.13,0,1
2026-09-04 12:45:35,4.88,0,1
2026-09-04 12:45:35,5.73,0,1
2026-09-04 12:45:35,5.98,0,1
2026-09-04 12:45:35,5.49,0,1
2026-09-04 12:45:35,5.61,0,1
2026-09-04 12:45:35,5.62,0,1
2026-09-04 12:45:35,4.79,0,1
2026-09-04 12:45:35,5.84,0,1
2026-09-04 12:45:36,4.96,0,1
2026-09-04 12:45:36,642.19,0,1
2026-09-04 12:45:37,221.53,0,1
2026-09-04 12:45:37,5.14,0,1
2026-09-04 12:45:37,6.06,0,1
2026-09-04 12:45:37,221.54,0,1
2026-09-04 12:45:37,5.84,0,1
2026-09-04 12:45:37,5.28,0,1
2026-09-04 12:45:37,5.5,0,1
2026-09-04 12:45:38,5.89,0,1
2026-09-04 12:45:38,438.41,0,1
2026-09-04 12:45:38,5.53,0,1
2026-09-04 12:45:38,5.25,0,1
2026-09-04 12:45:38,24.59,0,1
2026-09-04 12:45:39,59.89,0,1
2026-09-04 12:45:39,5.38,0,1
2026-09-04 12:45:39,5.29,0,1
2026-09-04 12:45:40,5000,1,1
2026-09-04 12:45:40,21.79,0,1
2026-09-04 12:45:40,5.33,0,1
2026-09-04 12:45:40,6.03,0,1
2026-09-04 12:45:40,5.51,0,1
2026-09-04 12:45:41,640.03,0,1
2026-09-04 12:45:41,6.33,0,1
2026-09-04 12:45:41,5.86,0,1
2026-09-04 12:45:42,643.11,0,1
2026-09-04 12:45:42,5.36,0,1
2026-09-04 12:45:42,4.64,0,1
2026-09-04 12:45:42,6.59,0,1
2026-09-04 12:45:43,5.33,0,1
2026-09-04 12:45:43,5.63,0,1
2026-09-04 12:45:43,654.71,0,1
2026-09-04 12:45:44,5.75,0,1
2026-09-04 12:45:44,5.78,0,1
2026-09-04 12:45:44,5.53,0,1
2026-09-04 12:45:44,5.19,0,1
2026-09-04 12:45:44,5.28,0,1
2026-09-04 12:45:44,5.8,0,1
2026-09-04 12:45:44,5.01,0,1
2026-09-04 12:45:44,19.68,0,1
2026-09-04 12:45:44,18.38,0,1
2026-09-04 12:45:44,4.96,0,1
2026-09-04 12:45:45,5.11,0,1
2026-09-04 12:45:45,4.95,0,1
2026-09-04 12:45:45,5.52,0,1
2026-09-04 12:45:45,5.02,0,1
2026-09-04 12:45:45,5.06,0,1
2026-09-04 12:45:45,4.9,0,1
2026-09-04 12:45:45,5.59,0,1
2026-09-04 12:45:45,6.04,0,1
2026-09-04 12:45:45,5.9,0,1
2026-09-04 12:45:46,6.25,0,1
2026-09-04 12:45:46,5.92,0,1
2026-09-04 12:45:46,5.1,0,1
2026-09-04 12:45:46,5.0,0,1
2026-09-04 12:45:46,4.94,0,1
2026-09-04 12:45:46,5.53,0,1
2026-09-04 12:45:46,5.38,0,1
2026-09-04 12:45:46,5.18,0,1
2026-09-04 12:45:46,5.16,0,1
2026-09-04 12:45:47,6.12,0,1
2026-09-04 12:45:47,19.18,0,1
2026-09-04 12:45:47,5.45,0,1
2026-09-04 12:45:47,5.95,0,1
2026-09-04 12:45:47,4.96,0,1
2026-09-04 12:45:47,5.2,0,1
2026-09-04 12:45:47,5.85,0,1
2026-09-04 12:45:47,21.87,0,1
2026-09-04 12:45:47,5.18,0,1
2026-09-04 12:45:47,6.17,0,1
2026-09-04 12:45:48,5.55,0,1
2026-09-04 12:45:48,4.84,0,1
2026-09-04 12:45:48,5.12,0,1
2026-09-04 12:45:48,4.96,0,1
2026-09-04 12:45:48,5.31,0,1
2026-09-04 12:45:48,26.13,0,1
2026-09-04 12:45:48,5.49,0,1
2026-09-04 12:45:48,23.26,0,1
2026-09-04 12:45:48,6.6,0,1
2026-09-04 12:45:49,5.7,0,1
2026-09-04 12:45:49,6.16,0,1
2026-09-04 12:45:49,4.51,0,1
2026-09-04 12:45:49,223.83,0,1
2026-09-04 12:45:49,218.7,0,1
2026-09-04 12:45:50,5.03,0,1
2026-09-04 12:45:50,5.07,0,1
2026-09-04 12:45:50,6.41,0,1
2026-09-04 12:45:50,5.33,0,1
2026-09-04 12:45:50,5.56,0,1
2026-09-04 12:45:50,5.74,0,1
2026-09-04 12:45:50,18.16,0,1
2026-09-04 12:45:51,222.81,0,1
2026-09-04 12:45:51,6.17,0,1
2026-09-04 12:45:51,7.46,0,1
2026-09-04 12:45:51,6.28,0,1
2026-09-04 12:45:51,6.39,0,1
2026-09-04 12:45:51,6.12,0,1
2026-09-04 12:45:51,5.23,0,1
2026-09-04 12:45:51,5.43,0,1
2026-09-04 12:45:51,5.02,0,1
2026-09-04 12:45:52,4.7,0,1
2026-09-04 12:45:52,5.69,0,1
2026-09-04 12:45:52,5.77,0,1
2026-09-04 12:45:52,6.39,0,1
2026-09-04 12:48:12,18.46,0,1
2026-09-04 12:48:12,30.71,0,1
2026-09-04 12:48:12,32.34,0,1
2026-09-04 12:48:12,24.68,0,1
2026-09-04 12:48:13,93.77,0,1
2026-09-04 12:48:13,31.45,0,1
2026-09-04 12:48:13,31.66,0,1
2026-09-04 12:48:13,30.73,0,1
2026-09-04 12:48:13,32.48,0,1
2026-09-04 12:48:13,94.38,0,1
2026-09-04 12:48:14,32.45,0,1
2026-09-04 12:48:14,30.94,0,1
2026-09-04 12:48:14,31.08,0,1
2026-09-04 12:48:14,345.45,0,1
2026-09-04 12:48:14,31.16,0,1
2026-09-04 12:48:15,32.11,0,1
2026-09-04 12:48:15,31.37,0,1
2026-09-04 12:48:15,31.42,0,1
2026-09-04 12:48:15,15.08,0,1
2026-09-04 12:48:15,32.42,0,1
2026-09-04 12:48:15,23.2,0,1
2026-09-04 12:48:16,110.63,0,1
2026-09-04 12:48:16,31.27,0,1
2026-09-04 12:48:16,124.96,0,1
2026-09-04 12:48:16,5.75,0,1
2026-09-04 12:48:17,577.9,0,1
2026-09-04 12:48:17,26.5,0,1
2026-09-04 12:48:17,31.55,0,1
2026-09-04 12:48:17,31.61,0,1
2026-09-04 12:48:17,109.69,0,1
2026-09-04 12:48:17,31.29,0,1
2026-09-04 12:48:18,887.01,0,1
2026-09-04 12:48:19,6.26,0,1
2026-09-04 12:48:19,31.44,0,1
2026-09-04 12:48:19,32.34,0,1
2026-09-04 12:48:19,17.84,0,1
2026-09-04 12:48:19,19.1,0,1
2026-09-04 12:48:19,31.79,0,1
2026-09-04 12:48:19,29.66,0,1
2026-09-04 12:48:19,15.36,0,1
2026-09-04 12:48:20,31.42,0,1
2026-09-04 12:48:20,30.92,0,1
2026-09-04 12:48:20,32.73,0,1
2026-09-04 12:48:20,74.36,0,1
2026-09-04 12:48:20,32.36,0,1
2026-09-04 12:48:20,31.66,0,1
2026-09-04 12:48:20,29.97,0,1
2026-09-04 12:48:21,31.5,0,1
2026-09-04 12:48:21,30.5,0,1
2026-09-04 12:48:21,30.47,0,1
2026-09-04 12:48:21,31.47,0,1
2026-09-04 12:48:21,31.4,0,1
2026-09-04 12:48:21,31.04,0,1
2026-09-04 12:48:21,31.47,0,1
2026-09-04 12:48:22,30.85,0,1
2026-09-04 12:48:22,20.49,0,1
2026-09-04 12:48:22,32.2,0,1
2026-09-04 12:48:22,94.02,0,1
2026-09-04 12:48:22,31.68,0,1
2026-09-04 12:48:22,21.57,0,1
2026-09-04 12:48:22,30.9,0,1
2026-09-04 12:48:23,31.91,0,1
2026-09-04 12:48:24,792.45,0,1
2026-09-04 12:48:24,31.81,0,1
2026-09-04 12:48:24,312.08,0,1
2026-09-04 12:48:24,30.77,0,1
2026-09-04 12:48:24,31.37,0,1
2026-09-04 12:48:25,77.82,0,1
2026-09-04 12:48:25,20.89,0,1
2026-09-04 12:48:25,30.56,0,1
2026-09-04 12:48:25,31.38,0,1
2026-09-04 12:48:25,29.99,0,1
2026-09-04 12:48:25,32.66,0,1
2026-09-04 12:48:25,93.19,0,1
2026-09-04 12:48:26,309.91,0,1
2026-09-04 12:48:26,31.55,0,1
2026-09-04 12:48:26,325.06,0,1
2026-09-04 12:48:27,31.66,0,1
2026-09-04 12:48:27,31.94,0,1
2026-09-04 12:48:27,32.05,0,1
2026-09-04 12:48:27,32.11,0,1
2026-09-04 12:48:28,966.25,0,1
2026-09-04 12:48:28,9.01,0,1
2026-09-04 12:48:28,30.67,0,1
2026-09-04 12:48:28,14.88,0,1
2026-09-04 12:48:29,295.89,0,1
2026-09-04 12:48:29,26.38,0,1
2026-09-04 12:48:29,11.97,0,1
2026-09-04 12:48:29,30.81,0,1
2026-09-04 12:48:29,31.51,0,1
2026-09-04 12:48:30,31.46,0,1
2026-09-04 12:48:30,31.43,0,1
2026-09-04 12:48:30,32.51,0,1
2026-09-04 12:48:30,15.46,0,1
2026-09-04 12:48:30,31.24,0,1
2026-09-04 12:48:30,108.93,0,1
2026-09-04 12:48:30,31.37,0,1
2026-09-04 12:48:31,30.4,0,1
2026-09-04 12:48:31,31.74,0,1
2026-09-04 12:48:31,30.59,0,1
2026-09-04 12:48:31,389.28,0,1
2026-09-04 12:48:32,777.36,0,1
2026-09-04 12:48:32,32.19,0,1
2026-09-04 12:48:32,15.56,0,1
2026-09-04 12:48:33,31.41,0,1
2026-09-04 12:48:33,31.22,0,1
2026-09-04 12:48:33,125.65,0,1
2026-09-04 12:48:33,31.34,0,1
2026-09-04 12:48:33,31.69,0,1
2026-09-04 12:48:33,15.76,0,1
2026-09-04 12:48:34,31.83,0,1
2026-09-04 12:48:34,294.88,0,1
2026-09-04 12:48:34,31.52,0,1
2026-09-04 12:48:34,22.79,0,1
2026-09-04 12:48:34,15.65,0,1
2026-09-04 12:48:34,31.64,0,1
2026-09-04 12:48:35,30.87,0,1
2026-09-04 12:48:35,113.48,0,1
2026-09-04 12:48:35,31.8,0,1
2026-09-04 12:48:35,31.26,0,1
2026-09-04 12:48:35,29.11,0,1
2026-09-04 12:48:35,31.54,0,1
2026-09-04 12:48:36,31.26,0,1
2026-09-04 12:48:36,25.45,0,1
2026-09-04 12:48:36,93.19,0,1
2026-09-04 12:48:36,31.87,0,1
2026-09-04 12:48:36,30.13,0,1
2026-09-04 12:48:36,31.09,0,1
2026-09-04 12:48:36,30.88,0,1
2026-09-04 12:48:37,31.88,0,1
2026-09-04 12:48:37,31.65,0,1
2026-09-04 12:48:37,93.76,0,1
2026-09-04 12:48:37,30.43,0,1
2026-09-04 12:48:37,30.91,0,1
2026-09-04 12:48:37,31.72,0,1
2026-09-04 12:48:38,790.32,0,1
2026-09-04 12:48:39,738.87,0,1
2026-09-04 12:48:39,32.23,0,1
2026-09-04 12:48:40,294.28,0,1
2026-09-04 12:48:40,31.09,0,1
2026-09-04 12:48:40,16.43,0,1
2026-09-04 12:48:40,295.45,0,1
2026-09-04 12:48:40,31.78,0,1
2026-09-04 12:48:41,32.21,0,1
2026-09-04 12:48:41,31.76,0,1
2026-09-04 12:48:41,30.44,0,1
2026-09-04 12:48:41,103.07,0,1
2026-09-04 12:48:41,33.63,0,1
2026-09-04 12:48:41,14.73,0,1
2026-09-04 12:48:41,31.76,0,1
2026-09-04 12:48:42,31.15,0,1
2026-09-04 12:48:42,31.27,0,1
2026-09-04 12:48:42,75.14,0,1
2026-09-04 12:48:42,21.24,0,1
2026-09-04 12:51:02,31.57,0,1
2026-09-04 12:51:03,31.48,0,1
2026-09-04 12:51:03,16.31,0,1
2026-09-04 12:51:03,30.09,0,1
2026-09-04 12:51:03,31.52,0,1
2026-09-04 12:51:03,16.84,0,1
2026-09-04 12:51:03,20.91,0,1
2026-09-04 12:51:04,315.18,0,1
2026-09-04 12:51:04,30.46,0,1
2026-09-04 12:51:04,32.87,0,1
2026-09-04 12:51:04,31.82,0,1
2026-09-04 12:51:04,344.87,0,1
2026-09-04 12:51:05,30.76,0,1
2026-09-04 12:51:05,31.73,0,1
2026-09-04 12:51:05,31.91,0,1
2026-09-04 12:51:05,31.33,0,1
2026-09-04 12:51:05,31.26,0,1
2026-09-04 12:51:06,339.98,0,1
2026-09-04 12:51:06,31.35,0,1
2026-09-04 12:51:06,31.32,0,1
2026-09-04 12:51:06,32.04,0,1
2026-09-04 12:51:06,93.59,0,1
2026-09-04 12:51:07,296.38,0,1
2026-09-04 12:51:07,31.01,0,1
2026-09-04 12:51:07,31.26,0,1
2026-09-04 12:51:07,15.16,0,1
2026-09-04 12:51:07,29.61,0,1
2026-09-04 12:51:07,31.4,0,1
2026-09-04 12:51:08,359.0,0,1
2026-09-04 12:51:08,31.46,0,1
2026-09-04 12:51:08,131.0,0,1
2026-09-04 12:51:08,31.33,0,1
2026-09-04 12:51:08,31.43,0,1
2026-09-04 12:51:09,312.58,0,1
2026-09-04 12:51:09,31.35,0,1
2026-09-04 12:51:09,31.0,0,1
2026-09-04 12:51:09,31.37,0,1
2026-09-04 12:51:09,30.98,0,1
2026-09-04 12:51:10,31.52,0,1
2026-09-04 12:51:10,30.72,0,1
2026-09-04 12:51:10,31.1,0,1
2026-09-04 12:51:10,32.2,0,1
2026-09-04 12:51:10,18.29,0,1
2026-09-04 12:51:10,108.55,0,1
2026-09-04 12:51:11,109.0,0,1
2026-09-04 12:51:11,31.53,0,1
2026-09-04 12:51:11,32.15,0,1
2026-09-04 12:51:11,16.93,0,1
2026-09-04 12:51:11,30.15,0,1
2026-09-04 12:51:11,31.36,0,1
2026-09-04 12:51:12,323.97,0,1
2026-09-04 12:51:12,30.72,0,1
2026-09-04 12:51:12,32.21,0,1
2026-09-04 12:51:12,16.38,0,1
2026-09-04 12:51:12,29.97,0,1
2026-09-04 12:51:12,31.72,0,1
2026-09-04 12:51:13,31.8,0,1
2026-09-04 12:51:13,32.06,0,1
2026-09-04 12:51:13,30.86,0,1
2026-09-04 12:51:14,899.39,0,1
2026-09-04 12:51:14,31.25,0,1
2026-09-04 12:51:14,19.28,0,1
2026-09-04 12:51:14,31.52,0,1
2026-09-04 12:51:14,31.07,0,1
2026-09-04 12:51:15,93.56,0,1
2026-09-04 12:51:15,31.13,0,1
2026-09-04 12:51:15,31.35,0,1
2026-09-04 12:51:15,30.13,0,1
2026-09-04 12:51:15,24.61,0,1
2026-09-04 12:51:15,31.24,0,1
2026-09-04 12:51:15,23.45,0,1
2026-09-04 12:51:15,16.79,0,1
2026-09-04 12:51:16,29.69,0,1
2026-09-04 12:51:16,31.89,0,1
2026-09-04 12:51:16,32.07,0,1
2026-09-04 12:51:16,31.59,0,1
2026-09-04 12:51:16,30.44,0,1
2026-09-04 12:51:16,84.76,0,1
2026-09-04 12:51:17,263.32,0,1
2026-09-04 12:51:17,32.4,0,1
2026-09-04 12:51:17,32.25,0,1
2026-09-04 12:51:17,137.36,0,1
2026-09-04 12:51:17,31.9,0,1
2026-09-04 12:51:18,30.66,0,1
2026-09-04 12:51:19,5000,1,1
2026-09-04 12:51:19,701.62,0,1
2026-09-04 12:51:20,31.83,0,1
2026-09-04 12:51:20,31.42,0,1
2026-09-04 12:51:20,31.58,0,1
2026-09-04 12:51:20,125.52,0,1
2026-09-04 12:51:21,342.7,0,1
2026-09-04 12:51:22,5000,1,1
2026-09-04 12:51:22,77.24,0,1
2026-09-04 12:51:22,30.67,0,1
2026-09-04 12:51:22,31.37,0,1
2026-09-04 12:51:22,31.25,0,1
2026-09-04 12:51:23,112.7,0,1
2026-09-04 12:51:23,31.65,0,1
2026-09-04 12:51:23,123.71,0,1
2026-09-04 12:51:23,31.56,0,1
2026-09-04 12:51:23,33.09,0,1
2026-09-04 12:51:23,32.38,0,1
2026-09-04 12:51:23,31.5,0,1
2026-09-04 12:51:24,31.92,0,1
2026-09-04 12:51:24,32.61,0,1
2026-09-04 12:51:24,110.42,0,1
2026-09-04 12:51:24,15.51,0,1
2026-09-04 12:51:24,30.9,0,1
2026-09-04 12:51:24,32.0,0,1
2026-09-04 12:51:24,31.1,0,1
2026-09-04 12:51:25,32.17,0,1
2026-09-04 12:51:25,31.3,0,1
2026-09-04 12:51:25,139.23,0,1
2026-09-04 12:51:25,31.58,0,1
2026-09-04 12:51:25,20.02,0,1
2026-09-04 12:51:25,30.54,0,1
2026-09-04 12:51:26,31.77,0,1
2026-09-04 12:51:26,30.76,0,1
2026-09-04 12:51:26,31.2,0,1
2026-09-04 12:51:26,342.78,0,1
2026-09-04 12:51:26,32.33,0,1
2026-09-04 12:51:27,31.35,0,1
2026-09-04 12:51:27,140.04,0,1
2026-09-04 12:51:27,314.53,0,1
2026-09-04 12:51:27,31.79,0,1
2026-09-04 12:51:28,32.37,0,1
2026-09-04 12:51:28,31.31,0,1
2026-09-04 12:51:28,31.43,0,1
2026-09-04 12:51:29,5000,1,1
2026-09-04 12:51:30,5000,1,1
2026-09-04 12:51:30,142.31,0,1
2026-09-04 12:51:31,312.71,0,1
2026-09-04 12:51:31,31.71,0,1
2026-09-04 12:51:31,31.68,0,1
2026-09-04 12:51:31,31.99,0,1
2026-09-04 12:51:31,156.24,0,1
2026-09-04 12:51:32,31.22,0,1
2026-09-04 12:51:32,32.46,0,1
2026-09-04 12:51:32,140.94,0,1
2026-09-04 12:51:32,32.38,0,1
2026-09-04 12:51:32,77.46,0,1
2026-09-04 12:53:53,113.74,0,1
2026-09-04 12:53:53,15.07,0,1
2026-09-04 12:53:53,31.38,0,1
2026-09-04 12:53:53,32.07,0,1
2026-09-04 12:53:53,30.94,0,1
2026-09-04 12:53:53,32.7,0,1
2026-09-04 12:53:53,33.83,0,1
2026-09-04 12:53:54,33.31,0,1
2026-09-04 12:53:54,31.36,0,1
2026-09-04 12:53:54,32.35,0,1
2026-09-04 12:53:54,29.51,0,1
2026-09-04 12:53:54,23.8,0,1
2026-09-04 12:53:54,30.69,0,1
2026-09-04 12:53:54,31.53,0,1
2026-09-04 12:53:55,31.07,0,1
2026-09-04 12:53:55,31.15,0,1
2026-09-04 12:53:55,19.86,0,1
2026-09-04 12:53:56,5000,1,1
2026-09-04 12:53:56,203.37,0,1
2026-09-04 12:53:56,30.91,0,1
2026-09-04 12:53:57,436.38,0,1
2026-09-04 12:53:57,16.12,0,1
2026-09-04 12:53:57,30.42,0,1
2026-09-04 12:53:57,30.91,0,1
2026-09-04 12:53:57,30.42,0,1
2026-09-04 12:53:58,31.48,0,1
2026-09-04 12:53:58,31.19,0,1
2026-09-04 12:53:58,17.6,0,1
2026-09-04 12:53:58,30.69,0,1
2026-09-04 12:53:58,31.17,0,1
2026-09-04 12:53:58,16.84,0,1
2026-09-04 12:53:59,821.2,0,1
2026-09-04 12:53:59,19.45,0,1
2026-09-04 12:53:59,32.46,0,1
2026-09-04 12:54:00,31.36,0,1
2026-09-04 12:54:00,24.69,0,1
2026-09-04 12:54:00,32.9,0,1
2026-09-04 12:54:00,30.57,0,1
2026-09-04 12:54:00,85.87,0,1
2026-09-04 12:54:00,15.97,0,1
2026-09-04 12:54:00,34.93,0,1
2026-09-04 12:54:01,32.93,0,1
2026-09-04 12:54:01,31.84,0,1
2026-09-04 12:54:01,30.74,0,1
2026-09-04 12:54:01,30.75,0,1
2026-09-04 12:54:01,16.22,0,1
2026-09-04 12:54:01,31.41,0,1
2026-09-04 12:54:01,31.8,0,1
2026-09-04 12:54:02,32.02,0,1
2026-09-04 12:54:02,93.6,0,1
2026-09-04 12:54:02,31.56,0,1
2026-09-04 12:54:02,30.84,0,1
2026-09-04 12:54:02,15.55,0,1
2026-09-04 12:54:03,794.61,0,1
2026-09-04 12:54:03,31.5,0,1
2026-09-04 12:54:03,31.74,0,1
2026-09-04 12:54:04,295.99,0,1
2026-09-04 12:54:04,30.88,0,1
2026-09-04 12:54:04,33.02,0,1
2026-09-04 12:54:04,31.71,0,1
2026-09-04 12:54:05,313.69,0,1
2026-09-04 12:54:05,760.31,0,1
2026-09-04 12:54:06,31.74,0,1
2026-09-04 12:54:06,32.99,0,1
2026-09-04 12:54:06,358.83,0,1
2026-09-04 12:54:06,30.93,0,1
2026-09-04 12:54:07,31.48,0,1
2026-09-04 12:54:07,31.29,0,1
2026-09-04 12:54:07,31.13,0,1
2026-09-04 12:54:07,32.39,0,1
2026-09-04 12:54:07,32.35,0,1
2026-09-04 12:54:08,341.25,0,1
2026-09-04 12:54:08,31.67,0,1
2026-09-04 12:54:08,32.47,0,1
2026-09-04 12:54:08,296.35,0,1
2026-09-04 12:54:08,108.88,0,1
2026-09-04 12:54:09,156.2,0,1
2026-09-04 12:54:09,31.31,0,1
2026-09-04 12:54:09,30.7,0,1
2026-09-04 12:54:09,155.9,0,1
2026-09-04 12:54:10,297.0,0,1
2026-09-04 12:54:10,30.81,0,1
2026-09-04 12:54:10,30.84,0,1
2026-09-04 12:54:11,5000,1,1
2026-09-04 12:54:12,5000,1,1
2026-09-04 12:54:13,5000,1,1
2026-09-04 12:54:14,5000,1,1
2026-09-04 12:54:15,31.47,0,1
2026-09-04 12:54:15,591.52,0,1
2026-09-04 12:54:15,31.67,0,1
2026-09-04 12:54:16,497.09,0,1
2026-09-04 12:54:16,26.04,0,1
2026-09-04 12:54:16,155.1,0,1
2026-09-04 12:54:17,172.36,0,1
2026-09-04 12:54:17,31.52,0,1
2026-09-04 12:54:17,15.88,0,1
2026-09-04 12:54:17,15.82,0,1
2026-09-04 12:54:17,31.13,0,1
2026-09-04 12:54:17,31.2,0,1
2026-09-04 12:54:17,15.94,0,1
2026-09-04 12:54:18,31.31,0,1
2026-09-04 12:54:18,31.83,0,1
2026-09-04 12:54:18,433.92,0,1
2026-09-04 12:54:19,5000,1,1
2026-09-04 12:54:20,600.79,0,1
2026-09-04 12:54:20,20.07,0,1
2026-09-04 12:54:20,32.13,0,1
2026-09-04 12:54:20,31.68,0,1
2026-09-04 12:54:21,32.6,0,1
2026-09-04 12:54:21,31.34,0,1
2026-09-04 12:54:22,644.36,0,1
2026-09-04 12:54:22,5.16,0,1
2026-09-04 12:54:22,121.64,0,1
2026-09-04 12:54:22,58.19,0,1
2026-09-04 12:54:22,100.05,0,1
2026-09-04 12:54:22,5.38,0,1
2026-09-04 12:54:22,4.92,0,1
2026-09-04 12:54:23,5.51,0,1
2026-09-04 12:56:43,15.9,0,1
2026-09-04 12:56:43,46.46,0,1
2026-09-04 12:56:43,16.0,0,1
2026-09-04 12:56:43,32.46,0,1
2026-09-04 12:56:43,15.29,0,1
2026-09-04 12:56:43,31.55,0,1
2026-09-04 12:56:44,32.4,0,1
2026-09-04 12:56:44,32.27,0,1
2026-09-04 12:56:44,30.97,0,1
2026-09-04 12:56:44,95.19,0,1
2026-09-04 12:56:44,31.56,0,1
2026-09-04 12:56:44,31.85,0,1
2026-09-04 12:56:45,31.28,0,1
2026-09-04 12:56:45,31.42,0,1
2026-09-04 12:56:45,30.6,0,1
2026-09-04 12:56:45,93.78,0,1
2026-09-04 12:56:45,19.08,0,1
2026-09-04 12:56:45,110.5,0,1
2026-09-04 12:56:46,93.29,0,1
2026-09-04 12:56:46,31.7,0,1
2026-09-04 12:56:46,32.71,0,1
2026-09-04 12:56:46,20.37,0,1
2026-09-04 12:56:46,32.21,0,1
2026-09-04 12:56:46,32.45,0,1
2026-09-04 12:56:46,31.83,0,1
2026-09-04 12:56:47,31.56,0,1
2026-09-04 12:56:48,5000,1,1
2026-09-04 12:56:48,125.1,0,1
2026-09-04 12:56:48,31.8,0,1
2026-09-04 12:56:49,782.25,0,1
2026-09-04 12:56:49,31.82,0,1
2026-09-04 12:56:49,29.57,0,1
2026-09-04 12:56:49,30.2,0,1
2026-09-04 12:56:49,31.47,0,1
2026-09-04 12:56:50,32.03,0,1
2026-09-04 12:56:50,30.94,0,1
2026-09-04 12:56:50,73.8,0,1
2026-09-04 12:56:50,31.5,0,1
2026-09-04 12:56:50,15.64,0,1
2026-09-04 12:56:50,30.2,0,1
2026-09-04 12:56:51,321.25,0,1
2026-09-04 12:56:51,30.82,0,1
2026-09-04 12:56:51,32.0,0,1
2026-09-04 12:56:51,16.02,0,1
2026-09-04 12:56:51,30.4,0,1
2026-09-04 12:56:52,312.54,0,1
2026-09-04 12:56:52,31.93,0,1
2026-09-04 12:56:52,32.12,0,1
2026-09-04 12:56:52,30.7,0,1
2026-09-04 12:56:52,27.1,0,1
2026-09-04 12:56:52,80.28,0,1
2026-09-04 12:56:53,12.92,0,1
2026-09-04 12:56:53,30.8,0,1
2026-09-04 12:56:53,32.0,0,1
2026-09-04 12:56:53,24.17,0,1
2026-09-04 12:56:53,26.73,0,1
2026-09-04 12:56:53,31.35,0,1
2026-09-04 12:56:53,18.88,0,1
2026-09-04 12:56:54,422.72,0,1
2026-09-04 12:56:54,31.52,0,1
2026-09-04 12:56:54,15.48,0,1
2026-09-04 12:56:54,93.34,0,1
2026-09-04 12:56:55,24.93,0,1
2026-09-04 12:56:55,11.63,0,1
2026-09-04 12:56:55,16.1,0,1
2026-09-04 12:56:55,30.43,0,1
2026-09-04 12:56:55,20.88,0,1
2026-09-04 12:56:55,98.85,0,1
2026-09-04 12:56:55,16.15,0,1
2026-09-04 12:56:55,33.26,0,1
2026-09-04 12:56:56,92.75,0,1
2026-09-04 12:56:56,30.49,0,1
2026-09-04 12:56:56,33.93,0,1
2026-09-04 12:56:56,30.07,0,1
2026-09-04 12:56:56,32.14,0,1
2026-09-04 12:56:56,15.21,0,1
2026-09-04 12:56:57,30.94,0,1
2026-09-04 12:56:57,93.42,0,1
2026-09-04 12:56:57,31.18,0,1
2026-09-04 12:56:57,25.32,0,1
2026-09-04 12:56:57,30.57,0,1
2026-09-04 12:56:57,32.01,0,1
2026-09-04 12:56:57,29.86,0,1
2026-09-04 12:56:59,5000,1,1
2026-09-04 12:57:00,886.75,0,1
2026-09-04 12:57:00,31.67,0,1
2026-09-04 12:57:00,32.34,0,1
2026-09-04 12:57:00,33.63,0,1
2026-09-04 12:57:00,31.85,0,1
2026-09-04 12:57:00,31.27,0,1
2026-09-04 12:57:00,109.9,0,1
2026-09-04 12:57:01,376.17,0,1
2026-09-04 12:57:01,109.83,0,1
2026-09-04 12:57:01,23.41,0,1
2026-09-04 12:57:01,16.11,0,1
2026-09-04 12:57:02,99.31,0,1
2026-09-04 12:57:02,296.25,0,1
2026-09-04 12:57:02,31.64,0,1
2026-09-04 12:57:02,30.76,0,1
2026-09-04 12:57:02,15.44,0,1
2026-09-04 12:57:03,21.06,0,1
2026-09-04 12:57:03,31.26,0,1
2026-09-04 12:57:03,33.71,0,1
2026-09-04 12:57:04,793.27,0,1
2026-09-04 12:57:04,31.61,0,1
2026-09-04 12:57:04,33.44,0,1
2026-09-04 12:57:04,31.32,0,1
2026-09-04 12:57:04,32.36,0,1
2026-09-04 12:57:04,31.98,0,1
2026-09-04 12:57:05,31.58,0,1
2026-09-04 12:57:05,300.33,0,1
2026-09-04 12:57:05,15.2,0,1
2026-09-04 12:57:05,296.03,0,1
2026-09-04 12:57:06,31.12,0,1
2026-09-04 12:57:06,92.57,0,1
2026-09-04 12:57:06,357.7,0,1
2026-09-04 12:57:06,31.81,0,1
2026-09-04 12:57:07,30.69,0,1
2026-09-04 12:57:07,18.46,0,1
2026-09-04 12:57:07,20.81,0,1
2026-09-04 12:57:07,77.94,0,1
2026-09-04 12:57:07,9.4,0,1
2026-09-04 12:57:07,31.22,0,1
2026-09-04 12:57:07,94.01,0,1
2026-09-04 12:57:08,32.41,0,1
2026-09-04 12:57:08,93.62,0,1
2026-09-04 12:57:08,169.34,0,1
2026-09-04 12:57:08,295.46,0,1
2026-09-04 12:57:09,31.13,0,1
2026-09-04 12:57:09,30.72,0,1
2026-09-04 12:57:09,31.94,0,1
2026-09-04 12:57:09,30.88,0,1
2026-09-04 12:57:09,284.92,0,1
2026-09-04 12:57:10,32.59,0,1
2026-09-04 12:57:10,326.09,0,1
2026-09-04 12:57:10,31.93,0,1
2026-09-04 12:57:10,20.88,0,1
2026-09-04 12:57:10,31.4,0,1
2026-09-04 12:57:11,32.85,0,1
2026-09-04 12:57:11,279.88,0,1
2026-09-04 12:57:11,32.53,0,1
2026-09-04 12:57:12,327.54,0,1
2026-09-04 12:57:12,31.83,0,1
2026-09-04 12:57:12,93.38,0,1
2026-09-04 12:57:12,96.72,0,1
2026-09-04 12:57:12,4.92,0,1
2026-09-04 12:57:12,5.79,0,1
2026-09-04 12:57:13,239.59,0,1
2026-09-04 12:59:33,1.1,0,1
2026-09-04 12:59:33,30.68,0,1
2026-09-04 12:59:33,29.96,0,1
2026-09-04 12:59:33,19.75,0,1
2026-09-04 12:59:33,33.07,0,1
2026-09-04 12:59:34,31.82,0,1
2026-09-04 12:59:34,18.27,0,1
2026-09-04 12:59:34,32.06,0,1
2026-09-04 12:59:34,31.29,0,1
2026-09-04 12:59:34,23.35,0,1
2026-09-04 12:59:35,299.06,0,1
2026-09-04 12:59:35,29.58,0,1
2026-09-04 12:59:35,31.85,0,1
2026-09-04 12:59:35,32.43,0,1
2026-09-04 12:59:36,815.37,0,1
2026-09-04 12:59:36,32.01,0,1
2026-09-04 12:59:36,32.28,0,1
2026-09-04 12:59:36,13.64,0,1
2026-09-04 12:59:36,22.99,0,1
2026-09-04 12:59:37,798.14,0,1
2026-09-04 12:59:38,296.05,0,1
2026-09-04 12:59:38,109.86,0,1
2026-09-04 12:59:38,61.98,0,1
2026-09-04 12:59:38,33.47,0,1
2026-09-04 12:59:38,77.72,0,1
2026-09-04 12:59:39,62.9,0,1
2026-09-04 12:59:39,15.95,0,1
2026-09-04 12:59:39,15.31,0,1
2026-09-04 12:59:39,299.58,0,1
2026-09-04 12:59:39,31.19,0,1
2026-09-04 12:59:40,30.87,0,1
2026-09-04 12:59:40,34.86,0,1
2026-09-04 12:59:40,33.33,0,1
2026-09-04 12:59:40,27.36,0,1
2026-09-04 12:59:40,27.27,0,1
2026-09-04 12:59:40,33.0,0,1
2026-09-04 12:59:40,61.32,0,1
2026-09-04 12:59:41,31.61,0,1
2026-09-04 12:59:41,124.89,0,1
2026-09-04 12:59:41,32.11,0,1
2026-09-04 12:59:41,127.24,0,1
2026-09-04 12:59:41,34.67,0,1
2026-09-04 12:59:41,31.02,0,1
2026-09-04 12:59:42,31.51,0,1
2026-09-04 12:59:42,27.59,0,1
2026-09-04 12:59:42,32.45,0,1
2026-09-04 12:59:42,31.35,0,1
2026-09-04 12:59:42,113.98,0,1
2026-09-04 12:59:43,730.72,0,1
2026-09-04 12:59:43,23.88,0,1
2026-09-04 12:59:43,31.58,0,1
2026-09-04 12:59:44,873.34,0,1
2026-09-04 12:59:44,31.24,0,1
2026-09-04 12:59:45,21.64,0,1
2026-09-04 12:59:45,32.02,0,1
2026-09-04 12:59:45,48.28,0,1
2026-09-04 12:59:45,29.59,0,1
2026-09-04 12:59:45,70.13,0,1
2026-09-04 12:59:45,23.9,0,1
2026-09-04 12:59:45,31.97,0,1
2026-09-04 12:59:46,27.1,0,1
2026-09-04 12:59:46,18.83,0,1
2026-09-04 12:59:46,33.8,0,1
2026-09-04 12:59:46,31.5,0,1
2026-09-04 12:59:46,16.19,0,1
2026-09-04 12:59:46,32.08,0,1
2026-09-04 12:59:46,31.9,0,1
2026-09-04 12:59:47,32.43,0,1
2026-09-04 12:59:47,33.4,0,1
2026-09-04 12:59:47,31.39,0,1
2026-09-04 12:59:47,110.72,0,1
2026-09-04 12:59:47,31.8,0,1
2026-09-04 12:59:47,32.78,0,1
2026-09-04 12:59:47,31.02,0,1
2026-09-04 12:59:48,31.92,0,1
2026-09-04 12:59:48,32.69,0,1
2026-09-04 12:59:48,30.9,0,1
2026-09-04 12:59:48,32.07,0,1
2026-09-04 12:59:48,31.16,0,1
2026-09-04 12:59:48,32.73,0,1
2026-09-04 12:59:48,33.03,0,1
2026-09-04 12:59:49,20.22,0,1
2026-09-04 12:59:49,31.87,0,1
2026-09-04 12:59:49,18.87,0,1
2026-09-04 12:59:49,32.35,0,1
2026-09-04 12:59:49,21.7,0,1
2026-09-04 12:59:50,325.66,0,1
2026-09-04 12:59:50,31.3,0,1
2026-09-04 12:59:50,32.23,0,1
2026-09-04 12:59:50,126.35,0,1
2026-09-04 12:59:50,30.49,0,1
2026-09-04 12:59:50,31.15,0,1
2026-09-04 12:59:51,31.85,0,1
2026-09-04 12:59:51,31.6,0,1
2026-09-04 12:59:51,32.29,0,1
2026-09-04 12:59:52,5000,1,1
2026-09-04 12:59:53,5000,1,1
2026-09-04 12:59:54,5000,1,1
2026-09-04 12:59:55,345.72,0,1
2026-09-04 12:59:55,296.69,0,1
2026-09-04 12:59:55,31.97,0,1
2026-09-04 12:59:55,63.95,0,1
2026-09-04 12:59:55,32.1,0,1
2026-09-04 12:59:56,31.92,0,1
2026-09-04 12:59:56,31.7,0,1
2026-09-04 12:59:56,30.94,0,1
2026-09-04 12:59:56,32.53,0,1
2026-09-04 12:59:56,30.85,0,1
2026-09-04 12:59:56,31.61,0,1
2026-09-04 12:59:56,30.33,0,1
2026-09-04 12:59:57,31.37,0,1
2026-09-04 12:59:57,16.44,0,1
2026-09-04 12:59:57,96.39,0,1
2026-09-04 12:59:58,782.21,0,1
2026-09-04 12:59:58,32.32,0,1
2026-09-04 12:59:58,30.18,0,1
2026-09-04 12:59:58,31.32,0,1
2026-09-04 12:59:58,32.14,0,1
2026-09-04 12:59:58,29.62,0,1
2026-09-04 12:59:59,32.14,0,1
2026-09-04 12:59:59,30.73,0,1
2026-09-04 12:59:59,32.0,0,1
2026-09-04 12:59:59,25.09,0,1
2026-09-04 12:59:59,17.56,0,1
2026-09-04 12:59:59,32.15,0,1
2026-09-04 12:59:59,63.3,0,1
2026-09-04 13:00:00,77.12,0,1
2026-09-04 13:00:00,107.79,0,1
2026-09-04 13:00:00,289.28,0,1
2026-09-04 13:00:00,19.8,0,1
2026-09-04 13:00:01,31.96,0,1
2026-09-04 13:00:01,311.53,0,1
2026-09-04 13:00:01,15.89,0,1
2026-09-04 13:00:01,19.71,0,1
2026-09-04 13:00:01,17.05,0,1
2026-09-04 13:00:01,31.92,0,1
2026-09-04 13:00:02,16.04,0,1
2026-09-04 13:00:02,31.44,0,1
2026-09-04 13:00:02,32.49,0,1
2026-09-04 13:00:02,14.54,0,1
2026-09-04 13:00:02,32.92,0,1
2026-09-04 13:00:03,295.21,0,1
2026-09-04 13:00:03,30.53,0,1
2026-09-04 13:00:03,32.95,0,1
2026-09-04 13:05:29,31.8,0,1
2026-09-04 13:05:29,31.2,0,1
2026-09-04 13:05:29,32.27,0,1
2026-09-04 13:05:30,31.8,0,1
2026-09-04 13:05:30,30.47,0,1
2026-09-04 13:05:30,30.27,0,1
2026-09-04 13:05:30,96.33,0,1
2026-09-04 13:05:30,31.41,0,1
2026-09-04 13:05:30,20.07,0,1
2026-09-04 13:05:30,31.4,0,1
2026-09-04 13:05:31,31.84,0,1
2026-09-04 13:05:31,30.4,0,1
2026-09-04 13:05:32,805.2,0,1
2026-09-04 13:05:32,30.81,0,1
2026-09-04 13:05:32,12.76,0,1
2026-09-04 13:05:32,22.02,0,1
2026-09-04 13:05:32,32.61,0,1
2026-09-04 13:05:32,31.96,0,1
2026-09-04 13:05:33,252.89,0,1
2026-09-04 13:05:33,78.74,0,1
2026-09-04 13:05:33,32.06,0,1
2026-09-04 13:05:33,31.72,0,1
2026-09-04 13:05:33,31.64,0,1
2026-09-04 13:05:33,31.59,0,1
2026-09-04 13:05:34,110.54,0,1
2026-09-04 13:05:34,31.0,0,1
2026-09-04 13:05:34,32.04,0,1
2026-09-04 13:05:34,312.88,0,1
2026-09-04 13:05:34,29.95,0,1
2026-09-04 13:05:35,31.78,0,1
2026-09-04 13:05:35,31.1,0,1
2026-09-04 13:05:35,300.74,0,1
2026-09-04 13:05:35,30.97,0,1
2026-09-04 13:05:35,30.56,0,1
2026-09-04 13:05:36,30.99,0,1
2026-09-04 13:05:36,31.04,0,1
2026-09-04 13:05:36,32.13,0,1
2026-09-04 13:05:36,20.21,0,1
2026-09-04 13:05:36,30.48,0,1
2026-09-04 13:05:36,32.38,0,1
2026-09-04 13:05:36,77.41,0,1
2026-09-04 13:05:37,297.27,0,1
2026-09-04 13:05:37,266.99,0,1
2026-09-04 13:05:37,15.5,0,1
2026-09-04 13:05:38,32.32,0,1
2026-09-04 13:05:38,109.84,0,1
2026-09-04 13:05:38,24.79,0,1
2026-09-04 13:05:38,31.47,0,1
2026-09-04 13:05:38,31.55,0,1
2026-09-04 13:05:38,31.86,0,1
2026-09-04 13:05:38,32.67,0,1
2026-09-04 13:05:39,94.2,0,1
2026-09-04 13:05:39,15.99,0,1
2026-09-04 13:05:39,13.68,0,1
2026-09-04 13:05:39,16.72,0,1
2026-09-04 13:05:40,5000,1,1
2026-09-04 13:05:41,609.86,0,1
2026-09-04 13:05:41,16.23,0,1
2026-09-04 13:05:41,31.85,0,1
2026-09-04 13:05:41,31.9,0,1
2026-09-04 13:05:41,125.58,0,1
2026-09-04 13:05:42,31.89,0,1
2026-09-04 13:05:42,32.23,0,1
2026-09-04 13:05:42,15.24,0,1
2026-09-04 13:05:42,30.31,0,1
2026-09-04 13:05:42,30.78,0,1
2026-09-04 13:05:43,296.72,0,1
2026-09-04 13:05:43,32.07,0,1
2026-09-04 13:05:43,32.27,0,1
2026-09-04 13:05:43,31.51,0,1
2026-09-04 13:05:43,30.81,0,1
2026-09-04 13:05:43,31.33,0,1
2026-09-04 13:05:43,23.39,0,1
2026-09-04 13:05:44,31.16,0,1
2026-09-04 13:05:44,30.34,0,1
2026-09-04 13:05:44,15.13,0,1
2026-09-04 13:05:44,32.44,0,1
2026-09-04 13:05:44,32.08,0,1
2026-09-04 13:05:44,15.21,0,1
2026-09-04 13:05:44,31.26,0,1
2026-09-04 13:05:45,293.35,0,1
2026-09-04 13:05:45,31.85,0,1
2026-09-04 13:05:45,33.54,0,1
2026-09-04 13:05:45,31.9,0,1
2026-09-04 13:05:46,327.38,0,1
2026-09-04 13:05:46,282.58,0,1
2026-09-04 13:05:46,32.15,0,1
2026-09-04 13:05:46,78.38,0,1
2026-09-04 13:05:46,20.84,0,1
2026-09-04 13:05:47,30.26,0,1
2026-09-04 13:05:47,339.71,0,1
2026-09-04 13:05:47,24.37,0,1
2026-09-04 13:05:47,154.31,0,1
2026-09-04 13:05:48,16.32,0,1
2026-09-04 13:05:48,24.19,0,1
2026-09-04 13:05:48,22.8,0,1
2026-09-04 13:05:48,26.42,0,1
2026-09-04 13:05:48,15.94,0,1
2026-09-04 13:05:48,27.62,0,1
2026-09-04 13:05:49,5000,1,1
2026-09-04 13:05:50,5000,1,1
2026-09-04 13:05:51,388.61,0,1
2026-09-04 13:05:52,5000,1,1
2026-09-04 13:05:53,655.77,0,1
2026-09-04 13:05:53,33.63,0,1
2026-09-04 13:05:53,31.18,0,1
2026-09-04 13:05:53,98.3,0,1
2026-09-04 13:05:53,78.49,0,1
2026-09-04 13:05:54,32.63,0,1
2026-09-04 13:05:54,32.09,0,1
2026-09-04 13:05:54,31.66,0,1
2026-09-04 13:05:55,5000,1,1
2026-09-04 13:05:56,685.65,0,1
2026-09-04 13:05:56,109.36,0,1
2026-09-04 13:05:56,15.99,0,1
2026-09-04 13:05:56,8.25,0,1
2026-09-04 13:05:56,10.14,0,1
2026-09-04 13:05:57,12.44,0,1
2026-09-04 13:05:57,21.25,0,1
2026-09-04 13:05:57,30.59,0,1
2026-09-04 13:05:57,32.14,0,1
2026-09-04 13:05:57,20.37,0,1
2026-09-04 13:05:57,16.11,0,1
2026-09-04 13:05:58,258.02,0,1
2026-09-04 13:05:58,6.22,0,1
2026-09-04 13:05:58,67.59,0,1
2026-09-04 13:05:58,14.76,0,1
2026-09-04 13:05:58,31.3,0,1
2026-09-04 13:05:58,82.86,0,1
2026-09-04 13:05:58,16.38,0,1
2026-09-04 13:05:59,14.52,0,1
2026-09-04 13:05:59,20.34,0,1
2026-09-04 13:05:59,15.71,0,1
2026-09-04 13:05:59,16.4,0,1
2026-09-04 13:05:59,15.32,0,1
2026-09-04 13:08:19,22.94,0,1
2026-09-04 13:08:20,30.85,0,1
2026-09-04 13:08:20,91.98,0,1
2026-09-04 13:08:20,32.95,0,1
2026-09-04 13:08:20,123.41,0,1
2026-09-04 13:08:20,31.21,0,1
2026-09-04 13:08:20,30.7,0,1
2026-09-04 13:08:21,95.15,0,1
2026-09-04 13:08:21,31.94,0,1
2026-09-04 13:08:21,20.75,0,1
2026-09-04 13:08:21,32.06,0,1
2026-09-04 13:08:21,32.36,0,1
2026-09-04 13:08:21,31.16,0,1
2026-09-04 13:08:21,31.82,0,1
2026-09-04 13:08:22,32.5,0,1
2026-09-04 13:08:22,31.36,0,1
2026-09-04 13:08:22,30.08,0,1
2026-09-04 13:08:22,296.22,0,1
2026-09-04 13:08:22,31.71,0,1
2026-09-04 13:08:23,30.26,0,1
2026-09-04 13:08:23,608.57,0,1
2026-09-04 13:08:23,31.75,0,1
2026-09-04 13:08:23,23.24,0,1
2026-09-04 13:08:24,31.04,0,1
2026-09-04 13:08:24,31.47,0,1
2026-09-04 13:08:24,17.53,0,1
2026-09-04 13:08:24,32.18,0,1
2026-09-04 13:08:25,531.6,0,1
2026-09-04 13:08:25,32.03,0,1
2026-09-04 13:08:25,30.9,0,1
2026-09-04 13:08:25,31.92,0,1
2026-09-04 13:08:25,31.94,0,1
2026-09-04 13:08:25,32.12,0,1
2026-09-04 13:08:26,141.35,0,1
2026-09-04 13:08:26,31.44,0,1
2026-09-04 13:08:26,30.42,0,1
2026-09-04 13:08:26,20.28,0,1
2026-09-04 13:08:26,10.05,0,1
2026-09-04 13:08:26,30.35,0,1
2026-09-04 13:08:26,21.74,0,1
2026-09-04 13:08:27,31.61,0,1
2026-09-04 13:08:27,31.43,0,1
2026-09-04 13:08:27,126.33,0,1
2026-09-04 13:08:27,31.42,0,1
2026-09-04 13:08:28,5000,1,1
2026-09-04 13:08:28,32.41,0,1
2026-09-04 13:08:28,30.58,0,1
2026-09-04 13:08:29,15.5,0,1
2026-09-04 13:08:30,871.14,0,1
2026-09-04 13:08:30,31.13,0,1
2026-09-04 13:08:30,23.3,0,1
2026-09-04 13:08:30,31.38,0,1
2026-09-04 13:08:30,32.02,0,1
2026-09-04 13:08:30,31.27,0,1
2026-09-04 13:08:30,30.84,0,1
2026-09-04 13:08:31,26.45,0,1
2026-09-04 13:08:31,294.66,0,1
2026-09-04 13:08:31,32.06,0,1
2026-09-04 13:08:31,31.54,0,1
2026-09-04 13:08:31,32.12,0,1
2026-09-04 13:08:32,32.54,0,1
2026-09-04 13:08:32,31.64,0,1
2026-09-04 13:08:32,157.26,0,1
2026-09-04 13:08:32,111.05,0,1
2026-09-04 13:08:32,31.76,0,1
2026-09-04 13:08:32,22.05,0,1
2026-09-04 13:08:33,94.8,0,1
2026-09-04 13:08:33,32.38,0,1
2026-09-04 13:08:33,30.87,0,1
2026-09-04 13:08:33,310.91,0,1
2026-09-04 13:08:33,14.96,0,1
2026-09-04 13:08:34,33.65,0,1
2026-09-04 13:08:34,32.25,0,1
2026-09-04 13:08:34,16.06,0,1
2026-09-04 13:08:34,31.43,0,1
2026-09-04 13:08:35,770.76,0,1
2026-09-04 13:08:35,32.2,0,1
2026-09-04 13:08:35,31.85,0,1
2026-09-04 13:08:35,16.09,0,1
2026-09-04 13:08:35,31.77,0,1
2026-09-04 13:08:36,30.78,0,1
2026-09-04 13:08:36,15.63,0,1
2026-09-04 13:08:36,32.27,0,1
2026-09-04 13:08:36,31.18,0,1
2026-09-04 13:08:36,32.28,0,1
2026-09-04 13:08:36,33.61,0,1
2026-09-04 13:08:36,109.28,0,1
2026-09-04 13:08:37,31.65,0,1
2026-09-04 13:08:37,33.79,0,1
2026-09-04 13:08:37,31.87,0,1
2026-09-04 13:08:37,31.1,0,1
2026-09-04 13:08:37,33.12,0,1
2026-09-04 13:08:37,30.57,0,1
2026-09-04 13:08:37,15.75,0,1
2026-09-04 13:08:38,20.04,0,1
2026-09-04 13:08:38,30.66,0,1
2026-09-04 13:08:38,31.91,0,1
2026-09-04 13:08:39,5000,1,1
2026-09-04 13:08:39,106.49,0,1
2026-09-04 13:08:39,34.55,0,1
2026-09-04 13:08:39,29.8,0,1
2026-09-04 13:08:40,32.15,0,1
2026-09-04 13:08:40,30.75,0,1
2026-09-04 13:08:40,31.6,0,1
2026-09-04 13:08:40,31.07,0,1
2026-09-04 13:08:40,30.82,0,1
2026-09-04 13:08:41,5000,1,1
2026-09-04 13:08:42,670.99,0,1
2026-09-04 13:08:42,30.73,0,1
2026-09-04 13:08:42,31.8,0,1
2026-09-04 13:08:42,31.43,0,1
2026-09-04 13:08:43,358.87,0,1
2026-09-04 13:08:43,30.25,0,1
2026-09-04 13:08:43,328.55,0,1
2026-09-04 13:08:44,824.72,0,1
2026-09-04 13:08:45,328.05,0,1
2026-09-04 13:08:45,30.66,0,1
2026-09-04 13:08:45,31.47,0,1
2026-09-04 13:08:45,31.55,0,1
2026-09-04 13:08:45,23.81,0,1
2026-09-04 13:08:46,29.46,0,1
2026-09-04 13:08:46,32.37,0,1
2026-09-04 13:08:46,31.37,0,1
2026-09-04 13:08:46,32.05,0,1
2026-09-04 13:08:46,31.25,0,1
2026-09-04 13:08:46,31.86,0,1
2026-09-04 13:08:46,31.79,0,1
2026-09-04 13:08:47,110.04,0,1
2026-09-04 13:08:47,31.65,0,1
2026-09-04 13:08:47,31.99,0,1
2026-09-04 13:08:47,109.0,0,1
2026-09-04 13:08:47,31.03,0,1
2026-09-04 13:08:47,32.83,0,1
2026-09-04 13:08:48,31.29,0,1
2026-09-04 13:08:48,31.97,0,1
2026-09-04 13:08:48,31.34,0,1
2026-09-04 13:08:48,295.84,0,1
2026-09-04 13:08:48,31.78,0,1
2026-09-04 13:11:10,5.23,0,1
2026-09-04 13:11:10,16.25,0,1
2026-09-04 13:11:10,13.43,0,1
2026-09-04 13:11:10,6.26,0,1
2026-09-04 13:11:10,5.22,0,1
2026-09-04 13:11:10,265.64,0,1
2026-09-04 13:11:10,32.62,0,1
2026-09-04 13:11:11,16.46,0,1
2026-09-04 13:11:11,12.99,0,1
2026-09-04 13:11:11,331.51,0,1
2026-09-04 13:11:11,31.58,0,1
2026-09-04 13:11:11,9.33,0,1
2026-09-04 13:11:12,19.13,0,1
2026-09-04 13:11:12,6.82,0,1
2026-09-04 13:11:12,48.08,0,1
2026-09-04 13:11:12,16.52,0,1
2026-09-04 13:11:12,20.39,0,1
2026-09-04 13:11:12,32.48,0,1
2026-09-04 13:11:12,31.86,0,1
2026-09-04 13:11:12,33.1,0,1
2026-09-04 13:11:13,30.91,0,1
2026-09-04 13:11:13,27.0,0,1
2026-09-04 13:11:13,28.31,0,1
2026-09-04 13:11:13,32.51,0,1
2026-09-04 13:11:13,30.98,0,1
2026-09-04 13:11:14,5000,1,1
2026-09-04 13:11:15,581.37,0,1
2026-09-04 13:11:15,15.54,0,1
2026-09-04 13:11:15,31.9,0,1
2026-09-04 13:11:15,30.86,0,1
2026-09-04 13:11:16,295.57,0,1
2026-09-04 13:11:16,26.44,0,1
2026-09-04 13:11:16,31.18,0,1
2026-09-04 13:11:16,32.72,0,1
2026-09-04 13:11:16,33.25,0,1
2026-09-04 13:11:17,27.18,0,1
2026-09-04 13:11:17,31.91,0,1
2026-09-04 13:11:17,33.78,0,1
2026-09-04 13:11:17,93.25,0,1
2026-09-04 13:11:17,32.14,0,1
2026-09-04 13:11:17,31.89,0,1
2026-09-04 13:11:17,32.65,0,1
2026-09-04 13:11:18,31.0,0,1
2026-09-04 13:11:18,31.37,0,1
2026-09-04 13:11:18,32.24,0,1
2026-09-04 13:11:18,32.21,0,1
2026-09-04 13:11:18,15.47,0,1
2026-09-04 13:11:18,32.28,0,1
2026-09-04 13:11:18,31.2,0,1
2026-09-04 13:11:19,25.31,0,1
2026-09-04 13:11:19,32.49,0,1
2026-09-04 13:11:19,295.96,0,1
2026-09-04 13:11:19,30.49,0,1
2026-09-04 13:11:19,31.96,0,1
2026-09-04 13:11:19,32.24,0,1
2026-09-04 13:11:20,32.27,0,1
2026-09-04 13:11:20,31.76,0,1
2026-09-04 13:11:20,31.39,0,1
2026-09-04 13:11:20,32.33,0,1
2026-09-04 13:11:20,30.84,0,1
2026-09-04 13:11:20,31.14,0,1
2026-09-04 13:11:20,31.57,0,1
2026-09-04 13:11:21,30.51,0,1
2026-09-04 13:11:21,387.75,0,1
2026-09-04 13:11:21,68.99,0,1
2026-09-04 13:11:21,30.49,0,1
2026-09-04 13:11:22,127.32,0,1
2026-09-04 13:11:22,31.47,0,1
2026-09-04 13:11:22,31.49,0,1
2026-09-04 13:11:22,31.97,0,1
2026-09-04 13:11:22,30.69,0,1
2026-09-04 13:11:22,32.06,0,1
2026-09-04 13:11:23,113.17,0,1
2026-09-04 13:11:23,31.1,0,1
2026-09-04 13:11:23,30.53,0,1
2026-09-04 13:11:23,79.13,0,1
2026-09-04 13:11:23,32.44,0,1
2026-09-04 13:11:24,310.43,0,1
2026-09-04 13:11:24,33.85,0,1
2026-09-04 13:11:24,19.57,0,1
2026-09-04 13:11:24,30.76,0,1
2026-09-04 13:11:24,31.33,0,1
2026-09-04 13:11:24,29.29,0,1
2026-09-04 13:11:24,31.35,0,1
2026-09-04 13:11:25,34.07,0,1
2026-09-04 13:11:25,745.49,0,1
2026-09-04 13:11:26,574.07,0,1
2026-09-04 13:11:26,15.99,0,1
2026-09-04 13:11:26,31.22,0,1
2026-09-04 13:11:27,5000,1,1
2026-09-04 13:11:28,853.8,0,1
2026-09-04 13:11:29,15.53,0,1
2026-09-04 13:11:29,32.84,0,1
2026-09-04 13:11:29,31.28,0,1
2026-09-04 13:11:29,30.84,0,1
2026-09-04 13:11:29,31.6,0,1
2026-09-04 13:11:29,29.21,0,1
2026-09-04 13:11:29,32.39,0,1
2026-09-04 13:11:30,14.96,0,1
2026-09-04 13:11:30,32.22,0,1
2026-09-04 13:11:30,31.33,0,1
2026-09-04 13:11:30,33.45,0,1
2026-09-04 13:11:31,5000,1,1
2026-09-04 13:11:32,701.69,0,1
2026-09-04 13:11:32,32.41,0,1
2026-09-04 13:11:32,30.08,0,1
2026-09-04 13:11:32,32.28,0,1
2026-09-04 13:11:32,63.9,0,1
2026-09-04 13:11:33,30.65,0,1
2026-09-04 13:11:33,31.77,0,1
2026-09-04 13:11:33,33.07,0,1
2026-09-04 13:11:33,31.81,0,1
2026-09-04 13:11:33,30.72,0,1
2026-09-04 13:11:33,31.61,0,1
2026-09-04 13:11:33,31.4,0,1
2026-09-04 13:11:34,31.58,0,1
2026-09-04 13:11:34,31.63,0,1
2026-09-04 13:11:34,30.99,0,1
2026-09-04 13:11:34,31.68,0,1
2026-09-04 13:11:34,31.38,0,1
2026-09-04 13:11:34,33.17,0,1
2026-09-04 13:11:34,31.3,0,1
2026-09-04 13:11:35,268.5,0,1
2026-09-04 13:11:35,30.97,0,1
2026-09-04 13:11:35,30.17,0,1
2026-09-04 13:11:35,294.58,0,1
2026-09-04 13:11:36,30.77,0,1
2026-09-04 13:11:36,34.51,0,1
2026-09-04 13:11:36,388.53,0,1
2026-09-04 13:11:36,30.72,0,1
2026-09-04 13:11:37,32.03,0,1
2026-09-04 13:11:37,31.73,0,1
2026-09-04 13:11:37,33.0,0,1
2026-09-04 13:11:37,31.37,0,1
2026-09-04 13:11:37,30.3,0,1
2026-09-04 13:11:37,32.82,0,1
2026-09-04 13:11:37,78.77,0,1
2026-09-04 13:11:38,15.28,0,1
2026-09-04 13:11:38,15.25,0,1
2026-09-04 13:11:38,112.95,0,1
2026-09-04 13:11:38,31.41,0,1
2026-09-04 13:11:38,32.47,0,1
2026-09-04 13:11:38,28.96,0,1
2026-09-04 13:11:38,31.73,0,1
2026-09-04 13:11:39,32.7,0,1
2026-09-04 13:11:39,32.79,0,1
2026-09-04 13:11:39,31.93,0,1
2026-09-04 13:11:39,281.14,0,1
2026-09-04 13:11:39,32.21,0,1
2026-09-04 13:11:40,19.91,0,1
2026-09-04 13:14:00,25.69,0,1
2026-09-04 13:14:00,31.61,0,1
2026-09-04 13:14:00,10.75,0,1
2026-09-04 13:14:00,20.59,0,1
2026-09-04 13:14:00,22.2,0,1
2026-09-04 13:14:01,10.55,0,1
2026-09-04 13:14:01,17.92,0,1
2026-09-04 13:14:01,31.9,0,1
2026-09-04 13:14:01,32.29,0,1
2026-09-04 13:14:01,32.06,0,1
2026-09-04 13:14:01,18.22,0,1
2026-09-04 13:14:01,10.24,0,1
2026-09-04 13:14:01,31.36,0,1
2026-09-04 13:14:02,31.8,0,1
2026-09-04 13:14:02,10.79,0,1
2026-09-04 13:14:02,32.26,0,1
2026-09-04 13:14:02,31.27,0,1
2026-09-04 13:14:02,29.39,0,1
2026-09-04 13:14:02,31.85,0,1
2026-09-04 13:14:02,32.19,0,1
2026-09-04 13:14:03,9.7,0,1
2026-09-04 13:14:03,10.32,0,1
2026-09-04 13:14:03,17.52,0,1
2026-09-04 13:14:03,17.52,0,1
2026-09-04 13:14:03,15.38,0,1
2026-09-04 13:14:03,253.6,0,1
2026-09-04 13:14:03,34.34,0,1
2026-09-04 13:14:04,11.5,0,1
2026-09-04 13:14:04,22.58,0,1
2026-09-04 13:14:04,8.37,0,1
2026-09-04 13:14:04,15.6,0,1
2026-09-04 13:14:04,64.63,0,1
2026-09-04 13:14:05,5000,1,1
2026-09-04 13:14:06,580.21,0,1
2026-09-04 13:14:06,20.03,0,1
2026-09-04 13:14:07,591.82,0,1
2026-09-04 13:14:08,5000,1,1
2026-09-04 13:14:08,71.6,0,1
2026-09-04 13:14:08,16.11,0,1
2026-09-04 13:14:08,17.87,0,1
2026-09-04 13:14:08,14.31,0,1
2026-09-04 13:14:09,10.26,0,1
2026-09-04 13:14:09,13.93,0,1
2026-09-04 13:14:09,16.09,0,1
2026-09-04 13:14:09,21.05,0,1
2026-09-04 13:14:09,16.46,0,1
2026-09-04 13:14:09,264.85,0,1
2026-09-04 13:14:10,31.32,0,1
2026-09-04 13:14:10,25.94,0,1
2026-09-04 13:14:10,8.48,0,1
2026-09-04 13:14:10,31.25,0,1
2026-09-04 13:14:11,778.76,0,1
2026-09-04 13:14:11,6.68,0,1
2026-09-04 13:14:11,456.62,0,1
2026-09-04 13:14:12,63.22,0,1
2026-09-04 13:14:12,9.1,0,1
2026-09-04 13:14:12,8.5,0,1
2026-09-04 13:14:12,14.0,0,1
2026-09-04 13:14:12,10.11,0,1
2026-09-04 13:14:12,24.68,0,1
2026-09-04 13:14:12,15.53,0,1
2026-09-04 13:14:12,10.78,0,1
2026-09-04 13:14:13,18.53,0,1
2026-09-04 13:14:13,266.47,0,1
2026-09-04 13:14:13,33.06,0,1
2026-09-04 13:14:13,18.55,0,1
2026-09-04 13:14:13,43.23,0,1
2026-09-04 13:14:14,248.44,0,1
2026-09-04 13:14:14,12.11,0,1
2026-09-04 13:14:14,10.21,0,1
2026-09-04 13:14:14,5.78,0,1
2026-09-04 13:14:14,5.99,0,1
2026-09-04 13:14:14,15.56,0,1
2026-09-04 13:14:14,10.01,0,1
2026-09-04 13:14:15,31.1,0,1
2026-09-04 13:14:15,25.39,0,1
2026-09-04 13:14:15,28.9,0,1
2026-09-04 13:14:15,78.35,0,1
2026-09-04 13:14:15,32.35,0,1
2026-09-04 13:14:15,31.17,0,1
2026-09-04 13:14:15,6.08,0,1
2026-09-04 13:14:16,17.85,0,1
2026-09-04 13:14:16,734.59,0,1
2026-09-04 13:14:17,60.41,0,1
2026-09-04 13:14:17,16.06,0,1
2026-09-04 13:14:17,248.39,0,1
2026-09-04 13:14:17,30.95,0,1
2026-09-04 13:14:17,31.48,0,1
2026-09-04 13:14:17,30.08,0,1
2026-09-04 13:14:18,32.09,0,1
2026-09-04 13:14:18,31.76,0,1
2026-09-04 13:14:18,32.19,0,1
2026-09-04 13:14:18,31.47,0,1
2026-09-04 13:14:18,30.89,0,1
2026-09-04 13:14:18,32.19,0,1
2026-09-04 13:14:18,15.53,0,1
2026-09-04 13:14:19,9.47,0,1
2026-09-04 13:14:19,10.47,0,1
2026-09-04 13:14:19,6.88,0,1
2026-09-04 13:14:19,8.42,0,1
2026-09-04 13:14:19,69.85,0,1
2026-09-04 13:14:19,6.75,0,1
2026-09-04 13:14:19,6.94,0,1
2026-09-04 13:14:19,14.42,0,1
2026-09-04 13:14:20,62.51,0,1
2026-09-04 13:14:20,10.57,0,1
2026-09-04 13:14:20,13.15,0,1
2026-09-04 13:14:20,16.09,0,1
2026-09-04 13:14:20,16.12,0,1
2026-09-04 13:14:20,19.01,0,1
2026-09-04 13:14:20,11.96,0,1
2026-09-04 13:14:20,23.38,0,1
2026-09-04 13:14:21,31.71,0,1
2026-09-04 13:14:21,16.11,0,1
2026-09-04 13:14:21,9.93,0,1
2026-09-04 13:14:21,304.5,0,1
2026-09-04 13:14:21,74.22,0,1
2026-09-04 13:14:21,16.38,0,1
2026-09-04 13:14:22,30.67,0,1
2026-09-04 13:14:22,15.67,0,1
2026-09-04 13:14:22,8.11,0,1
2026-09-04 13:14:22,81.28,0,1
2026-09-04 13:14:22,14.46,0,1
2026-09-04 13:14:22,8.66,0,1
2026-09-04 13:14:22,27.06,0,1
2026-09-04 13:14:23,5.38,0,1
2026-09-04 13:14:23,15.99,0,1
2026-09-04 13:14:23,5.24,0,1
2026-09-04 13:14:23,13.81,0,1
2026-09-04 13:14:23,31.38,0,1
2026-09-04 13:14:23,32.04,0,1
2026-09-04 13:14:23,31.75,0,1
2026-09-04 13:14:24,175.0,0,1
2026-09-04 13:14:24,6.48,0,1
2026-09-04 13:14:24,8.07,0,1
2026-09-04 13:14:24,6.93,0,1
2026-09-04 13:14:24,6.41,0,1
2026-09-04 13:14:24,14.25,0,1
2026-09-04 13:14:24,57.23,0,1
2026-09-04 13:14:24,21.08,0,1
2026-09-04 13:14:25,241.52,0,1
2026-09-04 13:14:26,708.96,0,1
2026-09-04 13:14:26,16.52,0,1
2026-09-04 13:14:26,9.79,0,1
2026-09-04 13:14:26,91.96,0,1
2026-09-04 13:14:26,33.39,0,1
2026-09-04 13:14:26,12.66,0,1
2026-09-04 13:14:26,33.21,0,1
2026-09-04 13:14:27,10.1,0,1
2026-09-04 13:14:27,16.81,0,1
2026-09-04 13:14:27,10.77,0,1
2026-09-04 13:14:27,36.28,0,1
2026-09-04 13:14:27,11.9,0,1
2026-09-04 13:14:27,5.18,0,1
2026-09-04 13:14:27,33.54,0,1
2026-09-04 13:14:27,15.6,0,1
2026-09-04 13:14:28,15.0,0,1
2026-09-04 13:14:28,7.89,0,1
2026-09-04 13:14:28,28.73,0,1
2026-09-04 13:14:28,10.73,0,1
2026-09-04 13:14:28,19.92,0,1
2026-09-04 13:14:28,254.6,0,1
2026-09-04 13:14:29,15.61,0,1
2026-09-04 13:14:29,31.32,0,1
2026-09-04 13:14:29,295.85,0,1
2026-09-04 13:14:29,7.94,0,1
2026-09-04 13:14:29,14.54,0,1
2026-09-04 13:14:29,25.96,0,1
2026-09-04 13:14:30,16.42,0,1
2026-09-04 13:14:30,24.42,0,1
2026-09-04 13:16:50,31.07,0,1
2026-09-04 13:16:50,32.23,0,1
2026-09-04 13:16:51,314.14,0,1
2026-09-04 13:16:51,32.0,0,1
2026-09-04 13:16:51,23.97,0,1
2026-09-04 13:16:51,30.69,0,1
2026-09-04 13:16:51,31.88,0,1
2026-09-04 13:16:51,93.62,0,1
2026-09-04 13:16:52,297.17,0,1
2026-09-04 13:16:52,31.28,0,1
2026-09-04 13:16:52,31.38,0,1
2026-09-04 13:16:52,32.96,0,1
2026-09-04 13:16:52,15.08,0,1
2026-09-04 13:16:53,796.97,0,1
2026-09-04 13:16:54,77.8,0,1
2026-09-04 13:16:54,19.9,0,1
2026-09-04 13:16:54,26.49,0,1
2026-09-04 13:16:54,32.32,0,1
2026-09-04 13:16:54,32.8,0,1
2026-09-04 13:16:54,30.52,0,1
2026-09-04 13:16:54,93.41,0,1
2026-09-04 13:16:55,32.23,0,1
2026-09-04 13:16:55,20.19,0,1
2026-09-04 13:16:55,34.84,0,1
2026-09-04 13:16:55,31.94,0,1
2026-09-04 13:16:55,21.81,0,1
2026-09-04 13:16:55,31.64,0,1
2026-09-04 13:16:55,32.69,0,1
2026-09-04 13:16:55,32.29,0,1
2026-09-04 13:16:56,28.41,0,1
2026-09-04 13:16:56,21.79,0,1
2026-09-04 13:16:56,30.88,0,1
2026-09-04 13:16:56,31.12,0,1
2026-09-04 13:16:56,93.34,0,1
2026-09-04 13:16:56,33.47,0,1
2026-09-04 13:16:57,92.2,0,1
2026-09-04 13:16:57,30.79,0,1
2026-09-04 13:16:57,30.79,0,1
2026-09-04 13:16:57,32.63,0,1
2026-09-04 13:16:57,15.49,0,1
2026-09-04 13:16:57,110.01,0,1
2026-09-04 13:16:57,31.68,0,1
2026-09-04 13:16:58,32.51,0,1
2026-09-04 13:16:58,206.22,0,1
2026-09-04 13:16:58,311.67,0,1
2026-09-04 13:16:59,298.69,0,1
2026-09-04 13:16:59,31.66,0,1
2026-09-04 13:16:59,32.05,0,1
2026-09-04 13:16:59,96.01,0,1
2026-09-04 13:16:59,30.52,0,1
2026-09-04 13:17:00,16.03,0,1
2026-09-04 13:17:00,93.32,0,1
2026-09-04 13:17:00,32.3,0,1
2026-09-04 13:17:00,358.63,0,1
2026-09-04 13:17:00,33.01,0,1
2026-09-04 13:17:01,614.22,0,1
2026-09-04 13:17:01,93.86,0,1
2026-09-04 13:17:02,31.35,0,1
2026-09-04 13:17:02,32.44,0,1
2026-09-04 13:17:02,313.31,0,1
2026-09-04 13:17:02,279.4,0,1
2026-09-04 13:17:03,31.76,0,1
2026-09-04 13:17:03,32.69,0,1
2026-09-04 13:17:03,31.87,0,1
2026-09-04 13:17:03,31.82,0,1
2026-09-04 13:17:03,32.52,0,1
2026-09-04 13:17:03,32.66,0,1
2026-09-04 13:17:03,32.45,0,1
2026-09-04 13:17:04,32.33,0,1
2026-09-04 13:17:04,122.25,0,1
2026-09-04 13:17:04,31.77,0,1
2026-09-04 13:17:04,21.8,0,1
2026-09-04 13:17:04,31.84,0,1
2026-09-04 13:17:04,31.2,0,1
2026-09-04 13:17:05,99.29,0,1
2026-09-04 13:17:05,32.5,0,1
2026-09-04 13:17:05,32.32,0,1
2026-09-04 13:17:05,32.34,0,1
2026-09-04 13:17:05,94.07,0,1
2026-09-04 13:17:05,31.89,0,1
2026-09-04 13:17:05,32.2,0,1
2026-09-04 13:17:07,5000,1,1
2026-09-04 13:17:08,5000,1,1
2026-09-04 13:17:09,5000,1,1
2026-09-04 13:17:09,374.78,0,1
2026-09-04 13:17:09,31.19,0,1
2026-09-04 13:17:10,32.08,0,1
2026-09-04 13:17:10,31.82,0,1
2026-09-04 13:17:10,329.59,0,1
2026-09-04 13:17:10,33.48,0,1
2026-09-04 13:17:10,32.03,0,1
2026-09-04 13:17:11,30.86,0,1
2026-09-04 13:17:11,31.37,0,1
2026-09-04 13:17:11,31.15,0,1
2026-09-04 13:17:11,31.24,0,1
2026-09-04 13:17:11,16.04,0,1
2026-09-04 13:17:11,11.06,0,1
2026-09-04 13:17:11,31.32,0,1
2026-09-04 13:17:12,32.0,0,1
2026-09-04 13:17:12,15.98,0,1
2026-09-04 13:17:12,22.78,0,1
2026-09-04 13:17:12,31.83,0,1
2026-09-04 13:17:12,31.25,0,1
2026-09-04 13:17:12,21.86,0,1
2026-09-04 13:17:12,31.83,0,1
2026-09-04 13:17:13,127.69,0,1
2026-09-04 13:17:13,303.0,0,1
2026-09-04 13:17:13,15.36,0,1
2026-09-04 13:17:13,15.61,0,1
2026-09-04 13:17:13,32.71,0,1
2026-09-04 13:17:14,29.75,0,1
2026-09-04 13:17:14,15.86,0,1
2026-09-04 13:17:14,31.78,0,1
2026-09-04 13:17:14,25.93,0,1
2026-09-04 13:17:14,81.03,0,1
2026-09-04 13:17:14,31.34,0,1
2026-09-04 13:17:15,326.97,0,1
2026-09-04 13:17:15,32.8,0,1
2026-09-04 13:17:15,280.43,0,1
2026-09-04 13:17:15,32.89,0,1
2026-09-04 13:17:15,30.05,0,1
2026-09-04 13:17:16,282.52,0,1
2026-09-04 13:17:16,31.15,0,1
2026-09-04 13:17:16,31.06,0,1
2026-09-04 13:17:17,310.6,0,1
2026-09-04 13:17:17,32.39,0,1
2026-09-04 13:17:17,32.97,0,1
2026-09-04 13:17:17,28.14,0,1
2026-09-04 13:17:17,295.03,0,1
2026-09-04 13:17:18,31.54,0,1
2026-09-04 13:17:18,93.44,0,1
2026-09-04 13:17:18,110.9,0,1
2026-09-04 13:17:18,32.96,0,1
2026-09-04 13:17:18,19.87,0,1
2026-09-04 13:17:19,5000,1,1
2026-09-04 13:17:20,578.13,0,1
2026-09-04 13:19:40,32.0,0,1
2026-09-04 13:19:41,92.97,0,1
2026-09-04 13:19:41,32.55,0,1
2026-09-04 13:19:41,20.2,0,1
2026-09-04 13:19:41,32.15,0,1
2026-09-04 13:19:41,30.71,0,1
2026-09-04 13:19:41,34.72,0,1
2026-09-04 13:19:41,30.64,0,1
2026-09-04 13:19:42,31.95,0,1
2026-09-04 13:19:42,31.82,0,1
2026-09-04 13:19:42,32.06,0,1
2026-09-04 13:19:42,298.86,0,1
2026-09-04 13:19:42,31.99,0,1
2026-09-04 13:19:43,142.56,0,1
2026-09-04 13:19:43,282.21,0,1
2026-09-04 13:19:43,31.25,0,1
2026-09-04 13:19:43,33.0,0,1
2026-09-04 13:19:43,32.54,0,1
2026-09-04 13:19:44,31.76,0,1
2026-09-04 13:19:44,31.55,0,1
2026-09-04 13:19:44,20.6,0,1
2026-09-04 13:19:44,31.87,0,1
2026-09-04 13:19:44,32.23,0,1
2026-09-04 13:19:44,124.69,0,1
2026-09-04 13:19:45,31.7,0,1
2026-09-04 13:19:45,111.43,0,1
2026-09-04 13:19:45,21.16,0,1
2026-09-04 13:19:45,31.25,0,1
2026-09-04 13:19:45,31.27,0,1
2026-09-04 13:19:45,31.92,0,1
2026-09-04 13:19:45,16.53,0,1
2026-09-04 13:19:46,33.14,0,1
2026-09-04 13:19:46,171.5,0,1
2026-09-04 13:19:46,32.18,0,1
2026-09-04 13:19:46,33.02,0,1
2026-09-04 13:19:46,32.6,0,1
2026-09-04 13:19:46,32.6,0,1
2026-09-04 13:19:47,15.72,0,1
2026-09-04 13:19:47,24.32,0,1
2026-09-04 13:19:47,31.81,0,1
2026-09-04 13:19:47,33.99,0,1
2026-09-04 13:19:47,30.71,0,1
2026-09-04 13:19:47,32.02,0,1
2026-09-04 13:19:47,33.28,0,1
2026-09-04 13:19:47,31.7,0,1
2026-09-04 13:19:48,33.18,0,1
2026-09-04 13:19:48,31.45,0,1
2026-09-04 13:19:48,32.01,0,1
2026-09-04 13:19:48,33.38,0,1
2026-09-04 13:19:48,8.66,0,1
2026-09-04 13:19:48,31.24,0,1
2026-09-04 13:19:49,107.98,0,1
2026-09-04 13:19:49,31.81,0,1
2026-09-04 13:19:49,79.01,0,1
2026-09-04 13:19:49,298.95,0,1
2026-09-04 13:19:50,281.6,0,1
2026-09-04 13:19:50,255.6,0,1
2026-09-04 13:19:50,31.57,0,1
2026-09-04 13:19:50,25.96,0,1
2026-09-04 13:19:50,19.69,0,1
2026-09-04 13:19:51,24.68,0,1
2026-09-04 13:19:51,20.9,0,1
2026-09-04 13:19:51,33.86,0,1
2026-09-04 13:19:51,31.94,0,1
2026-09-04 13:19:51,15.27,0,1
2026-09-04 13:19:51,119.57,0,1
2026-09-04 13:19:51,31.06,0,1
2026-09-04 13:19:52,31.93,0,1
2026-09-04 13:19:52,313.74,0,1
2026-09-04 13:19:52,93.92,0,1
2026-09-04 13:19:53,282.12,0,1
2026-09-04 13:19:53,25.29,0,1
2026-09-04 13:19:53,7.6,0,1
2026-09-04 13:19:53,22.34,0,1
2026-09-04 13:19:53,312.0,0,1
2026-09-04 13:19:53,21.3,0,1
2026-09-04 13:19:54,32.71,0,1
2026-09-04 13:19:54,25.88,0,1
2026-09-04 13:19:54,25.63,0,1
2026-09-04 13:19:54,342.3,0,1
2026-09-04 13:19:54,31.03,0,1
2026-09-04 13:19:56,5000,1,1
2026-09-04 13:19:56,561.3,0,1
2026-09-04 13:19:56,32.07,0,1
2026-09-04 13:19:57,93.59,0,1
2026-09-04 13:19:57,30.94,0,1
2026-09-04 13:19:57,31.32,0,1
2026-09-04 13:19:57,31.9,0,1
2026-09-04 13:19:58,579.31,0,1
2026-09-04 13:19:58,130.68,0,1
2026-09-04 13:19:58,30.7,0,1
2026-09-04 13:19:58,30.03,0,1
2026-09-04 13:19:58,22.58,0,1
2026-09-04 13:19:59,9.12,0,1
2026-09-04 13:19:59,32.46,0,1
2026-09-04 13:19:59,30.58,0,1
2026-09-04 13:19:59,15.55,0,1
2026-09-04 13:19:59,31.25,0,1
2026-09-04 13:19:59,31.06,0,1
2026-09-04 13:20:00,240.28,0,1
2026-09-04 13:20:00,21.52,0,1
2026-09-04 13:20:00,7.21,0,1
2026-09-04 13:20:00,36.29,0,1
2026-09-04 13:20:00,237.41,0,1
2026-09-04 13:20:00,8.37,0,1
2026-09-04 13:20:00,17.61,0,1
2026-09-04 13:20:01,21.81,0,1
2026-09-04 13:20:01,10.58,0,1
2026-09-04 13:20:01,54.39,0,1
2026-09-04 13:20:01,15.14,0,1
2026-09-04 13:20:01,22.71,0,1
2026-09-04 13:20:01,77.0,0,1
2026-09-04 13:20:02,265.44,0,1
2026-09-04 13:20:03,5000,1,1
2026-09-04 13:20:04,5000,1,1
2026-09-04 13:20:05,5000,1,1
2026-09-04 13:20:06,5000,1,1
2026-09-04 13:20:07,5000,1,1
2026-09-04 13:20:08,5000,1,1
2026-09-04 13:20:09,812.03,0,1
2026-09-04 13:20:09,31.08,0,1
2026-09-04 13:20:10,30.15,0,1
2026-09-04 13:20:10,31.35,0,1
2026-09-04 13:20:10,16.36,0,1
2026-09-04 13:20:10,34.57,0,1
2026-09-04 13:22:31,117.09,0,1
2026-09-04 13:22:31,15.81,0,1
2026-09-04 13:22:31,31.52,0,1
2026-09-04 13:22:31,31.81,0,1
2026-09-04 13:22:31,94.41,0,1
2026-09-04 13:22:31,15.79,0,1
2026-09-04 13:22:32,18.65,0,1
2026-09-04 13:22:32,16.16,0,1
2026-09-04 13:22:32,11.04,0,1
2026-09-04 13:22:32,24.35,0,1
2026-09-04 13:22:32,9.88,0,1
2026-09-04 13:22:32,10.54,0,1
2026-09-04 13:22:32,9.34,0,1
2026-09-04 13:22:32,30.47,0,1
2026-09-04 13:22:33,16.5,0,1
2026-09-04 13:22:33,19.58,0,1
2026-09-04 13:22:33,17.15,0,1
2026-09-04 13:22:33,31.36,0,1
2026-09-04 13:22:33,296.57,0,1
2026-09-04 13:22:33,9.54,0,1
2026-09-04 13:22:34,30.51,0,1
2026-09-04 13:22:34,15.54,0,1
2026-09-04 13:22:34,20.08,0,1
2026-09-04 13:22:34,18.76,0,1
2026-09-04 13:22:34,108.99,0,1
2026-09-04 13:22:35,327.24,0,1
2026-09-04 13:22:35,31.09,0,1
2026-09-04 13:22:35,31.34,0,1
2026-09-04 13:22:35,16.04,0,1
2026-09-04 13:22:35,31.73,0,1
2026-09-04 13:22:36,789.96,0,1
2026-09-04 13:22:36,31.0,0,1
2026-09-04 13:22:36,31.12,0,1
2026-09-04 13:22:37,31.7,0,1
2026-09-04 13:22:37,31.46,0,1
2026-09-04 13:22:37,373.23,0,1
2026-09-04 13:22:37,30.22,0,1
2026-09-04 13:22:37,110.69,0,1
2026-09-04 13:22:38,32.37,0,1
2026-09-04 13:22:38,31.64,0,1
2026-09-04 13:22:38,32.41,0,1
2026-09-04 13:22:38,31.31,0,1
2026-09-04 13:22:38,32.06,0,1
2026-09-04 13:22:38,30.94,0,1
2026-09-04 13:22:39,109.7,0,1
2026-09-04 13:22:39,94.02,0,1
2026-09-04 13:22:39,308.58,0,1
2026-09-04 13:22:39,30.43,0,1
2026-09-04 13:22:40,123.91,0,1
2026-09-04 13:22:40,30.83,0,1
2026-09-04 13:22:40,25.25,0,1
2026-09-04 13:22:40,31.26,0,1
2026-09-04 13:22:40,32.04,0,1
2026-09-04 13:22:40,31.69,0,1
2026-09-04 13:22:41,328.58,0,1
2026-09-04 13:22:41,31.67,0,1
2026-09-04 13:22:41,33.31,0,1
2026-09-04 13:22:41,30.58,0,1
2026-09-04 13:22:41,25.13,0,1
2026-09-04 13:22:41,12.61,0,1
2026-09-04 13:22:41,32.62,0,1
2026-09-04 13:22:42,31.18,0,1
2026-09-04 13:22:42,78.59,0,1
2026-09-04 13:22:42,29.18,0,1
2026-09-04 13:22:42,255.17,0,1
2026-09-04 13:22:42,31.81,0,1
2026-09-04 13:22:43,15.72,0,1
2026-09-04 13:22:43,32.28,0,1
2026-09-04 13:22:43,16.11,0,1
2026-09-04 13:22:43,31.9,0,1
2026-09-04 13:22:43,13.55,0,1
2026-09-04 13:22:43,33.97,0,1
2026-09-04 13:22:43,31.49,0,1
2026-09-04 13:22:44,312.65,0,1
2026-09-04 13:22:44,30.72,0,1
2026-09-04 13:22:44,110.46,0,1
2026-09-04 13:22:44,94.04,0,1
2026-09-04 13:22:44,30.56,0,1
2026-09-04 13:22:45,15.48,0,1
2026-09-04 13:22:45,94.16,0,1
2026-09-04 13:22:45,111.0,0,1
2026-09-04 13:22:45,32.05,0,1
2026-09-04 13:22:45,15.37,0,1
2026-09-04 13:22:46,118.94,0,1
2026-09-04 13:22:46,600.61,0,1
2026-09-04 13:22:47,5000,1,1
2026-09-04 13:22:48,157.93,0,1
2026-09-04 13:22:48,31.47,0,1
2026-09-04 13:22:48,31.55,0,1
2026-09-04 13:22:48,6.58,0,1
2026-09-04 13:22:48,171.69,0,1
2026-09-04 13:22:48,92.65,0,1
2026-09-04 13:22:49,325.67,0,1
2026-09-04 13:22:49,31.36,0,1
2026-09-04 13:22:49,31.13,0,1
2026-09-04 13:22:49,16.01,0,1
2026-09-04 13:22:49,31.05,0,1
2026-09-04 13:22:50,30.73,0,1
2026-09-04 13:22:50,32.82,0,1
2026-09-04 13:22:50,32.16,0,1
2026-09-04 13:22:50,109.37,0,1
2026-09-04 13:22:50,28.59,0,1
2026-09-04 13:22:50,31.54,0,1
2026-09-04 13:22:51,16.45,0,1
2026-09-04 13:22:51,79.05,0,1
2026-09-04 13:22:51,249.98,0,1
2026-09-04 13:22:51,23.23,0,1
2026-09-04 13:22:51,31.64,0,1
2026-09-04 13:22:51,30.93,0,1
2026-09-04 13:22:52,34.19,0,1
2026-09-04 13:22:52,109.38,0,1
2026-09-04 13:22:52,30.53,0,1
2026-09-04 13:22:52,31.24,0,1
2026-09-04 13:22:52,30.68,0,1
2026-09-04 13:22:52,30.87,0,1
2026-09-04 13:22:52,14.78,0,1
2026-09-04 13:22:53,511.98,0,1
2026-09-04 13:22:53,21.09,0,1
2026-09-04 13:22:53,30.42,0,1
2026-09-04 13:22:54,25.86,0,1
2026-09-04 13:22:54,31.27,0,1
2026-09-04 13:22:54,32.12,0,1
2026-09-04 13:22:54,280.83,0,1
2026-09-04 13:22:54,15.99,0,1
2026-09-04 13:22:54,12.51,0,1
2026-09-04 13:22:55,15.77,0,1
2026-09-04 13:22:55,15.78,0,1
2026-09-04 13:22:55,10.06,0,1
2026-09-04 13:22:55,94.89,0,1
2026-09-04 13:22:55,8.61,0,1
2026-09-04 13:22:55,19.44,0,1
2026-09-04 13:22:55,8.25,0,1
2026-09-04 13:22:56,5000,1,1
2026-09-04 13:22:58,5000,1,1
2026-09-04 13:22:59,5000,1,1
2026-09-04 13:23:00,5000,1,1
2026-09-04 13:25:21,16.33,0,1
2026-09-04 13:25:21,32.08,0,1
2026-09-04 13:25:21,32.22,0,1
2026-09-04 13:25:21,15.26,0,1
2026-09-04 13:25:21,22.54,0,1
2026-09-04 13:25:22,31.35,0,1
2026-09-04 13:25:22,78.75,0,1
2026-09-04 13:25:22,30.12,0,1
2026-09-04 13:25:22,31.4,0,1
2026-09-04 13:25:22,31.61,0,1
2026-09-04 13:25:22,31.83,0,1
2026-09-04 13:25:23,30.52,0,1
2026-09-04 13:25:23,32.19,0,1
2026-09-04 13:25:23,16.96,0,1
2026-09-04 13:25:24,5000,1,1
2026-09-04 13:25:25,5000,1,1
2026-09-04 13:25:26,5000,1,1
2026-09-04 13:25:27,265.72,0,1
2026-09-04 13:25:27,824.6,0,1
2026-09-04 13:25:28,96.89,0,1
2026-09-04 13:25:28,313.33,0,1
2026-09-04 13:25:28,30.45,0,1
2026-09-04 13:25:28,30.57,0,1
2026-09-04 13:25:28,32.5,0,1
2026-09-04 13:25:29,32.0,0,1
2026-09-04 13:25:29,31.72,0,1
2026-09-04 13:25:29,78.06,0,1
2026-09-04 13:25:29,113.07,0,1
2026-09-04 13:25:29,15.59,0,1
2026-09-04 13:25:29,32.32,0,1
2026-09-04 13:25:30,31.96,0,1
2026-09-04 13:25:30,32.57,0,1
2026-09-04 13:25:30,15.52,0,1
2026-09-04 13:25:30,30.8,0,1
2026-09-04 13:25:30,32.34,0,1
2026-09-04 13:25:30,31.61,0,1
2026-09-04 13:25:30,31.87,0,1
2026-09-04 13:25:31,31.17,0,1
2026-09-04 13:25:31,328.39,0,1
2026-09-04 13:25:31,31.45,0,1
2026-09-04 13:25:31,31.31,0,1
2026-09-04 13:25:31,30.77,0,1
2026-09-04 13:25:32,30.39,0,1
2026-09-04 13:25:32,30.32,0,1
2026-09-04 13:25:32,31.68,0,1
2026-09-04 13:25:32,31.18,0,1
2026-09-04 13:25:32,94.33,0,1
2026-09-04 13:25:32,30.27,0,1
2026-09-04 13:25:32,31.23,0,1
2026-09-04 13:25:33,31.31,0,1
2026-09-04 13:25:33,31.92,0,1
2026-09-04 13:25:33,115.24,0,1
2026-09-04 13:25:33,31.06,0,1
2026-09-04 13:25:33,31.09,0,1
2026-09-04 13:25:33,32.54,0,1
2026-09-04 13:25:33,32.01,0,1
2026-09-04 13:25:34,32.28,0,1
2026-09-04 13:25:34,31.64,0,1
2026-09-04 13:25:34,92.58,0,1
2026-09-04 13:25:34,290.66,0,1
2026-09-04 13:25:34,14.13,0,1
2026-09-04 13:25:35,13.52,0,1
2026-09-04 13:25:35,341.78,0,1
2026-09-04 13:25:36,344.99,0,1
2026-09-04 13:25:36,32.97,0,1
2026-09-04 13:25:36,23.09,0,1
2026-09-04 13:25:36,16.02,0,1
2026-09-04 13:25:36,33.92,0,1
2026-09-04 13:25:36,32.2,0,1
2026-09-04 13:25:36,15.94,0,1
2026-09-04 13:25:36,32.66,0,1
2026-09-04 13:25:37,31.1,0,1
2026-09-04 13:25:37,296.9,0,1
2026-09-04 13:25:37,265.85,0,1
2026-09-04 13:25:38,279.63,0,1
2026-09-04 13:25:39,767.33,0,1
2026-09-04 13:25:39,98.85,0,1
2026-09-04 13:25:39,16.17,0,1
2026-09-04 13:25:40,798.51,0,1
2026-09-04 13:25:40,16.13,0,1
2026-09-04 13:25:41,421.62,0,1
2026-09-04 13:25:41,327.68,0,1
2026-09-04 13:25:41,31.87,0,1
2026-09-04 13:25:41,16.28,0,1
2026-09-04 13:25:41,16.36,0,1
2026-09-04 13:25:41,16.0,0,1
2026-09-04 13:25:42,31.84,0,1
2026-09-04 13:25:42,15.61,0,1
2026-09-04 13:25:42,16.23,0,1
2026-09-04 13:25:42,374.12,0,1
2026-09-04 13:25:43,101.8,0,1
2026-09-04 13:25:43,78.47,0,1
2026-09-04 13:25:43,20.99,0,1
2026-09-04 13:25:43,332.33,0,1
2026-09-04 13:25:43,31.51,0,1
2026-09-04 13:25:44,32.15,0,1
2026-09-04 13:25:44,32.55,0,1
2026-09-04 13:25:44,517.78,0,1
2026-09-04 13:25:45,103.87,0,1
2026-09-04 13:25:45,29.73,0,1
2026-09-04 13:25:45,28.6,0,1
2026-09-04 13:25:45,299.42,0,1
2026-09-04 13:25:45,31.27,0,1
2026-09-04 13:25:46,31.47,0,1
2026-09-04 13:25:46,30.9,0,1
2026-09-04 13:25:46,78.12,0,1
2026-09-04 13:25:46,33.91,0,1
2026-09-04 13:25:46,26.16,0,1
2026-09-04 13:25:46,31.57,0,1
2026-09-04 13:25:46,95.41,0,1
2026-09-04 13:25:47,30.3,0,1
2026-09-04 13:25:47,24.41,0,1
2026-09-04 13:25:47,31.35,0,1
2026-09-04 13:25:47,32.05,0,1
2026-09-04 13:25:47,21.92,0,1
2026-09-04 13:25:47,31.04,0,1
2026-09-04 13:25:48,297.57,0,1
2026-09-04 13:25:48,33.39,0,1
2026-09-04 13:25:48,33.0,0,1
2026-09-04 13:25:48,20.82,0,1
2026-09-04 13:25:48,31.42,0,1
2026-09-04 13:25:48,30.97,0,1
2026-09-04 13:25:49,31.23,0,1
2026-09-04 13:25:49,31.15,0,1
2026-09-04 13:25:49,30.5,0,1
2026-09-04 13:25:49,31.82,0,1
2026-09-04 13:25:49,31.04,0,1
2026-09-04 13:25:50,5000,1,1
