2026-09-04 12:19:20,2.49,0,0
2026-09-04 12:19:20,5.8,0,0
2026-09-04 12:19:20,3.51,0,0
2026-09-04 12:19:20,4.95,0,0
2026-09-04 12:19:20,2.72,0,0
2026-09-04 12:19:21,4.9,0,0
2026-09-04 12:19:21,4.29,0,0
2026-09-04 12:19:21,4.65,0,0
2026-09-04 12:19:21,3.75,0,0
2026-09-04 12:19:21,3.63,0,0
2026-09-04 12:19:21,3.06,0,0
2026-09-04 12:19:21,3.14,0,0
2026-09-04 12:19:21,3.41,0,0
2026-09-04 12:19:21,3.5,0,0
2026-09-04 12:19:21,3.56,0,0
2026-09-04 12:19:22,4.23,0,0
2026-09-04 12:19:22,4.98,0,0
2026-09-04 12:19:22,3.73,0,0
2026-09-04 12:19:22,3.48,0,0
2026-09-04 12:19:22,4.03,0,0
2026-09-04 12:19:22,3.25,0,0
2026-09-04 12:19:22,3.71,0,0
2026-09-04 12:19:22,4.17,0,0
2026-09-04 12:19:22,4.39,0,0
2026-09-04 12:19:23,2.77,0,0
2026-09-04 12:19:23,4.43,0,0
2026-09-04 12:19:23,5.14,0,0
2026-09-04 12:19:23,4.09,0,0
2026-09-04 12:19:23,3.24,0,0
2026-09-04 12:19:23,3.41,0,0
2026-09-04 12:19:23,2.75,0,0
2026-09-04 12:19:23,3.36,0,0
2026-09-04 12:19:23,2.94,0,0
2026-09-04 12:19:23,3.42,0,0
2026-09-04 12:19:24,3.81,0,0
2026-09-04 12:19:24,4.46,0,0
2026-09-04 12:19:24,3.8,0,0
2026-09-04 12:19:24,4.18,0,0
2026-09-04 12:19:24,3.25,0,0
2026-09-04 12:19:24,3.65,0,0
2026-09-04 12:19:24,3.03,0,0
2026-09-04 12:19:24,3.5,0,0
2026-09-04 12:19:24,4.79,0,0
2026-09-04 12:19:25,4.37,0,0
2026-09-04 12:19:25,3.49,0,0
2026-09-04 12:19:25,3.97,0,0
2026-09-04 12:19:25,4.08,0,0
2026-09-04 12:19:25,3.8,0,0
2026-09-04 12:19:25,3.87,0,0
2026-09-04 12:19:25,3.91,0,0
2026-09-04 12:19:25,4.47,0,0
2026-09-04 12:19:25,3.47,0,0
2026-09-04 12:19:25,5.23,0,0
2026-09-04 12:19:26,3.74,0,0
2026-09-04 12:19:26,3.3,0,0
2026-09-04 12:19:26,6.05,0,0
2026-09-04 12:19:26,3.86,0,0
2026-09-04 12:19:26,4.12,0,0
2026-09-04 12:19:26,4.49,0,0
2026-09-04 12:19:26,5.3,0,0
2026-09-04 12:19:26,3.66,0,0
2026-09-04 12:19:26,4.08,0,0
2026-09-04 12:19:27,3.58,0,0
2026-09-04 12:19:27,3.39,0,0
2026-09-04 12:19:27,3.65,0,0
2026-09-04 12:19:27,3.15,0,0
2026-09-04 12:19:27,4.08,0,0
2026-09-04 12:19:27,4.63,0,0
2026-09-04 12:19:27,3.08,0,0
2026-09-04 12:19:27,3.47,0,0
2026-09-04 12:19:27,3.41,0,0
2026-09-04 12:19:27,4.52,0,0
2026-09-04 12:19:28,3.82,0,0
2026-09-04 12:19:28,4.65,0,0
2026-09-04 12:19:28,3.5,0,0
2026-09-04 12:19:28,2.9,0,0
2026-09-04 12:19:28,3.83,0,0
2026-09-04 12:19:28,2.94,0,0
2026-09-04 12:19:28,3.62,0,0
2026-09-04 12:19:28,3.12,0,0
2026-09-04 12:19:28,3.96,0,0
2026-09-04 12:19:28,3.35,0,0
2026-09-04 12:19:29,3.35,0,0
2026-09-04 12:19:29,2.84,0,0
2026-09-04 12:19:29,5.77,0,0
2026-09-04 12:19:29,3.39,0,0
2026-09-04 12:19:29,3.5,0,0
2026-09-04 12:19:29,4.99,0,0
2026-09-04 12:19:29,4.06,0,0
2026-09-04 12:19:29,3.44,0,0
2026-09-04 12:19:29,4.59,0,0
2026-09-04 12:19:30,3.8,0,0
2026-09-04 12:19:30,5.8,0,0
2026-09-04 12:19:30,3.73,0,0
2026-09-04 12:19:30,3.38,0,0
2026-09-04 12:19:30,3.36,0,0
2026-09-04 12:19:30,3.59,0,0
2026-09-04 12:19:30,4.75,0,0
2026-09-04 12:19:30,4.31,0,0
2026-09-04 12:19:30,3.09,0,0
2026-09-04 12:19:30,3.61,0,0
2026-09-04 12:19:31,3.05,0,0
2026-09-04 12:19:31,3.46,0,0
2026-09-04 12:19:31,4.63,0,0
2026-09-04 12:19:31,3.68,0,0
2026-09-04 12:19:31,3.92,0,0
2026-09-04 12:19:31,6.29,0,0
2026-09-04 12:19:31,2.59,0,0
2026-09-04 12:19:31,4.38,0,0
2026-09-04 12:19:31,3.75,0,0
2026-09-04 12:19:32,3.03,0,0
2026-09-04 12:19:32,4.26,0,0
2026-09-04 12:19:32,5.25,0,0
2026-09-04 12:19:32,4.31,0,0
2026-09-04 12:19:32,3.02,0,0
2026-09-04 12:19:32,3.42,0,0
2026-09-04 12:19:32,4.16,0,0
2026-09-04 12:19:32,4.12,0,0
2026-09-04 12:19:32,2.72,0,0
2026-09-04 12:19:32,3.67,0,0
2026-09-04 12:19:33,4.15,0,0
2026-09-04 12:19:33,2.97,0,0
2026-09-04 12:19:33,2.93,0,0
2026-09-04 12:19:33,3.62,0,0
2026-09-04 12:19:33,4.85,0,0
2026-09-04 12:19:33,3.1,0,0
2026-09-04 12:19:33,3.8,0,0
2026-09-04 12:19:33,5.01,0,0
2026-09-04 12:19:33,3.31,0,0
2026-09-04 12:19:34,3.77,0,0
2026-09-04 12:19:34,3.62,0,0
2026-09-04 12:19:34,4.76,0,0
2026-09-04 12:19:34,4.13,0,0
2026-09-04 12:19:34,3.02,0,0
2026-09-04 12:19:34,3.89,0,0
2026-09-04 12:19:34,2.72,0,0
2026-09-04 12:19:34,5.21,0,0
2026-09-04 12:19:34,3.51,0,0
2026-09-04 12:19:34,3.82,0,0
2026-09-04 12:19:35,3.84,0,0
2026-09-04 12:19:35,2.57,0,0
2026-09-04 12:19:35,3.63,0,0
2026-09-04 12:19:35,3.85,0,0
2026-09-04 12:19:35,4.22,0,0
2026-09-04 12:19:35,3.9,0,0
2026-09-04 12:19:35,3.57,0,0
2026-09-04 12:19:35,3.27,0,0
2026-09-04 12:19:35,4.86,0,0
2026-09-04 12:19:36,3.58,0,0
2026-09-04 12:19:36,4.1,0,0
2026-09-04 12:19:36,3.72,0,0
2026-09-04 12:19:36,3.3,0,0
2026-09-04 12:19:36,3.33,0,0
2026-09-04 12:19:36,5.16,0,0
2026-09-04 12:19:36,3.56,0,0
2026-09-04 12:19:36,3.49,0,0
2026-09-04 12:19:36,4.05,0,0
2026-09-04 12:19:36,3.03,0,0
2026-09-04 12:19:37,3.45,0,0
2026-09-04 12:19:37,2.22,0,0
2026-09-04 12:19:37,4.35,0,0
2026-09-04 12:19:37,4.57,0,0
2026-09-04 12:19:37,4.24,0,0
2026-09-04 12:19:37,4.54,0,0
2026-09-04 12:19:37,3.39,0,0
2026-09-04 12:19:37,2.8,0,0
2026-09-04 12:19:37,3.99,0,0
2026-09-04 12:19:38,3.91,0,0
2026-09-04 12:19:38,3.25,0,0
2026-09-04 12:19:38,3.02,0,0
2026-09-04 12:19:38,3.24,0,0
2026-09-04 12:19:38,4.46,0,0
2026-09-04 12:19:38,4.95,0,0
2026-09-04 12:19:38,3.48,0,0
2026-09-04 12:19:38,4.4,0,0
2026-09-04 12:19:38,3.31,0,0
2026-09-04 12:19:38,4.47,0,0
2026-09-04 12:19:39,4.19,0,0
2026-09-04 12:19:39,4.01,0,0
2026-09-04 12:19:39,3.56,0,0
2026-09-04 12:19:39,3.26,0,0
2026-09-04 12:19:39,3.54,0,0
2026-09-04 12:19:39,2.75,0,0
2026-09-04 12:19:39,2.92,0,0
2026-09-04 12:19:39,3.77,0,0
2026-09-04 12:19:39,3.82,0,0
2026-09-04 12:19:40,2.91,0,0
2026-09-04 12:19:40,2.4,0,0
2026-09-04 12:19:40,3.66,0,0
2026-09-04 12:19:40,2.97,0,0
2026-09-04 12:19:40,3.37,0,0
2026-09-04 12:19:40,3.6,0,0
2026-09-04 12:19:40,4.76,0,0
2026-09-04 12:19:40,3.61,0,0
2026-09-04 12:19:40,2.96,0,0
2026-09-04 12:19:40,4.23,0,0
2026-09-04 12:19:41,2.9,0,0
2026-09-04 12:19:41,3.33,0,0
2026-09-04 12:19:41,4.07,0,0
2026-09-04 12:19:41,3.79,0,0
2026-09-04 12:19:41,2.62,0,0
2026-09-04 12:19:41,2.49,0,0
2026-09-04 12:19:41,3.76,0,0
2026-09-04 12:19:41,2.58,0,0
2026-09-04 12:19:41,4.56,0,0
2026-09-04 12:19:41,3.86,0,0
2026-09-04 12:19:42,3.34,0,0
2026-09-04 12:19:42,2.43,0,0
2026-09-04 12:19:42,4.27,0,0
2026-09-04 12:19:42,2.87,0,0
2026-09-04 12:19:42,4.29,0,0
2026-09-04 12:19:42,3.95,0,0
2026-09-04 12:19:42,3.34,0,0
2026-09-04 12:19:42,5.62,0,0
2026-09-04 12:19:42,4.01,0,0
2026-09-04 12:19:43,3.82,0,0
2026-09-04 12:19:43,4.43,0,0
2026-09-04 12:19:43,4.21,0,0
2026-09-04 12:19:43,3.61,0,0
2026-09-04 12:19:43,4.09,0,0
2026-09-04 12:19:43,2.7,0,0
2026-09-04 12:19:43,2.68,0,0
2026-09-04 12:19:43,2.4,0,0
2026-09-04 12:19:43,2.74,0,0
2026-09-04 12:19:43,3.7,0,0
2026-09-04 12:19:44,2.96,0,0
2026-09-04 12:19:44,3.04,0,0
2026-09-04 12:19:44,3.58,0,0
2026-09-04 12:19:44,3.26,0,0
2026-09-04 12:19:44,3.0,0,0
2026-09-04 12:19:44,2.93,0,0
2026-09-04 12:19:44,3.29,0,0
2026-09-04 12:19:44,3.18,0,0
2026-09-04 12:19:44,2.73,0,0
2026-09-04 12:19:45,2.99,0,0
2026-09-04 12:19:45,2.94,0,0
2026-09-04 12:19:45,3.61,0,0
2026-09-04 12:19:45,4.86,0,0
2026-09-04 12:19:45,4.16,0,0
2026-09-04 12:19:45,3.6,0,0
2026-09-04 12:19:45,3.13,0,0
2026-09-04 12:19:45,3.62,0,0
2026-09-04 12:19:45,2.53,0,0
2026-09-04 12:19:45,2.54,0,0
2026-09-04 12:19:46,3.06,0,0
2026-09-04 12:19:46,2.8,0,0
2026-09-04 12:19:46,3.53,0,0
2026-09-04 12:19:46,3.1,0,0
2026-09-04 12:19:46,3.56,0,0
2026-09-04 12:19:46,3.65,0,0
2026-09-04 12:19:46,3.58,0,0
2026-09-04 12:19:46,3.47,0,0
2026-09-04 12:19:46,2.86,0,0
2026-09-04 12:19:47,4.7,0,0
2026-09-04 12:19:47,2.54,0,0
2026-09-04 12:19:47,3.38,0,0
2026-09-04 12:19:47,3.42,0,0
2026-09-04 12:19:47,2.32,0,0
2026-09-04 12:19:47,3.43,0,0
2026-09-04 12:19:47,3.23,0,0
2026-09-04 12:19:47,3.16,0,0
2026-09-04 12:19:47,4.15,0,0
2026-09-04 12:19:47,3.17,0,0
2026-09-04 12:19:48,3.5,0,0
2026-09-04 12:19:48,4.67,0,0
2026-09-04 12:19:48,3.19,0,0
2026-09-04 12:19:48,4.44,0,0
2026-09-04 12:19:48,4.16,0,0
2026-09-04 12:19:48,3.74,0,0
2026-09-04 12:19:48,4.66,0,0
2026-09-04 12:19:48,3.97,0,0
2026-09-04 12:19:48,4.65,0,0
2026-09-04 12:19:49,3.08,0,0
2026-09-04 12:19:49,3.08,0,0
2026-09-04 12:19:49,3.96,0,0
2026-09-04 12:19:49,4.48,0,0
2026-09-04 12:19:49,4.41,0,0
2026-09-04 12:19:49,3.9,0,0
2026-09-04 12:19:49,3.2,0,0
2026-09-04 12:19:49,3.44,0,0
2026-09-04 12:19:49,4.4,0,0
2026-09-04 12:19:49,3.98,0,0
2026-09-04 12:19:50,4.65,0,0
2026-09-04 12:19:50,4.67,0,0
2026-09-04 12:19:50,3.31,0,0
2026-09-04 12:19:50,3.36,0,0
2026-09-04 12:20:20,5.04,0,0
2026-09-04 12:20:20,4.68,0,0
2026-09-04 12:20:20,4.54,0,0
2026-09-04 12:20:20,2.87,0,0
2026-09-04 12:20:20,5.03,0,0
2026-09-04 12:20:21,3.31,0,0
2026-09-04 12:20:21,4.13,0,0
2026-09-04 12:20:21,4.71,0,0
2026-09-04 12:20:21,5.08,0,0
2026-09-04 12:20:21,4.8,0,0
2026-09-04 12:20:21,4.22,0,0
2026-09-04 12:20:21,3.1,0,0
2026-09-04 12:20:21,4.54,0,0
2026-09-04 12:20:21,4.45,0,0
2026-09-04 12:20:22,3.55,0,0
2026-09-04 12:20:22,5.06,0,0
2026-09-04 12:20:22,3.84,0,0
2026-09-04 12:20:22,3.98,0,0
2026-09-04 12:20:22,4.82,0,0
2026-09-04 12:20:22,4.2,0,0
2026-09-04 12:20:22,3.86,0,0
2026-09-04 12:20:22,3.97,0,0
2026-09-04 12:20:22,3.18,0,0
2026-09-04 12:20:22,3.97,0,0
2026-09-04 12:20:23,4.05,0,0
2026-09-04 12:20:23,3.85,0,0
2026-09-04 12:20:23,3.49,0,0
2026-09-04 12:20:23,4.27,0,0
2026-09-04 12:20:23,4.84,0,0
2026-09-04 12:20:23,2.91,0,0
2026-09-04 12:20:23,2.71,0,0
2026-09-04 12:20:23,4.19,0,0
2026-09-04 12:20:23,3.59,0,0
2026-09-04 12:20:24,3.68,0,0
2026-09-04 12:20:24,2.75,0,0
2026-09-04 12:20:24,3.6,0,0
2026-09-04 12:20:24,4.37,0,0
2026-09-04 12:20:24,4.33,0,0
2026-09-04 12:20:24,2.45,0,0
2026-09-04 12:20:24,4.32,0,0
2026-09-04 12:20:24,3.63,0,0
2026-09-04 12:20:24,2.81,0,0
2026-09-04 12:20:24,4.15,0,0
2026-09-04 12:20:25,2.83,0,0
2026-09-04 12:20:25,3.83,0,0
2026-09-04 12:20:25,2.52,0,0
2026-09-04 12:20:25,3.66,0,0
2026-09-04 12:20:25,3.22,0,0
2026-09-04 12:20:25,3.93,0,0
2026-09-04 12:20:25,3.71,0,0
2026-09-04 12:20:25,3.42,0,0
2026-09-04 12:20:25,3.83,0,0
2026-09-04 12:20:25,4.73,0,0
2026-09-04 12:20:26,3.15,0,0
2026-09-04 12:20:26,3.4,0,0
2026-09-04 12:20:26,3.47,0,0
2026-09-04 12:20:26,3.38,0,0
2026-09-04 12:20:26,4.91,0,0
2026-09-04 12:20:26,4.05,0,0
2026-09-04 12:20:26,4.47,0,0
2026-09-04 12:20:26,4.31,0,0
2026-09-04 12:20:26,3.74,0,0
2026-09-04 12:20:27,3.72,0,0
2026-09-04 12:20:27,4.06,0,0
2026-09-04 12:20:27,3.37,0,0
2026-09-04 12:20:27,3.84,0,0
2026-09-04 12:20:27,3.93,0,0
2026-09-04 12:20:27,3.57,0,0
2026-09-04 12:20:27,3.5,0,0
2026-09-04 12:20:27,4.22,0,0
2026-09-04 12:20:27,3.07,0,0
2026-09-04 12:20:27,4.7,0,0
2026-09-04 12:20:28,3.61,0,0
2026-09-04 12:20:28,4.39,0,0
2026-09-04 12:20:28,4.82,0,0
2026-09-04 12:20:28,2.82,0,0
2026-09-04 12:20:28,4.77,0,0
2026-09-04 12:20:28,4.08,0,0
2026-09-04 12:20:28,3.39,0,0
2026-09-04 12:20:28,4.6,0,0
2026-09-04 12:20:28,4.56,0,0
2026-09-04 12:20:29,4.69,0,0
2026-09-04 12:20:29,4.11,0,0
2026-09-04 12:20:29,4.66,0,0
2026-09-04 12:20:29,4.78,0,0
2026-09-04 12:20:29,4.37,0,0
2026-09-04 12:20:29,3.81,0,0
2026-09-04 12:20:29,4.51,0,0
2026-09-04 12:20:29,4.35,0,0
2026-09-04 12:20:29,4.09,0,0
2026-09-04 12:20:30,5.32,0,0
2026-09-04 12:20:30,3.64,0,0
2026-09-04 12:20:30,4.12,0,0
2026-09-04 12:20:30,3.18,0,0
2026-09-04 12:20:30,3.65,0,0
2026-09-04 12:20:30,3.54,0,0
2026-09-04 12:20:30,4.33,0,0
2026-09-04 12:20:30,3.02,0,0
2026-09-04 12:20:30,3.69,0,0
2026-09-04 12:20:30,3.99,0,0
2026-09-04 12:20:31,2.93,0,0
2026-09-04 12:20:31,3.53,0,0
2026-09-04 12:20:31,2.82,0,0
2026-09-04 12:20:31,3.13,0,0
2026-09-04 12:20:31,2.54,0,0
2026-09-04 12:20:31,4.51,0,0
2026-09-04 12:20:31,3.28,0,0
2026-09-04 12:20:31,3.83,0,0
2026-09-04 12:20:31,4.71,0,0
2026-09-04 12:20:31,2.85,0,0
2026-09-04 12:20:32,3.09,0,0
2026-09-04 12:20:32,4.12,0,0
2026-09-04 12:20:32,4.9,0,0
2026-09-04 12:20:32,5.64,0,0
2026-09-04 12:20:32,4.88,0,0
2026-09-04 12:20:32,4.75,0,0
2026-09-04 12:20:32,3.92,0,0
2026-09-04 12:20:32,3.8,0,0
2026-09-04 12:20:32,3.22,0,0
2026-09-04 12:20:33,3.7,0,0
2026-09-04 12:20:33,2.95,0,0
2026-09-04 12:20:33,2.49,0,0
2026-09-04 12:20:33,3.13,0,0
2026-09-04 12:20:33,3.68,0,0
2026-09-04 12:20:33,4.25,0,0
2026-09-04 12:20:33,3.9,0,0
2026-09-04 12:20:33,3.57,0,0
2026-09-04 12:20:33,3.86,0,0
2026-09-04 12:20:33,3.6,0,0
2026-09-04 12:20:34,4.79,0,0
2026-09-04 12:20:34,4.86,0,0
2026-09-04 12:20:34,4.09,0,0
2026-09-04 12:20:34,3.37,0,0
2026-09-04 12:20:34,2.74,0,0
2026-09-04 12:20:34,3.46,0,0
2026-09-04 12:20:34,3.97,0,0
2026-09-04 12:20:34,3.67,0,0
2026-09-04 12:20:34,2.62,0,0
2026-09-04 12:20:35,4.04,0,0
2026-09-04 12:20:35,4.36,0,0
2026-09-04 12:20:35,5.91,0,0
2026-09-04 12:20:35,4.09,0,0
2026-09-04 12:20:35,4.79,0,0
2026-09-04 12:20:35,2.98,0,0
2026-09-04 12:20:35,3.16,0,0
2026-09-04 12:20:35,4.83,0,0
2026-09-04 12:20:35,5.1,0,0
2026-09-04 12:20:35,3.73,0,0
2026-09-04 12:20:36,3.29,0,0
2026-09-04 12:20:36,3.48,0,0
2026-09-04 12:20:36,4.31,0,0
2026-09-04 12:20:36,3.63,0,0
2026-09-04 12:20:36,4.02,0,0
2026-09-04 12:20:36,3.15,0,0
2026-09-04 12:20:36,3.91,0,0
2026-09-04 12:20:36,3.83,0,0
2026-09-04 12:20:36,4.49,0,0
2026-09-04 12:20:37,4.6,0,0
2026-09-04 12:20:37,4.02,0,0
2026-09-04 12:20:37,4.62,0,0
2026-09-04 12:20:37,4.55,0,0
2026-09-04 12:20:37,3.74,0,0
2026-09-04 12:20:37,3.77,0,0
2026-09-04 12:20:37,3.43,0,0
2026-09-04 12:20:37,3.09,0,0
2026-09-04 12:20:37,4.61,0,0
2026-09-04 12:20:37,4.52,0,0
2026-09-04 12:20:38,3.27,0,0
2026-09-04 12:20:38,3.7,0,0
2026-09-04 12:20:38,4.26,0,0
2026-09-04 12:20:38,3.36,0,0
2026-09-04 12:20:38,3.42,0,0
2026-09-04 12:20:38,3.41,0,0
2026-09-04 12:20:38,3.17,0,0
2026-09-04 12:20:38,3.66,0,0
2026-09-04 12:20:38,2.7,0,0
2026-09-04 12:20:39,3.45,0,0
2026-09-04 12:20:39,4.28,0,0
2026-09-04 12:20:39,4.03,0,0
2026-09-04 12:20:39,3.24,0,0
2026-09-04 12:20:39,3.39,0,0
2026-09-04 12:20:39,2.73,0,0
2026-09-04 12:20:39,4.2,0,0
2026-09-04 12:20:39,3.38,0,0
2026-09-04 12:20:39,4.45,0,0
2026-09-04 12:20:39,4.2,0,0
2026-09-04 12:20:40,3.46,0,0
2026-09-04 12:20:40,4.64,0,0
2026-09-04 12:20:40,4.94,0,0
2026-09-04 12:20:40,3.19,0,0
2026-09-04 12:20:40,4.51,0,0
2026-09-04 12:20:40,5.65,0,0
2026-09-04 12:20:40,3.76,0,0
2026-09-04 12:20:40,3.32,0,0
2026-09-04 12:20:40,5.78,0,0
2026-09-04 12:20:41,4.22,0,0
2026-09-04 12:20:41,4.62,0,0
2026-09-04 12:20:41,4.32,0,0
2026-09-04 12:20:41,4.19,0,0
2026-09-04 12:20:41,4.7,0,0
2026-09-04 12:20:41,3.86,0,0
2026-09-04 12:20:41,3.6,0,0
2026-09-04 12:20:41,3.45,0,0
2026-09-04 12:20:41,3.42,0,0
2026-09-04 12:20:41,3.68,0,0
2026-09-04 12:20:42,3.79,0,0
2026-09-04 12:20:42,4.08,0,0
2026-09-04 12:20:42,3.7,0,0
2026-09-04 12:20:42,3.44,0,0
2026-09-04 12:20:42,3.56,0,0
2026-09-04 12:20:42,3.82,0,0
2026-09-04 12:20:42,3.77,0,0
2026-09-04 12:20:42,3.29,0,0
2026-09-04 12:20:42,3.45,0,0
2026-09-04 12:20:43,3.19,0,0
2026-09-04 12:20:43,4.09,0,0
2026-09-04 12:20:43,2.99,0,0
2026-09-04 12:20:43,3.82,0,0
2026-09-04 12:20:43,3.59,0,0
2026-09-04 12:20:43,3.74,0,0
2026-09-04 12:20:43,2.55,0,0
2026-09-04 12:20:43,2.81,0,0
2026-09-04 12:20:43,3.16,0,0
2026-09-04 12:20:43,4.44,0,0
2026-09-04 12:20:44,4.82,0,0
2026-09-04 12:20:44,4.88,0,0
2026-09-04 12:20:44,2.92,0,0
2026-09-04 12:20:44,3.82,0,0
2026-09-04 12:20:44,4.3,0,0
2026-09-04 12:20:44,4.01,0,0
2026-09-04 12:20:44,5.21,0,0
2026-09-04 12:20:44,3.56,0,0
2026-09-04 12:20:44,4.96,0,0
2026-09-04 12:20:45,4.81,0,0
2026-09-04 12:20:45,3.97,0,0
2026-09-04 12:20:45,3.83,0,0
2026-09-04 12:20:45,3.68,0,0
2026-09-04 12:20:45,3.03,0,0
2026-09-04 12:20:45,4.59,0,0
2026-09-04 12:20:45,2.8,0,0
2026-09-04 12:20:45,3.64,0,0
2026-09-04 12:20:45,2.9,0,0
2026-09-04 12:20:45,3.06,0,0
2026-09-04 12:20:46,3.84,0,0
2026-09-04 12:20:46,2.97,0,0
2026-09-04 12:20:46,4.19,0,0
2026-09-04 12:20:46,4.64,0,0
2026-09-04 12:20:46,3.52,0,0
2026-09-04 12:20:46,3.21,0,0
2026-09-04 12:20:46,3.36,0,0
2026-09-04 12:20:46,4.6,0,0
2026-09-04 12:20:46,6.02,0,0
2026-09-04 12:20:47,3.25,0,0
2026-09-04 12:20:47,3.4,0,0
2026-09-04 12:20:47,3.93,0,0
2026-09-04 12:20:47,4.99,0,0
2026-09-04 12:20:47,2.71,0,0
2026-09-04 12:20:47,3.23,0,0
2026-09-04 12:20:47,4.43,0,0
2026-09-04 12:20:47,3.49,0,0
2026-09-04 12:20:47,3.79,0,0
2026-09-04 12:20:47,2.52,0,0
2026-09-04 12:20:48,4.07,0,0
2026-09-04 12:20:48,4.55,0,0
2026-09-04 12:20:48,4.18,0,0
2026-09-04 12:20:48,3.12,0,0
2026-09-04 12:20:48,4.71,0,0
2026-09-04 12:20:48,4.85,0,0
2026-09-04 12:20:48,4.17,0,0
2026-09-04 12:20:48,3.34,0,0
2026-09-04 12:20:48,3.96,0,0
2026-09-04 12:20:49,3.36,0,0
2026-09-04 12:20:49,4.06,0,0
2026-09-04 12:20:49,2.97,0,0
2026-09-04 12:20:49,3.54,0,0
2026-09-04 12:20:49,2.72,0,0
2026-09-04 12:20:49,3.73,0,0
2026-09-04 12:20:49,3.41,0,0
2026-09-04 12:20:49,4.76,0,0
2026-09-04 12:20:49,2.55,0,0
2026-09-04 12:20:49,3.21,0,0
2026-09-04 12:20:50,2.49,0,0
2026-09-04 12:20:50,4.52,0,0
2026-09-04 12:20:50,3.94,0,0
2026-09-04 12:20:50,3.42,0,0
2026-09-04 12:21:10,5000,1,0
2026-09-04 12:21:11,5000,1,0
2026-09-04 12:21:13,5000,1,0
2026-09-04 12:21:13,3.94,0,0
2026-09-04 12:21:13,4.96,0,0
2026-09-04 12:21:13,4.43,0,0
2026-09-04 12:21:13,5.21,0,0
2026-09-04 12:21:13,4.24,0,0
2026-09-04 12:21:13,3.67,0,0
2026-09-04 12:21:13,3.49,0,0
2026-09-04 12:21:13,3.78,0,0
2026-09-04 12:21:14,4.39,0,0
2026-09-04 12:21:14,3.24,0,0
2026-09-04 12:21:14,4.62,0,0
2026-09-04 12:21:14,2.71,0,0
2026-09-04 12:21:14,4.5,0,0
2026-09-04 12:21:14,3.39,0,0
2026-09-04 12:21:14,3.0,0,0
2026-09-04 12:21:14,3.71,0,0
2026-09-04 12:21:14,3.19,0,0
2026-09-04 12:21:14,4.17,0,0
2026-09-04 12:21:15,3.95,0,0
2026-09-04 12:21:15,3.44,0,0
2026-09-04 12:21:15,4.02,0,0
2026-09-04 12:21:15,3.41,0,0
2026-09-04 12:21:15,3.48,0,0
2026-09-04 12:21:15,4.78,0,0
2026-09-04 12:21:15,4.29,0,0
2026-09-04 12:21:15,3.84,0,0
2026-09-04 12:21:15,4.21,0,0
2026-09-04 12:21:16,3.25,0,0
2026-09-04 12:21:16,4.74,0,0
2026-09-04 12:21:16,3.65,0,0
2026-09-04 12:21:16,5.03,0,0
2026-09-04 12:21:16,3.56,0,0
2026-09-04 12:21:16,4.22,0,0
2026-09-04 12:21:16,3.41,0,0
2026-09-04 12:21:16,2.52,0,0
2026-09-04 12:21:16,3.51,0,0
2026-09-04 12:21:16,4.39,0,0
2026-09-04 12:21:17,4.3,0,0
2026-09-04 12:21:17,3.11,0,0
2026-09-04 12:21:17,3.04,0,0
2026-09-04 12:21:17,3.74,0,0
2026-09-04 12:21:17,5.12,0,0
2026-09-04 12:21:17,4.11,0,0
2026-09-04 12:21:17,3.48,0,0
2026-09-04 12:21:17,3.79,0,0
2026-09-04 12:21:17,4.73,0,0
2026-09-04 12:21:18,3.84,0,0
2026-09-04 12:21:18,3.55,0,0
2026-09-04 12:21:18,3.28,0,0
2026-09-04 12:21:18,3.93,0,0
2026-09-04 12:21:18,4.3,0,0
2026-09-04 12:21:18,4.44,0,0
2026-09-04 12:21:18,3.7,0,0
2026-09-04 12:21:18,4.5,0,0
2026-09-04 12:21:18,3.61,0,0
2026-09-04 12:21:18,3.99,0,0
2026-09-04 12:21:19,3.14,0,0
2026-09-04 12:21:19,3.48,0,0
2026-09-04 12:21:19,3.25,0,0
2026-09-04 12:21:19,2.86,0,0
2026-09-04 12:21:19,3.19,0,0
2026-09-04 12:21:19,3.28,0,0
2026-09-04 12:21:19,3.22,0,0
2026-09-04 12:21:19,3.69,0,0
2026-09-04 12:21:19,3.36,0,0
2026-09-04 12:21:19,3.53,0,0
2026-09-04 12:21:20,2.53,0,0
2026-09-04 12:21:20,2.71,0,0
2026-09-04 12:21:20,3.21,0,0
2026-09-04 12:21:20,3.43,0,0
2026-09-04 12:21:20,3.53,0,0
2026-09-04 12:21:20,3.42,0,0
2026-09-04 12:21:20,3.33,0,0
2026-09-04 12:21:20,3.11,0,0
2026-09-04 12:21:20,3.25,0,0
2026-09-04 12:21:21,3.2,0,0
2026-09-04 12:21:21,3.1,0,0
2026-09-04 12:21:21,4.48,0,0
2026-09-04 12:21:21,4.26,0,0
2026-09-04 12:21:21,3.31,0,0
2026-09-04 12:21:21,3.83,0,0
2026-09-04 12:21:21,3.88,0,0
2026-09-04 12:21:21,5.07,0,0
2026-09-04 12:21:21,3.85,0,0
2026-09-04 12:21:21,4.32,0,0
2026-09-04 12:21:22,3.83,0,0
2026-09-04 12:21:22,3.58,0,0
2026-09-04 12:21:22,4.31,0,0
2026-09-04 12:21:22,3.11,0,0
2026-09-04 12:21:22,2.43,0,0
2026-09-04 12:21:22,3.41,0,0
2026-09-04 12:21:22,3.28,0,0
2026-09-04 12:21:22,3.18,0,0
2026-09-04 12:21:22,3.61,0,0
2026-09-04 12:21:23,2.56,0,0
2026-09-04 12:21:23,3.15,0,0
2026-09-04 12:21:23,3.36,0,0
2026-09-04 12:21:23,4.69,0,0
2026-09-04 12:21:23,3.9,0,0
2026-09-04 12:21:23,4.4,0,0
2026-09-04 12:21:23,3.21,0,0
2026-09-04 12:21:23,3.39,0,0
2026-09-04 12:21:23,3.31,0,0
2026-09-04 12:21:23,2.44,0,0
2026-09-04 12:21:24,4.42,0,0
2026-09-04 12:21:24,2.75,0,0
2026-09-04 12:21:24,2.76,0,0
2026-09-04 12:21:24,2.8,0,0
2026-09-04 12:21:24,3.49,0,0
2026-09-04 12:21:24,3.17,0,0
2026-09-04 12:21:24,3.61,0,0
2026-09-04 12:21:24,3.05,0,0
2026-09-04 12:21:24,3.63,0,0
2026-09-04 12:21:25,4.54,0,0
2026-09-04 12:21:25,3.3,0,0
2026-09-04 12:21:25,3.5,0,0
2026-09-04 12:21:25,4.61,0,0
2026-09-04 12:21:25,4.14,0,0
2026-09-04 12:21:25,5.02,0,0
2026-09-04 12:21:25,4.43,0,0
2026-09-04 12:21:25,3.8,0,0
2026-09-04 12:21:25,4.42,0,0
2026-09-04 12:21:25,3.36,0,0
2026-09-04 12:21:26,3.38,0,0
2026-09-04 12:21:26,4.06,0,0
2026-09-04 12:21:26,3.12,0,0
2026-09-04 12:21:26,3.26,0,0
2026-09-04 12:21:26,3.33,0,0
2026-09-04 12:21:26,3.64,0,0
2026-09-04 12:21:26,4.45,0,0
2026-09-04 12:21:26,3.43,0,0
2026-09-04 12:21:26,3.11,0,0
2026-09-04 12:21:26,3.52,0,0
2026-09-04 12:21:27,3.23,0,0
2026-09-04 12:21:27,3.6,0,0
2026-09-04 12:21:27,4.19,0,0
2026-09-04 12:21:27,2.68,0,0
2026-09-04 12:21:27,3.2,0,0
2026-09-04 12:21:27,2.82,0,0
2026-09-04 12:21:27,3.38,0,0
2026-09-04 12:21:27,3.13,0,0
2026-09-04 12:21:27,3.82,0,0
2026-09-04 12:21:28,2.69,0,0
2026-09-04 12:21:28,3.26,0,0
2026-09-04 12:21:28,3.16,0,0
2026-09-04 12:21:28,2.75,0,0
2026-09-04 12:21:28,2.5,0,0
2026-09-04 12:21:28,3.9,0,0
2026-09-04 12:21:28,3.71,0,0
2026-09-04 12:21:28,3.92,0,0
2026-09-04 12:21:28,2.77,0,0
2026-09-04 12:21:28,4.18,0,0
2026-09-04 12:21:29,4.1,0,0
2026-09-04 12:21:29,4.05,0,0
2026-09-04 12:21:29,4.72,0,0
2026-09-04 12:21:29,4.12,0,0
2026-09-04 12:21:29,3.87,0,0
2026-09-04 12:21:29,3.05,0,0
2026-09-04 12:21:29,3.11,0,0
2026-09-04 12:21:29,2.99,0,0
2026-09-04 12:21:29,3.49,0,0
2026-09-04 12:21:30,3.4,0,0
2026-09-04 12:21:30,3.88,0,0
2026-09-04 12:21:30,3.64,0,0
2026-09-04 12:21:30,3.47,0,0
2026-09-04 12:21:30,3.53,0,0
2026-09-04 12:21:30,3.65,0,0
2026-09-04 12:21:30,3.14,0,0
2026-09-04 12:21:30,2.98,0,0
2026-09-04 12:21:30,3.87,0,0
2026-09-04 12:21:30,5.04,0,0
2026-09-04 12:21:31,3.6,0,0
2026-09-04 12:21:31,3.89,0,0
2026-09-04 12:21:31,3.04,0,0
2026-09-04 12:21:31,4.25,0,0
2026-09-04 12:21:31,3.97,0,0
2026-09-04 12:21:31,4.79,0,0
2026-09-04 12:21:31,3.42,0,0
2026-09-04 12:21:31,3.44,0,0
2026-09-04 12:21:31,3.53,0,0
2026-09-04 12:21:32,5.05,0,0
2026-09-04 12:21:32,3.65,0,0
2026-09-04 12:21:32,5.4,0,0
2026-09-04 12:21:32,3.52,0,0
2026-09-04 12:21:32,3.58,0,0
2026-09-04 12:21:32,3.06,0,0
2026-09-04 12:21:32,5.52,0,0
2026-09-04 12:21:32,3.39,0,0
2026-09-04 12:21:32,3.74,0,0
2026-09-04 12:21:32,4.49,0,0
2026-09-04 12:21:33,4.73,0,0
2026-09-04 12:21:33,5.15,0,0
2026-09-04 12:21:33,4.07,0,0
2026-09-04 12:21:33,4.95,0,0
2026-09-04 12:21:33,4.86,0,0
2026-09-04 12:21:33,3.13,0,0
2026-09-04 12:21:33,4.02,0,0
2026-09-04 12:21:33,4.44,0,0
2026-09-04 12:21:33,3.43,0,0
2026-09-04 12:21:34,3.59,0,0
2026-09-04 12:21:34,3.23,0,0
2026-09-04 12:21:34,3.13,0,0
2026-09-04 12:21:34,4.53,0,0
2026-09-04 12:21:34,4.21,0,0
2026-09-04 12:21:34,4.03,0,0
2026-09-04 12:21:34,4.29,0,0
2026-09-04 12:21:34,3.23,0,0
2026-09-04 12:21:34,4.33,0,0
2026-09-04 12:21:34,3.65,0,0
2026-09-04 12:21:35,4.54,0,0
2026-09-04 12:21:35,3.06,0,0
2026-09-04 12:21:35,4.74,0,0
2026-09-04 12:21:35,2.65,0,0
2026-09-04 12:21:35,3.7,0,0
2026-09-04 12:21:35,4.4,0,0
2026-09-04 12:21:35,3.18,0,0
2026-09-04 12:21:35,4.37,0,0
2026-09-04 12:21:35,4.15,0,0
2026-09-04 12:21:36,3.09,0,0
2026-09-04 12:21:36,4.41,0,0
2026-09-04 12:21:36,3.45,0,0
2026-09-04 12:21:36,3.14,0,0
2026-09-04 12:21:36,4.09,0,0
2026-09-04 12:21:36,2.92,0,0
2026-09-04 12:21:36,3.06,0,0
2026-09-04 12:21:36,3.87,0,0
2026-09-04 12:21:36,5.44,0,0
2026-09-04 12:21:36,3.86,0,0
2026-09-04 12:21:37,3.57,0,0
2026-09-04 12:21:37,4.02,0,0
2026-09-04 12:21:37,5.38,0,0
2026-09-04 12:21:37,4.68,0,0
2026-09-04 12:21:37,3.36,0,0
2026-09-04 12:21:37,3.3,0,0
2026-09-04 12:21:37,3.55,0,0
2026-09-04 12:21:37,3.56,0,0
2026-09-04 12:21:37,2.93,0,0
2026-09-04 12:21:37,4.22,0,0
2026-09-04 12:21:38,3.47,0,0
2026-09-04 12:21:38,3.31,0,0
2026-09-04 12:21:38,3.72,0,0
2026-09-04 12:21:38,2.94,0,0
2026-09-04 12:21:38,3.04,0,0
2026-09-04 12:21:38,2.74,0,0
2026-09-04 12:21:38,3.15,0,0
2026-09-04 12:21:38,4.16,0,0
2026-09-04 12:21:38,4.02,0,0
2026-09-04 12:21:39,3.28,0,0
2026-09-04 12:21:39,3.07,0,0
2026-09-04 12:21:39,4.37,0,0
2026-09-04 12:21:39,3.39,0,0
2026-09-04 12:21:39,2.87,0,0
2026-09-04 12:21:39,3.5,0,0
2026-09-04 12:21:39,3.43,0,0
2026-09-04 12:21:39,3.76,0,0
2026-09-04 12:21:39,3.0,0,0
2026-09-04 12:21:39,2.4,0,0
2026-09-04 12:21:40,3.66,0,0
2026-09-04 12:21:40,3.17,0,0
2026-09-04 12:21:40,3.45,0,0
2026-09-04 12:21:40,3.53,0,0
2026-09-04 12:21:40,4.08,0,0
2026-09-04 12:22:10,572.89,0,0
2026-09-04 12:22:10,3.76,0,0
2026-09-04 12:22:11,4.26,0,0
2026-09-04 12:22:11,3.99,0,0
2026-09-04 12:22:11,3.19,0,0
2026-09-04 12:22:11,3.1,0,0
2026-09-04 12:22:11,3.36,0,0
2026-09-04 12:22:11,3.77,0,0
2026-09-04 12:22:11,2.84,0,0
2026-09-04 12:22:11,3.57,0,0
2026-09-04 12:22:11,3.58,0,0
2026-09-04 12:22:12,3.12,0,0
2026-09-04 12:22:12,2.84,0,0
2026-09-04 12:22:12,3.06,0,0
2026-09-04 12:22:12,2.89,0,0
2026-09-04 12:22:12,3.14,0,0
2026-09-04 12:22:12,4.34,0,0
2026-09-04 12:22:12,4.33,0,0
2026-09-04 12:22:12,3.53,0,0
2026-09-04 12:22:12,4.78,0,0
2026-09-04 12:22:12,3.25,0,0
2026-09-04 12:22:13,3.79,0,0
2026-09-04 12:22:13,3.98,0,0
2026-09-04 12:22:13,3.23,0,0
2026-09-04 12:22:13,2.97,0,0
2026-09-04 12:22:13,2.4,0,0
2026-09-04 12:22:13,3.86,0,0
2026-09-04 12:22:13,3.62,0,0
2026-09-04 12:22:13,3.34,0,0
2026-09-04 12:22:13,3.42,0,0
2026-09-04 12:22:14,2.82,0,0
2026-09-04 12:22:14,4.26,0,0
2026-09-04 12:22:14,3.66,0,0
2026-09-04 12:22:14,3.34,0,0
2026-09-04 12:22:14,4.28,0,0
2026-09-04 12:22:14,3.54,0,0
2026-09-04 12:22:14,5.04,0,0
2026-09-04 12:22:14,3.16,0,0
2026-09-04 12:22:14,3.71,0,0
2026-09-04 12:22:14,4.27,0,0
2026-09-04 12:22:15,3.74,0,0
2026-09-04 12:22:15,2.81,0,0
2026-09-04 12:22:15,3.62,0,0
2026-09-04 12:22:15,2.99,0,0
2026-09-04 12:22:15,3.3,0,0
2026-09-04 12:22:15,3.45,0,0
2026-09-04 12:22:15,3.42,0,0
2026-09-04 12:22:15,3.48,0,0
2026-09-04 12:22:15,4.37,0,0
2026-09-04 12:22:16,3.39,0,0
2026-09-04 12:22:16,3.43,0,0
2026-09-04 12:22:16,3.29,0,0
2026-09-04 12:22:16,3.51,0,0
2026-09-04 12:22:16,2.35,0,0
2026-09-04 12:22:16,3.59,0,0
2026-09-04 12:22:16,2.77,0,0
2026-09-04 12:22:16,3.57,0,0
2026-09-04 12:22:16,3.0,0,0
2026-09-04 12:22:16,3.19,0,0
2026-09-04 12:22:17,3.27,0,0
2026-09-04 12:22:17,3.3,0,0
2026-09-04 12:22:17,3.45,0,0
2026-09-04 12:22:17,2.8,0,0
2026-09-04 12:22:17,3.64,0,0
2026-09-04 12:22:17,3.62,0,0
2026-09-04 12:22:17,3.27,0,0
2026-09-04 12:22:17,4.44,0,0
2026-09-04 12:22:17,3.21,0,0
2026-09-04 12:22:17,3.75,0,0
2026-09-04 12:22:18,3.38,0,0
2026-09-04 12:22:18,3.92,0,0
2026-09-04 12:22:18,3.64,0,0
2026-09-04 12:22:18,4.34,0,0
2026-09-04 12:22:18,5.44,0,0
2026-09-04 12:22:18,3.62,0,0
2026-09-04 12:22:18,4.18,0,0
2026-09-04 12:22:18,3.93,0,0
2026-09-04 12:22:18,5.46,0,0
2026-09-04 12:22:19,3.53,0,0
2026-09-04 12:22:19,3.76,0,0
2026-09-04 12:22:19,2.41,0,0
2026-09-04 12:22:19,3.52,0,0
2026-09-04 12:22:19,3.4,0,0
2026-09-04 12:22:19,3.65,0,0
2026-09-04 12:22:19,4.4,0,0
2026-09-04 12:22:19,3.35,0,0
2026-09-04 12:22:19,4.33,0,0
2026-09-04 12:22:19,3.89,0,0
2026-09-04 12:22:20,2.38,0,0
2026-09-04 12:22:20,3.57,0,0
2026-09-04 12:22:20,3.45,0,0
2026-09-04 12:22:20,2.56,0,0
2026-09-04 12:22:20,3.09,0,0
2026-09-04 12:22:20,3.32,0,0
2026-09-04 12:22:20,3.22,0,0
2026-09-04 12:22:20,3.9,0,0
2026-09-04 12:22:20,3.54,0,0
2026-09-04 12:22:21,3.95,0,0
2026-09-04 12:22:21,3.56,0,0
2026-09-04 12:22:21,4.18,0,0
2026-09-04 12:22:21,3.75,0,0
2026-09-04 12:22:21,4.08,0,0
2026-09-04 12:22:21,3.66,0,0
2026-09-04 12:22:21,4.46,0,0
2026-09-04 12:22:21,3.42,0,0
2026-09-04 12:22:21,2.82,0,0
2026-09-04 12:22:21,3.48,0,0
2026-09-04 12:22:22,3.84,0,0
2026-09-04 12:22:22,3.01,0,0
2026-09-04 12:22:22,3.51,0,0
2026-09-04 12:22:22,3.23,0,0
2026-09-04 12:22:22,3.47,0,0
2026-09-04 12:22:22,4.48,0,0
2026-09-04 12:22:22,3.12,0,0
2026-09-04 12:22:22,3.37,0,0
2026-09-04 12:22:22,3.45,0,0
2026-09-04 12:22:23,3.25,0,0
2026-09-04 12:22:23,3.78,0,0
2026-09-04 12:22:23,3.23,0,0
2026-09-04 12:22:23,2.99,0,0
2026-09-04 12:22:23,3.05,0,0
2026-09-04 12:22:23,3.69,0,0
2026-09-04 12:22:23,2.94,0,0
2026-09-04 12:22:23,4.76,0,0
2026-09-04 12:22:23,2.56,0,0
2026-09-04 12:22:23,3.02,0,0
2026-09-04 12:22:24,3.27,0,0
2026-09-04 12:22:24,3.28,0,0
2026-09-04 12:22:24,4.27,0,0
2026-09-04 12:22:24,3.98,0,0
2026-09-04 12:22:24,4.53,0,0
2026-09-04 12:22:24,4.26,0,0
2026-09-04 12:22:24,3.62,0,0
2026-09-04 12:22:24,3.13,0,0
2026-09-04 12:22:24,2.76,0,0
2026-09-04 12:22:25,2.46,0,0
2026-09-04 12:22:25,3.98,0,0
2026-09-04 12:22:25,2.79,0,0
2026-09-04 12:22:25,4.19,0,0
2026-09-04 12:22:25,2.91,0,0
2026-09-04 12:22:25,3.21,0,0
2026-09-04 12:22:25,2.85,0,0
2026-09-04 12:22:25,2.56,0,0
2026-09-04 12:22:25,3.5,0,0
2026-09-04 12:22:25,3.94,0,0
2026-09-04 12:22:26,3.23,0,0
2026-09-04 12:22:26,3.66,0,0
2026-09-04 12:22:26,2.93,0,0
2026-09-04 12:22:26,3.67,0,0
2026-09-04 12:22:26,4.01,0,0
2026-09-04 12:22:26,3.52,0,0
2026-09-04 12:22:26,6.12,0,0
2026-09-04 12:22:26,3.76,0,0
2026-09-04 12:22:26,3.11,0,0
2026-09-04 12:22:26,4.29,0,0
2026-09-04 12:22:27,5.7,0,0
2026-09-04 12:22:27,3.72,0,0
2026-09-04 12:22:27,3.88,0,0
2026-09-04 12:22:27,3.74,0,0
2026-09-04 12:22:27,3.32,0,0
2026-09-04 12:22:27,3.92,0,0
2026-09-04 12:22:27,2.71,0,0
2026-09-04 12:22:27,4.21,0,0
2026-09-04 12:22:27,4.73,0,0
2026-09-04 12:22:28,3.59,0,0
2026-09-04 12:22:28,5.2,0,0
2026-09-04 12:22:28,2.78,0,0
2026-09-04 12:22:28,3.53,0,0
2026-09-04 12:22:28,3.66,0,0
2026-09-04 12:22:28,3.41,0,0
2026-09-04 12:22:28,3.56,0,0
2026-09-04 12:22:28,3.56,0,0
2026-09-04 12:22:28,3.68,0,0
2026-09-04 12:22:28,2.96,0,0
2026-09-04 12:22:29,3.17,0,0
2026-09-04 12:22:29,3.57,0,0
2026-09-04 12:22:29,4.06,0,0
2026-09-04 12:22:29,2.8,0,0
2026-09-04 12:22:29,3.18,0,0
2026-09-04 12:22:29,3.79,0,0
2026-09-04 12:22:29,3.88,0,0
2026-09-04 12:22:29,2.95,0,0
2026-09-04 12:22:29,3.84,0,0
2026-09-04 12:22:30,4.12,0,0
2026-09-04 12:22:30,4.35,0,0
2026-09-04 12:22:30,4.2,0,0
2026-09-04 12:22:30,4.32,0,0
2026-09-04 12:22:30,3.31,0,0
2026-09-04 12:22:30,4.21,0,0
2026-09-04 12:22:30,3.46,0,0
2026-09-04 12:22:30,3.76,0,0
2026-09-04 12:22:30,5.09,0,0
2026-09-04 12:22:30,3.44,0,0
2026-09-04 12:22:31,3.64,0,0
2026-09-04 12:22:31,2.92,0,0
2026-09-04 12:22:31,3.56,0,0
2026-09-04 12:22:31,4.43,0,0
2026-09-04 12:22:31,3.41,0,0
2026-09-04 12:22:31,3.71,0,0
2026-09-04 12:22:31,4.09,0,0
2026-09-04 12:22:31,4.81,0,0
2026-09-04 12:22:31,4.56,0,0
2026-09-04 12:22:32,4.06,0,0
2026-09-04 12:22:32,4.18,0,0
2026-09-04 12:22:32,3.83,0,0
2026-09-04 12:22:32,4.89,0,0
2026-09-04 12:22:32,4.04,0,0
2026-09-04 12:22:32,2.45,0,0
2026-09-04 12:22:32,3.61,0,0
2026-09-04 12:22:32,4.6,0,0
2026-09-04 12:22:32,4.94,0,0
2026-09-04 12:22:32,4.38,0,0
2026-09-04 12:22:33,3.33,0,0
2026-09-04 12:22:33,3.64,0,0
2026-09-04 12:22:33,2.5,0,0
2026-09-04 12:22:33,3.58,0,0
2026-09-04 12:22:33,3.4,0,0
2026-09-04 12:22:33,3.96,0,0
2026-09-04 12:22:33,3.26,0,0
2026-09-04 12:22:33,3.93,0,0
2026-09-04 12:22:33,2.59,0,0
2026-09-04 12:22:34,3.95,0,0
2026-09-04 12:22:34,4.44,0,0
2026-09-04 12:22:34,3.46,0,0
2026-09-04 12:22:34,3.77,0,0
2026-09-04 12:22:34,4.13,0,0
2026-09-04 12:22:34,3.74,0,0
2026-09-04 12:22:34,4.77,0,0
2026-09-04 12:22:34,3.31,0,0
2026-09-04 12:22:34,2.85,0,0
2026-09-04 12:22:34,3.63,0,0
2026-09-04 12:22:35,4.52,0,0
2026-09-04 12:22:35,3.84,0,0
2026-09-04 12:22:35,3.06,0,0
2026-09-04 12:22:35,2.99,0,0
2026-09-04 12:22:35,3.83,0,0
2026-09-04 12:22:35,3.24,0,0
2026-09-04 12:22:35,2.79,0,0
2026-09-04 12:22:35,3.49,0,0
2026-09-04 12:22:35,3.78,0,0
2026-09-04 12:22:36,4.89,0,0
2026-09-04 12:22:36,4.2,0,0
2026-09-04 12:22:36,3.49,0,0
2026-09-04 12:22:36,3.98,0,0
2026-09-04 12:22:36,2.69,0,0
2026-09-04 12:22:36,4.32,0,0
2026-09-04 12:22:36,3.53,0,0
2026-09-04 12:22:36,4.03,0,0
2026-09-04 12:22:36,4.2,0,0
2026-09-04 12:22:36,2.67,0,0
2026-09-04 12:22:37,5.5,0,0
2026-09-04 12:22:37,4.26,0,0
2026-09-04 12:22:37,3.54,0,0
2026-09-04 12:22:37,3.33,0,0
2026-09-04 12:22:37,3.0,0,0
2026-09-04 12:22:37,4.43,0,0
2026-09-04 12:22:37,3.68,0,0
2026-09-04 12:22:37,3.63,0,0
2026-09-04 12:22:37,3.65,0,0
2026-09-04 12:22:38,2.74,0,0
2026-09-04 12:22:38,4.43,0,0
2026-09-04 12:22:38,2.91,0,0
2026-09-04 12:22:38,3.79,0,0
2026-09-04 12:22:38,3.17,0,0
2026-09-04 12:22:38,3.83,0,0
2026-09-04 12:22:38,3.04,0,0
2026-09-04 12:22:38,4.11,0,0
2026-09-04 12:22:38,3.73,0,0
2026-09-04 12:22:38,3.44,0,0
2026-09-04 12:22:39,3.44,0,0
2026-09-04 12:22:39,3.08,0,0
2026-09-04 12:22:39,3.34,0,0
2026-09-04 12:22:39,3.92,0,0
2026-09-04 12:22:39,3.09,0,0
2026-09-04 12:22:39,3.57,0,0
2026-09-04 12:22:39,2.79,0,0
2026-09-04 12:22:39,3.61,0,0
2026-09-04 12:22:39,3.4,0,0
2026-09-04 12:22:40,4.07,0,0
2026-09-04 12:22:40,3.16,0,0
2026-09-04 12:22:40,3.83,0,0
2026-09-04 12:22:40,3.76,0,0
2026-09-04 12:22:40,3.61,0,0
2026-09-04 12:22:40,2.2,0,0
2026-09-04 12:23:10,1.08,0,0
2026-09-04 12:23:10,2.82,0,0
2026-09-04 12:23:10,2.85,0,0
2026-09-04 12:23:10,3.48,0,0
2026-09-04 12:23:11,4.7,0,0
2026-09-04 12:23:11,3.67,0,0
2026-09-04 12:23:11,3.75,0,0
2026-09-04 12:23:11,3.56,0,0
2026-09-04 12:23:11,4.36,0,0
2026-09-04 12:23:11,3.4,0,0
2026-09-04 12:23:11,3.89,0,0
2026-09-04 12:23:11,4.87,0,0
2026-09-04 12:23:11,3.13,0,0
2026-09-04 12:23:11,4.74,0,0
2026-09-04 12:23:12,3.97,0,0
2026-09-04 12:23:12,3.85,0,0
2026-09-04 12:23:12,3.83,0,0
2026-09-04 12:23:12,4.19,0,0
2026-09-04 12:23:12,4.56,0,0
2026-09-04 12:23:12,3.75,0,0
2026-09-04 12:23:12,2.99,0,0
2026-09-04 12:23:12,3.79,0,0
2026-09-04 12:23:12,3.27,0,0
2026-09-04 12:23:13,3.58,0,0
2026-09-04 12:23:13,3.12,0,0
2026-09-04 12:23:13,3.82,0,0
2026-09-04 12:23:13,4.87,0,0
2026-09-04 12:23:13,4.14,0,0
2026-09-04 12:23:13,3.5,0,0
2026-09-04 12:23:13,4.16,0,0
2026-09-04 12:23:13,3.07,0,0
2026-09-04 12:23:13,3.73,0,0
2026-09-04 12:23:13,3.21,0,0
2026-09-04 12:23:14,4.56,0,0
2026-09-04 12:23:14,3.97,0,0
2026-09-04 12:23:14,4.51,0,0
2026-09-04 12:23:14,3.75,0,0
2026-09-04 12:23:14,3.32,0,0
2026-09-04 12:23:14,3.75,0,0
2026-09-04 12:23:14,3.63,0,0
2026-09-04 12:23:14,4.31,0,0
2026-09-04 12:23:14,4.5,0,0
2026-09-04 12:23:15,3.95,0,0
2026-09-04 12:23:15,3.2,0,0
2026-09-04 12:23:15,3.68,0,0
2026-09-04 12:23:15,4.01,0,0
2026-09-04 12:23:15,5.05,0,0
2026-09-04 12:23:15,4.66,0,0
2026-09-04 12:23:15,4.05,0,0
2026-09-04 12:23:15,3.97,0,0
2026-09-04 12:23:15,2.98,0,0
2026-09-04 12:23:15,3.63,0,0
2026-09-04 12:23:16,3.49,0,0
2026-09-04 12:23:16,3.73,0,0
2026-09-04 12:23:16,2.71,0,0
2026-09-04 12:23:16,4.15,0,0
2026-09-04 12:23:16,4.29,0,0
2026-09-04 12:23:16,4.5,0,0
2026-09-04 12:23:16,3.89,0,0
2026-09-04 12:23:16,3.17,0,0
2026-09-04 12:23:16,2.97,0,0
2026-09-04 12:23:17,4.08,0,0
2026-09-04 12:23:17,4.16,0,0
2026-09-04 12:23:17,3.36,0,0
2026-09-04 12:23:17,3.69,0,0
2026-09-04 12:23:17,4.15,0,0
2026-09-04 12:23:17,3.89,0,0
2026-09-04 12:23:17,3.58,0,0
2026-09-04 12:23:17,3.85,0,0
2026-09-04 12:23:17,3.73,0,0
2026-09-04 12:23:17,3.62,0,0
2026-09-04 12:23:18,3.13,0,0
2026-09-04 12:23:18,4.08,0,0
2026-09-04 12:23:18,3.15,0,0
2026-09-04 12:23:18,2.68,0,0
2026-09-04 12:23:18,3.63,0,0
2026-09-04 12:23:18,2.83,0,0
2026-09-04 12:23:18,3.12,0,0
2026-09-04 12:23:18,3.52,0,0
2026-09-04 12:23:18,4.68,0,0
2026-09-04 12:23:19,4.93,0,0
2026-09-04 12:23:19,3.27,0,0
2026-09-04 12:23:19,3.89,0,0
2026-09-04 12:23:19,4.48,0,0
2026-09-04 12:23:19,4.58,0,0
2026-09-04 12:23:19,3.72,0,0
2026-09-04 12:23:19,4.56,0,0
2026-09-04 12:23:19,3.87,0,0
2026-09-04 12:23:19,5.3,0,0
2026-09-04 12:23:19,3.67,0,0
2026-09-04 12:23:20,3.09,0,0
2026-09-04 12:23:20,4.12,0,0
2026-09-04 12:23:20,2.89,0,0
2026-09-04 12:23:20,3.22,0,0
2026-09-04 12:23:20,3.46,0,0
2026-09-04 12:23:20,3.69,0,0
2026-09-04 12:23:20,2.32,0,0
2026-09-04 12:23:20,2.46,0,0
2026-09-04 12:23:20,3.24,0,0
2026-09-04 12:23:21,4.1,0,0
2026-09-04 12:23:21,3.19,0,0
2026-09-04 12:23:21,4.01,0,0
2026-09-04 12:23:21,3.67,0,0
2026-09-04 12:23:21,3.29,0,0
2026-09-04 12:23:21,3.21,0,0
2026-09-04 12:23:21,3.81,0,0
2026-09-04 12:23:21,3.64,0,0
2026-09-04 12:23:21,3.1,0,0
2026-09-04 12:23:21,4.27,0,0
2026-09-04 12:23:22,4.75,0,0
2026-09-04 12:23:22,3.39,0,0
2026-09-04 12:23:22,3.2,0,0
2026-09-04 12:23:22,3.39,0,0
2026-09-04 12:23:22,3.14,0,0
2026-09-04 12:23:22,4.27,0,0
2026-09-04 12:23:22,2.65,0,0
2026-09-04 12:23:22,3.77,0,0
2026-09-04 12:23:22,2.8,0,0
2026-09-04 12:23:23,2.73,0,0
2026-09-04 12:23:23,3.29,0,0
2026-09-04 12:23:23,3.41,0,0
2026-09-04 12:23:23,3.71,0,0
2026-09-04 12:23:23,3.61,0,0
2026-09-04 12:23:23,4.13,0,0
2026-09-04 12:23:23,3.72,0,0
2026-09-04 12:23:23,3.28,0,0
2026-09-04 12:23:23,3.45,0,0
2026-09-04 12:23:23,5.13,0,0
2026-09-04 12:23:24,3.64,0,0
2026-09-04 12:23:24,3.17,0,0
2026-09-04 12:23:24,2.95,0,0
2026-09-04 12:23:24,4.04,0,0
2026-09-04 12:23:24,3.89,0,0
2026-09-04 12:23:24,3.53,0,0
2026-09-04 12:23:24,5.83,0,0
2026-09-04 12:23:24,3.83,0,0
2026-09-04 12:23:24,3.95,0,0
2026-09-04 12:23:25,3.35,0,0
2026-09-04 12:23:25,3.27,0,0
2026-09-04 12:23:25,3.49,0,0
2026-09-04 12:23:25,4.02,0,0
2026-09-04 12:23:25,3.59,0,0
2026-09-04 12:23:25,3.8,0,0
2026-09-04 12:23:25,3.55,0,0
2026-09-04 12:23:25,3.19,0,0
2026-09-04 12:23:25,4.57,0,0
2026-09-04 12:23:25,4.18,0,0
2026-09-04 12:23:26,5.16,0,0
2026-09-04 12:23:26,3.3,0,0
2026-09-04 12:23:26,4.1,0,0
2026-09-04 12:23:26,5.06,0,0
2026-09-04 12:23:26,3.78,0,0
2026-09-04 12:23:26,3.37,0,0
2026-09-04 12:23:26,2.5,0,0
2026-09-04 12:23:26,4.95,0,0
2026-09-04 12:23:26,3.59,0,0
2026-09-04 12:23:27,3.84,0,0
2026-09-04 12:23:27,4.33,0,0
2026-09-04 12:23:27,3.19,0,0
2026-09-04 12:23:27,3.87,0,0
2026-09-04 12:23:27,3.72,0,0
2026-09-04 12:23:27,3.46,0,0
2026-09-04 12:23:27,3.35,0,0
2026-09-04 12:23:27,4.18,0,0
2026-09-04 12:23:27,3.98,0,0
2026-09-04 12:23:27,4.76,0,0
2026-09-04 12:23:28,2.75,0,0
2026-09-04 12:23:28,3.04,0,0
2026-09-04 12:23:28,4.09,0,0
2026-09-04 12:23:28,3.73,0,0
2026-09-04 12:23:28,3.94,0,0
2026-09-04 12:23:28,2.57,0,0
2026-09-04 12:23:28,5.08,0,0
2026-09-04 12:23:28,2.96,0,0
2026-09-04 12:23:28,3.22,0,0
2026-09-04 12:23:29,3.62,0,0
2026-09-04 12:23:29,3.59,0,0
2026-09-04 12:23:29,4.57,0,0
2026-09-04 12:23:29,3.02,0,0
2026-09-04 12:23:29,4.18,0,0
2026-09-04 12:23:29,3.71,0,0
2026-09-04 12:23:29,3.29,0,0
2026-09-04 12:23:29,3.9,0,0
2026-09-04 12:23:29,4.43,0,0
2026-09-04 12:23:29,4.12,0,0
2026-09-04 12:23:30,3.37,0,0
2026-09-04 12:23:30,3.68,0,0
2026-09-04 12:23:30,4.07,0,0
2026-09-04 12:23:30,4.07,0,0
2026-09-04 12:23:30,4.06,0,0
2026-09-04 12:23:30,4.38,0,0
2026-09-04 12:23:30,3.24,0,0
2026-09-04 12:23:30,3.35,0,0
2026-09-04 12:23:30,3.38,0,0
2026-09-04 12:23:31,4.44,0,0
2026-09-04 12:23:31,4.44,0,0
2026-09-04 12:23:31,4.84,0,0
2026-09-04 12:23:31,3.75,0,0
2026-09-04 12:23:31,3.73,0,0
2026-09-04 12:23:31,5.96,0,0
2026-09-04 12:23:31,3.27,0,0
2026-09-04 12:23:31,3.18,0,0
2026-09-04 12:23:31,4.2,0,0
2026-09-04 12:23:31,5.03,0,0
2026-09-04 12:23:32,2.96,0,0
2026-09-04 12:23:32,3.57,0,0
2026-09-04 12:23:32,2.85,0,0
2026-09-04 12:23:32,3.93,0,0
2026-09-04 12:23:32,3.11,0,0
2026-09-04 12:23:32,4.69,0,0
2026-09-04 12:23:32,4.31,0,0
2026-09-04 12:23:32,3.63,0,0
2026-09-04 12:23:32,2.96,0,0
2026-09-04 12:23:33,3.12,0,0
2026-09-04 12:23:33,4.41,0,0
2026-09-04 12:23:33,4.39,0,0
2026-09-04 12:23:33,3.31,0,0
2026-09-04 12:23:33,4.24,0,0
2026-09-04 12:23:33,3.23,0,0
2026-09-04 12:23:33,4.71,0,0
2026-09-04 12:23:33,3.7,0,0
2026-09-04 12:23:33,2.99,0,0
2026-09-04 12:23:33,3.78,0,0
2026-09-04 12:23:34,3.57,0,0
2026-09-04 12:23:34,4.5,0,0
2026-09-04 12:23:34,4.35,0,0
2026-09-04 12:23:34,4.65,0,0
2026-09-04 12:23:34,3.8,0,0
2026-09-04 12:23:34,4.59,0,0
2026-09-04 12:23:34,4.17,0,0
2026-09-04 12:23:34,3.67,0,0
2026-09-04 12:23:34,3.62,0,0
2026-09-04 12:23:35,3.28,0,0
2026-09-04 12:23:35,2.99,0,0
2026-09-04 12:23:35,3.6,0,0
2026-09-04 12:23:35,3.66,0,0
2026-09-04 12:23:35,4.68,0,0
2026-09-04 12:23:35,3.33,0,0
2026-09-04 12:23:35,3.91,0,0
2026-09-04 12:23:35,5.48,0,0
2026-09-04 12:23:35,4.41,0,0
2026-09-04 12:23:35,4.85,0,0
2026-09-04 12:23:36,4.34,0,0
2026-09-04 12:23:36,3.51,0,0
2026-09-04 12:23:36,3.32,0,0
2026-09-04 12:23:36,2.97,0,0
2026-09-04 12:23:36,5.64,0,0
2026-09-04 12:23:36,2.97,0,0
2026-09-04 12:23:36,3.64,0,0
2026-09-04 12:23:36,3.89,0,0
2026-09-04 12:23:36,4.13,0,0
2026-09-04 12:23:37,3.35,0,0
2026-09-04 12:23:37,5.22,0,0
2026-09-04 12:23:37,4.44,0,0
2026-09-04 12:23:37,4.15,0,0
2026-09-04 12:23:37,4.03,0,0
2026-09-04 12:23:37,3.04,0,0
2026-09-04 12:23:37,4.18,0,0
2026-09-04 12:23:37,3.39,0,0
2026-09-04 12:23:37,3.6,0,0
2026-09-04 12:23:37,3.52,0,0
2026-09-04 12:23:38,3.77,0,0
2026-09-04 12:23:38,3.67,0,0
2026-09-04 12:23:38,5.02,0,0
2026-09-04 12:23:38,4.43,0,0
2026-09-04 12:23:38,3.99,0,0
2026-09-04 12:23:38,3.2,0,0
2026-09-04 12:23:38,3.6,0,0
2026-09-04 12:23:38,4.6,0,0
2026-09-04 12:23:38,3.6,0,0
2026-09-04 12:23:39,4.38,0,0
2026-09-04 12:23:39,2.67,0,0
2026-09-04 12:23:39,3.49,0,0
2026-09-04 12:23:39,3.8,0,0
2026-09-04 12:23:39,3.97,0,0
2026-09-04 12:23:39,3.84,0,0
2026-09-04 12:23:39,3.88,0,0
2026-09-04 12:23:39,3.8,0,0
2026-09-04 12:23:39,3.32,0,0
2026-09-04 12:23:39,3.58,0,0
2026-09-04 12:23:40,4.51,0,0
2026-09-04 12:23:40,3.08,0,0
2026-09-04 12:23:40,3.18,0,0
2026-09-04 12:23:40,3.25,0,0
2026-09-04 12:23:40,3.54,0,0
2026-09-04 12:23:40,3.46,0,0
2026-09-04 12:24:01,5000,1,0
2026-09-04 12:24:02,5000,1,0
2026-09-04 12:24:03,5000,1,0
2026-09-04 12:24:04,5000,1,0
2026-09-04 12:24:05,657.47,0,0
2026-09-04 12:24:05,3.64,0,0
2026-09-04 12:24:05,4.11,0,0
2026-09-04 12:24:05,3.52,0,0
2026-09-04 12:24:05,4.29,0,0
2026-09-04 12:24:05,3.17,0,0
2026-09-04 12:24:05,4.11,0,0
2026-09-04 12:24:05,3.21,0,0
2026-09-04 12:24:05,2.82,0,0
2026-09-04 12:24:06,3.52,0,0
2026-09-04 12:24:06,3.51,0,0
2026-09-04 12:24:06,3.46,0,0
2026-09-04 12:24:06,3.3,0,0
2026-09-04 12:24:06,3.35,0,0
2026-09-04 12:24:06,3.2,0,0
2026-09-04 12:24:06,4.79,0,0
2026-09-04 12:24:06,3.23,0,0
2026-09-04 12:24:06,3.3,0,0
2026-09-04 12:24:07,3.29,0,0
2026-09-04 12:24:07,3.25,0,0
2026-09-04 12:24:07,3.13,0,0
2026-09-04 12:24:07,3.02,0,0
2026-09-04 12:24:07,3.82,0,0
2026-09-04 12:24:07,3.68,0,0
2026-09-04 12:24:07,4.41,0,0
2026-09-04 12:24:07,4.44,0,0
2026-09-04 12:24:07,3.55,0,0
2026-09-04 12:24:07,3.98,0,0
2026-09-04 12:24:08,3.63,0,0
2026-09-04 12:24:08,3.41,0,0
2026-09-04 12:24:08,3.41,0,0
2026-09-04 12:24:08,3.59,0,0
2026-09-04 12:24:08,5.88,0,0
2026-09-04 12:24:08,3.31,0,0
2026-09-04 12:24:08,3.72,0,0
2026-09-04 12:24:08,3.71,0,0
2026-09-04 12:24:08,4.95,0,0
2026-09-04 12:24:09,4.51,0,0
2026-09-04 12:24:09,2.68,0,0
2026-09-04 12:24:09,3.35,0,0
2026-09-04 12:24:09,4.67,0,0
2026-09-04 12:24:09,3.74,0,0
2026-09-04 12:24:09,3.52,0,0
2026-09-04 12:24:09,3.27,0,0
2026-09-04 12:24:09,4.39,0,0
2026-09-04 12:24:09,3.97,0,0
2026-09-04 12:24:09,4.3,0,0
2026-09-04 12:24:10,3.55,0,0
2026-09-04 12:24:10,3.82,0,0
2026-09-04 12:24:10,3.81,0,0
2026-09-04 12:24:10,3.13,0,0
2026-09-04 12:24:10,3.34,0,0
2026-09-04 12:24:10,4.22,0,0
2026-09-04 12:24:10,3.22,0,0
2026-09-04 12:24:10,4.95,0,0
2026-09-04 12:24:10,2.93,0,0
2026-09-04 12:24:11,3.6,0,0
2026-09-04 12:24:11,2.82,0,0
2026-09-04 12:24:11,3.7,0,0
2026-09-04 12:24:11,4.37,0,0
2026-09-04 12:24:11,4.62,0,0
2026-09-04 12:24:11,3.13,0,0
2026-09-04 12:24:11,3.49,0,0
2026-09-04 12:24:11,3.54,0,0
2026-09-04 12:24:11,3.43,0,0
2026-09-04 12:24:11,3.85,0,0
2026-09-04 12:24:12,3.59,0,0
2026-09-04 12:24:12,3.68,0,0
2026-09-04 12:24:12,3.05,0,0
2026-09-04 12:24:12,4.85,0,0
2026-09-04 12:24:12,3.3,0,0
2026-09-04 12:24:12,3.72,0,0
2026-09-04 12:24:12,4.65,0,0
2026-09-04 12:24:12,4.05,0,0
2026-09-04 12:24:12,3.33,0,0
2026-09-04 12:24:13,4.38,0,0
2026-09-04 12:24:13,3.69,0,0
2026-09-04 12:24:13,2.95,0,0
2026-09-04 12:24:13,3.97,0,0
2026-09-04 12:24:13,3.92,0,0
2026-09-04 12:24:13,3.41,0,0
2026-09-04 12:24:13,2.76,0,0
2026-09-04 12:24:13,3.24,0,0
2026-09-04 12:24:13,3.73,0,0
2026-09-04 12:24:13,4.2,0,0
2026-09-04 12:24:14,3.3,0,0
2026-09-04 12:24:14,3.67,0,0
2026-09-04 12:24:14,4.32,0,0
2026-09-04 12:24:14,3.94,0,0
2026-09-04 12:24:14,3.28,0,0
2026-09-04 12:24:14,3.07,0,0
2026-09-04 12:24:14,3.26,0,0
2026-09-04 12:24:14,3.07,0,0
2026-09-04 12:24:14,3.23,0,0
2026-09-04 12:24:14,5.94,0,0
2026-09-04 12:24:15,3.76,0,0
2026-09-04 12:24:15,4.72,0,0
2026-09-04 12:24:15,4.53,0,0
2026-09-04 12:24:15,3.62,0,0
2026-09-04 12:24:15,3.31,0,0
2026-09-04 12:24:15,3.16,0,0
2026-09-04 12:24:15,3.87,0,0
2026-09-04 12:24:15,3.52,0,0
2026-09-04 12:24:15,3.5,0,0
2026-09-04 12:24:16,2.79,0,0
2026-09-04 12:24:16,3.44,0,0
2026-09-04 12:24:16,3.86,0,0
2026-09-04 12:24:16,3.89,0,0
2026-09-04 12:24:16,3.34,0,0
2026-09-04 12:24:16,2.45,0,0
2026-09-04 12:24:16,2.9,0,0
2026-09-04 12:24:16,3.9,0,0
2026-09-04 12:24:16,2.67,0,0
2026-09-04 12:24:16,2.91,0,0
2026-09-04 12:24:17,3.18,0,0
2026-09-04 12:24:17,3.5,0,0
2026-09-04 12:24:17,3.16,0,0
2026-09-04 12:24:17,3.41,0,0
2026-09-04 12:24:17,4.0,0,0
2026-09-04 12:24:17,2.6,0,0
2026-09-04 12:24:17,2.8,0,0
2026-09-04 12:24:17,3.56,0,0
2026-09-04 12:24:17,3.79,0,0
2026-09-04 12:24:18,3.28,0,0
2026-09-04 12:24:18,3.38,0,0
2026-09-04 12:24:18,3.28,0,0
2026-09-04 12:24:18,4.12,0,0
2026-09-04 12:24:18,3.2,0,0
2026-09-04 12:24:18,3.58,0,0
2026-09-04 12:24:18,3.92,0,0
2026-09-04 12:24:18,3.0,0,0
2026-09-04 12:24:18,2.86,0,0
2026-09-04 12:24:18,3.55,0,0
2026-09-04 12:24:19,3.08,0,0
2026-09-04 12:24:19,3.62,0,0
2026-09-04 12:24:19,3.05,0,0
2026-09-04 12:24:19,3.08,0,0
2026-09-04 12:24:19,3.72,0,0
2026-09-04 12:24:19,3.54,0,0
2026-09-04 12:24:19,4.24,0,0
2026-09-04 12:24:19,3.51,0,0
2026-09-04 12:24:19,2.87,0,0
2026-09-04 12:24:20,2.72,0,0
2026-09-04 12:24:20,3.41,0,0
2026-09-04 12:24:20,3.71,0,0
2026-09-04 12:24:20,3.53,0,0
2026-09-04 12:24:20,2.54,0,0
2026-09-04 12:24:20,3.33,0,0
2026-09-04 12:24:20,2.58,0,0
2026-09-04 12:24:20,4.95,0,0
2026-09-04 12:24:20,3.08,0,0
2026-09-04 12:24:20,3.2,0,0
2026-09-04 12:24:21,4.13,0,0
2026-09-04 12:24:21,4.2,0,0
2026-09-04 12:24:21,3.22,0,0
2026-09-04 12:24:21,2.7,0,0
2026-09-04 12:24:21,3.17,0,0
2026-09-04 12:24:21,3.57,0,0
2026-09-04 12:24:21,4.09,0,0
2026-09-04 12:24:21,3.52,0,0
2026-09-04 12:24:21,2.78,0,0
2026-09-04 12:24:21,3.19,0,0
2026-09-04 12:24:22,4.16,0,0
2026-09-04 12:24:22,4.02,0,0
2026-09-04 12:24:22,3.19,0,0
2026-09-04 12:24:22,3.93,0,0
2026-09-04 12:24:22,2.76,0,0
2026-09-04 12:24:22,3.42,0,0
2026-09-04 12:24:22,2.95,0,0
2026-09-04 12:24:22,3.57,0,0
2026-09-04 12:24:22,3.25,0,0
2026-09-04 12:24:23,4.36,0,0
2026-09-04 12:24:23,4.32,0,0
2026-09-04 12:24:23,2.99,0,0
2026-09-04 12:24:23,3.11,0,0
2026-09-04 12:24:23,2.94,0,0
2026-09-04 12:24:23,3.69,0,0
2026-09-04 12:24:23,3.98,0,0
2026-09-04 12:24:23,4.03,0,0
2026-09-04 12:24:23,4.16,0,0
2026-09-04 12:24:23,3.43,0,0
2026-09-04 12:24:24,3.35,0,0
2026-09-04 12:24:24,2.04,0,0
2026-09-04 12:24:24,3.3,0,0
2026-09-04 12:24:24,3.05,0,0
2026-09-04 12:24:24,3.14,0,0
2026-09-04 12:24:24,3.82,0,0
2026-09-04 12:24:24,4.01,0,0
2026-09-04 12:24:24,3.37,0,0
2026-09-04 12:24:24,3.18,0,0
2026-09-04 12:24:25,4.64,0,0
2026-09-04 12:24:25,3.08,0,0
2026-09-04 12:24:25,3.74,0,0
2026-09-04 12:24:25,4.42,0,0
2026-09-04 12:24:25,3.52,0,0
2026-09-04 12:24:25,3.5,0,0
2026-09-04 12:24:25,3.17,0,0
2026-09-04 12:24:25,3.12,0,0
2026-09-04 12:24:25,3.98,0,0
2026-09-04 12:24:25,3.36,0,0
2026-09-04 12:24:26,3.96,0,0
2026-09-04 12:24:26,2.13,0,0
2026-09-04 12:24:26,2.85,0,0
2026-09-04 12:24:26,3.32,0,0
2026-09-04 12:24:26,3.68,0,0
2026-09-04 12:24:26,2.68,0,0
2026-09-04 12:24:26,3.89,0,0
2026-09-04 12:24:26,3.01,0,0
2026-09-04 12:24:26,3.68,0,0
2026-09-04 12:24:27,2.2,0,0
2026-09-04 12:24:27,4.14,0,0
2026-09-04 12:24:27,3.41,0,0
2026-09-04 12:24:27,5.44,0,0
2026-09-04 12:24:27,4.77,0,0
2026-09-04 12:24:27,3.98,0,0
2026-09-04 12:24:27,2.98,0,0
2026-09-04 12:24:27,3.86,0,0
2026-09-04 12:24:27,2.83,0,0
2026-09-04 12:24:27,3.5,0,0
2026-09-04 12:24:28,3.57,0,0
2026-09-04 12:24:28,3.92,0,0
2026-09-04 12:24:28,2.85,0,0
2026-09-04 12:24:28,3.86,0,0
2026-09-04 12:24:28,3.1,0,0
2026-09-04 12:24:28,3.29,0,0
2026-09-04 12:24:28,3.79,0,0
2026-09-04 12:24:28,2.8,0,0
2026-09-04 12:24:28,3.75,0,0
2026-09-04 12:24:28,4.68,0,0
2026-09-04 12:24:29,3.71,0,0
2026-09-04 12:24:29,3.8,0,0
2026-09-04 12:24:29,5.32,0,0
2026-09-04 12:24:29,3.69,0,0
2026-09-04 12:24:29,4.86,0,0
2026-09-04 12:24:29,3.48,0,0
2026-09-04 12:24:29,3.89,0,0
2026-09-04 12:24:29,3.79,0,0
2026-09-04 12:24:29,3.09,0,0
2026-09-04 12:24:30,3.17,0,0
2026-09-04 12:24:30,2.82,0,0
2026-09-04 12:24:30,4.5,0,0
2026-09-04 12:24:30,3.09,0,0
2026-09-04 12:24:30,2.89,0,0
2026-09-04 12:24:30,4.05,0,0
2026-09-04 12:24:30,4.04,0,0
2026-09-04 12:25:01,5000,1,0
2026-09-04 12:25:01,7.74,0,0
2026-09-04 12:25:01,3.78,0,0
2026-09-04 12:25:01,6.9,0,0
2026-09-04 12:25:01,3.2,0,0
2026-09-04 12:25:02,2.84,0,0
2026-09-04 12:25:02,3.66,0,0
2026-09-04 12:25:02,3.99,0,0
2026-09-04 12:25:02,3.72,0,0
2026-09-04 12:25:02,5.34,0,0
2026-09-04 12:25:02,3.8,0,0
2026-09-04 12:25:02,3.31,0,0
2026-09-04 12:25:02,4.11,0,0
2026-09-04 12:25:02,3.85,0,0
2026-09-04 12:25:02,3.45,0,0
2026-09-04 12:25:03,4.8,0,0
2026-09-04 12:25:03,4.48,0,0
2026-09-04 12:25:03,4.78,0,0
2026-09-04 12:25:03,4.3,0,0
2026-09-04 12:25:03,4.01,0,0
2026-09-04 12:25:03,4.26,0,0
2026-09-04 12:25:03,3.53,0,0
2026-09-04 12:25:03,4.47,0,0
2026-09-04 12:25:03,3.02,0,0
2026-09-04 12:25:04,4.6,0,0
2026-09-04 12:25:04,4.7,0,0
2026-09-04 12:25:04,3.63,0,0
2026-09-04 12:25:04,3.68,0,0
2026-09-04 12:25:04,4.9,0,0
2026-09-04 12:25:04,4.14,0,0
2026-09-04 12:25:04,4.2,0,0
2026-09-04 12:25:04,4.37,0,0
2026-09-04 12:25:04,2.87,0,0
2026-09-04 12:25:04,4.14,0,0
2026-09-04 12:25:05,4.67,0,0
2026-09-04 12:25:05,3.09,0,0
2026-09-04 12:25:05,4.07,0,0
2026-09-04 12:25:05,4.71,0,0
2026-09-04 12:25:05,3.37,0,0
2026-09-04 12:25:05,4.44,0,0
2026-09-04 12:25:05,3.81,0,0
2026-09-04 12:25:05,2.56,0,0
2026-09-04 12:25:05,3.87,0,0
2026-09-04 12:25:06,3.67,0,0
2026-09-04 12:25:06,4.71,0,0
2026-09-04 12:25:06,3.77,0,0
2026-09-04 12:25:06,4.57,0,0
2026-09-04 12:25:06,5.83,0,0
2026-09-04 12:25:06,4.16,0,0
2026-09-04 12:25:06,6.38,0,0
2026-09-04 12:25:06,4.51,0,0
2026-09-04 12:25:06,4.79,0,0
2026-09-04 12:25:06,4.64,0,0
2026-09-04 12:25:07,3.9,0,0
2026-09-04 12:25:07,5.08,0,0
2026-09-04 12:25:07,4.56,0,0
2026-09-04 12:25:07,3.67,0,0
2026-09-04 12:25:07,3.64,0,0
2026-09-04 12:25:07,2.86,0,0
2026-09-04 12:25:07,3.61,0,0
2026-09-04 12:25:07,3.31,0,0
2026-09-04 12:25:07,4.06,0,0
2026-09-04 12:25:08,4.8,0,0
2026-09-04 12:25:08,3.35,0,0
2026-09-04 12:25:08,3.82,0,0
2026-09-04 12:25:08,4.43,0,0
2026-09-04 12:25:08,2.89,0,0
2026-09-04 12:25:08,2.91,0,0
2026-09-04 12:25:08,4.7,0,0
2026-09-04 12:25:08,3.01,0,0
2026-09-04 12:25:08,2.99,0,0
2026-09-04 12:25:08,4.88,0,0
2026-09-04 12:25:09,3.15,0,0
2026-09-04 12:25:09,3.3,0,0
2026-09-04 12:25:09,2.68,0,0
2026-09-04 12:25:09,4.15,0,0
2026-09-04 12:25:09,3.89,0,0
2026-09-04 12:25:09,4.33,0,0
2026-09-04 12:25:09,3.46,0,0
2026-09-04 12:25:09,4.52,0,0
2026-09-04 12:25:09,3.72,0,0
2026-09-04 12:25:10,4.62,0,0
2026-09-04 12:25:10,3.95,0,0
2026-09-04 12:25:10,5.28,0,0
2026-09-04 12:25:10,4.29,0,0
2026-09-04 12:25:10,3.5,0,0
2026-09-04 12:25:10,4.62,0,0
2026-09-04 12:25:10,3.44,0,0
2026-09-04 12:25:10,4.05,0,0
2026-09-04 12:25:10,3.38,0,0
2026-09-04 12:25:10,3.15,0,0
2026-09-04 12:25:11,4.15,0,0
2026-09-04 12:25:11,4.38,0,0
2026-09-04 12:25:11,5.34,0,0
2026-09-04 12:25:11,4.05,0,0
2026-09-04 12:25:11,4.72,0,0
2026-09-04 12:25:11,4.26,0,0
2026-09-04 12:25:11,3.59,0,0
2026-09-04 12:25:11,4.54,0,0
2026-09-04 12:25:11,4.6,0,0
2026-09-04 12:25:12,3.46,0,0
2026-09-04 12:25:12,4.41,0,0
2026-09-04 12:25:12,3.7,0,0
2026-09-04 12:25:12,3.03,0,0
2026-09-04 12:25:12,4.52,0,0
2026-09-04 12:25:12,3.21,0,0
2026-09-04 12:25:12,4.82,0,0
2026-09-04 12:25:12,3.07,0,0
2026-09-04 12:25:12,3.23,0,0
2026-09-04 12:25:12,2.91,0,0
2026-09-04 12:25:13,2.1,0,0
2026-09-04 12:25:13,3.89,0,0
2026-09-04 12:25:13,3.95,0,0
2026-09-04 12:25:13,4.18,0,0
2026-09-04 12:25:13,5.27,0,0
2026-09-04 12:25:13,2.81,0,0
2026-09-04 12:25:13,3.48,0,0
2026-09-04 12:25:13,4.51,0,0
2026-09-04 12:25:13,4.22,0,0
2026-09-04 12:25:14,3.34,0,0
2026-09-04 12:25:14,3.17,0,0
2026-09-04 12:25:14,3.53,0,0
2026-09-04 12:25:14,4.96,0,0
2026-09-04 12:25:14,2.76,0,0
2026-09-04 12:25:14,3.42,0,0
2026-09-04 12:25:14,2.49,0,0
2026-09-04 12:25:14,4.35,0,0
2026-09-04 12:25:14,3.25,0,0
2026-09-04 12:25:14,3.06,0,0
2026-09-04 12:25:15,3.43,0,0
2026-09-04 12:25:15,3.51,0,0
2026-09-04 12:25:15,3.61,0,0
2026-09-04 12:25:15,3.35,0,0
2026-09-04 12:25:15,3.44,0,0
2026-09-04 12:25:15,3.93,0,0
2026-09-04 12:25:15,3.24,0,0
2026-09-04 12:25:15,3.76,0,0
2026-09-04 12:25:15,4.05,0,0
2026-09-04 12:25:15,3.75,0,0
2026-09-04 12:25:16,4.58,0,0
2026-09-04 12:25:16,3.77,0,0
2026-09-04 12:25:16,4.02,0,0
2026-09-04 12:25:16,4.8,0,0
2026-09-04 12:25:16,3.95,0,0
2026-09-04 12:25:16,3.64,0,0
2026-09-04 12:25:16,4.12,0,0
2026-09-04 12:25:16,3.64,0,0
2026-09-04 12:25:16,3.26,0,0
2026-09-04 12:25:17,3.52,0,0
2026-09-04 12:25:17,3.99,0,0
2026-09-04 12:25:17,2.42,0,0
2026-09-04 12:25:17,1.77,0,0
2026-09-04 12:25:17,3.41,0,0
2026-09-04 12:25:17,2.89,0,0
2026-09-04 12:25:17,3.5,0,0
2026-09-04 12:25:17,2.61,0,0
2026-09-04 12:25:17,3.0,0,0
2026-09-04 12:25:17,3.65,0,0
2026-09-04 12:25:18,4.93,0,0
2026-09-04 12:25:18,3.37,0,0
2026-09-04 12:25:18,3.32,0,0
2026-09-04 12:25:18,3.56,0,0
2026-09-04 12:25:18,3.54,0,0
2026-09-04 12:25:18,3.88,0,0
2026-09-04 12:25:18,3.13,0,0
2026-09-04 12:25:18,3.11,0,0
2026-09-04 12:25:18,3.42,0,0
2026-09-04 12:25:19,3.46,0,0
2026-09-04 12:25:19,4.71,0,0
2026-09-04 12:25:19,3.17,0,0
2026-09-04 12:25:19,2.62,0,0
2026-09-04 12:25:19,3.75,0,0
2026-09-04 12:25:19,3.77,0,0
2026-09-04 12:25:19,2.94,0,0
2026-09-04 12:25:19,2.91,0,0
2026-09-04 12:25:19,3.15,0,0
2026-09-04 12:25:19,3.88,0,0
2026-09-04 12:25:20,3.05,0,0
2026-09-04 12:25:20,2.85,0,0
2026-09-04 12:25:20,4.17,0,0
2026-09-04 12:25:20,3.16,0,0
2026-09-04 12:25:20,2.24,0,0
2026-09-04 12:25:20,3.03,0,0
2026-09-04 12:25:20,2.86,0,0
2026-09-04 12:25:20,2.85,0,0
2026-09-04 12:25:20,3.16,0,0
2026-09-04 12:25:21,2.78,0,0
2026-09-04 12:25:21,4.34,0,0
2026-09-04 12:25:21,2.48,0,0
2026-09-04 12:25:21,3.39,0,0
2026-09-04 12:25:21,2.98,0,0
2026-09-04 12:25:21,4.59,0,0
2026-09-04 12:25:21,3.54,0,0
2026-09-04 12:25:21,4.21,0,0
2026-09-04 12:25:21,2.96,0,0
2026-09-04 12:25:21,3.79,0,0
2026-09-04 12:25:22,3.97,0,0
2026-09-04 12:25:22,3.21,0,0
2026-09-04 12:25:22,4.06,0,0
2026-09-04 12:25:22,5.17,0,0
2026-09-04 12:25:22,3.34,0,0
2026-09-04 12:25:22,3.6,0,0
2026-09-04 12:25:22,4.05,0,0
2026-09-04 12:25:22,2.79,0,0
2026-09-04 12:25:22,2.83,0,0
2026-09-04 12:25:23,3.02,0,0
2026-09-04 12:25:23,3.45,0,0
2026-09-04 12:25:23,2.93,0,0
2026-09-04 12:25:23,3.68,0,0
2026-09-04 12:25:23,4.39,0,0
2026-09-04 12:25:23,4.92,0,0
2026-09-04 12:25:23,3.1,0,0
2026-09-04 12:25:23,3.28,0,0
2026-09-04 12:25:23,3.12,0,0
2026-09-04 12:25:23,2.66,0,0
2026-09-04 12:25:24,2.17,0,0
2026-09-04 12:25:24,3.54,0,0
2026-09-04 12:25:24,2.83,0,0
2026-09-04 12:25:24,4.29,0,0
2026-09-04 12:25:24,3.35,0,0
2026-09-04 12:25:24,3.0,0,0
2026-09-04 12:25:24,3.65,0,0
2026-09-04 12:25:24,3.22,0,0
2026-09-04 12:25:24,4.35,0,0
2026-09-04 12:25:24,4.2,0,0
2026-09-04 12:25:25,4.14,0,0
2026-09-04 12:25:25,3.92,0,0
2026-09-04 12:25:25,4.17,0,0
2026-09-04 12:25:25,5.33,0,0
2026-09-04 12:25:25,3.42,0,0
2026-09-04 12:25:25,4.75,0,0
2026-09-04 12:25:25,3.93,0,0
2026-09-04 12:25:25,3.15,0,0
2026-09-04 12:25:25,7.89,0,0
2026-09-04 12:25:26,4.05,0,0
2026-09-04 12:25:26,3.3,0,0
2026-09-04 12:25:26,4.16,0,0
2026-09-04 12:25:26,3.61,0,0
2026-09-04 12:25:26,3.78,0,0
2026-09-04 12:25:26,4.14,0,0
2026-09-04 12:25:26,4.41,0,0
2026-09-04 12:25:26,3.64,0,0
2026-09-04 12:25:26,3.1,0,0
2026-09-04 12:25:26,2.77,0,0
2026-09-04 12:25:27,3.69,0,0
2026-09-04 12:25:27,2.37,0,0
2026-09-04 12:25:27,4.05,0,0
2026-09-04 12:25:27,3.43,0,0
2026-09-04 12:25:27,3.67,0,0
2026-09-04 12:25:27,3.66,0,0
2026-09-04 12:25:27,3.67,0,0
2026-09-04 12:25:27,4.11,0,0
2026-09-04 12:25:27,4.81,0,0
2026-09-04 12:25:28,4.58,0,0
2026-09-04 12:25:28,3.5,0,0
2026-09-04 12:25:28,4.97,0,0
2026-09-04 12:25:28,3.98,0,0
2026-09-04 12:25:28,3.8,0,0
2026-09-04 12:25:28,4.42,0,0
2026-09-04 12:25:28,3.48,0,0
2026-09-04 12:25:28,2.65,0,0
2026-09-04 12:25:28,3.74,0,0
2026-09-04 12:25:28,4.96,0,0
2026-09-04 12:25:29,3.24,0,0
2026-09-04 12:25:29,3.45,0,0
2026-09-04 12:25:29,4.02,0,0
2026-09-04 12:25:29,3.28,0,0
2026-09-04 12:25:29,2.77,0,0
2026-09-04 12:25:29,3.34,0,0
2026-09-04 12:25:29,3.19,0,0
2026-09-04 12:25:29,3.66,0,0
2026-09-04 12:25:29,3.5,0,0
2026-09-04 12:25:30,3.49,0,0
2026-09-04 12:25:30,3.29,0,0
2026-09-04 12:25:30,4.19,0,0
2026-09-04 12:25:30,3.66,0,0
2026-09-04 12:25:30,4.1,0,0
2026-09-04 12:25:30,2.94,0,0
2026-09-04 12:25:30,3.71,0,0
2026-09-04 12:25:30,3.8,0,0
2026-09-04 12:26:00,3.71,0,0
2026-09-04 12:26:00,4.73,0,0
2026-09-04 12:26:01,3.67,0,0
2026-09-04 12:26:01,3.72,0,0
2026-09-04 12:26:01,3.91,0,0
2026-09-04 12:26:01,3.42,0,0
2026-09-04 12:26:01,3.57,0,0
2026-09-04 12:26:01,4.38,0,0
2026-09-04 12:26:01,3.36,0,0
2026-09-04 12:26:01,5.55,0,0
2026-09-04 12:26:01,4.14,0,0
2026-09-04 12:26:02,3.22,0,0
2026-09-04 12:26:02,2.98,0,0
2026-09-04 12:26:02,3.67,0,0
2026-09-04 12:26:02,3.13,0,0
2026-09-04 12:26:02,4.02,0,0
2026-09-04 12:26:02,3.37,0,0
2026-09-04 12:26:02,4.43,0,0
2026-09-04 12:26:02,4.62,0,0
2026-09-04 12:26:02,4.21,0,0
2026-09-04 12:26:02,5.29,0,0
2026-09-04 12:26:03,4.08,0,0
2026-09-04 12:26:03,3.53,0,0
2026-09-04 12:26:03,3.6,0,0
2026-09-04 12:26:03,3.54,0,0
2026-09-04 12:26:03,3.81,0,0
2026-09-04 12:26:03,3.07,0,0
2026-09-04 12:26:03,3.89,0,0
2026-09-04 12:26:03,5.05,0,0
2026-09-04 12:26:03,4.19,0,0
2026-09-04 12:26:04,4.53,0,0
2026-09-04 12:26:04,3.59,0,0
2026-09-04 12:26:04,3.88,0,0
2026-09-04 12:26:04,5.54,0,0
2026-09-04 12:26:04,3.33,0,0
2026-09-04 12:26:04,3.77,0,0
2026-09-04 12:26:04,4.4,0,0
2026-09-04 12:26:04,4.28,0,0
2026-09-04 12:26:04,4.76,0,0
2026-09-04 12:26:04,5.21,0,0
2026-09-04 12:26:05,3.75,0,0
2026-09-04 12:26:05,4.04,0,0
2026-09-04 12:26:05,3.23,0,0
2026-09-04 12:26:05,4.09,0,0
2026-09-04 12:26:05,4.43,0,0
2026-09-04 12:26:05,3.26,0,0
2026-09-04 12:26:05,4.65,0,0
2026-09-04 12:26:05,3.55,0,0
2026-09-04 12:26:05,3.95,0,0
2026-09-04 12:26:06,4.51,0,0
2026-09-04 12:26:06,3.78,0,0
2026-09-04 12:26:06,3.44,0,0
2026-09-04 12:26:06,2.91,0,0
2026-09-04 12:26:06,3.9,0,0
2026-09-04 12:26:06,3.2,0,0
2026-09-04 12:26:06,4.62,0,0
2026-09-04 12:26:06,4.14,0,0
2026-09-04 12:26:06,3.42,0,0
2026-09-04 12:26:06,3.96,0,0
2026-09-04 12:26:07,4.65,0,0
2026-09-04 12:26:07,4.19,0,0
2026-09-04 12:26:07,3.91,0,0
2026-09-04 12:26:07,3.17,0,0
2026-09-04 12:26:07,3.78,0,0
2026-09-04 12:26:07,3.66,0,0
2026-09-04 12:26:07,3.06,0,0
2026-09-04 12:26:07,3.43,0,0
2026-09-04 12:26:07,3.17,0,0
2026-09-04 12:26:07,4.32,0,0
2026-09-04 12:26:08,4.76,0,0
2026-09-04 12:26:08,3.39,0,0
2026-09-04 12:26:08,4.77,0,0
2026-09-04 12:26:08,3.55,0,0
2026-09-04 12:26:08,4.55,0,0
2026-09-04 12:26:08,4.24,0,0
2026-09-04 12:26:08,3.2,0,0
2026-09-04 12:26:08,2.91,0,0
2026-09-04 12:26:08,4.46,0,0
2026-09-04 12:26:09,4.32,0,0
2026-09-04 12:26:09,4.11,0,0
2026-09-04 12:26:09,3.78,0,0
2026-09-04 12:26:09,3.42,0,0
2026-09-04 12:26:09,3.13,0,0
2026-09-04 12:26:09,3.56,0,0
2026-09-04 12:26:09,2.96,0,0
2026-09-04 12:26:09,3.23,0,0
2026-09-04 12:26:09,3.63,0,0
2026-09-04 12:26:09,3.37,0,0
2026-09-04 12:26:10,3.83,0,0
2026-09-04 12:26:10,4.32,0,0
2026-09-04 12:26:10,4.7,0,0
2026-09-04 12:26:10,3.31,0,0
2026-09-04 12:26:10,3.54,0,0
2026-09-04 12:26:10,3.81,0,0
2026-09-04 12:26:10,4.72,0,0
2026-09-04 12:26:10,4.73,0,0
2026-09-04 12:26:10,3.62,0,0
2026-09-04 12:26:11,3.21,0,0
2026-09-04 12:26:11,3.65,0,0
2026-09-04 12:26:11,4.29,0,0
2026-09-04 12:26:11,3.33,0,0
2026-09-04 12:26:11,4.0,0,0
2026-09-04 12:26:11,3.22,0,0
2026-09-04 12:26:11,4.55,0,0
2026-09-04 12:26:11,3.74,0,0
2026-09-04 12:26:11,4.73,0,0
2026-09-04 12:26:11,4.87,0,0
2026-09-04 12:26:12,4.11,0,0
2026-09-04 12:26:12,5.16,0,0
2026-09-04 12:26:12,4.12,0,0
2026-09-04 12:26:12,4.36,0,0
2026-09-04 12:26:12,3.85,0,0
2026-09-04 12:26:12,2.62,0,0
2026-09-04 12:26:12,3.18,0,0
2026-09-04 12:26:12,3.22,0,0
2026-09-04 12:26:12,3.31,0,0
2026-09-04 12:26:13,4.67,0,0
2026-09-04 12:26:13,4.4,0,0
2026-09-04 12:26:13,3.29,0,0
2026-09-04 12:26:13,4.36,0,0
2026-09-04 12:26:13,4.28,0,0
2026-09-04 12:26:13,3.36,0,0
2026-09-04 12:26:13,4.46,0,0
2026-09-04 12:26:13,3.36,0,0
2026-09-04 12:26:13,3.77,0,0
2026-09-04 12:26:13,5.11,0,0
2026-09-04 12:26:14,3.35,0,0
2026-09-04 12:26:14,3.22,0,0
2026-09-04 12:26:14,3.06,0,0
2026-09-04 12:26:14,4.47,0,0
2026-09-04 12:26:14,3.2,0,0
2026-09-04 12:26:14,4.73,0,0
2026-09-04 12:26:14,3.66,0,0
2026-09-04 12:26:14,3.5,0,0
2026-09-04 12:26:14,3.79,0,0
2026-09-04 12:26:15,4.28,0,0
2026-09-04 12:26:15,4.28,0,0
2026-09-04 12:26:15,3.42,0,0
2026-09-04 12:26:15,4.98,0,0
2026-09-04 12:26:15,3.54,0,0
2026-09-04 12:26:15,4.57,0,0
2026-09-04 12:26:15,2.72,0,0
2026-09-04 12:26:15,3.51,0,0
2026-09-04 12:26:15,3.07,0,0
2026-09-04 12:26:15,2.83,0,0
2026-09-04 12:26:16,3.15,0,0
2026-09-04 12:26:16,3.61,0,0
2026-09-04 12:26:16,3.06,0,0
2026-09-04 12:26:16,3.99,0,0
2026-09-04 12:26:16,3.75,0,0
2026-09-04 12:26:16,3.9,0,0
2026-09-04 12:26:16,4.45,0,0
2026-09-04 12:26:16,5.1,0,0
2026-09-04 12:26:16,3.14,0,0
2026-09-04 12:26:17,4.26,0,0
2026-09-04 12:26:17,4.22,0,0
2026-09-04 12:26:17,3.26,0,0
2026-09-04 12:26:17,2.52,0,0
2026-09-04 12:26:17,4.47,0,0
2026-09-04 12:26:17,3.83,0,0
2026-09-04 12:26:17,4.1,0,0
2026-09-04 12:26:17,3.47,0,0
2026-09-04 12:26:17,3.48,0,0
2026-09-04 12:26:17,3.37,0,0
2026-09-04 12:26:18,2.72,0,0
2026-09-04 12:26:18,4.01,0,0
2026-09-04 12:26:18,2.79,0,0
2026-09-04 12:26:18,4.42,0,0
2026-09-04 12:26:18,2.75,0,0
2026-09-04 12:26:18,3.81,0,0
2026-09-04 12:26:18,3.16,0,0
2026-09-04 12:26:18,3.84,0,0
2026-09-04 12:26:18,4.68,0,0
2026-09-04 12:26:19,3.77,0,0
2026-09-04 12:26:19,4.87,0,0
2026-09-04 12:26:19,3.03,0,0
2026-09-04 12:26:19,4.23,0,0
2026-09-04 12:26:19,4.98,0,0
2026-09-04 12:26:19,4.82,0,0
2026-09-04 12:26:19,4.56,0,0
2026-09-04 12:26:19,3.66,0,0
2026-09-04 12:26:19,3.32,0,0
2026-09-04 12:26:19,3.45,0,0
2026-09-04 12:26:20,4.2,0,0
2026-09-04 12:26:20,3.98,0,0
2026-09-04 12:26:20,3.22,0,0
2026-09-04 12:26:20,3.62,0,0
2026-09-04 12:26:20,3.68,0,0
2026-09-04 12:26:20,4.51,0,0
2026-09-04 12:26:20,3.05,0,0
2026-09-04 12:26:20,2.57,0,0
2026-09-04 12:26:20,4.05,0,0
2026-09-04 12:26:21,2.99,0,0
2026-09-04 12:26:21,4.36,0,0
2026-09-04 12:26:21,4.49,0,0
2026-09-04 12:26:21,3.64,0,0
2026-09-04 12:26:21,2.83,0,0
2026-09-04 12:26:21,5.35,0,0
2026-09-04 12:26:21,4.22,0,0
2026-09-04 12:26:21,3.73,0,0
2026-09-04 12:26:21,3.36,0,0
2026-09-04 12:26:21,4.0,0,0
2026-09-04 12:26:22,3.21,0,0
2026-09-04 12:26:22,3.65,0,0
2026-09-04 12:26:22,3.81,0,0
2026-09-04 12:26:22,2.94,0,0
2026-09-04 12:26:22,2.33,0,0
2026-09-04 12:26:22,2.82,0,0
2026-09-04 12:26:22,3.2,0,0
2026-09-04 12:26:22,4.23,0,0
2026-09-04 12:26:22,2.47,0,0
2026-09-04 12:26:23,3.75,0,0
2026-09-04 12:26:23,3.96,0,0
2026-09-04 12:26:23,3.19,0,0
2026-09-04 12:26:23,2.83,0,0
2026-09-04 12:26:23,3.51,0,0
2026-09-04 12:26:23,2.54,0,0
2026-09-04 12:26:23,4.03,0,0
2026-09-04 12:26:23,3.17,0,0
2026-09-04 12:26:23,3.51,0,0
2026-09-04 12:26:23,3.81,0,0
2026-09-04 12:26:24,3.86,0,0
2026-09-04 12:26:24,3.88,0,0
2026-09-04 12:26:24,3.79,0,0
2026-09-04 12:26:24,4.45,0,0
2026-09-04 12:26:24,3.62,0,0
2026-09-04 12:26:24,3.35,0,0
2026-09-04 12:26:24,3.96,0,0
2026-09-04 12:26:24,3.67,0,0
2026-09-04 12:26:24,3.12,0,0
2026-09-04 12:26:25,3.56,0,0
2026-09-04 12:26:25,3.38,0,0
2026-09-04 12:26:25,2.96,0,0
2026-09-04 12:26:25,3.31,0,0
2026-09-04 12:26:25,3.4,0,0
2026-09-04 12:26:25,3.17,0,0
2026-09-04 12:26:25,4.25,0,0
2026-09-04 12:26:25,3.8,0,0
2026-09-04 12:26:25,4.17,0,0
2026-09-04 12:26:25,3.93,0,0
2026-09-04 12:26:26,3.42,0,0
2026-09-04 12:26:26,3.98,0,0
2026-09-04 12:26:26,4.63,0,0
2026-09-04 12:26:26,3.89,0,0
2026-09-04 12:26:26,3.47,0,0
2026-09-04 12:26:26,3.41,0,0
2026-09-04 12:26:26,2.76,0,0
2026-09-04 12:26:26,2.73,0,0
2026-09-04 12:26:26,3.73,0,0
2026-09-04 12:26:26,3.81,0,0
2026-09-04 12:26:27,4.17,0,0
2026-09-04 12:26:27,3.73,0,0
2026-09-04 12:26:27,3.46,0,0
2026-09-04 12:26:27,2.96,0,0
2026-09-04 12:26:27,3.39,0,0
2026-09-04 12:26:27,3.52,0,0
2026-09-04 12:26:27,3.76,0,0
2026-09-04 12:26:27,3.76,0,0
2026-09-04 12:26:27,3.61,0,0
2026-09-04 12:26:28,4.38,0,0
2026-09-04 12:26:28,3.73,0,0
2026-09-04 12:26:28,4.24,0,0
2026-09-04 12:26:28,2.79,0,0
2026-09-04 12:26:28,3.61,0,0
2026-09-04 12:26:28,3.75,0,0
2026-09-04 12:26:28,3.99,0,0
2026-09-04 12:26:28,4.36,0,0
2026-09-04 12:26:28,3.0,0,0
2026-09-04 12:26:28,4.09,0,0
2026-09-04 12:26:29,3.72,0,0
2026-09-04 12:26:29,4.12,0,0
2026-09-04 12:26:29,3.52,0,0
2026-09-04 12:26:29,3.83,0,0
2026-09-04 12:26:29,4.47,0,0
2026-09-04 12:26:29,3.88,0,0
2026-09-04 12:26:29,3.35,0,0
2026-09-04 12:26:29,3.97,0,0
2026-09-04 12:26:29,3.71,0,0
2026-09-04 12:26:30,4.34,0,0
2026-09-04 12:26:30,4.24,0,0
2026-09-04 12:26:30,3.87,0,0
2026-09-04 12:26:30,3.02,0,0
2026-09-04 12:26:30,4.06,0,0
2026-09-04 12:26:30,4.7,0,0
2026-09-04 12:26:30,4.23,0,0
2026-09-04 12:26:30,3.73,0,0
2026-09-04 12:26:51,781.61,0,0
2026-09-04 12:26:51,3.91,0,0
2026-09-04 12:26:51,4.91,0,0
2026-09-04 12:26:51,3.77,0,0
2026-09-04 12:26:51,4.56,0,0
2026-09-04 12:26:51,3.34,0,0
2026-09-04 12:26:51,3.11,0,0
2026-09-04 12:26:51,3.23,0,0
2026-09-04 12:26:51,4.09,0,0
2026-09-04 12:26:51,3.38,0,0
2026-09-04 12:26:52,2.72,0,0
2026-09-04 12:26:52,3.34,0,0
2026-09-04 12:26:52,3.57,0,0
2026-09-04 12:26:52,2.83,0,0
2026-09-04 12:26:52,3.37,0,0
2026-09-04 12:26:52,3.87,0,0
2026-09-04 12:26:52,2.62,0,0
2026-09-04 12:26:52,4.1,0,0
2026-09-04 12:26:52,2.38,0,0
2026-09-04 12:26:53,2.65,0,0
2026-09-04 12:26:53,2.52,0,0
2026-09-04 12:26:53,2.55,0,0
2026-09-04 12:26:53,3.27,0,0
2026-09-04 12:26:53,2.9,0,0
2026-09-04 12:26:53,3.48,0,0
2026-09-04 12:26:53,2.53,0,0
2026-09-04 12:26:53,5.68,0,0
2026-09-04 12:26:53,4.26,0,0
2026-09-04 12:26:53,4.49,0,0
2026-09-04 12:26:54,6.59,0,0
2026-09-04 12:26:54,4.08,0,0
2026-09-04 12:26:54,3.31,0,0
2026-09-04 12:26:54,3.9,0,0
2026-09-04 12:26:54,4.81,0,0
2026-09-04 12:26:54,5.01,0,0
2026-09-04 12:26:54,4.8,0,0
2026-09-04 12:26:54,4.59,0,0
2026-09-04 12:26:54,4.72,0,0
2026-09-04 12:26:55,5.01,0,0
2026-09-04 12:26:55,4.71,0,0
2026-09-04 12:26:55,3.81,0,0
2026-09-04 12:26:55,3.83,0,0
2026-09-04 12:26:55,4.28,0,0
2026-09-04 12:26:55,4.25,0,0
2026-09-04 12:26:55,4.12,0,0
2026-09-04 12:26:55,4.05,0,0
2026-09-04 12:26:55,4.32,0,0
2026-09-04 12:26:55,3.86,0,0
2026-09-04 12:26:56,4.33,0,0
2026-09-04 12:26:56,3.49,0,0
2026-09-04 12:26:56,4.21,0,0
2026-09-04 12:26:56,3.38,0,0
2026-09-04 12:26:56,2.38,0,0
2026-09-04 12:26:56,3.48,0,0
2026-09-04 12:26:56,2.73,0,0
2026-09-04 12:26:56,2.95,0,0
2026-09-04 12:26:56,3.17,0,0
2026-09-04 12:26:56,3.12,0,0
2026-09-04 12:26:57,3.66,0,0
2026-09-04 12:26:57,4.03,0,0
2026-09-04 12:26:57,3.35,0,0
2026-09-04 12:26:57,3.9,0,0
2026-09-04 12:26:57,2.71,0,0
2026-09-04 12:26:57,4.29,0,0
2026-09-04 12:26:57,4.16,0,0
2026-09-04 12:26:57,5.15,0,0
2026-09-04 12:26:57,6.19,0,0
2026-09-04 12:26:58,3.8,0,0
2026-09-04 12:26:58,3.41,0,0
2026-09-04 12:26:58,4.55,0,0
2026-09-04 12:26:58,4.07,0,0
2026-09-04 12:26:58,5.01,0,0
2026-09-04 12:26:58,3.06,0,0
2026-09-04 12:26:58,4.42,0,0
2026-09-04 12:26:58,3.89,0,0
2026-09-04 12:26:58,3.36,0,0
2026-09-04 12:26:59,5.85,0,0
2026-09-04 12:26:59,3.29,0,0
2026-09-04 12:26:59,4.14,0,0
2026-09-04 12:26:59,5.44,0,0
2026-09-04 12:26:59,4.64,0,0
2026-09-04 12:26:59,5.07,0,0
2026-09-04 12:26:59,4.93,0,0
2026-09-04 12:26:59,3.85,0,0
2026-09-04 12:26:59,5.06,0,0
2026-09-04 12:26:59,3.92,0,0
2026-09-04 12:27:00,3.46,0,0
2026-09-04 12:27:00,3.0,0,0
2026-09-04 12:27:00,3.6,0,0
2026-09-04 12:27:00,4.2,0,0
2026-09-04 12:27:00,4.14,0,0
2026-09-04 12:27:00,3.63,0,0
2026-09-04 12:27:00,3.16,0,0
2026-09-04 12:27:00,4.34,0,0
2026-09-04 12:27:00,4.75,0,0
2026-09-04 12:27:01,3.83,0,0
2026-09-04 12:27:01,4.39,0,0
2026-09-04 12:27:01,4.02,0,0
2026-09-04 12:27:01,3.97,0,0
2026-09-04 12:27:01,4.64,0,0
2026-09-04 12:27:01,6.07,0,0
2026-09-04 12:27:01,4.63,0,0
2026-09-04 12:27:01,3.99,0,0
2026-09-04 12:27:01,5.26,0,0
2026-09-04 12:27:01,4.47,0,0
2026-09-04 12:27:02,3.38,0,0
2026-09-04 12:27:02,4.52,0,0
2026-09-04 12:27:02,5.84,0,0
2026-09-04 12:27:02,6.19,0,0
2026-09-04 12:27:02,4.63,0,0
2026-09-04 12:27:02,3.87,0,0
2026-09-04 12:27:02,3.22,0,0
2026-09-04 12:27:02,3.08,0,0
2026-09-04 12:27:02,4.68,0,0
2026-09-04 12:27:03,4.56,0,0
2026-09-04 12:27:03,4.45,0,0
2026-09-04 12:27:03,4.88,0,0
2026-09-04 12:27:03,3.4,0,0
2026-09-04 12:27:03,3.88,0,0
2026-09-04 12:27:03,3.31,0,0
2026-09-04 12:27:03,3.27,0,0
2026-09-04 12:27:03,5.06,0,0
2026-09-04 12:27:03,3.44,0,0
2026-09-04 12:27:03,3.26,0,0
2026-09-04 12:27:04,3.4,0,0
2026-09-04 12:27:04,3.01,0,0
2026-09-04 12:27:04,4.53,0,0
2026-09-04 12:27:04,5.19,0,0
2026-09-04 12:27:04,4.63,0,0
2026-09-04 12:27:04,4.31,0,0
2026-09-04 12:27:04,3.33,0,0
2026-09-04 12:27:04,4.1,0,0
2026-09-04 12:27:04,5.01,0,0
2026-09-04 12:27:05,4.29,0,0
2026-09-04 12:27:05,3.47,0,0
2026-09-04 12:27:05,4.26,0,0
2026-09-04 12:27:05,4.73,0,0
2026-09-04 12:27:05,3.49,0,0
2026-09-04 12:27:05,4.02,0,0
2026-09-04 12:27:05,4.92,0,0
2026-09-04 12:27:05,3.71,0,0
2026-09-04 12:27:05,4.25,0,0
2026-09-04 12:27:05,2.96,0,0
2026-09-04 12:27:06,3.06,0,0
2026-09-04 12:27:06,3.26,0,0
2026-09-04 12:27:06,4.66,0,0
2026-09-04 12:27:06,3.3,0,0
2026-09-04 12:27:06,3.97,0,0
2026-09-04 12:27:06,3.3,0,0
2026-09-04 12:27:06,3.41,0,0
2026-09-04 12:27:06,3.16,0,0
2026-09-04 12:27:06,2.66,0,0
2026-09-04 12:27:07,3.9,0,0
2026-09-04 12:27:07,4.58,0,0
2026-09-04 12:27:07,3.96,0,0
2026-09-04 12:27:07,3.11,0,0
2026-09-04 12:27:07,4.93,0,0
2026-09-04 12:27:07,3.33,0,0
2026-09-04 12:27:07,3.4,0,0
2026-09-04 12:27:07,3.61,0,0
2026-09-04 12:27:07,3.3,0,0
2026-09-04 12:27:07,4.05,0,0
2026-09-04 12:27:08,2.63,0,0
2026-09-04 12:27:08,3.28,0,0
2026-09-04 12:27:08,3.88,0,0
2026-09-04 12:27:08,4.49,0,0
2026-09-04 12:27:08,3.22,0,0
2026-09-04 12:27:08,4.61,0,0
2026-09-04 12:27:08,3.87,0,0
2026-09-04 12:27:08,3.85,0,0
2026-09-04 12:27:08,3.18,0,0
2026-09-04 12:27:09,4.68,0,0
2026-09-04 12:27:09,4.75,0,0
2026-09-04 12:27:09,3.98,0,0
2026-09-04 12:27:09,4.76,0,0
2026-09-04 12:27:09,3.82,0,0
2026-09-04 12:27:09,5.15,0,0
2026-09-04 12:27:09,4.89,0,0
2026-09-04 12:27:09,3.84,0,0
2026-09-04 12:27:09,4.26,0,0
2026-09-04 12:27:09,3.49,0,0
2026-09-04 12:27:10,3.38,0,0
2026-09-04 12:27:10,5.34,0,0
2026-09-04 12:27:10,4.6,0,0
2026-09-04 12:27:10,3.05,0,0
2026-09-04 12:27:10,5.19,0,0
2026-09-04 12:27:10,4.6,0,0
2026-09-04 12:27:10,4.02,0,0
2026-09-04 12:27:10,2.54,0,0
2026-09-04 12:27:10,4.73,0,0
2026-09-04 12:27:11,4.03,0,0
2026-09-04 12:27:11,4.27,0,0
2026-09-04 12:27:11,3.69,0,0
2026-09-04 12:27:11,3.73,0,0
2026-09-04 12:27:11,3.25,0,0
2026-09-04 12:27:11,3.66,0,0
2026-09-04 12:27:11,3.07,0,0
2026-09-04 12:27:11,2.79,0,0
2026-09-04 12:27:11,4.28,0,0
2026-09-04 12:27:11,5.14,0,0
2026-09-04 12:27:12,3.37,0,0
2026-09-04 12:27:12,4.29,0,0
2026-09-04 12:27:12,4.24,0,0
2026-09-04 12:27:12,3.14,0,0
2026-09-04 12:27:12,4.38,0,0
2026-09-04 12:27:12,3.37,0,0
2026-09-04 12:27:12,4.15,0,0
2026-09-04 12:27:12,3.39,0,0
2026-09-04 12:27:12,4.45,0,0
2026-09-04 12:27:13,5.15,0,0
2026-09-04 12:27:13,3.8,0,0
2026-09-04 12:27:13,3.67,0,0
2026-09-04 12:27:13,3.46,0,0
2026-09-04 12:27:13,4.02,0,0
2026-09-04 12:27:13,3.8,0,0
2026-09-04 12:27:13,5.91,0,0
2026-09-04 12:27:13,4.41,0,0
2026-09-04 12:27:13,3.54,0,0
2026-09-04 12:27:13,4.54,0,0
2026-09-04 12:27:14,3.04,0,0
2026-09-04 12:27:14,5.11,0,0
2026-09-04 12:27:14,4.09,0,0
2026-09-04 12:27:14,4.91,0,0
2026-09-04 12:27:14,3.93,0,0
2026-09-04 12:27:14,4.12,0,0
2026-09-04 12:27:14,4.09,0,0
2026-09-04 12:27:14,4.57,0,0
2026-09-04 12:27:14,3.22,0,0
2026-09-04 12:27:15,4.85,0,0
2026-09-04 12:27:15,3.46,0,0
2026-09-04 12:27:15,3.53,0,0
2026-09-04 12:27:15,3.67,0,0
2026-09-04 12:27:15,4.61,0,0
2026-09-04 12:27:15,4.08,0,0
2026-09-04 12:27:15,4.07,0,0
2026-09-04 12:27:15,3.63,0,0
2026-09-04 12:27:15,3.92,0,0
2026-09-04 12:27:15,3.62,0,0
2026-09-04 12:27:16,4.23,0,0
2026-09-04 12:27:16,3.12,0,0
2026-09-04 12:27:16,2.82,0,0
2026-09-04 12:27:16,3.96,0,0
2026-09-04 12:27:16,4.82,0,0
2026-09-04 12:27:16,3.3,0,0
2026-09-04 12:27:16,3.89,0,0
2026-09-04 12:27:16,3.45,0,0
2026-09-04 12:27:16,3.66,0,0
2026-09-04 12:27:17,3.11,0,0
2026-09-04 12:27:17,3.05,0,0
2026-09-04 12:27:17,3.59,0,0
2026-09-04 12:27:17,5.78,0,0
2026-09-04 12:27:17,3.62,0,0
2026-09-04 12:27:17,4.29,0,0
2026-09-04 12:27:17,4.61,0,0
2026-09-04 12:27:17,3.2,0,0
2026-09-04 12:27:17,2.91,0,0
2026-09-04 12:27:17,5.17,0,0
2026-09-04 12:27:18,3.1,0,0
2026-09-04 12:27:18,4.22,0,0
2026-09-04 12:27:18,3.19,0,0
2026-09-04 12:27:18,3.56,0,0
2026-09-04 12:27:18,5.69,0,0
2026-09-04 12:27:18,4.08,0,0
2026-09-04 12:27:18,3.32,0,0
2026-09-04 12:27:18,4.1,0,0
2026-09-04 12:27:18,3.83,0,0
2026-09-04 12:27:19,3.42,0,0
2026-09-04 12:27:19,4.28,0,0
2026-09-04 12:27:19,3.16,0,0
2026-09-04 12:27:19,3.46,0,0
2026-09-04 12:27:19,3.65,0,0
2026-09-04 12:27:19,2.86,0,0
2026-09-04 12:27:19,3.18,0,0
2026-09-04 12:27:19,3.74,0,0
2026-09-04 12:27:19,3.61,0,0
2026-09-04 12:27:19,3.33,0,0
2026-09-04 12:27:20,3.36,0,0
2026-09-04 12:27:20,4.87,0,0
2026-09-04 12:27:20,4.72,0,0
2026-09-04 12:27:20,3.56,0,0
2026-09-04 12:27:20,4.75,0,0
2026-09-04 12:27:20,4.84,0,0
2026-09-04 12:27:20,5.65,0,0
2026-09-04 12:27:20,3.72,0,0
2026-09-04 12:27:20,3.48,0,0
2026-09-04 12:27:51,636.11,0,0
2026-09-04 12:27:51,22.69,0,0
2026-09-04 12:27:51,30.92,0,0
2026-09-04 12:27:51,30.65,0,0
2026-09-04 12:27:51,15.63,0,0
2026-09-04 12:27:52,30.55,0,0
2026-09-04 12:27:52,30.7,0,0
2026-09-04 12:27:52,32.83,0,0
2026-09-04 12:27:52,18.93,0,0
2026-09-04 12:27:52,30.44,0,0
2026-09-04 12:27:52,31.13,0,0
2026-09-04 12:27:52,31.86,0,0
2026-09-04 12:27:53,31.71,0,0
2026-09-04 12:27:53,31.35,0,0
2026-09-04 12:27:53,29.42,0,0
2026-09-04 12:27:53,33.0,0,0
2026-09-04 12:27:53,31.14,0,0
2026-09-04 12:27:53,31.56,0,0
2026-09-04 12:27:53,31.16,0,0
2026-09-04 12:27:54,31.4,0,0
2026-09-04 12:27:54,30.78,0,0
2026-09-04 12:27:54,32.07,0,0
2026-09-04 12:27:54,16.46,0,0
2026-09-04 12:27:54,32.73,0,0
2026-09-04 12:27:54,31.32,0,0
2026-09-04 12:27:54,32.1,0,0
2026-09-04 12:27:55,30.66,0,0
2026-09-04 12:27:55,15.56,0,0
2026-09-04 12:27:55,31.34,0,0
2026-09-04 12:27:55,31.45,0,0
2026-09-04 12:27:55,32.96,0,0
2026-09-04 12:27:55,31.4,0,0
2026-09-04 12:27:55,18.93,0,0
2026-09-04 12:27:55,31.9,0,0
2026-09-04 12:27:56,32.04,0,0
2026-09-04 12:27:56,33.05,0,0
2026-09-04 12:27:56,31.42,0,0
2026-09-04 12:27:56,18.88,0,0
2026-09-04 12:27:56,31.55,0,0
2026-09-04 12:27:56,31.32,0,0
2026-09-04 12:27:56,5.13,0,0
2026-09-04 12:27:57,18.18,0,0
2026-09-04 12:27:57,31.35,0,0
2026-09-04 12:27:57,30.55,0,0
2026-09-04 12:27:57,4.44,0,0
2026-09-04 12:27:57,8.91,0,0
2026-09-04 12:27:57,3.31,0,0
2026-09-04 12:27:57,31.68,0,0
2026-09-04 12:27:57,15.24,0,0
2026-09-04 12:27:58,31.83,0,0
2026-09-04 12:27:58,31.79,0,0
2026-09-04 12:27:58,31.21,0,0
2026-09-04 12:27:58,30.62,0,0
2026-09-04 12:27:58,31.96,0,0
2026-09-04 12:27:58,32.02,0,0
2026-09-04 12:27:58,9.38,0,0
2026-09-04 12:27:58,32.23,0,0
2026-09-04 12:27:59,32.48,0,0
2026-09-04 12:27:59,17.8,0,0
2026-09-04 12:27:59,20.59,0,0
2026-09-04 12:27:59,31.5,0,0
2026-09-04 12:27:59,31.81,0,0
2026-09-04 12:27:59,16.06,0,0
2026-09-04 12:27:59,15.96,0,0
2026-09-04 12:28:00,31.02,0,0
2026-09-04 12:28:00,31.22,0,0
2026-09-04 12:28:00,32.46,0,0
2026-09-04 12:28:00,32.02,0,0
2026-09-04 12:28:00,13.64,0,0
2026-09-04 12:28:00,31.23,0,0
2026-09-04 12:28:00,32.52,0,0
2026-09-04 12:28:01,30.91,0,0
2026-09-04 12:28:01,32.85,0,0
2026-09-04 12:28:01,32.67,0,0
2026-09-04 12:28:01,4.4,0,0
2026-09-04 12:28:01,21.26,0,0
2026-09-04 12:28:01,31.18,0,0
2026-09-04 12:28:01,32.06,0,0
2026-09-04 12:28:01,6.14,0,0
2026-09-04 12:28:02,16.96,0,0
2026-09-04 12:28:02,31.68,0,0
2026-09-04 12:28:02,31.06,0,0
2026-09-04 12:28:02,6.01,0,0
2026-09-04 12:28:02,16.42,0,0
2026-09-04 12:28:02,31.31,0,0
2026-09-04 12:28:02,32.24,0,0
2026-09-04 12:28:02,32.49,0,0
2026-09-04 12:28:03,32.15,0,0
2026-09-04 12:28:03,28.42,0,0
2026-09-04 12:28:03,32.18,0,0
2026-09-04 12:28:03,31.05,0,0
2026-09-04 12:28:03,17.36,0,0
2026-09-04 12:28:03,6.38,0,0
2026-09-04 12:28:03,25.4,0,0
2026-09-04 12:28:04,31.86,0,0
2026-09-04 12:28:04,31.63,0,0
2026-09-04 12:28:04,31.82,0,0
2026-09-04 12:28:04,32.76,0,0
2026-09-04 12:28:04,6.41,0,0
2026-09-04 12:28:04,4.58,0,0
2026-09-04 12:28:04,32.85,0,0
2026-09-04 12:28:04,30.74,0,0
2026-09-04 12:28:05,31.01,0,0
2026-09-04 12:28:05,32.01,0,0
2026-09-04 12:28:05,31.56,0,0
2026-09-04 12:28:05,17.29,0,0
2026-09-04 12:28:05,32.11,0,0
2026-09-04 12:28:05,32.58,0,0
2026-09-04 12:28:05,15.84,0,0
2026-09-04 12:28:06,31.37,0,0
2026-09-04 12:28:06,32.36,0,0
2026-09-04 12:28:06,31.0,0,0
2026-09-04 12:28:06,33.01,0,0
2026-09-04 12:28:06,30.91,0,0
2026-09-04 12:28:06,16.71,0,0
2026-09-04 12:28:06,33.22,0,0
2026-09-04 12:28:07,30.1,0,0
2026-09-04 12:28:07,16.06,0,0
2026-09-04 12:28:07,31.24,0,0
2026-09-04 12:28:07,18.59,0,0
2026-09-04 12:28:07,31.47,0,0
2026-09-04 12:28:07,32.88,0,0
2026-09-04 12:28:07,31.36,0,0
2026-09-04 12:28:07,32.93,0,0
2026-09-04 12:28:08,31.35,0,0
2026-09-04 12:28:08,31.76,0,0
2026-09-04 12:28:08,30.95,0,0
2026-09-04 12:28:08,31.47,0,0
2026-09-04 12:28:08,32.2,0,0
2026-09-04 12:28:08,22.87,0,0
2026-09-04 12:28:08,30.81,0,0
2026-09-04 12:28:09,30.93,0,0
2026-09-04 12:28:09,19.2,0,0
2026-09-04 12:28:09,31.03,0,0
2026-09-04 12:28:09,31.89,0,0
2026-09-04 12:28:09,16.21,0,0
2026-09-04 12:28:09,29.95,0,0
2026-09-04 12:28:09,32.29,0,0
2026-09-04 12:28:10,24.06,0,0
2026-09-04 12:28:10,32.06,0,0
2026-09-04 12:28:10,18.14,0,0
2026-09-04 12:28:10,31.2,0,0
2026-09-04 12:28:10,32.02,0,0
2026-09-04 12:28:10,32.8,0,0
2026-09-04 12:28:10,11.81,0,0
2026-09-04 12:28:10,13.34,0,0
2026-09-04 12:28:11,31.93,0,0
2026-09-04 12:28:11,32.2,0,0
2026-09-04 12:28:11,30.94,0,0
2026-09-04 12:28:11,31.19,0,0
2026-09-04 12:28:11,32.25,0,0
2026-09-04 12:28:11,31.4,0,0
2026-09-04 12:28:11,16.49,0,0
2026-09-04 12:28:12,31.22,0,0
2026-09-04 12:28:12,5.2,0,0
2026-09-04 12:28:12,32.14,0,0
2026-09-04 12:28:12,33.07,0,0
2026-09-04 12:28:12,24.09,0,0
2026-09-04 12:28:12,27.36,0,0
2026-09-04 12:28:12,31.75,0,0
2026-09-04 12:28:12,31.11,0,0
2026-09-04 12:28:13,8.2,0,0
2026-09-04 12:28:13,4.45,0,0
2026-09-04 12:28:13,4.59,0,0
2026-09-04 12:28:13,9.22,0,0
2026-09-04 12:28:13,32.29,0,0
2026-09-04 12:28:13,32.65,0,0
2026-09-04 12:28:13,19.39,0,0
2026-09-04 12:28:13,32.21,0,0
2026-09-04 12:28:14,31.43,0,0
2026-09-04 12:28:14,3.92,0,0
2026-09-04 12:28:14,31.13,0,0
2026-09-04 12:28:14,32.18,0,0
2026-09-04 12:28:14,19.84,0,0
2026-09-04 12:28:14,5.04,0,0
2026-09-04 12:28:14,30.98,0,0
2026-09-04 12:28:14,31.97,0,0
2026-09-04 12:28:15,31.58,0,0
2026-09-04 12:28:15,31.15,0,0
2026-09-04 12:28:15,31.65,0,0
2026-09-04 12:28:15,10.86,0,0
2026-09-04 12:28:15,30.58,0,0
2026-09-04 12:28:15,31.36,0,0
2026-09-04 12:28:15,17.73,0,0
2026-09-04 12:28:16,31.46,0,0
2026-09-04 12:28:16,31.93,0,0
2026-09-04 12:28:16,32.68,0,0
2026-09-04 12:28:16,31.31,0,0
2026-09-04 12:28:16,18.48,0,0
2026-09-04 12:28:16,29.07,0,0
2026-09-04 12:28:16,25.32,0,0
2026-09-04 12:28:17,32.48,0,0
2026-09-04 12:28:17,19.48,0,0
2026-09-04 12:28:17,18.42,0,0
2026-09-04 12:28:17,32.01,0,0
2026-09-04 12:28:17,32.11,0,0
2026-09-04 12:28:17,30.8,0,0
2026-09-04 12:28:17,19.97,0,0
2026-09-04 12:28:17,31.82,0,0
2026-09-04 12:28:18,31.05,0,0
2026-09-04 12:28:18,32.47,0,0
2026-09-04 12:28:18,34.93,0,0
2026-09-04 12:28:18,19.16,0,0
2026-09-04 12:28:18,31.91,0,0
2026-09-04 12:28:18,31.82,0,0
2026-09-04 12:28:18,32.29,0,0
2026-09-04 12:28:19,15.77,0,0
2026-09-04 12:28:19,32.42,0,0
2026-09-04 12:28:19,32.91,0,0
2026-09-04 12:28:19,33.29,0,0
2026-09-04 12:28:19,31.23,0,0
2026-09-04 12:28:19,32.26,0,0
2026-09-04 12:28:19,25.2,0,0
2026-09-04 12:28:20,31.56,0,0
2026-09-04 12:28:20,31.76,0,0
2026-09-04 12:28:20,31.51,0,0
2026-09-04 12:28:20,29.93,0,0
2026-09-04 12:28:20,32.61,0,0
2026-09-04 12:28:20,31.68,0,0
2026-09-04 12:28:20,19.02,0,0
2026-09-04 12:28:51,31.08,0,0
2026-09-04 12:28:51,31.52,0,0
2026-09-04 12:28:51,15.74,0,0
2026-09-04 12:28:51,32.08,0,0
2026-09-04 12:28:51,31.62,0,0
2026-09-04 12:28:51,30.97,0,0
2026-09-04 12:28:51,31.77,0,0
2026-09-04 12:28:52,33.09,0,0
2026-09-04 12:28:52,6.8,0,0
2026-09-04 12:28:52,30.97,0,0
2026-09-04 12:28:52,31.39,0,0
2026-09-04 12:28:52,22.77,0,0
2026-09-04 12:28:52,31.87,0,0
2026-09-04 12:28:52,32.0,0,0
2026-09-04 12:28:53,32.6,0,0
2026-09-04 12:28:53,31.74,0,0
2026-09-04 12:28:53,31.2,0,0
2026-09-04 12:28:53,15.56,0,0
2026-09-04 12:28:53,31.45,0,0
2026-09-04 12:28:53,31.5,0,0
2026-09-04 12:28:53,16.22,0,0
2026-09-04 12:28:53,30.42,0,0
2026-09-04 12:28:54,30.6,0,0
2026-09-04 12:28:54,18.49,0,0
2026-09-04 12:28:54,3.57,0,0
2026-09-04 12:28:54,4.72,0,0
2026-09-04 12:28:54,3.78,0,0
2026-09-04 12:28:54,33.26,0,0
2026-09-04 12:28:54,32.6,0,0
2026-09-04 12:28:54,14.82,0,0
2026-09-04 12:28:55,32.42,0,0
2026-09-04 12:28:55,30.79,0,0
2026-09-04 12:28:55,15.78,0,0
2026-09-04 12:28:55,23.77,0,0
2026-09-04 12:28:55,31.36,0,0
2026-09-04 12:28:55,33.03,0,0
2026-09-04 12:28:55,4.97,0,0
2026-09-04 12:28:56,32.05,0,0
2026-09-04 12:28:56,32.08,0,0
2026-09-04 12:28:56,31.9,0,0
2026-09-04 12:28:56,30.54,0,0
2026-09-04 12:28:56,31.98,0,0
2026-09-04 12:28:56,16.01,0,0
2026-09-04 12:28:56,16.63,0,0
2026-09-04 12:28:56,32.45,0,0
2026-09-04 12:28:57,31.74,0,0
2026-09-04 12:28:57,19.63,0,0
2026-09-04 12:28:57,30.6,0,0
2026-09-04 12:28:57,30.67,0,0
2026-09-04 12:28:57,32.8,0,0
2026-09-04 12:28:57,30.22,0,0
2026-09-04 12:28:57,17.33,0,0
2026-09-04 12:28:58,16.35,0,0
2026-09-04 12:28:58,18.48,0,0
2026-09-04 12:28:58,31.86,0,0
2026-09-04 12:28:58,33.53,0,0
2026-09-04 12:28:58,18.6,0,0
2026-09-04 12:28:58,32.06,0,0
2026-09-04 12:28:58,31.7,0,0
2026-09-04 12:28:58,4.56,0,0
2026-09-04 12:28:59,3.98,0,0
2026-09-04 12:28:59,6.27,0,0
2026-09-04 12:28:59,31.74,0,0
2026-09-04 12:28:59,32.51,0,0
2026-09-04 12:28:59,3.38,0,0
2026-09-04 12:28:59,15.66,0,0
2026-09-04 12:28:59,32.04,0,0
2026-09-04 12:28:59,31.16,0,0
2026-09-04 12:29:00,10.65,0,0
2026-09-04 12:29:00,32.57,0,0
2026-09-04 12:29:00,30.59,0,0
2026-09-04 12:29:00,31.34,0,0
2026-09-04 12:29:00,16.91,0,0
2026-09-04 12:29:00,33.45,0,0
2026-09-04 12:29:00,31.14,0,0
2026-09-04 12:29:01,32.77,0,0
2026-09-04 12:29:01,33.0,0,0
2026-09-04 12:29:01,15.74,0,0
2026-09-04 12:29:01,3.91,0,0
2026-09-04 12:29:01,26.18,0,0
2026-09-04 12:29:01,34.9,0,0
2026-09-04 12:29:01,31.45,0,0
2026-09-04 12:29:01,32.19,0,0
2026-09-04 12:29:02,32.59,0,0
2026-09-04 12:29:02,15.03,0,0
2026-09-04 12:29:02,32.76,0,0
2026-09-04 12:29:02,30.73,0,0
2026-09-04 12:29:02,32.48,0,0
2026-09-04 12:29:02,31.43,0,0
2026-09-04 12:29:02,16.02,0,0
2026-09-04 12:29:03,19.09,0,0
2026-09-04 12:29:03,3.57,0,0
2026-09-04 12:29:03,3.84,0,0
2026-09-04 12:29:03,31.22,0,0
2026-09-04 12:29:03,32.01,0,0
2026-09-04 12:29:03,32.44,0,0
2026-09-04 12:29:03,14.67,0,0
2026-09-04 12:29:03,15.19,0,0
2026-09-04 12:29:04,31.11,0,0
2026-09-04 12:29:04,16.7,0,0
2026-09-04 12:29:04,32.81,0,0
2026-09-04 12:29:04,32.45,0,0
2026-09-04 12:29:04,31.71,0,0
2026-09-04 12:29:04,32.33,0,0
2026-09-04 12:29:04,31.24,0,0
2026-09-04 12:29:05,16.04,0,0
2026-09-04 12:29:05,32.29,0,0
2026-09-04 12:29:05,34.33,0,0
2026-09-04 12:29:05,31.35,0,0
2026-09-04 12:29:05,31.05,0,0
2026-09-04 12:29:05,30.9,0,0
2026-09-04 12:29:05,31.55,0,0
2026-09-04 12:29:05,31.85,0,0
2026-09-04 12:29:06,30.97,0,0
2026-09-04 12:29:06,31.0,0,0
2026-09-04 12:29:06,30.1,0,0
2026-09-04 12:29:06,31.54,0,0
2026-09-04 12:29:06,32.33,0,0
2026-09-04 12:29:06,32.49,0,0
2026-09-04 12:29:06,31.32,0,0
2026-09-04 12:29:07,30.96,0,0
2026-09-04 12:29:07,26.68,0,0
2026-09-04 12:29:07,25.71,0,0
2026-09-04 12:29:07,31.4,0,0
2026-09-04 12:29:07,31.85,0,0
2026-09-04 12:29:07,23.99,0,0
2026-09-04 12:29:07,27.85,0,0
2026-09-04 12:29:08,33.24,0,0
2026-09-04 12:29:08,4.2,0,0
2026-09-04 12:29:08,5.53,0,0
2026-09-04 12:29:08,31.51,0,0
2026-09-04 12:29:08,31.64,0,0
2026-09-04 12:29:08,31.07,0,0
2026-09-04 12:29:08,31.84,0,0
2026-09-04 12:29:08,31.91,0,0
2026-09-04 12:29:09,16.09,0,0
2026-09-04 12:29:09,31.76,0,0
2026-09-04 12:29:09,15.56,0,0
2026-09-04 12:29:09,31.84,0,0
2026-09-04 12:29:09,23.2,0,0
2026-09-04 12:29:09,31.91,0,0
2026-09-04 12:29:09,31.6,0,0
2026-09-04 12:29:10,7.75,0,0
2026-09-04 12:29:10,23.74,0,0
2026-09-04 12:29:10,31.29,0,0
2026-09-04 12:29:10,31.91,0,0
2026-09-04 12:29:10,7.18,0,0
2026-09-04 12:29:10,31.48,0,0
2026-09-04 12:29:10,32.01,0,0
2026-09-04 12:29:10,34.03,0,0
2026-09-04 12:29:11,30.79,0,0
2026-09-04 12:29:11,31.01,0,0
2026-09-04 12:29:11,16.44,0,0
2026-09-04 12:29:11,31.56,0,0
2026-09-04 12:29:11,31.31,0,0
2026-09-04 12:29:11,30.36,0,0
2026-09-04 12:29:11,32.22,0,0
2026-09-04 12:29:12,31.27,0,0
2026-09-04 12:29:12,15.15,0,0
2026-09-04 12:29:12,30.78,0,0
2026-09-04 12:29:12,31.55,0,0
2026-09-04 12:29:12,16.14,0,0
2026-09-04 12:29:12,30.69,0,0
2026-09-04 12:29:12,30.96,0,0
2026-09-04 12:29:12,30.29,0,0
2026-09-04 12:29:13,31.4,0,0
2026-09-04 12:29:13,30.78,0,0
2026-09-04 12:29:13,30.85,0,0
2026-09-04 12:29:13,32.74,0,0
2026-09-04 12:29:13,31.64,0,0
2026-09-04 12:29:13,31.07,0,0
2026-09-04 12:29:13,30.74,0,0
2026-09-04 12:29:14,31.37,0,0
2026-09-04 12:29:14,3.31,0,0
2026-09-04 12:29:14,7.81,0,0
2026-09-04 12:29:14,30.07,0,0
2026-09-04 12:29:14,30.01,0,0
2026-09-04 12:29:14,15.71,0,0
2026-09-04 12:29:14,31.76,0,0
2026-09-04 12:29:14,33.05,0,0
2026-09-04 12:29:15,30.42,0,0
2026-09-04 12:29:15,30.73,0,0
2026-09-04 12:29:15,31.24,0,0
2026-09-04 12:29:15,15.47,0,0
2026-09-04 12:29:15,6.09,0,0
2026-09-04 12:29:15,30.83,0,0
2026-09-04 12:29:15,20.68,0,0
2026-09-04 12:29:16,32.82,0,0
2026-09-04 12:29:16,20.6,0,0
2026-09-04 12:29:16,33.41,0,0
2026-09-04 12:29:16,33.14,0,0
2026-09-04 12:29:16,33.25,0,0
2026-09-04 12:29:16,30.97,0,0
2026-09-04 12:29:16,21.15,0,0
2026-09-04 12:29:17,32.58,0,0
2026-09-04 12:29:17,33.46,0,0
2026-09-04 12:29:17,23.85,0,0
2026-09-04 12:29:17,29.85,0,0
2026-09-04 12:29:17,31.53,0,0
2026-09-04 12:29:17,26.85,0,0
2026-09-04 12:29:17,22.09,0,0
2026-09-04 12:29:17,21.8,0,0
2026-09-04 12:29:18,31.99,0,0
2026-09-04 12:29:18,18.22,0,0
2026-09-04 12:29:18,30.87,0,0
2026-09-04 12:29:18,32.56,0,0
2026-09-04 12:29:18,18.11,0,0
2026-09-04 12:29:18,17.89,0,0
2026-09-04 12:29:18,32.26,0,0
2026-09-04 12:29:19,31.45,0,0
2026-09-04 12:29:19,15.77,0,0
2026-09-04 12:29:19,32.31,0,0
2026-09-04 12:29:19,32.91,0,0
2026-09-04 12:29:19,31.17,0,0
2026-09-04 12:29:19,30.99,0,0
2026-09-04 12:29:19,32.67,0,0
2026-09-04 12:29:19,17.58,0,0
2026-09-04 12:29:20,31.1,0,0
2026-09-04 12:29:20,30.63,0,0
2026-09-04 12:29:20,9.41,0,0
2026-09-04 12:29:20,28.93,0,0
2026-09-04 12:29:20,32.11,0,0
2026-09-04 12:29:20,32.4,0,0
2026-09-04 12:29:20,21.66,0,0
2026-09-04 12:29:21,22.05,0,0
2026-09-04 12:29:41,5000,1,0
2026-09-04 12:29:42,5000,1,0
2026-09-04 12:29:43,840.29,0,0
2026-09-04 12:29:43,30.66,0,0
2026-09-04 12:29:43,30.75,0,0
2026-09-04 12:29:44,32.11,0,0
2026-09-04 12:29:44,17.39,0,0
2026-09-04 12:29:44,31.66,0,0
2026-09-04 12:29:44,31.68,0,0
2026-09-04 12:29:44,32.08,0,0
2026-09-04 12:29:44,31.5,0,0
2026-09-04 12:29:44,30.39,0,0
2026-09-04 12:29:45,31.12,0,0
2026-09-04 12:29:45,32.87,0,0
2026-09-04 12:29:45,30.71,0,0
2026-09-04 12:29:45,31.12,0,0
2026-09-04 12:29:45,31.83,0,0
2026-09-04 12:29:45,22.78,0,0
2026-09-04 12:29:45,33.24,0,0
2026-09-04 12:29:46,31.6,0,0
2026-09-04 12:29:46,15.68,0,0
2026-09-04 12:29:46,15.3,0,0
2026-09-04 12:29:46,31.61,0,0
2026-09-04 12:29:46,31.38,0,0
2026-09-04 12:29:46,15.66,0,0
2026-09-04 12:29:46,31.23,0,0
2026-09-04 12:29:46,15.3,0,0
2026-09-04 12:29:47,16.04,0,0
2026-09-04 12:29:47,30.81,0,0
2026-09-04 12:29:47,30.8,0,0
2026-09-04 12:29:47,33.26,0,0
2026-09-04 12:29:47,15.06,0,0
2026-09-04 12:29:47,31.91,0,0
2026-09-04 12:29:47,4.51,0,0
2026-09-04 12:29:47,31.84,0,0
2026-09-04 12:29:48,30.24,0,0
2026-09-04 12:29:48,32.94,0,0
2026-09-04 12:29:48,31.57,0,0
2026-09-04 12:29:48,31.3,0,0
2026-09-04 12:29:48,32.81,0,0
2026-09-04 12:29:48,32.09,0,0
2026-09-04 12:29:48,9.63,0,0
2026-09-04 12:29:49,30.75,0,0
2026-09-04 12:29:49,30.85,0,0
2026-09-04 12:29:49,15.31,0,0
2026-09-04 12:29:49,32.41,0,0
2026-09-04 12:29:49,30.96,0,0
2026-09-04 12:29:49,17.84,0,0
2026-09-04 12:29:49,20.24,0,0
2026-09-04 12:29:49,30.58,0,0
2026-09-04 12:29:50,31.68,0,0
2026-09-04 12:29:50,30.68,0,0
2026-09-04 12:29:50,31.34,0,0
2026-09-04 12:29:50,31.83,0,0
2026-09-04 12:29:50,31.8,0,0
2026-09-04 12:29:50,31.69,0,0
2026-09-04 12:29:50,32.49,0,0
2026-09-04 12:29:51,31.59,0,0
2026-09-04 12:29:51,30.59,0,0
2026-09-04 12:29:51,18.04,0,0
2026-09-04 12:29:51,18.37,0,0
2026-09-04 12:29:51,31.38,0,0
2026-09-04 12:29:51,15.68,0,0
2026-09-04 12:29:51,15.53,0,0
2026-09-04 12:29:52,22.27,0,0
2026-09-04 12:29:52,32.07,0,0
2026-09-04 12:29:52,31.49,0,0
2026-09-04 12:29:52,32.77,0,0
2026-09-04 12:29:52,30.44,0,0
2026-09-04 12:29:52,32.36,0,0
2026-09-04 12:29:52,29.68,0,0
2026-09-04 12:29:52,31.97,0,0
2026-09-04 12:29:53,13.94,0,0
2026-09-04 12:29:53,32.42,0,0
2026-09-04 12:29:53,32.46,0,0
2026-09-04 12:29:53,29.64,0,0
2026-09-04 12:29:53,31.29,0,0
2026-09-04 12:29:53,31.1,0,0
2026-09-04 12:29:53,19.36,0,0
2026-09-04 12:29:54,31.74,0,0
2026-09-04 12:29:54,31.09,0,0
2026-09-04 12:29:54,31.28,0,0
2026-09-04 12:29:54,32.56,0,0
2026-09-04 12:29:54,31.79,0,0
2026-09-04 12:29:54,31.03,0,0
2026-09-04 12:29:54,31.44,0,0
2026-09-04 12:29:55,31.53,0,0
2026-09-04 12:29:55,31.58,0,0
2026-09-04 12:29:55,29.81,0,0
2026-09-04 12:29:55,31.93,0,0
2026-09-04 12:29:55,32.25,0,0
2026-09-04 12:29:55,18.8,0,0
2026-09-04 12:29:55,31.5,0,0
2026-09-04 12:29:56,31.74,0,0
2026-09-04 12:29:56,33.52,0,0
2026-09-04 12:29:56,30.35,0,0
2026-09-04 12:29:56,23.91,0,0
2026-09-04 12:29:56,31.72,0,0
2026-09-04 12:29:56,12.55,0,0
2026-09-04 12:29:56,10.34,0,0
2026-09-04 12:29:56,16.63,0,0
2026-09-04 12:29:57,32.27,0,0
2026-09-04 12:29:57,30.43,0,0
2026-09-04 12:29:57,31.78,0,0
2026-09-04 12:29:57,31.98,0,0
2026-09-04 12:29:57,31.5,0,0
2026-09-04 12:29:57,31.91,0,0
2026-09-04 12:29:57,31.04,0,0
2026-09-04 12:29:58,31.71,0,0
2026-09-04 12:29:58,21.13,0,0
2026-09-04 12:29:58,31.86,0,0
2026-09-04 12:29:58,31.49,0,0
2026-09-04 12:29:58,31.36,0,0
2026-09-04 12:29:58,30.92,0,0
2026-09-04 12:29:58,19.42,0,0
2026-09-04 12:29:59,30.73,0,0
2026-09-04 12:29:59,31.96,0,0
2026-09-04 12:29:59,32.07,0,0
2026-09-04 12:29:59,31.58,0,0
2026-09-04 12:29:59,29.55,0,0
2026-09-04 12:29:59,32.21,0,0
2026-09-04 12:29:59,30.77,0,0
2026-09-04 12:29:59,22.36,0,0
2026-09-04 12:30:00,30.44,0,0
2026-09-04 12:30:00,31.04,0,0
2026-09-04 12:30:00,15.88,0,0
2026-09-04 12:30:00,6.34,0,0
2026-09-04 12:30:00,15.12,0,0
2026-09-04 12:30:00,31.58,0,0
2026-09-04 12:30:00,31.28,0,0
2026-09-04 12:30:01,16.11,0,0
2026-09-04 12:30:01,31.24,0,0
2026-09-04 12:30:01,31.56,0,0
2026-09-04 12:30:01,21.07,0,0
2026-09-04 12:30:01,29.89,0,0
2026-09-04 12:30:01,31.2,0,0
2026-09-04 12:30:01,22.19,0,0
2026-09-04 12:30:01,15.55,0,0
2026-09-04 12:30:02,33.13,0,0
2026-09-04 12:30:02,31.88,0,0
2026-09-04 12:30:02,32.35,0,0
2026-09-04 12:30:02,30.34,0,0
2026-09-04 12:30:02,30.23,0,0
2026-09-04 12:30:02,31.16,0,0
2026-09-04 12:30:02,31.03,0,0
2026-09-04 12:30:03,26.54,0,0
2026-09-04 12:30:03,18.07,0,0
2026-09-04 12:30:03,32.46,0,0
2026-09-04 12:30:03,29.98,0,0
2026-09-04 12:30:03,24.47,0,0
2026-09-04 12:30:03,30.36,0,0
2026-09-04 12:30:03,31.48,0,0
2026-09-04 12:30:04,29.72,0,0
2026-09-04 12:30:04,31.91,0,0
2026-09-04 12:30:04,29.43,0,0
2026-09-04 12:30:04,31.39,0,0
2026-09-04 12:30:04,31.67,0,0
2026-09-04 12:30:04,31.18,0,0
2026-09-04 12:30:04,31.61,0,0
2026-09-04 12:30:04,32.07,0,0
2026-09-04 12:30:05,30.95,0,0
2026-09-04 12:30:05,32.15,0,0
2026-09-04 12:30:05,31.01,0,0
2026-09-04 12:30:05,21.37,0,0
2026-09-04 12:30:05,31.31,0,0
2026-09-04 12:30:05,31.69,0,0
2026-09-04 12:30:05,4.03,0,0
2026-09-04 12:30:06,30.58,0,0
2026-09-04 12:30:06,32.15,0,0
2026-09-04 12:30:06,21.72,0,0
2026-09-04 12:30:06,31.09,0,0
2026-09-04 12:30:06,34.96,0,0
2026-09-04 12:30:06,32.65,0,0
2026-09-04 12:30:06,32.72,0,0
2026-09-04 12:30:07,32.13,0,0
2026-09-04 12:30:07,32.21,0,0
2026-09-04 12:30:07,32.05,0,0
2026-09-04 12:30:07,32.32,0,0
2026-09-04 12:30:07,15.61,0,0
2026-09-04 12:30:07,32.96,0,0
2026-09-04 12:30:07,16.38,0,0
2026-09-04 12:30:07,19.51,0,0
2026-09-04 12:30:08,16.51,0,0
2026-09-04 12:30:08,31.58,0,0
2026-09-04 12:30:08,15.5,0,0
2026-09-04 12:30:08,30.64,0,0
2026-09-04 12:30:08,30.51,0,0
2026-09-04 12:30:08,31.27,0,0
2026-09-04 12:30:08,32.06,0,0
2026-09-04 12:30:09,31.87,0,0
2026-09-04 12:30:09,19.25,0,0
2026-09-04 12:30:09,30.99,0,0
2026-09-04 12:30:09,31.52,0,0
2026-09-04 12:30:09,32.08,0,0
2026-09-04 12:30:09,30.54,0,0
2026-09-04 12:30:09,32.63,0,0
2026-09-04 12:30:09,32.9,0,0
2026-09-04 12:30:10,15.15,0,0
2026-09-04 12:30:10,31.04,0,0
2026-09-04 12:30:10,15.88,0,0
2026-09-04 12:30:10,30.66,0,0
2026-09-04 12:30:10,31.49,0,0
2026-09-04 12:30:10,33.47,0,0
2026-09-04 12:30:10,31.27,0,0
2026-09-04 12:30:11,30.95,0,0
2026-09-04 12:30:41,725.26,0,0
2026-09-04 12:30:41,31.78,0,0
2026-09-04 12:30:41,31.28,0,0
2026-09-04 12:30:41,22.95,0,0
2026-09-04 12:30:42,31.73,0,0
2026-09-04 12:30:42,32.14,0,0
2026-09-04 12:30:42,15.09,0,0
2026-09-04 12:30:42,23.6,0,0
2026-09-04 12:30:42,18.05,0,0
2026-09-04 12:30:42,32.24,0,0
2026-09-04 12:30:42,10.22,0,0
2026-09-04 12:30:42,3.28,0,0
2026-09-04 12:30:43,4.85,0,0
2026-09-04 12:30:43,30.33,0,0
2026-09-04 12:30:43,30.94,0,0
2026-09-04 12:30:43,19.78,0,0
2026-09-04 12:30:43,2.29,0,0
2026-09-04 12:30:43,7.11,0,0
2026-09-04 12:30:43,18.1,0,0
2026-09-04 12:30:43,14.65,0,0
2026-09-04 12:30:44,32.15,0,0
2026-09-04 12:30:44,9.72,0,0
2026-09-04 12:30:44,28.96,0,0
2026-09-04 12:30:44,31.53,0,0
2026-09-04 12:30:44,31.44,0,0
2026-09-04 12:30:44,20.26,0,0
2026-09-04 12:30:44,30.72,0,0
2026-09-04 12:30:45,31.46,0,0
2026-09-04 12:30:45,31.95,0,0
2026-09-04 12:30:45,31.04,0,0
2026-09-04 12:30:45,31.39,0,0
2026-09-04 12:30:45,3.11,0,0
2026-09-04 12:30:45,3.08,0,0
2026-09-04 12:30:45,2.9,0,0
2026-09-04 12:30:45,3.27,0,0
2026-09-04 12:30:45,30.64,0,0
2026-09-04 12:30:46,32.52,0,0
2026-09-04 12:30:46,20.69,0,0
2026-09-04 12:30:46,31.01,0,0
2026-09-04 12:30:46,31.87,0,0
2026-09-04 12:30:46,17.79,0,0
2026-09-04 12:30:46,3.95,0,0
2026-09-04 12:30:46,3.9,0,0
2026-09-04 12:30:47,30.67,0,0
2026-09-04 12:30:47,31.33,0,0
2026-09-04 12:30:47,18.53,0,0
2026-09-04 12:30:47,31.88,0,0
2026-09-04 12:30:47,32.23,0,0
2026-09-04 12:30:47,21.43,0,0
2026-09-04 12:30:47,27.98,0,0
2026-09-04 12:30:47,22.79,0,0
2026-09-04 12:30:48,18.59,0,0
2026-09-04 12:30:48,26.15,0,0
2026-09-04 12:30:48,26.94,0,0
2026-09-04 12:30:48,32.41,0,0
2026-09-04 12:30:48,31.06,0,0
2026-09-04 12:30:48,21.02,0,0
2026-09-04 12:30:48,31.21,0,0
2026-09-04 12:30:49,32.07,0,0
2026-09-04 12:30:49,21.13,0,0
2026-09-04 12:30:49,30.98,0,0
2026-09-04 12:30:49,33.05,0,0
2026-09-04 12:30:49,15.04,0,0
2026-09-04 12:30:49,31.71,0,0
2026-09-04 12:30:49,31.72,0,0
2026-09-04 12:30:49,10.88,0,0
2026-09-04 12:30:50,29.25,0,0
2026-09-04 12:30:50,31.04,0,0
2026-09-04 12:30:50,30.87,0,0
2026-09-04 12:30:50,25.08,0,0
2026-09-04 12:30:50,31.34,0,0
2026-09-04 12:30:50,31.11,0,0
2026-09-04 12:30:50,3.91,0,0
2026-09-04 12:30:50,20.57,0,0
2026-09-04 12:30:51,31.37,0,0
2026-09-04 12:30:51,31.66,0,0
2026-09-04 12:30:51,3.0,0,0
2026-09-04 12:30:51,19.3,0,0
2026-09-04 12:30:51,31.87,0,0
2026-09-04 12:30:51,32.04,0,0
2026-09-04 12:30:51,6.22,0,0
2026-09-04 12:30:52,31.96,0,0
2026-09-04 12:30:52,32.34,0,0
2026-09-04 12:30:52,24.1,0,0
2026-09-04 12:30:52,28.29,0,0
2026-09-04 12:30:52,32.01,0,0
2026-09-04 12:30:52,31.78,0,0
2026-09-04 12:30:52,24.5,0,0
2026-09-04 12:30:52,15.24,0,0
2026-09-04 12:30:53,31.71,0,0
2026-09-04 12:30:53,15.78,0,0
2026-09-04 12:30:53,31.69,0,0
2026-09-04 12:30:53,32.55,0,0
2026-09-04 12:30:53,17.72,0,0
2026-09-04 12:30:53,21.9,0,0
2026-09-04 12:30:53,30.5,0,0
2026-09-04 12:30:54,31.49,0,0
2026-09-04 12:30:54,5.3,0,0
2026-09-04 12:30:54,32.88,0,0
2026-09-04 12:30:54,31.19,0,0
2026-09-04 12:30:54,22.09,0,0
2026-09-04 12:30:54,32.28,0,0
2026-09-04 12:30:54,31.28,0,0
2026-09-04 12:30:54,17.45,0,0
2026-09-04 12:30:55,16.14,0,0
2026-09-04 12:30:55,31.0,0,0
2026-09-04 12:30:55,31.42,0,0
2026-09-04 12:30:55,16.59,0,0
2026-09-04 12:30:55,32.52,0,0
2026-09-04 12:30:55,32.11,0,0
2026-09-04 12:30:55,15.41,0,0
2026-09-04 12:30:56,32.04,0,0
2026-09-04 12:30:56,30.52,0,0
2026-09-04 12:30:56,20.63,0,0
2026-09-04 12:30:56,2.95,0,0
2026-09-04 12:30:56,30.59,0,0
2026-09-04 12:30:56,30.97,0,0
2026-09-04 12:30:56,22.28,0,0
2026-09-04 12:30:56,30.92,0,0
2026-09-04 12:30:57,30.65,0,0
2026-09-04 12:30:57,33.79,0,0
2026-09-04 12:30:57,30.85,0,0
2026-09-04 12:30:57,31.15,0,0
2026-09-04 12:30:57,19.41,0,0
2026-09-04 12:30:57,3.93,0,0
2026-09-04 12:30:57,3.82,0,0
2026-09-04 12:30:57,15.88,0,0
2026-09-04 12:30:58,31.78,0,0
2026-09-04 12:30:58,30.83,0,0
2026-09-04 12:30:58,22.28,0,0
2026-09-04 12:30:58,18.29,0,0
2026-09-04 12:30:58,31.4,0,0
2026-09-04 12:30:58,32.21,0,0
2026-09-04 12:30:58,30.86,0,0
2026-09-04 12:30:59,32.51,0,0
2026-09-04 12:30:59,15.86,0,0
2026-09-04 12:30:59,31.39,0,0
2026-09-04 12:30:59,31.76,0,0
2026-09-04 12:30:59,32.2,0,0
2026-09-04 12:30:59,4.22,0,0
2026-09-04 12:30:59,31.0,0,0
2026-09-04 12:30:59,15.82,0,0
2026-09-04 12:31:00,18.76,0,0
2026-09-04 12:31:00,31.07,0,0
2026-09-04 12:31:00,31.24,0,0
2026-09-04 12:31:00,18.9,0,0
2026-09-04 12:31:00,31.21,0,0
2026-09-04 12:31:00,32.21,0,0
2026-09-04 12:31:00,24.12,0,0
2026-09-04 12:31:01,31.45,0,0
2026-09-04 12:31:01,32.04,0,0
2026-09-04 12:31:01,31.95,0,0
2026-09-04 12:31:01,31.99,0,0
2026-09-04 12:31:01,31.45,0,0
2026-09-04 12:31:01,30.91,0,0
2026-09-04 12:31:01,31.43,0,0
2026-09-04 12:31:02,31.2,0,0
2026-09-04 12:31:02,31.33,0,0
2026-09-04 12:31:02,30.45,0,0
2026-09-04 12:31:02,21.03,0,0
2026-09-04 12:31:02,31.69,0,0
2026-09-04 12:31:02,31.76,0,0
2026-09-04 12:31:02,26.85,0,0
2026-09-04 12:31:02,12.68,0,0
2026-09-04 12:31:03,30.35,0,0
2026-09-04 12:31:03,31.55,0,0
2026-09-04 12:31:03,14.96,0,0
2026-09-04 12:31:03,30.26,0,0
2026-09-04 12:31:03,30.95,0,0
2026-09-04 12:31:03,32.44,0,0
2026-09-04 12:31:03,32.26,0,0
2026-09-04 12:31:04,30.85,0,0
2026-09-04 12:31:04,15.76,0,0
2026-09-04 12:31:04,4.16,0,0
2026-09-04 12:31:04,32.03,0,0
2026-09-04 12:31:04,16.69,0,0
2026-09-04 12:31:04,27.92,0,0
2026-09-04 12:31:04,2.54,0,0
2026-09-04 12:31:04,31.29,0,0
2026-09-04 12:31:05,31.84,0,0
2026-09-04 12:31:05,26.28,0,0
2026-09-04 12:31:05,30.5,0,0
2026-09-04 12:31:05,31.78,0,0
2026-09-04 12:31:05,23.69,0,0
2026-09-04 12:31:05,31.9,0,0
2026-09-04 12:31:05,33.15,0,0
2026-09-04 12:31:06,31.81,0,0
2026-09-04 12:31:06,30.54,0,0
2026-09-04 12:31:06,30.85,0,0
2026-09-04 12:31:06,19.3,0,0
2026-09-04 12:31:06,19.4,0,0
2026-09-04 12:31:06,31.89,0,0
2026-09-04 12:31:06,31.71,0,0
2026-09-04 12:31:06,4.13,0,0
2026-09-04 12:31:07,24.87,0,0
2026-09-04 12:31:07,30.58,0,0
2026-09-04 12:31:07,31.55,0,0
2026-09-04 12:31:07,20.97,0,0
2026-09-04 12:31:07,31.31,0,0
2026-09-04 12:31:07,30.16,0,0
2026-09-04 12:31:07,15.26,0,0
2026-09-04 12:31:08,32.39,0,0
2026-09-04 12:31:08,32.16,0,0
2026-09-04 12:31:08,8.21,0,0
2026-09-04 12:31:08,5.47,0,0
2026-09-04 12:31:08,30.9,0,0
2026-09-04 12:31:08,31.71,0,0
2026-09-04 12:31:08,31.54,0,0
2026-09-04 12:31:08,31.66,0,0
2026-09-04 12:31:09,31.49,0,0
2026-09-04 12:31:09,15.73,0,0
2026-09-04 12:31:09,3.84,0,0
2026-09-04 12:31:09,19.31,0,0
2026-09-04 12:31:09,33.08,0,0
2026-09-04 12:31:09,31.0,0,0
2026-09-04 12:31:09,22.86,0,0
2026-09-04 12:31:09,18.1,0,0
2026-09-04 12:31:10,33.66,0,0
2026-09-04 12:31:10,15.77,0,0
2026-09-04 12:31:10,2.93,0,0
2026-09-04 12:31:10,22.74,0,0
2026-09-04 12:31:10,30.89,0,0
2026-09-04 12:31:10,30.41,0,0
2026-09-04 12:31:10,3.41,0,0
2026-09-04 12:31:10,19.5,0,0
2026-09-04 12:31:11,32.27,0,0
2026-09-04 12:31:11,5.29,0,0
2026-09-04 12:31:41,31.22,0,0
2026-09-04 12:31:41,31.16,0,0
2026-09-04 12:31:41,31.47,0,0
2026-09-04 12:31:41,31.65,0,0
2026-09-04 12:31:41,31.09,0,0
2026-09-04 12:31:42,31.04,0,0
2026-09-04 12:31:42,30.12,0,0
2026-09-04 12:31:42,30.71,0,0
2026-09-04 12:31:42,31.72,0,0
2026-09-04 12:31:42,31.66,0,0
2026-09-04 12:31:42,31.44,0,0
2026-09-04 12:31:42,30.79,0,0
2026-09-04 12:31:43,31.14,0,0
2026-09-04 12:31:43,31.63,0,0
2026-09-04 12:31:43,18.23,0,0
2026-09-04 12:31:43,3.24,0,0
2026-09-04 12:31:43,3.13,0,0
2026-09-04 12:31:43,32.02,0,0
2026-09-04 12:31:43,31.12,0,0
2026-09-04 12:31:43,26.02,0,0
2026-09-04 12:31:44,31.08,0,0
2026-09-04 12:31:44,32.95,0,0
2026-09-04 12:31:44,17.49,0,0
2026-09-04 12:31:44,31.41,0,0
2026-09-04 12:31:44,31.3,0,0
2026-09-04 12:31:44,17.27,0,0
2026-09-04 12:31:44,6.8,0,0
2026-09-04 12:31:44,26.42,0,0
2026-09-04 12:31:45,33.52,0,0
2026-09-04 12:31:45,31.75,0,0
2026-09-04 12:31:45,31.66,0,0
2026-09-04 12:31:45,32.08,0,0
2026-09-04 12:31:45,17.53,0,0
2026-09-04 12:31:45,31.66,0,0
2026-09-04 12:31:45,31.51,0,0
2026-09-04 12:31:46,30.37,0,0
2026-09-04 12:31:46,31.18,0,0
2026-09-04 12:31:46,21.22,0,0
2026-09-04 12:31:46,31.45,0,0
2026-09-04 12:31:46,31.08,0,0
2026-09-04 12:31:46,31.55,0,0
2026-09-04 12:31:46,31.63,0,0
2026-09-04 12:31:47,30.78,0,0
2026-09-04 12:31:47,31.56,0,0
2026-09-04 12:31:47,20.68,0,0
2026-09-04 12:31:47,31.38,0,0
2026-09-04 12:31:47,3.86,0,0
2026-09-04 12:31:47,31.28,0,0
2026-09-04 12:31:47,4.06,0,0
2026-09-04 12:31:47,30.78,0,0
2026-09-04 12:31:48,31.1,0,0
2026-09-04 12:31:48,31.73,0,0
2026-09-04 12:31:48,32.05,0,0
2026-09-04 12:31:48,31.93,0,0
2026-09-04 12:31:48,14.9,0,0
2026-09-04 12:31:48,33.01,0,0
2026-09-04 12:31:48,31.96,0,0
2026-09-04 12:31:49,14.32,0,0
2026-09-04 12:31:49,22.45,0,0
2026-09-04 12:31:49,30.69,0,0
2026-09-04 12:31:49,32.38,0,0
2026-09-04 12:31:49,31.7,0,0
2026-09-04 12:31:49,31.63,0,0
2026-09-04 12:31:49,23.75,0,0
2026-09-04 12:31:49,25.0,0,0
2026-09-04 12:31:50,30.84,0,0
2026-09-04 12:31:50,30.55,0,0
2026-09-04 12:31:50,30.94,0,0
2026-09-04 12:31:50,30.92,0,0
2026-09-04 12:31:50,19.6,0,0
2026-09-04 12:31:50,31.23,0,0
2026-09-04 12:31:50,30.86,0,0
2026-09-04 12:31:51,27.82,0,0
2026-09-04 12:31:51,14.49,0,0
2026-09-04 12:31:51,30.83,0,0
2026-09-04 12:31:51,31.32,0,0
2026-09-04 12:31:51,32.24,0,0
2026-09-04 12:31:51,33.54,0,0
2026-09-04 12:31:51,31.92,0,0
2026-09-04 12:31:52,32.0,0,0
2026-09-04 12:31:52,32.61,0,0
2026-09-04 12:31:52,31.59,0,0
2026-09-04 12:31:52,31.75,0,0
2026-09-04 12:31:52,30.38,0,0
2026-09-04 12:31:52,4.92,0,0
2026-09-04 12:31:52,18.38,0,0
2026-09-04 12:31:52,29.66,0,0
2026-09-04 12:31:53,31.9,0,0
2026-09-04 12:31:53,30.14,0,0
2026-09-04 12:31:53,31.88,0,0
2026-09-04 12:31:53,31.89,0,0
2026-09-04 12:31:53,32.46,0,0
2026-09-04 12:31:53,32.66,0,0
2026-09-04 12:31:53,30.87,0,0
2026-09-04 12:31:54,30.53,0,0
2026-09-04 12:31:54,32.97,0,0
2026-09-04 12:31:54,31.02,0,0
2026-09-04 12:31:54,33.13,0,0
2026-09-04 12:31:54,30.61,0,0
2026-09-04 12:31:54,31.69,0,0
2026-09-04 12:31:54,15.33,0,0
2026-09-04 12:31:55,30.66,0,0
2026-09-04 12:31:55,30.99,0,0
2026-09-04 12:31:55,32.27,0,0
2026-09-04 12:31:55,31.87,0,0
2026-09-04 12:31:55,31.32,0,0
2026-09-04 12:31:55,31.73,0,0
2026-09-04 12:31:55,32.06,0,0
2026-09-04 12:31:56,32.12,0,0
2026-09-04 12:31:56,32.38,0,0
2026-09-04 12:31:56,16.49,0,0
2026-09-04 12:31:56,31.87,0,0
2026-09-04 12:31:56,32.76,0,0
2026-09-04 12:31:56,31.69,0,0
2026-09-04 12:31:56,30.83,0,0
2026-09-04 12:31:56,16.18,0,0
2026-09-04 12:31:57,29.9,0,0
2026-09-04 12:31:57,31.93,0,0
2026-09-04 12:31:57,32.24,0,0
2026-09-04 12:31:57,31.03,0,0
2026-09-04 12:31:57,32.04,0,0
2026-09-04 12:31:57,32.2,0,0
2026-09-04 12:31:57,31.45,0,0
2026-09-04 12:31:58,32.07,0,0
2026-09-04 12:31:58,31.44,0,0
2026-09-04 12:31:58,30.9,0,0
2026-09-04 12:31:58,32.49,0,0
2026-09-04 12:31:58,31.01,0,0
2026-09-04 12:31:58,30.99,0,0
2026-09-04 12:31:58,31.51,0,0
2026-09-04 12:31:59,30.42,0,0
2026-09-04 12:31:59,30.9,0,0
2026-09-04 12:31:59,30.5,0,0
2026-09-04 12:31:59,9.81,0,0
2026-09-04 12:31:59,12.65,0,0
2026-09-04 12:31:59,31.5,0,0
2026-09-04 12:31:59,32.08,0,0
2026-09-04 12:31:59,9.31,0,0
2026-09-04 12:32:00,2.91,0,0
2026-09-04 12:32:00,31.0,0,0
2026-09-04 12:32:00,19.49,0,0
2026-09-04 12:32:00,27.83,0,0
2026-09-04 12:32:00,11.81,0,0
2026-09-04 12:32:00,18.56,0,0
2026-09-04 12:32:00,30.99,0,0
2026-09-04 12:32:01,22.29,0,0
2026-09-04 12:32:01,15.2,0,0
2026-09-04 12:32:01,32.46,0,0
2026-09-04 12:32:01,31.63,0,0
2026-09-04 12:32:01,15.3,0,0
2026-09-04 12:32:01,30.85,0,0
2026-09-04 12:32:01,30.98,0,0
2026-09-04 12:32:01,31.15,0,0
2026-09-04 12:32:02,31.88,0,0
2026-09-04 12:32:02,30.57,0,0
2026-09-04 12:32:02,16.3,0,0
2026-09-04 12:32:02,31.33,0,0
2026-09-04 12:32:02,31.97,0,0
2026-09-04 12:32:02,12.27,0,0
2026-09-04 12:32:02,26.65,0,0
2026-09-04 12:32:03,30.86,0,0
2026-09-04 12:32:03,31.36,0,0
2026-09-04 12:32:03,31.17,0,0
2026-09-04 12:32:03,30.82,0,0
2026-09-04 12:32:03,30.71,0,0
2026-09-04 12:32:03,32.22,0,0
2026-09-04 12:32:03,32.56,0,0
2026-09-04 12:32:03,15.58,0,0
2026-09-04 12:32:04,31.83,0,0
2026-09-04 12:32:04,30.55,0,0
2026-09-04 12:32:04,31.48,0,0
2026-09-04 12:32:04,30.79,0,0
2026-09-04 12:32:04,15.73,0,0
2026-09-04 12:32:04,32.18,0,0
2026-09-04 12:32:04,31.39,0,0
2026-09-04 12:32:05,31.96,0,0
2026-09-04 12:32:05,17.35,0,0
2026-09-04 12:32:05,23.65,0,0
2026-09-04 12:32:05,32.31,0,0
2026-09-04 12:32:05,32.85,0,0
2026-09-04 12:32:05,3.61,0,0
2026-09-04 12:32:05,32.26,0,0
2026-09-04 12:32:05,15.85,0,0
2026-09-04 12:32:06,32.87,0,0
2026-09-04 12:32:06,30.17,0,0
2026-09-04 12:32:06,31.23,0,0
2026-09-04 12:32:06,21.96,0,0
2026-09-04 12:32:06,32.73,0,0
2026-09-04 12:32:06,20.19,0,0
2026-09-04 12:32:06,16.92,0,0
2026-09-04 12:32:07,32.03,0,0
2026-09-04 12:32:07,32.16,0,0
2026-09-04 12:32:07,32.63,0,0
2026-09-04 12:32:07,11.97,0,0
2026-09-04 12:32:07,28.71,0,0
2026-09-04 12:32:07,31.47,0,0
2026-09-04 12:32:07,29.55,0,0
2026-09-04 12:32:07,3.66,0,0
2026-09-04 12:32:08,4.25,0,0
2026-09-04 12:32:08,30.93,0,0
2026-09-04 12:32:08,31.86,0,0
2026-09-04 12:32:08,22.7,0,0
2026-09-04 12:32:08,15.72,0,0
2026-09-04 12:32:08,31.1,0,0
2026-09-04 12:32:08,31.66,0,0
2026-09-04 12:32:09,23.29,0,0
2026-09-04 12:32:09,30.52,0,0
2026-09-04 12:32:09,31.71,0,0
2026-09-04 12:32:09,18.74,0,0
2026-09-04 12:32:09,32.74,0,0
2026-09-04 12:32:09,30.51,0,0
2026-09-04 12:32:09,30.69,0,0
2026-09-04 12:32:09,31.64,0,0
2026-09-04 12:32:10,30.6,0,0
2026-09-04 12:32:10,31.21,0,0
2026-09-04 12:32:10,31.6,0,0
2026-09-04 12:32:10,32.01,0,0
2026-09-04 12:32:10,30.93,0,0
2026-09-04 12:32:10,31.65,0,0
2026-09-04 12:32:10,32.06,0,0
2026-09-04 12:32:11,30.74,0,0
2026-09-04 12:32:11,31.07,0,0
2026-09-04 12:32:31,5000,1,0
2026-09-04 12:32:33,5000,1,0
2026-09-04 12:32:33,33.1,0,0
2026-09-04 12:32:33,30.7,0,0
2026-09-04 12:32:33,30.47,0,0
2026-09-04 12:32:33,23.88,0,0
2026-09-04 12:32:33,31.95,0,0
2026-09-04 12:32:33,32.13,0,0
2026-09-04 12:32:34,21.85,0,0
2026-09-04 12:32:34,32.4,0,0
2026-09-04 12:32:34,33.18,0,0
2026-09-04 12:32:34,32.18,0,0
2026-09-04 12:32:34,32.22,0,0
2026-09-04 12:32:34,31.4,0,0
2026-09-04 12:32:34,20.23,0,0
2026-09-04 12:32:34,31.16,0,0
2026-09-04 12:32:35,31.1,0,0
2026-09-04 12:32:35,15.94,0,0
2026-09-04 12:32:35,32.46,0,0
2026-09-04 12:32:35,31.65,0,0
2026-09-04 12:32:35,14.96,0,0
2026-09-04 12:32:35,31.96,0,0
2026-09-04 12:32:35,32.8,0,0
2026-09-04 12:32:36,6.87,0,0
2026-09-04 12:32:36,32.82,0,0
2026-09-04 12:32:36,30.61,0,0
2026-09-04 12:32:36,15.49,0,0
2026-09-04 12:32:36,23.33,0,0
2026-09-04 12:32:36,31.03,0,0
2026-09-04 12:32:36,31.15,0,0
2026-09-04 12:32:36,17.03,0,0
2026-09-04 12:32:37,31.08,0,0
2026-09-04 12:32:37,32.17,0,0
2026-09-04 12:32:37,31.32,0,0
2026-09-04 12:32:37,30.28,0,0
2026-09-04 12:32:37,31.75,0,0
2026-09-04 12:32:37,29.82,0,0
2026-09-04 12:32:37,31.49,0,0
2026-09-04 12:32:38,30.99,0,0
2026-09-04 12:32:38,31.0,0,0
2026-09-04 12:32:38,30.64,0,0
2026-09-04 12:32:38,15.97,0,0
2026-09-04 12:32:38,32.11,0,0
2026-09-04 12:32:38,31.01,0,0
2026-09-04 12:32:38,25.74,0,0
2026-09-04 12:32:39,32.38,0,0
2026-09-04 12:32:39,31.48,0,0
2026-09-04 12:32:39,31.56,0,0
2026-09-04 12:32:39,30.64,0,0
2026-09-04 12:32:39,30.88,0,0
2026-09-04 12:32:39,15.96,0,0
2026-09-04 12:32:39,6.71,0,0
2026-09-04 12:32:39,31.84,0,0
2026-09-04 12:32:40,31.12,0,0
2026-09-04 12:32:40,30.89,0,0
2026-09-04 12:32:40,31.0,0,0
2026-09-04 12:32:40,31.5,0,0
2026-09-04 12:32:40,31.26,0,0
2026-09-04 12:32:40,30.41,0,0
2026-09-04 12:32:40,30.53,0,0
2026-09-04 12:32:41,31.59,0,0
2026-09-04 12:32:41,31.08,0,0
2026-09-04 12:32:41,33.07,0,0
2026-09-04 12:32:41,32.34,0,0
2026-09-04 12:32:41,30.9,0,0
2026-09-04 12:32:41,30.92,0,0
2026-09-04 12:32:41,32.33,0,0
2026-09-04 12:32:42,32.01,0,0
2026-09-04 12:32:42,30.83,0,0
2026-09-04 12:32:42,30.76,0,0
2026-09-04 12:32:42,31.8,0,0
2026-09-04 12:32:42,31.05,0,0
2026-09-04 12:32:42,31.19,0,0
2026-09-04 12:32:42,30.72,0,0
2026-09-04 12:32:43,15.58,0,0
2026-09-04 12:32:43,31.76,0,0
2026-09-04 12:32:43,32.54,0,0
2026-09-04 12:32:43,32.16,0,0
2026-09-04 12:32:43,30.94,0,0
2026-09-04 12:32:43,31.03,0,0
2026-09-04 12:32:43,15.36,0,0
2026-09-04 12:32:43,31.07,0,0
2026-09-04 12:32:44,31.31,0,0
2026-09-04 12:32:44,31.22,0,0
2026-09-04 12:32:44,30.89,0,0
2026-09-04 12:32:44,18.26,0,0
2026-09-04 12:32:44,30.11,0,0
2026-09-04 12:32:44,7.62,0,0
2026-09-04 12:32:44,32.49,0,0
2026-09-04 12:32:45,31.07,0,0
2026-09-04 12:32:45,7.07,0,0
2026-09-04 12:32:45,30.93,0,0
2026-09-04 12:32:45,31.58,0,0
2026-09-04 12:32:45,30.72,0,0
2026-09-04 12:32:45,30.82,0,0
2026-09-04 12:32:45,31.07,0,0
2026-09-04 12:32:45,21.76,0,0
2026-09-04 12:32:46,31.36,0,0
2026-09-04 12:32:46,31.68,0,0
2026-09-04 12:32:46,31.15,0,0
2026-09-04 12:32:46,30.92,0,0
2026-09-04 12:32:46,31.48,0,0
2026-09-04 12:32:46,31.09,0,0
2026-09-04 12:32:46,17.42,0,0
2026-09-04 12:32:47,31.57,0,0
2026-09-04 12:32:47,30.25,0,0
2026-09-04 12:32:47,28.42,0,0
2026-09-04 12:32:47,32.09,0,0
2026-09-04 12:32:47,31.09,0,0
2026-09-04 12:32:47,32.31,0,0
2026-09-04 12:32:47,31.62,0,0
2026-09-04 12:32:48,30.69,0,0
2026-09-04 12:32:48,30.51,0,0
2026-09-04 12:32:48,31.32,0,0
2026-09-04 12:32:48,16.82,0,0
2026-09-04 12:32:48,31.34,0,0
2026-09-04 12:32:48,31.03,0,0
2026-09-04 12:32:48,13.99,0,0
2026-09-04 12:32:48,23.83,0,0
2026-09-04 12:32:49,30.92,0,0
2026-09-04 12:32:49,31.98,0,0
2026-09-04 12:32:49,31.4,0,0
2026-09-04 12:32:49,30.96,0,0
2026-09-04 12:32:49,23.67,0,0
2026-09-04 12:32:49,31.1,0,0
2026-09-04 12:32:49,46.03,0,0
2026-09-04 12:32:50,30.72,0,0
2026-09-04 12:32:50,31.08,0,0
2026-09-04 12:32:50,32.26,0,0
2026-09-04 12:32:50,33.93,0,0
2026-09-04 12:32:50,30.77,0,0
2026-09-04 12:32:50,31.86,0,0
2026-09-04 12:32:50,30.95,0,0
2026-09-04 12:32:51,31.21,0,0
2026-09-04 12:32:51,32.63,0,0
2026-09-04 12:32:51,31.9,0,0
2026-09-04 12:32:51,31.54,0,0
2026-09-04 12:32:51,31.93,0,0
2026-09-04 12:32:51,31.78,0,0
2026-09-04 12:32:51,31.28,0,0
2026-09-04 12:32:52,30.2,0,0
2026-09-04 12:32:52,31.93,0,0
2026-09-04 12:32:52,30.4,0,0
2026-09-04 12:32:52,30.59,0,0
2026-09-04 12:32:52,31.08,0,0
2026-09-04 12:32:52,24.8,0,0
2026-09-04 12:32:52,31.32,0,0
2026-09-04 12:32:52,16.1,0,0
2026-09-04 12:32:53,31.93,0,0
2026-09-04 12:32:53,30.69,0,0
2026-09-04 12:32:53,31.37,0,0
2026-09-04 12:32:53,30.71,0,0
2026-09-04 12:32:53,31.88,0,0
2026-09-04 12:32:53,32.09,0,0
2026-09-04 12:32:53,20.69,0,0
2026-09-04 12:32:54,17.11,0,0
2026-09-04 12:32:54,2.92,0,0
2026-09-04 12:32:54,3.55,0,0
2026-09-04 12:32:54,3.37,0,0
2026-09-04 12:32:54,3.41,0,0
2026-09-04 12:32:54,2.88,0,0
2026-09-04 12:32:54,3.54,0,0
2026-09-04 12:32:54,32.03,0,0
2026-09-04 12:32:54,31.59,0,0
2026-09-04 12:32:55,17.33,0,0
2026-09-04 12:32:55,30.87,0,0
2026-09-04 12:32:55,32.08,0,0
2026-09-04 12:32:55,15.62,0,0
2026-09-04 12:32:55,31.27,0,0
2026-09-04 12:32:55,30.9,0,0
2026-09-04 12:32:55,31.98,0,0
2026-09-04 12:32:56,18.74,0,0
2026-09-04 12:32:56,32.63,0,0
2026-09-04 12:32:56,31.44,0,0
2026-09-04 12:32:56,22.11,0,0
2026-09-04 12:32:56,30.05,0,0
2026-09-04 12:32:56,30.62,0,0
2026-09-04 12:32:56,31.22,0,0
2026-09-04 12:32:57,31.34,0,0
2026-09-04 12:32:57,30.52,0,0
2026-09-04 12:32:57,2.91,0,0
2026-09-04 12:32:57,30.95,0,0
2026-09-04 12:32:57,31.17,0,0
2026-09-04 12:32:57,5.58,0,0
2026-09-04 12:32:57,17.58,0,0
2026-09-04 12:32:57,16.37,0,0
2026-09-04 12:32:58,15.92,0,0
2026-09-04 12:32:58,31.18,0,0
2026-09-04 12:32:58,4.21,0,0
2026-09-04 12:32:58,18.41,0,0
2026-09-04 12:32:58,31.02,0,0
2026-09-04 12:32:58,30.48,0,0
2026-09-04 12:32:58,15.81,0,0
2026-09-04 12:32:58,31.19,0,0
2026-09-04 12:32:59,31.97,0,0
2026-09-04 12:32:59,15.46,0,0
2026-09-04 12:32:59,7.69,0,0
2026-09-04 12:32:59,31.41,0,0
2026-09-04 12:32:59,32.85,0,0
2026-09-04 12:32:59,18.56,0,0
2026-09-04 12:32:59,3.63,0,0
2026-09-04 12:32:59,31.47,0,0
2026-09-04 12:33:00,30.76,0,0
2026-09-04 12:33:00,21.42,0,0
2026-09-04 12:33:00,2.76,0,0
2026-09-04 12:33:00,17.39,0,0
2026-09-04 12:33:00,30.63,0,0
2026-09-04 12:33:00,32.1,0,0
2026-09-04 12:33:00,31.16,0,0
2026-09-04 12:33:00,30.06,0,0
2026-09-04 12:33:01,30.61,0,0
2026-09-04 12:33:01,30.66,0,0
2026-09-04 12:33:01,31.55,0,0
2026-09-04 12:33:31,570.19,0,0
2026-09-04 12:33:32,20.36,0,0
2026-09-04 12:33:32,31.05,0,0
2026-09-04 12:33:32,30.45,0,0
2026-09-04 12:33:32,31.14,0,0
2026-09-04 12:33:32,30.04,0,0
2026-09-04 12:33:32,31.53,0,0
2026-09-04 12:33:32,19.2,0,0
2026-09-04 12:33:33,30.82,0,0
2026-09-04 12:33:33,32.11,0,0
2026-09-04 12:33:33,31.38,0,0
2026-09-04 12:33:33,31.52,0,0
2026-09-04 12:33:33,15.9,0,0
2026-09-04 12:33:33,20.4,0,0
2026-09-04 12:33:33,30.81,0,0
2026-09-04 12:33:33,30.99,0,0
2026-09-04 12:33:34,18.34,0,0
2026-09-04 12:33:34,19.71,0,0
2026-09-04 12:33:34,31.33,0,0
2026-09-04 12:33:34,32.25,0,0
2026-09-04 12:33:34,16.44,0,0
2026-09-04 12:33:34,30.96,0,0
2026-09-04 12:33:34,32.55,0,0
2026-09-04 12:33:35,12.24,0,0
2026-09-04 12:33:35,3.84,0,0
2026-09-04 12:33:35,3.6,0,0
2026-09-04 12:33:35,19.55,0,0
2026-09-04 12:33:35,32.36,0,0
2026-09-04 12:33:35,31.09,0,0
2026-09-04 12:33:35,4.21,0,0
2026-09-04 12:33:35,31.12,0,0
2026-09-04 12:33:36,15.43,0,0
2026-09-04 12:33:36,31.18,0,0
2026-09-04 12:33:36,18.56,0,0
2026-09-04 12:33:36,30.69,0,0
2026-09-04 12:33:36,32.23,0,0
2026-09-04 12:33:36,4.26,0,0
2026-09-04 12:33:36,3.63,0,0
2026-09-04 12:33:36,3.58,0,0
2026-09-04 12:33:36,20.84,0,0
2026-09-04 12:33:37,32.54,0,0
2026-09-04 12:33:37,31.9,0,0
2026-09-04 12:33:37,4.1,0,0
2026-09-04 12:33:37,31.35,0,0
2026-09-04 12:33:37,31.22,0,0
2026-09-04 12:33:37,17.76,0,0
2026-09-04 12:33:37,31.35,0,0
2026-09-04 12:33:38,30.71,0,0
2026-09-04 12:33:38,32.03,0,0
2026-09-04 12:33:38,31.04,0,0
2026-09-04 12:33:38,31.48,0,0
2026-09-04 12:33:38,33.0,0,0
2026-09-04 12:33:38,31.13,0,0
2026-09-04 12:33:38,30.64,0,0
2026-09-04 12:33:39,30.91,0,0
2026-09-04 12:33:39,31.1,0,0
2026-09-04 12:33:39,28.73,0,0
2026-09-04 12:33:39,31.05,0,0
2026-09-04 12:33:39,32.55,0,0
2026-09-04 12:33:39,31.03,0,0
2026-09-04 12:33:39,31.04,0,0
2026-09-04 12:33:40,31.25,0,0
2026-09-04 12:33:40,31.32,0,0
2026-09-04 12:33:40,31.98,0,0
2026-09-04 12:33:40,30.54,0,0
2026-09-04 12:33:40,16.01,0,0
2026-09-04 12:33:40,31.75,0,0
2026-09-04 12:33:40,16.22,0,0
2026-09-04 12:33:40,25.23,0,0
2026-09-04 12:33:41,29.64,0,0
2026-09-04 12:33:41,31.52,0,0
2026-09-04 12:33:41,31.69,0,0
2026-09-04 12:33:41,31.51,0,0
2026-09-04 12:33:41,31.78,0,0
2026-09-04 12:33:41,30.79,0,0
2026-09-04 12:33:41,31.14,0,0
2026-09-04 12:33:42,32.52,0,0
2026-09-04 12:33:42,31.06,0,0
2026-09-04 12:33:42,30.63,0,0
2026-09-04 12:33:42,17.21,0,0
2026-09-04 12:33:42,23.34,0,0
2026-09-04 12:33:42,32.28,0,0
2026-09-04 12:33:42,32.99,0,0
2026-09-04 12:33:43,17.44,0,0
2026-09-04 12:33:43,33.01,0,0
2026-09-04 12:33:43,31.85,0,0
2026-09-04 12:33:43,32.28,0,0
2026-09-04 12:33:43,32.51,0,0
2026-09-04 12:33:43,26.51,0,0
2026-09-04 12:33:43,25.94,0,0
2026-09-04 12:33:43,32.33,0,0
2026-09-04 12:33:44,30.97,0,0
2026-09-04 12:33:44,3.43,0,0
2026-09-04 12:33:44,2.88,0,0
2026-09-04 12:33:44,28.01,0,0
2026-09-04 12:33:44,30.86,0,0
2026-09-04 12:33:44,28.96,0,0
2026-09-04 12:33:44,25.1,0,0
2026-09-04 12:33:45,20.32,0,0
2026-09-04 12:33:45,19.18,0,0
2026-09-04 12:33:45,15.69,0,0
2026-09-04 12:33:45,15.43,0,0
2026-09-04 12:33:45,23.26,0,0
2026-09-04 12:33:45,31.24,0,0
2026-09-04 12:33:45,31.08,0,0
2026-09-04 12:33:45,31.17,0,0
2026-09-04 12:33:46,32.26,0,0
2026-09-04 12:33:46,20.88,0,0
2026-09-04 12:33:46,31.77,0,0
2026-09-04 12:33:46,30.78,0,0
2026-09-04 12:33:46,26.89,0,0
2026-09-04 12:33:46,25.13,0,0
2026-09-04 12:33:46,31.3,0,0
2026-09-04 12:33:46,31.03,0,0
2026-09-04 12:33:47,31.96,0,0
2026-09-04 12:33:47,31.57,0,0
2026-09-04 12:33:47,33.86,0,0
2026-09-04 12:33:47,18.85,0,0
2026-09-04 12:33:47,32.22,0,0
2026-09-04 12:33:47,32.83,0,0
2026-09-04 12:33:47,31.53,0,0
2026-09-04 12:33:48,33.67,0,0
2026-09-04 12:33:48,31.33,0,0
2026-09-04 12:33:48,31.36,0,0
2026-09-04 12:33:48,32.11,0,0
2026-09-04 12:33:48,30.43,0,0
2026-09-04 12:33:48,30.78,0,0
2026-09-04 12:33:48,30.96,0,0
2026-09-04 12:33:49,33.04,0,0
2026-09-04 12:33:49,30.63,0,0
2026-09-04 12:33:49,26.53,0,0
2026-09-04 12:33:49,30.13,0,0
2026-09-04 12:33:49,32.11,0,0
2026-09-04 12:33:49,17.96,0,0
2026-09-04 12:33:49,4.22,0,0
2026-09-04 12:33:50,29.07,0,0
2026-09-04 12:33:50,31.37,0,0
2026-09-04 12:33:50,18.54,0,0
2026-09-04 12:33:50,32.92,0,0
2026-09-04 12:33:50,31.33,0,0
2026-09-04 12:33:50,31.66,0,0
2026-09-04 12:33:50,31.99,0,0
2026-09-04 12:33:50,30.33,0,0
2026-09-04 12:33:51,32.47,0,0
2026-09-04 12:33:51,32.34,0,0
2026-09-04 12:33:51,30.73,0,0
2026-09-04 12:33:51,15.33,0,0
2026-09-04 12:33:51,31.67,0,0
2026-09-04 12:33:51,18.54,0,0
2026-09-04 12:33:51,32.83,0,0
2026-09-04 12:33:52,19.85,0,0
2026-09-04 12:33:52,31.84,0,0
2026-09-04 12:33:52,32.14,0,0
2026-09-04 12:33:52,31.97,0,0
2026-09-04 12:33:52,32.73,0,0
2026-09-04 12:33:52,26.23,0,0
2026-09-04 12:33:52,30.47,0,0
2026-09-04 12:33:52,2.78,0,0
2026-09-04 12:33:53,30.59,0,0
2026-09-04 12:33:53,15.96,0,0
2026-09-04 12:33:53,24.39,0,0
2026-09-04 12:33:53,31.94,0,0
2026-09-04 12:33:53,31.54,0,0
2026-09-04 12:33:53,29.86,0,0
2026-09-04 12:33:53,32.92,0,0
2026-09-04 12:33:54,20.74,0,0
2026-09-04 12:33:54,3.62,0,0
2026-09-04 12:33:54,22.27,0,0
2026-09-04 12:33:54,31.9,0,0
2026-09-04 12:33:54,30.77,0,0
2026-09-04 12:33:54,19.47,0,0
2026-09-04 12:33:54,30.88,0,0
2026-09-04 12:33:54,31.98,0,0
2026-09-04 12:33:55,16.4,0,0
2026-09-04 12:33:55,31.86,0,0
2026-09-04 12:33:55,31.62,0,0
2026-09-04 12:33:55,14.0,0,0
2026-09-04 12:33:55,3.01,0,0
2026-09-04 12:33:55,31.0,0,0
2026-09-04 12:33:55,30.38,0,0
2026-09-04 12:33:56,24.34,0,0
2026-09-04 12:33:56,4.44,0,0
2026-09-04 12:33:56,3.85,0,0
2026-09-04 12:33:56,30.91,0,0
2026-09-04 12:33:56,30.36,0,0
2026-09-04 12:33:56,21.37,0,0
2026-09-04 12:33:56,18.38,0,0
2026-09-04 12:33:56,30.88,0,0
2026-09-04 12:33:57,18.77,0,0
2026-09-04 12:33:57,20.46,0,0
2026-09-04 12:33:57,3.85,0,0
2026-09-04 12:33:57,32.76,0,0
2026-09-04 12:33:57,31.75,0,0
2026-09-04 12:33:57,21.85,0,0
2026-09-04 12:33:57,3.38,0,0
2026-09-04 12:33:57,30.11,0,0
2026-09-04 12:33:58,32.6,0,0
2026-09-04 12:33:58,22.45,0,0
2026-09-04 12:33:58,30.52,0,0
2026-09-04 12:33:58,33.17,0,0
2026-09-04 12:33:58,26.05,0,0
2026-09-04 12:33:58,30.97,0,0
2026-09-04 12:33:58,31.05,0,0
2026-09-04 12:33:58,30.75,0,0
2026-09-04 12:33:59,32.11,0,0
2026-09-04 12:33:59,31.92,0,0
2026-09-04 12:33:59,22.71,0,0
2026-09-04 12:33:59,31.34,0,0
2026-09-04 12:33:59,31.19,0,0
2026-09-04 12:33:59,31.67,0,0
2026-09-04 12:33:59,32.2,0,0
2026-09-04 12:34:00,33.19,0,0
2026-09-04 12:34:00,30.85,0,0
2026-09-04 12:34:00,20.36,0,0
2026-09-04 12:34:00,30.96,0,0
2026-09-04 12:34:00,31.7,0,0
2026-09-04 12:34:00,33.19,0,0
2026-09-04 12:34:00,31.43,0,0
2026-09-04 12:34:01,17.23,0,0
2026-09-04 12:34:01,30.95,0,0
2026-09-04 12:34:01,32.11,0,0
2026-09-04 12:34:01,19.1,0,0
2026-09-04 12:34:31,5000,1,0
2026-09-04 12:34:32,202.6,0,0
2026-09-04 12:34:32,5.08,0,0
2026-09-04 12:34:32,32.0,0,0
2026-09-04 12:34:32,32.62,0,0
2026-09-04 12:34:32,17.4,0,0
2026-09-04 12:34:32,18.33,0,0
2026-09-04 12:34:33,31.66,0,0
2026-09-04 12:34:33,31.28,0,0
2026-09-04 12:34:33,33.36,0,0
2026-09-04 12:34:33,30.59,0,0
2026-09-04 12:34:33,30.77,0,0
2026-09-04 12:34:33,31.67,0,0
2026-09-04 12:34:33,31.22,0,0
2026-09-04 12:34:34,31.75,0,0
2026-09-04 12:34:34,31.47,0,0
2026-09-04 12:34:34,31.52,0,0
2026-09-04 12:34:34,32.15,0,0
2026-09-04 12:34:34,30.37,0,0
2026-09-04 12:34:34,32.41,0,0
2026-09-04 12:34:34,32.12,0,0
2026-09-04 12:34:34,31.14,0,0
2026-09-04 12:34:35,31.52,0,0
2026-09-04 12:34:35,31.85,0,0
2026-09-04 12:34:35,31.65,0,0
2026-09-04 12:34:35,30.98,0,0
2026-09-04 12:34:35,32.78,0,0
2026-09-04 12:34:35,33.04,0,0
2026-09-04 12:34:35,30.71,0,0
2026-09-04 12:34:36,30.16,0,0
2026-09-04 12:34:36,30.42,0,0
2026-09-04 12:34:36,31.36,0,0
2026-09-04 12:34:36,30.67,0,0
2026-09-04 12:34:36,31.79,0,0
2026-09-04 12:34:36,30.51,0,0
2026-09-04 12:34:36,33.09,0,0
2026-09-04 12:34:37,30.34,0,0
2026-09-04 12:34:37,30.79,0,0
2026-09-04 12:34:37,31.79,0,0
2026-09-04 12:34:37,30.32,0,0
2026-09-04 12:34:37,31.47,0,0
2026-09-04 12:34:37,33.17,0,0
2026-09-04 12:34:37,31.84,0,0
2026-09-04 12:34:38,31.31,0,0
2026-09-04 12:34:38,30.98,0,0
2026-09-04 12:34:38,31.51,0,0
2026-09-04 12:34:38,31.3,0,0
2026-09-04 12:34:38,30.7,0,0
2026-09-04 12:34:38,32.23,0,0
2026-09-04 12:34:38,31.27,0,0
2026-09-04 12:34:39,15.92,0,0
2026-09-04 12:34:39,31.56,0,0
2026-09-04 12:34:39,32.67,0,0
2026-09-04 12:34:39,32.13,0,0
2026-09-04 12:34:39,30.43,0,0
2026-09-04 12:34:39,31.9,0,0
2026-09-04 12:34:39,31.98,0,0
2026-09-04 12:34:40,31.05,0,0
2026-09-04 12:34:40,31.05,0,0
2026-09-04 12:34:40,31.3,0,0
2026-09-04 12:34:40,30.19,0,0
2026-09-04 12:34:40,31.45,0,0
2026-09-04 12:34:40,31.95,0,0
2026-09-04 12:34:40,31.75,0,0
2026-09-04 12:34:40,33.85,0,0
2026-09-04 12:34:41,31.92,0,0
2026-09-04 12:34:41,16.3,0,0
2026-09-04 12:34:41,32.66,0,0
2026-09-04 12:34:41,30.71,0,0
2026-09-04 12:34:41,33.04,0,0
2026-09-04 12:34:41,31.58,0,0
2026-09-04 12:34:41,30.27,0,0
2026-09-04 12:34:42,32.78,0,0
2026-09-04 12:34:42,30.52,0,0
2026-09-04 12:34:42,31.57,0,0
2026-09-04 12:34:42,31.19,0,0
2026-09-04 12:34:42,32.41,0,0
2026-09-04 12:34:42,30.84,0,0
2026-09-04 12:34:42,31.56,0,0
2026-09-04 12:34:43,31.88,0,0
2026-09-04 12:34:43,30.26,0,0
2026-09-04 12:34:43,15.99,0,0
2026-09-04 12:34:43,30.94,0,0
2026-09-04 12:34:43,31.94,0,0
2026-09-04 12:34:43,32.25,0,0
2026-09-04 12:34:43,32.15,0,0
2026-09-04 12:34:44,29.88,0,0
2026-09-04 12:34:44,6.48,0,0
2026-09-04 12:34:44,21.69,0,0
2026-09-04 12:34:44,31.3,0,0
2026-09-04 12:34:44,32.87,0,0
2026-09-04 12:34:44,15.05,0,0
2026-09-04 12:34:44,31.62,0,0
2026-09-04 12:34:44,32.74,0,0
2026-09-04 12:34:45,31.35,0,0
2026-09-04 12:34:45,32.15,0,0
2026-09-04 12:34:45,2.95,0,0
2026-09-04 12:34:45,31.26,0,0
2026-09-04 12:34:45,30.62,0,0
2026-09-04 12:34:45,33.45,0,0
2026-09-04 12:34:45,31.46,0,0
2026-09-04 12:34:46,30.79,0,0
2026-09-04 12:34:46,31.52,0,0
2026-09-04 12:34:46,32.21,0,0
2026-09-04 12:34:46,31.89,0,0
2026-09-04 12:34:46,31.6,0,0
2026-09-04 12:34:46,32.55,0,0
2026-09-04 12:34:46,31.87,0,0
2026-09-04 12:34:47,31.45,0,0
2026-09-04 12:34:47,31.12,0,0
2026-09-04 12:34:47,30.71,0,0
2026-09-04 12:34:47,30.92,0,0
2026-09-04 12:34:47,7.42,0,0
2026-09-04 12:34:47,31.06,0,0
2026-09-04 12:34:47,31.81,0,0
2026-09-04 12:34:47,12.58,0,0
2026-09-04 12:34:48,30.91,0,0
2026-09-04 12:34:48,32.63,0,0
2026-09-04 12:34:48,18.11,0,0
2026-09-04 12:34:48,30.36,0,0
2026-09-04 12:34:48,31.31,0,0
2026-09-04 12:34:48,31.91,0,0
2026-09-04 12:34:48,31.87,0,0
2026-09-04 12:34:49,18.66,0,0
2026-09-04 12:34:49,30.9,0,0
2026-09-04 12:34:49,30.96,0,0
2026-09-04 12:34:49,31.12,0,0
2026-09-04 12:34:49,31.52,0,0
2026-09-04 12:34:49,30.72,0,0
2026-09-04 12:34:49,32.42,0,0
2026-09-04 12:34:49,31.88,0,0
2026-09-04 12:34:50,31.35,0,0
2026-09-04 12:34:50,30.55,0,0
2026-09-04 12:34:50,19.44,0,0
2026-09-04 12:34:50,31.1,0,0
2026-09-04 12:34:50,31.11,0,0
2026-09-04 12:34:50,30.45,0,0
2026-09-04 12:34:50,32.16,0,0
2026-09-04 12:34:51,31.36,0,0
2026-09-04 12:34:51,33.13,0,0
2026-09-04 12:34:51,31.86,0,0
2026-09-04 12:34:51,30.09,0,0
2026-09-04 12:34:51,31.97,0,0
2026-09-04 12:34:51,31.01,0,0
2026-09-04 12:34:51,32.17,0,0
2026-09-04 12:34:52,31.37,0,0
2026-09-04 12:34:52,15.21,0,0
2026-09-04 12:34:52,30.43,0,0
2026-09-04 12:34:52,31.11,0,0
2026-09-04 12:34:52,31.49,0,0
2026-09-04 12:34:52,31.17,0,0
2026-09-04 12:34:52,31.4,0,0
2026-09-04 12:34:53,31.31,0,0
2026-09-04 12:34:53,31.02,0,0
2026-09-04 12:34:53,30.45,0,0
2026-09-04 12:34:53,30.91,0,0
2026-09-04 12:34:53,31.05,0,0
2026-09-04 12:34:53,31.53,0,0
2026-09-04 12:34:53,30.02,0,0
2026-09-04 12:34:53,17.88,0,0
2026-09-04 12:34:54,30.95,0,0
2026-09-04 12:34:54,33.19,0,0
2026-09-04 12:34:54,31.4,0,0
2026-09-04 12:34:54,30.12,0,0
2026-09-04 12:34:54,19.86,0,0
2026-09-04 12:34:54,34.86,0,0
2026-09-04 12:34:54,30.19,0,0
2026-09-04 12:34:55,31.79,0,0
2026-09-04 12:34:55,32.94,0,0
2026-09-04 12:34:55,31.57,0,0
2026-09-04 12:34:55,31.6,0,0
2026-09-04 12:34:55,31.23,0,0
2026-09-04 12:34:55,31.97,0,0
2026-09-04 12:34:55,31.0,0,0
2026-09-04 12:34:56,31.05,0,0
2026-09-04 12:34:56,30.39,0,0
2026-09-04 12:34:56,31.66,0,0
2026-09-04 12:34:56,31.07,0,0
2026-09-04 12:34:56,32.02,0,0
2026-09-04 12:34:56,31.86,0,0
2026-09-04 12:34:56,17.17,0,0
2026-09-04 12:34:57,19.35,0,0
2026-09-04 12:34:57,15.95,0,0
2026-09-04 12:34:57,31.79,0,0
2026-09-04 12:34:57,31.73,0,0
2026-09-04 12:34:57,14.02,0,0
2026-09-04 12:34:57,31.67,0,0
2026-09-04 12:34:57,31.23,0,0
2026-09-04 12:34:57,19.13,0,0
2026-09-04 12:34:58,31.37,0,0
2026-09-04 12:34:58,31.11,0,0
2026-09-04 12:34:58,22.93,0,0
2026-09-04 12:34:58,31.1,0,0
2026-09-04 12:34:58,31.22,0,0
2026-09-04 12:34:58,31.21,0,0
2026-09-04 12:34:58,32.13,0,0
2026-09-04 12:34:59,15.73,0,0
2026-09-04 12:34:59,31.74,0,0
2026-09-04 12:34:59,31.06,0,0
2026-09-04 12:34:59,18.62,0,0
2026-09-04 12:34:59,33.35,0,0
2026-09-04 12:34:59,30.64,0,0
2026-09-04 12:34:59,32.23,0,0
2026-09-04 12:35:00,32.03,0,0
2026-09-04 12:35:00,30.76,0,0
2026-09-04 12:35:00,33.98,0,0
2026-09-04 12:35:00,20.16,0,0
2026-09-04 12:35:00,31.35,0,0
2026-09-04 12:35:00,33.93,0,0
2026-09-04 12:35:00,26.04,0,0
2026-09-04 12:35:00,33.44,0,0
2026-09-04 12:35:01,30.53,0,0
2026-09-04 12:35:01,30.51,0,0
2026-09-04 12:35:01,3.71,0,0
2026-09-04 12:35:01,30.35,0,0
2026-09-04 12:35:22,5000,1,0
2026-09-04 12:35:23,5000,1,0
2026-09-04 12:35:24,5000,1,0
2026-09-04 12:35:25,5000,1,0
2026-09-04 12:35:26,5000,1,0
2026-09-04 12:35:27,5000,1,0
2026-09-04 12:35:28,5000,1,0
2026-09-04 12:35:29,5000,1,0
2026-09-04 12:35:31,5000,1,0
2026-09-04 12:35:32,5000,1,0
2026-09-04 12:35:33,5000,1,0
2026-09-04 12:35:34,5000,1,0
2026-09-04 12:35:35,5000,1,0
2026-09-04 12:35:35,311.99,0,0
2026-09-04 12:35:36,32.66,0,0
2026-09-04 12:35:36,18.54,0,0
2026-09-04 12:35:36,30.47,0,0
2026-09-04 12:35:36,32.3,0,0
2026-09-04 12:35:36,16.7,0,0
2026-09-04 12:35:36,31.95,0,0
2026-09-04 12:35:36,32.57,0,0
2026-09-04 12:35:36,15.25,0,0
2026-09-04 12:35:37,30.46,0,0
2026-09-04 12:35:37,31.23,0,0
2026-09-04 12:35:37,30.13,0,0
2026-09-04 12:35:37,31.58,0,0
2026-09-04 12:35:37,31.18,0,0
2026-09-04 12:35:37,31.41,0,0
2026-09-04 12:35:37,30.13,0,0
2026-09-04 12:35:38,31.65,0,0
2026-09-04 12:35:38,31.09,0,0
2026-09-04 12:35:38,31.62,0,0
2026-09-04 12:35:38,30.3,0,0
2026-09-04 12:35:38,7.09,0,0
2026-09-04 12:35:38,7.17,0,0
2026-09-04 12:35:38,31.41,0,0
2026-09-04 12:35:39,32.28,0,0
2026-09-04 12:35:39,16.43,0,0
2026-09-04 12:35:39,17.62,0,0
2026-09-04 12:35:39,31.5,0,0
2026-09-04 12:35:39,32.22,0,0
2026-09-04 12:35:39,31.35,0,0
2026-09-04 12:35:39,31.45,0,0
2026-09-04 12:35:39,25.77,0,0
2026-09-04 12:35:40,19.76,0,0
2026-09-04 12:35:40,30.98,0,0
2026-09-04 12:35:40,32.32,0,0
2026-09-04 12:35:40,32.79,0,0
2026-09-04 12:35:40,31.06,0,0
2026-09-04 12:35:40,25.83,0,0
2026-09-04 12:35:40,31.78,0,0
2026-09-04 12:35:41,18.05,0,0
2026-09-04 12:35:41,30.71,0,0
2026-09-04 12:35:41,32.11,0,0
2026-09-04 12:35:41,31.93,0,0
2026-09-04 12:35:41,24.57,0,0
2026-09-04 12:35:41,28.41,0,0
2026-09-04 12:35:41,29.97,0,0
2026-09-04 12:35:41,31.87,0,0
2026-09-04 12:35:42,30.56,0,0
2026-09-04 12:35:42,16.23,0,0
2026-09-04 12:35:42,31.98,0,0
2026-09-04 12:35:42,31.48,0,0
2026-09-04 12:35:42,31.54,0,0
2026-09-04 12:35:42,27.9,0,0
2026-09-04 12:35:42,7.97,0,0
2026-09-04 12:35:43,32.55,0,0
2026-09-04 12:35:43,32.25,0,0
2026-09-04 12:35:43,31.4,0,0
2026-09-04 12:35:43,16.25,0,0
2026-09-04 12:35:43,31.47,0,0
2026-09-04 12:35:43,30.63,0,0
2026-09-04 12:35:43,31.76,0,0
2026-09-04 12:35:44,31.44,0,0
2026-09-04 12:35:44,15.51,0,0
2026-09-04 12:35:44,31.19,0,0
2026-09-04 12:35:44,31.31,0,0
2026-09-04 12:35:44,18.32,0,0
2026-09-04 12:35:44,32.92,0,0
2026-09-04 12:35:44,31.5,0,0
2026-09-04 12:35:44,18.86,0,0
2026-09-04 12:35:45,6.43,0,0
2026-09-04 12:35:45,30.46,0,0
2026-09-04 12:35:45,32.48,0,0
2026-09-04 12:35:45,18.58,0,0
2026-09-04 12:35:45,20.85,0,0
2026-09-04 12:35:45,31.38,0,0
2026-09-04 12:35:45,31.36,0,0
2026-09-04 12:35:46,30.55,0,0
2026-09-04 12:35:46,31.08,0,0
2026-09-04 12:35:46,30.79,0,0
2026-09-04 12:35:46,22.47,0,0
2026-09-04 12:35:46,31.51,0,0
2026-09-04 12:35:46,31.87,0,0
2026-09-04 12:35:46,32.04,0,0
2026-09-04 12:35:46,31.96,0,0
2026-09-04 12:35:47,26.04,0,0
2026-09-04 12:35:47,31.66,0,0
2026-09-04 12:35:47,31.36,0,0
2026-09-04 12:35:47,31.4,0,0
2026-09-04 12:35:47,31.57,0,0
2026-09-04 12:35:47,32.39,0,0
2026-09-04 12:35:47,31.59,0,0
2026-09-04 12:35:48,19.38,0,0
2026-09-04 12:35:48,31.54,0,0
2026-09-04 12:35:48,29.46,0,0
2026-09-04 12:35:48,32.15,0,0
2026-09-04 12:35:48,31.13,0,0
2026-09-04 12:35:48,15.31,0,0
2026-09-04 12:35:48,31.09,0,0
2026-09-04 12:35:49,32.68,0,0
2026-09-04 12:35:49,16.15,0,0
2026-09-04 12:35:49,32.57,0,0
2026-09-04 12:35:49,31.83,0,0
2026-09-04 12:35:49,15.76,0,0
2026-09-04 12:35:49,31.11,0,0
2026-09-04 12:35:49,31.82,0,0
2026-09-04 12:35:49,31.56,0,0
2026-09-04 12:35:50,32.3,0,0
2026-09-04 12:35:50,31.66,0,0
2026-09-04 12:35:50,15.9,0,0
2026-09-04 12:35:50,31.85,0,0
2026-09-04 12:35:50,31.81,0,0
2026-09-04 12:35:50,18.73,0,0
2026-09-04 12:35:50,31.68,0,0
2026-09-04 12:35:51,15.88,0,0
2026-09-04 12:35:51,26.26,0,0
2026-09-04 12:35:51,2.72,0,0
2026-09-04 12:35:51,3.94,0,0
2026-09-04 12:35:51,30.92,0,0
2026-09-04 12:36:22,470.29,0,0
2026-09-04 12:36:22,32.18,0,0
2026-09-04 12:36:22,33.55,0,0
2026-09-04 12:36:22,29.63,0,0
2026-09-04 12:36:22,10.8,0,0
2026-09-04 12:36:22,15.62,0,0
2026-09-04 12:36:22,33.73,0,0
2026-09-04 12:36:23,26.59,0,0
2026-09-04 12:36:23,8.28,0,0
2026-09-04 12:36:23,31.11,0,0
2026-09-04 12:36:23,29.67,0,0
2026-09-04 12:36:23,30.44,0,0
2026-09-04 12:36:23,31.57,0,0
2026-09-04 12:36:23,30.26,0,0
2026-09-04 12:36:23,15.68,0,0
2026-09-04 12:36:24,31.64,0,0
2026-09-04 12:36:24,31.82,0,0
2026-09-04 12:36:24,16.19,0,0
2026-09-04 12:36:24,21.28,0,0
2026-09-04 12:36:24,31.43,0,0
2026-09-04 12:36:24,30.55,0,0
2026-09-04 12:36:24,15.49,0,0
2026-09-04 12:36:25,30.85,0,0
2026-09-04 12:36:25,31.18,0,0
2026-09-04 12:36:25,15.33,0,0
2026-09-04 12:36:25,30.25,0,0
2026-09-04 12:36:25,31.13,0,0
2026-09-04 12:36:25,19.61,0,0
2026-09-04 12:36:25,19.16,0,0
2026-09-04 12:36:25,31.47,0,0
2026-09-04 12:36:26,32.78,0,0
2026-09-04 12:36:26,16.0,0,0
2026-09-04 12:36:26,30.18,0,0
2026-09-04 12:36:26,31.43,0,0
2026-09-04 12:36:26,12.59,0,0
2026-09-04 12:36:26,31.34,0,0
2026-09-04 12:36:26,33.4,0,0
2026-09-04 12:36:27,15.92,0,0
2026-09-04 12:36:27,30.73,0,0
2026-09-04 12:36:27,31.57,0,0
2026-09-04 12:36:27,29.84,0,0
2026-09-04 12:36:27,30.82,0,0
2026-09-04 12:36:27,31.55,0,0
2026-09-04 12:36:27,31.46,0,0
2026-09-04 12:36:28,33.27,0,0
2026-09-04 12:36:28,31.52,0,0
2026-09-04 12:36:28,14.15,0,0
2026-09-04 12:36:28,31.24,0,0
2026-09-04 12:36:28,31.34,0,0
2026-09-04 12:36:28,20.75,0,0
2026-09-04 12:36:28,19.22,0,0
2026-09-04 12:36:28,31.95,0,0
2026-09-04 12:36:29,18.16,0,0
2026-09-04 12:36:29,31.03,0,0
2026-09-04 12:36:29,32.18,0,0
2026-09-04 12:36:29,31.93,0,0
2026-09-04 12:36:29,30.67,0,0
2026-09-04 12:36:29,32.16,0,0
2026-09-04 12:36:29,33.0,0,0
2026-09-04 12:36:30,31.45,0,0
2026-09-04 12:36:30,31.82,0,0
2026-09-04 12:36:30,30.62,0,0
2026-09-04 12:36:30,31.75,0,0
2026-09-04 12:36:30,30.7,0,0
2026-09-04 12:36:30,21.45,0,0
2026-09-04 12:36:30,29.7,0,0
2026-09-04 12:36:31,32.28,0,0
2026-09-04 12:36:31,24.4,0,0
2026-09-04 12:36:31,31.09,0,0
2026-09-04 12:36:31,32.02,0,0
2026-09-04 12:36:31,31.58,0,0
2026-09-04 12:36:31,31.24,0,0
2026-09-04 12:36:31,32.35,0,0
2026-09-04 12:36:31,30.49,0,0
2026-09-04 12:36:32,24.18,0,0
2026-09-04 12:36:32,31.24,0,0
2026-09-04 12:36:32,21.25,0,0
2026-09-04 12:36:32,30.49,0,0
2026-09-04 12:36:32,31.66,0,0
2026-09-04 12:36:32,29.57,0,0
2026-09-04 12:36:32,24.22,0,0
2026-09-04 12:36:33,31.5,0,0
2026-09-04 12:36:33,31.39,0,0
2026-09-04 12:36:33,3.58,0,0
2026-09-04 12:36:33,30.11,0,0
2026-09-04 12:36:33,30.59,0,0
2026-09-04 12:36:33,32.2,0,0
2026-09-04 12:36:33,30.91,0,0
2026-09-04 12:36:33,31.01,0,0
2026-09-04 12:36:34,31.96,0,0
2026-09-04 12:36:34,31.46,0,0
2026-09-04 12:36:34,31.46,0,0
2026-09-04 12:36:34,4.13,0,0
2026-09-04 12:36:34,16.76,0,0
2026-09-04 12:36:34,31.24,0,0
2026-09-04 12:36:34,31.1,0,0
2026-09-04 12:36:35,7.45,0,0
2026-09-04 12:36:35,16.26,0,0
2026-09-04 12:36:35,30.23,0,0
2026-09-04 12:36:35,30.41,0,0
2026-09-04 12:36:35,14.79,0,0
2026-09-04 12:36:35,31.88,0,0
2026-09-04 12:36:35,31.49,0,0
2026-09-04 12:36:35,15.53,0,0
2026-09-04 12:36:36,15.6,0,0
2026-09-04 12:36:36,31.19,0,0
2026-09-04 12:36:36,25.54,0,0
2026-09-04 12:36:36,31.49,0,0
2026-09-04 12:36:36,31.59,0,0
2026-09-04 12:36:36,5.42,0,0
2026-09-04 12:36:36,15.57,0,0
2026-09-04 12:36:36,4.68,0,0
2026-09-04 12:36:37,4.47,0,0
2026-09-04 12:36:37,31.66,0,0
2026-09-04 12:36:37,31.79,0,0
2026-09-04 12:36:37,20.1,0,0
2026-09-04 12:36:37,31.15,0,0
2026-09-04 12:36:37,33.61,0,0
2026-09-04 12:36:37,20.91,0,0
2026-09-04 12:36:38,32.46,0,0
2026-09-04 12:36:38,32.09,0,0
2026-09-04 12:36:38,24.36,0,0
2026-09-04 12:36:38,3.99,0,0
2026-09-04 12:36:38,4.3,0,0
2026-09-04 12:36:38,15.44,0,0
2026-09-04 12:36:38,30.42,0,0
2026-09-04 12:36:38,31.61,0,0
2026-09-04 12:36:39,3.48,0,0
2026-09-04 12:36:39,18.39,0,0
2026-09-04 12:36:39,30.65,0,0
2026-09-04 12:36:39,31.16,0,0
2026-09-04 12:36:39,17.35,0,0
2026-09-04 12:36:39,31.28,0,0
2026-09-04 12:36:39,5.42,0,0
2026-09-04 12:36:39,32.27,0,0
2026-09-04 12:36:40,8.45,0,0
2026-09-04 12:36:40,4.06,0,0
2026-09-04 12:36:40,3.41,0,0
2026-09-04 12:36:40,5.02,0,0
2026-09-04 12:36:40,32.04,0,0
2026-09-04 12:36:40,35.13,0,0
2026-09-04 12:36:40,32.28,0,0
2026-09-04 12:36:40,31.9,0,0
2026-09-04 12:36:41,32.95,0,0
2026-09-04 12:36:41,6.39,0,0
2026-09-04 12:36:41,27.17,0,0
2026-09-04 12:36:41,32.09,0,0
2026-09-04 12:36:41,30.97,0,0
2026-09-04 12:36:41,31.65,0,0
2026-09-04 12:36:41,32.61,0,0
2026-09-04 12:36:41,18.18,0,0
2026-09-04 12:36:42,3.76,0,0
2026-09-04 12:36:42,21.14,0,0
2026-09-04 12:36:42,3.03,0,0
2026-09-04 12:36:42,31.61,0,0
2026-09-04 12:36:42,30.61,0,0
2026-09-04 12:36:42,21.75,0,0
2026-09-04 12:36:42,31.16,0,0
2026-09-04 12:36:43,30.56,0,0
2026-09-04 12:36:43,18.09,0,0
2026-09-04 12:36:43,30.93,0,0
2026-09-04 12:36:43,31.09,0,0
2026-09-04 12:36:43,6.9,0,0
2026-09-04 12:36:43,3.33,0,0
2026-09-04 12:36:43,31.73,0,0
2026-09-04 12:36:43,32.62,0,0
2026-09-04 12:36:44,18.24,0,0
2026-09-04 12:36:44,6.79,0,0
2026-09-04 12:36:44,31.92,0,0
2026-09-04 12:36:44,32.05,0,0
2026-09-04 12:36:44,20.1,0,0
2026-09-04 12:36:44,5.46,0,0
2026-09-04 12:36:44,31.21,0,0
2026-09-04 12:36:44,30.66,0,0
2026-09-04 12:36:45,26.32,0,0
2026-09-04 12:36:45,30.12,0,0
2026-09-04 12:36:45,30.58,0,0
2026-09-04 12:36:45,31.18,0,0
2026-09-04 12:36:45,31.8,0,0
2026-09-04 12:36:45,30.83,0,0
2026-09-04 12:36:45,30.98,0,0
2026-09-04 12:36:46,32.0,0,0
2026-09-04 12:36:46,23.78,0,0
2026-09-04 12:36:46,30.75,0,0
2026-09-04 12:36:46,31.35,0,0
2026-09-04 12:36:46,16.25,0,0
2026-09-04 12:36:46,16.35,0,0
2026-09-04 12:36:46,31.12,0,0
2026-09-04 12:36:46,30.49,0,0
2026-09-04 12:36:47,30.08,0,0
2026-09-04 12:36:47,31.78,0,0
2026-09-04 12:36:47,33.16,0,0
2026-09-04 12:36:47,5.16,0,0
2026-09-04 12:36:47,17.8,0,0
2026-09-04 12:36:47,32.24,0,0
2026-09-04 12:36:47,31.08,0,0
2026-09-04 12:36:48,15.79,0,0
2026-09-04 12:36:48,31.72,0,0
2026-09-04 12:36:48,31.88,0,0
2026-09-04 12:36:48,10.32,0,0
2026-09-04 12:36:48,11.6,0,0
2026-09-04 12:36:48,30.72,0,0
2026-09-04 12:36:48,33.28,0,0
2026-09-04 12:36:48,11.6,0,0
2026-09-04 12:36:49,18.67,0,0
2026-09-04 12:36:49,32.06,0,0
2026-09-04 12:36:49,32.11,0,0
2026-09-04 12:36:49,15.33,0,0
2026-09-04 12:36:49,18.54,0,0
2026-09-04 12:36:49,29.97,0,0
2026-09-04 12:36:49,30.92,0,0
2026-09-04 12:36:49,5.51,0,0
2026-09-04 12:36:50,31.56,0,0
2026-09-04 12:36:50,30.25,0,0
2026-09-04 12:36:50,31.14,0,0
2026-09-04 12:36:50,34.85,0,0
2026-09-04 12:36:50,30.33,0,0
2026-09-04 12:36:50,15.89,0,0
2026-09-04 12:36:50,22.63,0,0
2026-09-04 12:36:51,30.48,0,0
2026-09-04 12:36:51,31.5,0,0
2026-09-04 12:36:51,16.86,0,0
2026-09-04 12:36:51,30.89,0,0
2026-09-04 12:36:51,30.87,0,0
2026-09-04 12:37:21,5000,1,0
2026-09-04 12:37:23,5000,1,0
2026-09-04 12:37:23,258.85,0,0
2026-09-04 12:37:23,31.07,0,0
2026-09-04 12:37:23,31.86,0,0
2026-09-04 12:37:23,30.92,0,0
2026-09-04 12:37:24,32.71,0,0
2026-09-04 12:37:24,31.63,0,0
2026-09-04 12:37:24,31.06,0,0
2026-09-04 12:37:24,31.23,0,0
2026-09-04 12:37:24,31.16,0,0
2026-09-04 12:37:24,31.23,0,0
2026-09-04 12:37:24,30.18,0,0
2026-09-04 12:37:25,31.98,0,0
2026-09-04 12:37:25,30.94,0,0
2026-09-04 12:37:25,33.2,0,0
2026-09-04 12:37:25,31.03,0,0
2026-09-04 12:37:25,30.69,0,0
2026-09-04 12:37:25,30.95,0,0
2026-09-04 12:37:25,30.69,0,0
2026-09-04 12:37:25,31.7,0,0
2026-09-04 12:37:26,17.97,0,0
2026-09-04 12:37:26,24.18,0,0
2026-09-04 12:37:26,32.56,0,0
2026-09-04 12:37:26,31.31,0,0
2026-09-04 12:37:26,16.16,0,0
2026-09-04 12:37:26,4.98,0,0
2026-09-04 12:37:26,16.17,0,0
2026-09-04 12:37:27,31.39,0,0
2026-09-04 12:37:27,2.82,0,0
2026-09-04 12:37:27,30.79,0,0
2026-09-04 12:37:27,31.35,0,0
2026-09-04 12:37:27,31.65,0,0
2026-09-04 12:37:27,30.35,0,0
2026-09-04 12:37:27,31.7,0,0
2026-09-04 12:37:27,32.2,0,0
2026-09-04 12:37:28,29.94,0,0
2026-09-04 12:37:28,32.39,0,0
2026-09-04 12:37:28,31.93,0,0
2026-09-04 12:37:28,32.23,0,0
2026-09-04 12:37:28,31.66,0,0
2026-09-04 12:37:28,24.52,0,0
2026-09-04 12:37:28,32.56,0,0
2026-09-04 12:37:29,31.23,0,0
2026-09-04 12:37:29,17.29,0,0
2026-09-04 12:37:29,3.63,0,0
2026-09-04 12:37:29,5.75,0,0
2026-09-04 12:37:29,32.02,0,0
2026-09-04 12:37:29,30.88,0,0
2026-09-04 12:37:29,10.58,0,0
2026-09-04 12:37:29,31.46,0,0
2026-09-04 12:37:30,31.6,0,0
2026-09-04 12:37:30,31.76,0,0
2026-09-04 12:37:30,31.36,0,0
2026-09-04 12:37:30,31.07,0,0
2026-09-04 12:37:30,15.26,0,0
2026-09-04 12:37:30,31.06,0,0
2026-09-04 12:37:30,31.41,0,0
2026-09-04 12:37:31,31.87,0,0
2026-09-04 12:37:31,33.01,0,0
2026-09-04 12:37:31,32.02,0,0
2026-09-04 12:37:31,31.07,0,0
2026-09-04 12:37:31,31.43,0,0
2026-09-04 12:37:31,31.23,0,0
2026-09-04 12:37:31,31.45,0,0
2026-09-04 12:37:32,31.08,0,0
2026-09-04 12:37:32,31.4,0,0
2026-09-04 12:37:32,30.0,0,0
2026-09-04 12:37:32,31.53,0,0
2026-09-04 12:37:32,30.65,0,0
2026-09-04 12:37:32,32.46,0,0
2026-09-04 12:37:32,31.07,0,0
2026-09-04 12:37:33,30.86,0,0
2026-09-04 12:37:33,31.55,0,0
2026-09-04 12:37:33,31.24,0,0
2026-09-04 12:37:33,30.23,0,0
2026-09-04 12:37:33,30.56,0,0
2026-09-04 12:37:33,28.32,0,0
2026-09-04 12:37:33,4.34,0,0
2026-09-04 12:37:33,3.7,0,0
2026-09-04 12:37:34,31.78,0,0
2026-09-04 12:37:34,30.51,0,0
2026-09-04 12:37:34,19.82,0,0
2026-09-04 12:37:34,18.8,0,0
2026-09-04 12:37:34,32.51,0,0
2026-09-04 12:37:34,30.44,0,0
2026-09-04 12:37:34,4.96,0,0
2026-09-04 12:37:34,3.75,0,0
2026-09-04 12:37:35,3.56,0,0
2026-09-04 12:37:35,27.73,0,0
2026-09-04 12:37:35,33.64,0,0
2026-09-04 12:37:35,29.02,0,0
2026-09-04 12:37:35,9.27,0,0
2026-09-04 12:37:35,33.03,0,0
2026-09-04 12:37:35,31.41,0,0
2026-09-04 12:37:35,16.06,0,0
2026-09-04 12:37:36,3.81,0,0
2026-09-04 12:37:36,8.84,0,0
2026-09-04 12:37:36,30.33,0,0
2026-09-04 12:37:36,30.25,0,0
2026-09-04 12:37:36,17.17,0,0
2026-09-04 12:37:36,20.69,0,0
2026-09-04 12:37:36,31.46,0,0
2026-09-04 12:37:36,31.73,0,0
2026-09-04 12:37:37,2.56,0,0
2026-09-04 12:37:37,24.81,0,0
2026-09-04 12:37:37,30.59,0,0
2026-09-04 12:37:37,32.74,0,0
2026-09-04 12:37:37,3.52,0,0
2026-09-04 12:37:37,23.88,0,0
2026-09-04 12:37:37,31.64,0,0
2026-09-04 12:37:38,32.13,0,0
2026-09-04 12:37:38,3.46,0,0
2026-09-04 12:37:38,8.98,0,0
2026-09-04 12:37:38,32.56,0,0
2026-09-04 12:37:38,4.46,0,0
2026-09-04 12:37:38,31.87,0,0
2026-09-04 12:37:38,3.2,0,0
2026-09-04 12:37:38,18.97,0,0
2026-09-04 12:37:38,30.63,0,0
2026-09-04 12:37:39,15.76,0,0
2026-09-04 12:37:39,18.85,0,0
2026-09-04 12:37:39,32.25,0,0
2026-09-04 12:37:39,32.38,0,0
2026-09-04 12:37:39,32.01,0,0
2026-09-04 12:37:39,31.29,0,0
2026-09-04 12:37:39,31.81,0,0
2026-09-04 12:37:40,14.58,0,0
2026-09-04 12:37:40,3.96,0,0
2026-09-04 12:37:40,4.38,0,0
2026-09-04 12:37:40,31.45,0,0
2026-09-04 12:37:40,31.25,0,0
2026-09-04 12:37:40,7.08,0,0
2026-09-04 12:37:40,31.41,0,0
2026-09-04 12:37:40,31.83,0,0
2026-09-04 12:37:41,32.29,0,0
2026-09-04 12:37:41,30.98,0,0
2026-09-04 12:37:41,31.94,0,0
2026-09-04 12:37:41,30.85,0,0
2026-09-04 12:37:41,30.61,0,0
2026-09-04 12:37:41,31.76,0,0
2026-09-04 12:37:41,8.16,0,0
2026-09-04 12:37:42,32.49,0,0
2026-09-04 12:37:42,3.35,0,0
2026-09-04 12:37:42,3.71,0,0
2026-09-04 12:37:42,3.74,0,0
2026-09-04 12:37:42,2.73,0,0
2026-09-04 12:37:42,3.77,0,0
2026-09-04 12:37:42,3.99,0,0
2026-09-04 12:37:42,3.43,0,0
2026-09-04 12:37:42,3.61,0,0
2026-09-04 12:37:42,3.54,0,0
2026-09-04 12:37:43,3.82,0,0
2026-09-04 12:37:43,3.79,0,0
2026-09-04 12:37:43,3.96,0,0
2026-09-04 12:37:43,4.81,0,0
2026-09-04 12:37:43,3.93,0,0
2026-09-04 12:37:43,3.31,0,0
2026-09-04 12:37:43,3.89,0,0
2026-09-04 12:37:43,3.54,0,0
2026-09-04 12:37:43,4.52,0,0
2026-09-04 12:37:44,3.37,0,0
2026-09-04 12:37:44,3.4,0,0
2026-09-04 12:37:44,3.35,0,0
2026-09-04 12:37:44,3.09,0,0
2026-09-04 12:37:44,2.95,0,0
2026-09-04 12:37:44,2.82,0,0
2026-09-04 12:37:44,4.32,0,0
2026-09-04 12:37:44,4.57,0,0
2026-09-04 12:37:44,3.18,0,0
2026-09-04 12:37:44,2.8,0,0
2026-09-04 12:37:45,2.57,0,0
2026-09-04 12:37:45,3.41,0,0
2026-09-04 12:37:45,3.46,0,0
2026-09-04 12:37:45,3.49,0,0
2026-09-04 12:37:45,2.93,0,0
2026-09-04 12:37:45,3.98,0,0
2026-09-04 12:37:45,2.91,0,0
2026-09-04 12:37:45,3.93,0,0
2026-09-04 12:37:45,3.49,0,0
2026-09-04 12:37:46,3.66,0,0
2026-09-04 12:37:46,2.96,0,0
2026-09-04 12:37:46,3.68,0,0
2026-09-04 12:37:46,2.99,0,0
2026-09-04 12:37:46,5.62,0,0
2026-09-04 12:37:46,4.18,0,0
2026-09-04 12:37:46,3.41,0,0
2026-09-04 12:37:46,3.3,0,0
2026-09-04 12:37:46,2.91,0,0
2026-09-04 12:37:46,4.51,0,0
2026-09-04 12:37:47,4.11,0,0
2026-09-04 12:37:47,3.39,0,0
2026-09-04 12:37:47,3.37,0,0
2026-09-04 12:37:47,4.16,0,0
2026-09-04 12:37:47,4.32,0,0
2026-09-04 12:37:47,3.91,0,0
2026-09-04 12:37:47,2.72,0,0
2026-09-04 12:37:47,3.76,0,0
2026-09-04 12:37:47,3.23,0,0
2026-09-04 12:37:47,2.65,0,0
2026-09-04 12:37:48,4.71,0,0
2026-09-04 12:37:48,3.28,0,0
2026-09-04 12:37:48,3.4,0,0
2026-09-04 12:37:48,3.26,0,0
2026-09-04 12:37:48,3.55,0,0
2026-09-04 12:37:48,3.05,0,0
2026-09-04 12:37:48,3.05,0,0
2026-09-04 12:37:48,4.05,0,0
2026-09-04 12:37:48,4.03,0,0
2026-09-04 12:37:49,3.08,0,0
2026-09-04 12:37:49,3.0,0,0
2026-09-04 12:37:49,4.42,0,0
2026-09-04 12:37:49,3.95,0,0
2026-09-04 12:37:49,4.11,0,0
2026-09-04 12:37:49,3.13,0,0
2026-09-04 12:37:49,2.97,0,0
2026-09-04 12:37:49,3.23,0,0
2026-09-04 12:37:49,4.24,0,0
2026-09-04 12:37:49,3.62,0,0
2026-09-04 12:37:50,3.05,0,0
2026-09-04 12:37:50,3.5,0,0
2026-09-04 12:37:50,3.29,0,0
2026-09-04 12:37:50,3.37,0,0
2026-09-04 12:37:50,3.57,0,0
2026-09-04 12:37:50,3.61,0,0
2026-09-04 12:37:50,3.89,0,0
2026-09-04 12:37:50,4.02,0,0
2026-09-04 12:37:50,4.24,0,0
2026-09-04 12:37:51,3.21,0,0
2026-09-04 12:37:51,3.74,0,0
2026-09-04 12:37:51,3.86,0,0
2026-09-04 12:37:51,3.09,0,0
2026-09-04 12:37:51,3.7,0,0
2026-09-04 12:37:51,3.13,0,0
2026-09-04 12:37:51,3.59,0,0
2026-09-04 12:37:51,3.7,0,0
2026-09-04 12:38:12,5000,1,0
2026-09-04 12:38:12,92.83,0,0
2026-09-04 12:38:12,30.71,0,0
2026-09-04 12:38:12,30.77,0,0
2026-09-04 12:38:12,31.09,0,0
2026-09-04 12:38:13,33.03,0,0
2026-09-04 12:38:13,30.87,0,0
2026-09-04 12:38:13,29.83,0,0
2026-09-04 12:38:13,33.68,0,0
2026-09-04 12:38:13,31.25,0,0
2026-09-04 12:38:13,32.4,0,0
2026-09-04 12:38:13,29.65,0,0
2026-09-04 12:38:14,31.64,0,0
2026-09-04 12:38:14,31.98,0,0
2026-09-04 12:38:14,31.16,0,0
2026-09-04 12:38:14,32.29,0,0
2026-09-04 12:38:14,32.92,0,0
2026-09-04 12:38:14,31.23,0,0
2026-09-04 12:38:14,30.64,0,0
2026-09-04 12:38:15,31.25,0,0
2026-09-04 12:38:15,31.06,0,0
2026-09-04 12:38:15,32.52,0,0
2026-09-04 12:38:15,30.14,0,0
2026-09-04 12:38:15,31.58,0,0
2026-09-04 12:38:15,31.01,0,0
2026-09-04 12:38:15,22.47,0,0
2026-09-04 12:38:16,31.25,0,0
2026-09-04 12:38:16,32.82,0,0
2026-09-04 12:38:16,29.26,0,0
2026-09-04 12:38:16,31.21,0,0
2026-09-04 12:38:16,32.01,0,0
2026-09-04 12:38:16,19.47,0,0
2026-09-04 12:38:16,18.63,0,0
2026-09-04 12:38:16,30.94,0,0
2026-09-04 12:38:17,31.38,0,0
2026-09-04 12:38:17,31.25,0,0
2026-09-04 12:38:17,31.39,0,0
2026-09-04 12:38:17,31.7,0,0
2026-09-04 12:38:17,30.7,0,0
2026-09-04 12:38:17,32.5,0,0
2026-09-04 12:38:17,30.61,0,0
2026-09-04 12:38:18,30.53,0,0
2026-09-04 12:38:18,31.87,0,0
2026-09-04 12:38:18,31.67,0,0
2026-09-04 12:38:18,30.2,0,0
2026-09-04 12:38:18,30.89,0,0
2026-09-04 12:38:18,31.92,0,0
2026-09-04 12:38:18,31.87,0,0
2026-09-04 12:38:19,30.57,0,0
2026-09-04 12:38:19,31.12,0,0
2026-09-04 12:38:19,30.96,0,0
2026-09-04 12:38:19,31.08,0,0
2026-09-04 12:38:19,31.44,0,0
2026-09-04 12:38:19,31.05,0,0
2026-09-04 12:38:19,30.68,0,0
2026-09-04 12:38:20,31.22,0,0
2026-09-04 12:38:20,31.83,0,0
2026-09-04 12:38:20,15.65,0,0
2026-09-04 12:38:20,31.64,0,0
2026-09-04 12:38:20,31.87,0,0
2026-09-04 12:38:20,23.51,0,0
2026-09-04 12:38:20,29.07,0,0
2026-09-04 12:38:20,32.0,0,0
2026-09-04 12:38:21,31.1,0,0
2026-09-04 12:38:21,31.62,0,0
2026-09-04 12:38:21,31.39,0,0
2026-09-04 12:38:21,30.06,0,0
2026-09-04 12:38:21,31.89,0,0
2026-09-04 12:38:21,31.98,0,0
2026-09-04 12:38:21,30.98,0,0
2026-09-04 12:38:22,31.79,0,0
2026-09-04 12:38:22,31.08,0,0
2026-09-04 12:38:22,31.62,0,0
2026-09-04 12:38:22,31.01,0,0
2026-09-04 12:38:22,31.69,0,0
2026-09-04 12:38:22,30.83,0,0
2026-09-04 12:38:22,31.55,0,0
2026-09-04 12:38:23,27.25,0,0
2026-09-04 12:38:23,26.37,0,0
2026-09-04 12:38:23,30.74,0,0
2026-09-04 12:38:23,25.06,0,0
2026-09-04 12:38:23,30.76,0,0
2026-09-04 12:38:23,31.37,0,0
2026-09-04 12:38:23,31.6,0,0
2026-09-04 12:38:24,31.16,0,0
2026-09-04 12:38:24,31.89,0,0
2026-09-04 12:38:24,32.56,0,0
2026-09-04 12:38:24,30.96,0,0
2026-09-04 12:38:24,32.03,0,0
2026-09-04 12:38:24,31.06,0,0
2026-09-04 12:38:24,32.45,0,0
2026-09-04 12:38:25,31.87,0,0
2026-09-04 12:38:25,22.73,0,0
2026-09-04 12:38:25,32.02,0,0
2026-09-04 12:38:25,26.24,0,0
2026-09-04 12:38:25,31.21,0,0
2026-09-04 12:38:25,30.97,0,0
2026-09-04 12:38:25,30.54,0,0
2026-09-04 12:38:25,32.68,0,0
2026-09-04 12:38:26,31.03,0,0
2026-09-04 12:38:26,32.65,0,0
2026-09-04 12:38:26,32.54,0,0
2026-09-04 12:38:26,32.3,0,0
2026-09-04 12:38:26,3.94,0,0
2026-09-04 12:38:26,31.74,0,0
2026-09-04 12:38:26,30.85,0,0
2026-09-04 12:38:27,30.03,0,0
2026-09-04 12:38:27,30.34,0,0
2026-09-04 12:38:27,31.37,0,0
2026-09-04 12:38:27,31.99,0,0
2026-09-04 12:38:27,33.56,0,0
2026-09-04 12:38:27,31.06,0,0
2026-09-04 12:38:27,30.17,0,0
2026-09-04 12:38:28,32.42,0,0
2026-09-04 12:38:28,33.06,0,0
2026-09-04 12:38:28,7.08,0,0
2026-09-04 12:38:28,31.26,0,0
2026-09-04 12:38:28,31.83,0,0
2026-09-04 12:38:28,30.83,0,0
2026-09-04 12:38:28,30.97,0,0
2026-09-04 12:38:28,33.31,0,0
2026-09-04 12:38:29,32.77,0,0
2026-09-04 12:38:29,32.19,0,0
2026-09-04 12:38:29,27.46,0,0
2026-09-04 12:38:29,2.54,0,0
2026-09-04 12:38:29,13.62,0,0
2026-09-04 12:38:29,30.26,0,0
2026-09-04 12:38:29,32.49,0,0
2026-09-04 12:38:30,15.88,0,0
2026-09-04 12:38:30,31.9,0,0
2026-09-04 12:38:30,31.43,0,0
2026-09-04 12:38:30,15.72,0,0
2026-09-04 12:38:30,6.79,0,0
2026-09-04 12:38:30,22.54,0,0
2026-09-04 12:38:30,30.74,0,0
2026-09-04 12:38:30,31.24,0,0
2026-09-04 12:38:31,4.26,0,0
2026-09-04 12:38:31,31.64,0,0
2026-09-04 12:38:31,30.44,0,0
2026-09-04 12:38:31,16.22,0,0
2026-09-04 12:38:31,31.25,0,0
2026-09-04 12:38:31,31.74,0,0
2026-09-04 12:38:31,19.26,0,0
2026-09-04 12:38:31,6.05,0,0
2026-09-04 12:38:32,4.18,0,0
2026-09-04 12:38:32,30.21,0,0
2026-09-04 12:38:32,31.73,0,0
2026-09-04 12:38:32,16.08,0,0
2026-09-04 12:38:32,32.03,0,0
2026-09-04 12:38:32,32.19,0,0
2026-09-04 12:38:32,18.23,0,0
2026-09-04 12:38:33,20.23,0,0
2026-09-04 12:38:33,21.04,0,0
2026-09-04 12:38:33,32.28,0,0
2026-09-04 12:38:33,17.91,0,0
2026-09-04 12:38:33,19.68,0,0
2026-09-04 12:38:33,32.21,0,0
2026-09-04 12:38:33,32.81,0,0
2026-09-04 12:38:33,30.98,0,0
2026-09-04 12:38:34,30.54,0,0
2026-09-04 12:38:34,32.13,0,0
2026-09-04 12:38:34,6.51,0,0
2026-09-04 12:38:34,31.63,0,0
2026-09-04 12:38:34,32.1,0,0
2026-09-04 12:38:34,15.35,0,0
2026-09-04 12:38:34,8.4,0,0
2026-09-04 12:38:34,32.55,0,0
2026-09-04 12:38:35,25.47,0,0
2026-09-04 12:38:35,32.13,0,0
2026-09-04 12:38:35,31.16,0,0
2026-09-04 12:38:35,32.13,0,0
2026-09-04 12:38:35,18.25,0,0
2026-09-04 12:38:35,30.26,0,0
2026-09-04 12:38:35,32.27,0,0
2026-09-04 12:38:36,15.86,0,0
2026-09-04 12:38:36,31.2,0,0
2026-09-04 12:38:36,32.34,0,0
2026-09-04 12:38:36,15.75,0,0
2026-09-04 12:38:36,31.38,0,0
2026-09-04 12:38:36,32.85,0,0
2026-09-04 12:38:36,19.34,0,0
2026-09-04 12:38:37,31.51,0,0
2026-09-04 12:38:37,30.78,0,0
2026-09-04 12:38:37,26.45,0,0
2026-09-04 12:38:37,25.92,0,0
2026-09-04 12:38:37,32.11,0,0
2026-09-04 12:38:37,31.7,0,0
2026-09-04 12:38:37,18.54,0,0
2026-09-04 12:38:37,31.91,0,0
2026-09-04 12:38:38,32.04,0,0
2026-09-04 12:38:38,31.97,0,0
2026-09-04 12:38:38,31.51,0,0
2026-09-04 12:38:38,29.99,0,0
2026-09-04 12:38:38,23.99,0,0
2026-09-04 12:38:38,33.23,0,0
2026-09-04 12:38:38,31.95,0,0
2026-09-04 12:38:39,3.79,0,0
2026-09-04 12:38:39,5.11,0,0
2026-09-04 12:38:39,30.35,0,0
2026-09-04 12:38:39,30.29,0,0
2026-09-04 12:38:39,30.26,0,0
2026-09-04 12:38:39,30.98,0,0
2026-09-04 12:38:39,31.74,0,0
2026-09-04 12:38:39,10.96,0,0
2026-09-04 12:38:40,3.11,0,0
2026-09-04 12:38:40,32.8,0,0
2026-09-04 12:38:40,33.64,0,0
2026-09-04 12:38:40,23.04,0,0
2026-09-04 12:38:40,11.01,0,0
2026-09-04 12:38:40,31.86,0,0
2026-09-04 12:38:40,30.39,0,0
2026-09-04 12:38:40,16.91,0,0
2026-09-04 12:38:41,20.3,0,0
2026-09-04 12:38:41,32.24,0,0
2026-09-04 12:38:41,29.72,0,0
2026-09-04 12:38:41,24.7,0,0
2026-09-04 12:38:41,34.31,0,0
2026-09-04 12:38:41,31.6,0,0
2026-09-04 12:39:12,527.32,0,0
2026-09-04 12:39:12,15.87,0,0
2026-09-04 12:39:12,32.03,0,0
2026-09-04 12:39:12,31.23,0,0
2026-09-04 12:39:12,32.27,0,0
2026-09-04 12:39:13,31.33,0,0
2026-09-04 12:39:13,30.91,0,0
2026-09-04 12:39:13,30.6,0,0
2026-09-04 12:39:13,31.93,0,0
2026-09-04 12:39:13,31.2,0,0
2026-09-04 12:39:13,31.12,0,0
2026-09-04 12:39:13,32.14,0,0
2026-09-04 12:39:14,31.11,0,0
2026-09-04 12:39:14,30.91,0,0
2026-09-04 12:39:14,31.86,0,0
2026-09-04 12:39:14,14.3,0,0
2026-09-04 12:39:14,31.38,0,0
2026-09-04 12:39:14,31.15,0,0
2026-09-04 12:39:14,30.97,0,0
2026-09-04 12:39:15,30.85,0,0
2026-09-04 12:39:15,31.16,0,0
2026-09-04 12:39:15,31.5,0,0
2026-09-04 12:39:15,31.62,0,0
2026-09-04 12:39:15,32.07,0,0
2026-09-04 12:39:15,31.96,0,0
2026-09-04 12:39:15,31.36,0,0
2026-09-04 12:39:16,26.65,0,0
2026-09-04 12:39:16,30.79,0,0
2026-09-04 12:39:16,31.72,0,0
2026-09-04 12:39:16,30.97,0,0
2026-09-04 12:39:16,31.14,0,0
2026-09-04 12:39:16,31.85,0,0
2026-09-04 12:39:16,31.2,0,0
2026-09-04 12:39:16,30.76,0,0
2026-09-04 12:39:17,33.06,0,0
2026-09-04 12:39:17,30.57,0,0
2026-09-04 12:39:17,33.62,0,0
2026-09-04 12:39:17,30.4,0,0
2026-09-04 12:39:17,32.42,0,0
2026-09-04 12:39:17,32.03,0,0
2026-09-04 12:39:17,31.35,0,0
2026-09-04 12:39:18,31.67,0,0
2026-09-04 12:39:18,31.05,0,0
2026-09-04 12:39:18,30.92,0,0
2026-09-04 12:39:18,32.1,0,0
2026-09-04 12:39:18,30.99,0,0
2026-09-04 12:39:18,32.04,0,0
2026-09-04 12:39:18,31.05,0,0
2026-09-04 12:39:19,30.77,0,0
2026-09-04 12:39:19,32.3,0,0
2026-09-04 12:39:19,31.3,0,0
2026-09-04 12:39:19,30.38,0,0
2026-09-04 12:39:19,31.73,0,0
2026-09-04 12:39:19,30.61,0,0
2026-09-04 12:39:19,9.28,0,0
2026-09-04 12:39:20,11.77,0,0
2026-09-04 12:39:20,15.48,0,0
2026-09-04 12:39:20,30.87,0,0
2026-09-04 12:39:20,20.34,0,0
2026-09-04 12:39:20,16.9,0,0
2026-09-04 12:39:20,17.41,0,0
2026-09-04 12:39:20,30.46,0,0
2026-09-04 12:39:20,31.24,0,0
2026-09-04 12:39:21,31.26,0,0
2026-09-04 12:39:21,31.33,0,0
2026-09-04 12:39:21,30.76,0,0
2026-09-04 12:39:21,31.91,0,0
2026-09-04 12:39:21,30.83,0,0
2026-09-04 12:39:21,22.25,0,0
2026-09-04 12:39:21,31.9,0,0
2026-09-04 12:39:22,32.77,0,0
2026-09-04 12:39:22,32.3,0,0
2026-09-04 12:39:22,31.31,0,0
2026-09-04 12:39:22,29.99,0,0
2026-09-04 12:39:22,8.28,0,0
2026-09-04 12:39:22,31.49,0,0
2026-09-04 12:39:22,31.69,0,0
2026-09-04 12:39:22,32.32,0,0
2026-09-04 12:39:23,32.36,0,0
2026-09-04 12:39:23,31.1,0,0
2026-09-04 12:39:23,4.29,0,0
2026-09-04 12:39:23,3.07,0,0
2026-09-04 12:39:23,33.24,0,0
2026-09-04 12:39:23,31.5,0,0
2026-09-04 12:39:23,14.61,0,0
2026-09-04 12:39:24,8.3,0,0
2026-09-04 12:39:24,23.3,0,0
2026-09-04 12:39:24,32.29,0,0
2026-09-04 12:39:24,28.23,0,0
2026-09-04 12:39:24,3.06,0,0
2026-09-04 12:39:24,29.12,0,0
2026-09-04 12:39:24,31.8,0,0
2026-09-04 12:39:24,30.4,0,0
2026-09-04 12:39:25,31.77,0,0
2026-09-04 12:39:25,30.7,0,0
2026-09-04 12:39:25,31.17,0,0
2026-09-04 12:39:25,31.4,0,0
2026-09-04 12:39:25,32.43,0,0
2026-09-04 12:39:25,19.81,0,0
2026-09-04 12:39:25,30.51,0,0
2026-09-04 12:39:26,31.12,0,0
2026-09-04 12:39:26,13.26,0,0
2026-09-04 12:39:26,32.33,0,0
2026-09-04 12:39:26,31.24,0,0
2026-09-04 12:39:26,30.8,0,0
2026-09-04 12:39:26,15.48,0,0
2026-09-04 12:39:26,32.45,0,0
2026-09-04 12:39:26,25.29,0,0
2026-09-04 12:39:27,29.92,0,0
2026-09-04 12:39:27,30.41,0,0
2026-09-04 12:39:27,27.34,0,0
2026-09-04 12:39:27,31.92,0,0
2026-09-04 12:39:27,31.42,0,0
2026-09-04 12:39:27,16.13,0,0
2026-09-04 12:39:27,7.87,0,0
2026-09-04 12:39:28,31.8,0,0
2026-09-04 12:39:28,32.97,0,0
2026-09-04 12:39:28,16.57,0,0
2026-09-04 12:39:28,8.52,0,0
2026-09-04 12:39:28,31.38,0,0
2026-09-04 12:39:28,30.3,0,0
2026-09-04 12:39:28,15.97,0,0
2026-09-04 12:39:28,13.49,0,0
2026-09-04 12:39:29,32.39,0,0
2026-09-04 12:39:29,30.93,0,0
2026-09-04 12:39:29,15.31,0,0
2026-09-04 12:39:29,6.78,0,0
2026-09-04 12:39:29,30.87,0,0
2026-09-04 12:39:29,31.68,0,0
2026-09-04 12:39:29,30.26,0,0
2026-09-04 12:39:29,32.1,0,0
2026-09-04 12:39:30,31.54,0,0
2026-09-04 12:39:30,31.58,0,0
2026-09-04 12:39:30,30.56,0,0
2026-09-04 12:39:30,32.26,0,0
2026-09-04 12:39:30,31.79,0,0
2026-09-04 12:39:30,31.48,0,0
2026-09-04 12:39:30,24.51,0,0
2026-09-04 12:39:31,31.25,0,0
2026-09-04 12:39:31,31.82,0,0
2026-09-04 12:39:31,32.16,0,0
2026-09-04 12:39:31,32.05,0,0
2026-09-04 12:39:31,31.42,0,0
2026-09-04 12:39:31,30.7,0,0
2026-09-04 12:39:31,31.24,0,0
2026-09-04 12:39:32,31.97,0,0
2026-09-04 12:39:32,30.35,0,0
2026-09-04 12:39:32,31.89,0,0
2026-09-04 12:39:32,28.04,0,0
2026-09-04 12:39:32,31.07,0,0
2026-09-04 12:39:32,31.11,0,0
2026-09-04 12:39:32,17.24,0,0
2026-09-04 12:39:33,33.15,0,0
2026-09-04 12:39:33,30.97,0,0
2026-09-04 12:39:33,30.26,0,0
2026-09-04 12:39:33,31.85,0,0
2026-09-04 12:39:33,31.38,0,0
2026-09-04 12:39:33,31.66,0,0
2026-09-04 12:39:33,30.99,0,0
2026-09-04 12:39:34,30.64,0,0
2026-09-04 12:39:34,15.32,0,0
2026-09-04 12:39:34,32.16,0,0
2026-09-04 12:39:34,31.99,0,0
2026-09-04 12:39:34,30.88,0,0
2026-09-04 12:39:34,30.73,0,0
2026-09-04 12:39:34,30.22,0,0
2026-09-04 12:39:34,32.11,0,0
2026-09-04 12:39:35,31.93,0,0
2026-09-04 12:39:35,30.63,0,0
2026-09-04 12:39:35,32.28,0,0
2026-09-04 12:39:35,30.5,0,0
2026-09-04 12:39:35,31.67,0,0
2026-09-04 12:39:35,31.54,0,0
2026-09-04 12:39:35,30.45,0,0
2026-09-04 12:39:36,30.59,0,0
2026-09-04 12:39:36,31.07,0,0
2026-09-04 12:39:36,31.62,0,0
2026-09-04 12:39:36,30.86,0,0
2026-09-04 12:39:36,32.72,0,0
2026-09-04 12:39:36,31.19,0,0
2026-09-04 12:39:36,6.77,0,0
2026-09-04 12:39:37,3.55,0,0
2026-09-04 12:39:37,27.72,0,0
2026-09-04 12:39:37,31.19,0,0
2026-09-04 12:39:37,20.73,0,0
2026-09-04 12:39:37,18.85,0,0
2026-09-04 12:39:37,29.85,0,0
2026-09-04 12:39:37,33.5,0,0
2026-09-04 12:39:37,8.31,0,0
2026-09-04 12:39:38,16.15,0,0
2026-09-04 12:39:38,3.16,0,0
2026-09-04 12:39:38,32.37,0,0
2026-09-04 12:39:38,31.87,0,0
2026-09-04 12:39:38,5.27,0,0
2026-09-04 12:39:38,31.33,0,0
2026-09-04 12:39:38,30.58,0,0
2026-09-04 12:39:38,32.37,0,0
2026-09-04 12:39:39,30.52,0,0
2026-09-04 12:39:39,31.36,0,0
2026-09-04 12:39:39,6.39,0,0
2026-09-04 12:39:39,18.7,0,0
2026-09-04 12:39:39,30.38,0,0
2026-09-04 12:39:39,31.82,0,0
2026-09-04 12:39:39,15.35,0,0
2026-09-04 12:39:40,32.05,0,0
2026-09-04 12:39:40,16.21,0,0
2026-09-04 12:39:40,22.05,0,0
2026-09-04 12:39:40,33.38,0,0
2026-09-04 12:39:40,32.24,0,0
2026-09-04 12:39:40,26.82,0,0
2026-09-04 12:39:40,7.23,0,0
2026-09-04 12:39:40,31.1,0,0
2026-09-04 12:39:41,32.16,0,0
2026-09-04 12:39:41,13.2,0,0
2026-09-04 12:39:41,21.5,0,0
2026-09-04 12:39:41,32.25,0,0
2026-09-04 12:39:41,31.74,0,0
2026-09-04 12:39:41,15.6,0,0
2026-09-04 12:39:41,31.2,0,0
2026-09-04 12:40:12,259.73,0,0
2026-09-04 12:40:12,3.17,0,0
2026-09-04 12:40:12,3.01,0,0
2026-09-04 12:40:12,3.53,0,0
2026-09-04 12:40:12,2.67,0,0
2026-09-04 12:40:12,4.17,0,0
2026-09-04 12:40:12,3.22,0,0
2026-09-04 12:40:12,3.48,0,0
2026-09-04 12:40:12,3.81,0,0
2026-09-04 12:40:12,2.7,0,0
2026-09-04 12:40:13,3.69,0,0
2026-09-04 12:40:13,3.29,0,0
2026-09-04 12:40:13,3.21,0,0
2026-09-04 12:40:13,3.6,0,0
2026-09-04 12:40:13,3.35,0,0
2026-09-04 12:40:13,3.67,0,0
2026-09-04 12:40:13,3.35,0,0
2026-09-04 12:40:13,3.64,0,0
2026-09-04 12:40:13,3.29,0,0
2026-09-04 12:40:14,5.41,0,0
2026-09-04 12:40:14,3.05,0,0
2026-09-04 12:40:14,2.72,0,0
2026-09-04 12:40:14,3.64,0,0
2026-09-04 12:40:14,3.59,0,0
2026-09-04 12:40:14,5.96,0,0
2026-09-04 12:40:14,2.85,0,0
2026-09-04 12:40:14,3.08,0,0
2026-09-04 12:40:14,2.95,0,0
2026-09-04 12:40:14,3.35,0,0
2026-09-04 12:40:15,5.11,0,0
2026-09-04 12:40:15,3.57,0,0
2026-09-04 12:40:15,3.53,0,0
2026-09-04 12:40:15,2.99,0,0
2026-09-04 12:40:15,4.64,0,0
2026-09-04 12:40:15,3.7,0,0
2026-09-04 12:40:15,3.04,0,0
2026-09-04 12:40:15,3.42,0,0
2026-09-04 12:40:15,2.63,0,0
2026-09-04 12:40:15,3.69,0,0
2026-09-04 12:40:16,3.24,0,0
2026-09-04 12:40:16,5.12,0,0
2026-09-04 12:40:16,4.27,0,0
2026-09-04 12:40:16,3.46,0,0
2026-09-04 12:40:16,2.43,0,0
2026-09-04 12:40:16,4.56,0,0
2026-09-04 12:40:16,3.82,0,0
2026-09-04 12:40:16,3.06,0,0
2026-09-04 12:40:16,3.69,0,0
2026-09-04 12:40:17,4.72,0,0
2026-09-04 12:40:17,3.13,0,0
2026-09-04 12:40:17,3.46,0,0
2026-09-04 12:40:17,3.71,0,0
2026-09-04 12:40:17,3.8,0,0
2026-09-04 12:40:17,2.93,0,0
2026-09-04 12:40:17,2.94,0,0
2026-09-04 12:40:17,3.2,0,0
2026-09-04 12:40:17,3.23,0,0
2026-09-04 12:40:17,3.81,0,0
2026-09-04 12:40:18,4.01,0,0
2026-09-04 12:40:18,3.79,0,0
2026-09-04 12:40:18,3.33,0,0
2026-09-04 12:40:18,4.64,0,0
2026-09-04 12:40:18,3.14,0,0
2026-09-04 12:40:18,2.85,0,0
2026-09-04 12:40:18,3.81,0,0
2026-09-04 12:40:18,4.18,0,0
2026-09-04 12:40:18,3.85,0,0
2026-09-04 12:40:19,4.16,0,0
2026-09-04 12:40:19,4.4,0,0
2026-09-04 12:40:19,3.56,0,0
2026-09-04 12:40:19,3.38,0,0
2026-09-04 12:40:19,3.55,0,0
2026-09-04 12:40:19,3.55,0,0
2026-09-04 12:40:19,4.18,0,0
2026-09-04 12:40:19,3.67,0,0
2026-09-04 12:40:19,4.76,0,0
2026-09-04 12:40:19,4.52,0,0
2026-09-04 12:40:20,2.88,0,0
2026-09-04 12:40:20,3.29,0,0
2026-09-04 12:40:20,3.09,0,0
2026-09-04 12:40:20,5.11,0,0
2026-09-04 12:40:20,3.75,0,0
2026-09-04 12:40:20,3.75,0,0
2026-09-04 12:40:20,3.7,0,0
2026-09-04 12:40:20,4.29,0,0
2026-09-04 12:40:20,2.26,0,0
2026-09-04 12:40:21,2.79,0,0
2026-09-04 12:40:21,3.6,0,0
2026-09-04 12:40:21,3.04,0,0
2026-09-04 12:40:21,4.06,0,0
2026-09-04 12:40:21,3.7,0,0
2026-09-04 12:40:21,3.17,0,0
2026-09-04 12:40:21,3.89,0,0
2026-09-04 12:40:21,3.44,0,0
2026-09-04 12:40:21,3.59,0,0
2026-09-04 12:40:21,3.96,0,0
2026-09-04 12:40:22,2.89,0,0
2026-09-04 12:40:22,3.09,0,0
2026-09-04 12:40:22,3.27,0,0
2026-09-04 12:40:22,3.74,0,0
2026-09-04 12:40:22,4.81,0,0
2026-09-04 12:40:22,2.92,0,0
2026-09-04 12:40:22,2.64,0,0
2026-09-04 12:40:22,5.42,0,0
2026-09-04 12:40:22,3.9,0,0
2026-09-04 12:40:23,3.52,0,0
2026-09-04 12:40:23,3.63,0,0
2026-09-04 12:40:23,3.24,0,0
2026-09-04 12:40:23,2.43,0,0
2026-09-04 12:40:23,3.19,0,0
2026-09-04 12:40:23,3.81,0,0
2026-09-04 12:40:23,4.15,0,0
2026-09-04 12:40:23,3.31,0,0
2026-09-04 12:40:23,3.63,0,0
2026-09-04 12:40:23,4.15,0,0
2026-09-04 12:40:24,3.27,0,0
2026-09-04 12:40:24,3.9,0,0
2026-09-04 12:40:24,4.34,0,0
2026-09-04 12:40:24,3.38,0,0
2026-09-04 12:40:24,3.15,0,0
2026-09-04 12:40:24,3.34,0,0
2026-09-04 12:40:24,3.31,0,0
2026-09-04 12:40:24,4.38,0,0
2026-09-04 12:40:24,3.22,0,0
2026-09-04 12:40:25,2.74,0,0
2026-09-04 12:40:25,2.82,0,0
2026-09-04 12:40:25,4.93,0,0
2026-09-04 12:40:25,3.46,0,0
2026-09-04 12:40:25,4.52,0,0
2026-09-04 12:40:25,4.56,0,0
2026-09-04 12:40:25,2.8,0,0
2026-09-04 12:40:25,3.75,0,0
2026-09-04 12:40:25,3.05,0,0
2026-09-04 12:40:25,3.88,0,0
2026-09-04 12:40:26,3.84,0,0
2026-09-04 12:40:26,3.59,0,0
2026-09-04 12:40:26,3.81,0,0
2026-09-04 12:40:26,5.29,0,0
2026-09-04 12:40:26,4.41,0,0
2026-09-04 12:40:26,3.79,0,0
2026-09-04 12:40:26,3.26,0,0
2026-09-04 12:40:26,4.58,0,0
2026-09-04 12:40:26,3.9,0,0
2026-09-04 12:40:27,4.36,0,0
2026-09-04 12:40:27,4.41,0,0
2026-09-04 12:40:27,3.23,0,0
2026-09-04 12:40:27,2.94,0,0
2026-09-04 12:40:27,2.78,0,0
2026-09-04 12:40:27,4.0,0,0
2026-09-04 12:40:27,3.09,0,0
2026-09-04 12:40:27,3.07,0,0
2026-09-04 12:40:27,3.96,0,0
2026-09-04 12:40:27,3.83,0,0
2026-09-04 12:40:28,31.25,0,0
2026-09-04 12:40:28,16.54,0,0
2026-09-04 12:40:28,31.91,0,0
2026-09-04 12:40:28,16.17,0,0
2026-09-04 12:40:28,32.81,0,0
2026-09-04 12:40:28,30.79,0,0
2026-09-04 12:40:28,31.73,0,0
2026-09-04 12:40:29,30.35,0,0
2026-09-04 12:40:29,31.12,0,0
2026-09-04 12:40:29,31.56,0,0
2026-09-04 12:40:29,19.42,0,0
2026-09-04 12:40:29,17.65,0,0
2026-09-04 12:40:29,5.69,0,0
2026-09-04 12:40:29,30.73,0,0
2026-09-04 12:40:29,33.15,0,0
2026-09-04 12:40:30,16.49,0,0
2026-09-04 12:40:30,30.5,0,0
2026-09-04 12:40:30,31.13,0,0
2026-09-04 12:40:30,9.69,0,0
2026-09-04 12:40:30,5.1,0,0
2026-09-04 12:40:30,26.27,0,0
2026-09-04 12:40:30,32.78,0,0
2026-09-04 12:40:30,2.64,0,0
2026-09-04 12:40:31,3.05,0,0
2026-09-04 12:40:31,3.76,0,0
2026-09-04 12:40:31,4.87,0,0
2026-09-04 12:40:31,2.85,0,0
2026-09-04 12:40:31,2.88,0,0
2026-09-04 12:40:31,3.58,0,0
2026-09-04 12:40:31,3.09,0,0
2026-09-04 12:40:31,3.01,0,0
2026-09-04 12:40:31,4.11,0,0
2026-09-04 12:40:31,2.76,0,0
2026-09-04 12:40:32,4.52,0,0
2026-09-04 12:40:32,3.92,0,0
2026-09-04 12:40:32,5.06,0,0
2026-09-04 12:40:32,3.35,0,0
2026-09-04 12:40:32,2.44,0,0
2026-09-04 12:40:32,4.4,0,0
2026-09-04 12:40:32,3.06,0,0
2026-09-04 12:40:32,3.42,0,0
2026-09-04 12:40:32,4.01,0,0
2026-09-04 12:40:33,3.59,0,0
2026-09-04 12:40:33,3.86,0,0
2026-09-04 12:40:33,3.32,0,0
2026-09-04 12:40:33,3.99,0,0
2026-09-04 12:40:33,4.03,0,0
2026-09-04 12:40:33,3.15,0,0
2026-09-04 12:40:33,3.54,0,0
2026-09-04 12:40:33,4.34,0,0
2026-09-04 12:40:33,3.43,0,0
2026-09-04 12:40:33,3.32,0,0
2026-09-04 12:40:34,3.3,0,0
2026-09-04 12:40:34,4.56,0,0
2026-09-04 12:40:34,4.12,0,0
2026-09-04 12:40:34,3.32,0,0
2026-09-04 12:40:34,4.84,0,0
2026-09-04 12:40:34,5.69,0,0
2026-09-04 12:40:34,4.64,0,0
2026-09-04 12:40:34,3.13,0,0
2026-09-04 12:40:34,5.22,0,0
2026-09-04 12:40:35,2.96,0,0
2026-09-04 12:40:35,3.67,0,0
2026-09-04 12:40:35,4.98,0,0
2026-09-04 12:40:35,5.75,0,0
2026-09-04 12:40:35,3.41,0,0
2026-09-04 12:40:35,3.15,0,0
2026-09-04 12:40:35,3.37,0,0
2026-09-04 12:40:35,3.96,0,0
2026-09-04 12:40:35,4.88,0,0
2026-09-04 12:40:35,3.67,0,0
2026-09-04 12:40:36,3.68,0,0
2026-09-04 12:40:36,3.65,0,0
2026-09-04 12:40:36,3.97,0,0
2026-09-04 12:40:36,3.27,0,0
2026-09-04 12:40:36,3.12,0,0
2026-09-04 12:40:36,2.83,0,0
2026-09-04 12:40:36,4.13,0,0
2026-09-04 12:40:36,3.68,0,0
2026-09-04 12:40:36,2.69,0,0
2026-09-04 12:40:37,3.26,0,0
2026-09-04 12:40:37,3.44,0,0
2026-09-04 12:40:37,5.44,0,0
2026-09-04 12:40:37,3.78,0,0
2026-09-04 12:40:37,5.17,0,0
2026-09-04 12:40:37,3.77,0,0
2026-09-04 12:40:37,4.63,0,0
2026-09-04 12:40:37,3.93,0,0
2026-09-04 12:40:37,3.2,0,0
2026-09-04 12:40:37,4.37,0,0
2026-09-04 12:40:38,4.02,0,0
2026-09-04 12:40:38,3.82,0,0
2026-09-04 12:40:38,4.1,0,0
2026-09-04 12:40:38,4.3,0,0
2026-09-04 12:40:38,4.89,0,0
2026-09-04 12:40:38,5.47,0,0
2026-09-04 12:40:38,3.63,0,0
2026-09-04 12:40:38,3.19,0,0
2026-09-04 12:40:38,3.64,0,0
2026-09-04 12:40:39,5.13,0,0
2026-09-04 12:40:39,3.65,0,0
2026-09-04 12:40:39,3.32,0,0
2026-09-04 12:40:39,4.04,0,0
2026-09-04 12:40:39,3.55,0,0
2026-09-04 12:40:39,4.29,0,0
2026-09-04 12:40:39,4.0,0,0
2026-09-04 12:40:39,3.35,0,0
2026-09-04 12:40:39,3.84,0,0
2026-09-04 12:40:39,4.19,0,0
2026-09-04 12:40:40,3.03,0,0
2026-09-04 12:40:40,3.7,0,0
2026-09-04 12:40:40,3.42,0,0
2026-09-04 12:40:40,2.86,0,0
2026-09-04 12:40:40,3.05,0,0
2026-09-04 12:40:40,3.67,0,0
2026-09-04 12:40:40,3.44,0,0
2026-09-04 12:40:40,3.5,0,0
2026-09-04 12:40:40,3.77,0,0
2026-09-04 12:40:41,3.89,0,0
2026-09-04 12:40:41,3.98,0,0
2026-09-04 12:40:41,3.88,0,0
2026-09-04 12:40:41,3.68,0,0
2026-09-04 12:40:41,3.24,0,0
2026-09-04 12:40:41,3.79,0,0
2026-09-04 12:40:41,5.27,0,0
2026-09-04 12:40:41,3.31,0,0
2026-09-04 12:40:41,4.0,0,0
2026-09-04 12:40:41,3.49,0,0
2026-09-04 12:41:02,5000,1,0
2026-09-04 12:41:02,15.24,0,0
2026-09-04 12:41:02,2.98,0,0
2026-09-04 12:41:02,3.52,0,0
2026-09-04 12:41:02,3.74,0,0
2026-09-04 12:41:03,3.2,0,0
2026-09-04 12:41:03,3.59,0,0
2026-09-04 12:41:03,2.94,0,0
2026-09-04 12:41:03,3.06,0,0
2026-09-04 12:41:03,3.78,0,0
2026-09-04 12:41:03,3.72,0,0
2026-09-04 12:41:03,3.48,0,0
2026-09-04 12:41:03,2.76,0,0
2026-09-04 12:41:03,2.35,0,0
2026-09-04 12:41:03,2.32,0,0
2026-09-04 12:41:04,2.13,0,0
2026-09-04 12:41:04,3.57,0,0
2026-09-04 12:41:04,4.01,0,0
2026-09-04 12:41:04,2.65,0,0
2026-09-04 12:41:04,4.01,0,0
2026-09-04 12:41:04,3.94,0,0
2026-09-04 12:41:04,3.54,0,0
2026-09-04 12:41:04,2.67,0,0
2026-09-04 12:41:04,4.14,0,0
2026-09-04 12:41:05,4.55,0,0
2026-09-04 12:41:05,3.33,0,0
2026-09-04 12:41:05,3.6,0,0
2026-09-04 12:41:05,4.63,0,0
2026-09-04 12:41:05,3.31,0,0
2026-09-04 12:41:05,3.82,0,0
2026-09-04 12:41:05,4.11,0,0
2026-09-04 12:41:05,3.75,0,0
2026-09-04 12:41:05,4.08,0,0
2026-09-04 12:41:05,4.51,0,0
2026-09-04 12:41:06,3.98,0,0
2026-09-04 12:41:06,4.36,0,0
2026-09-04 12:41:06,3.73,0,0
2026-09-04 12:41:06,4.11,0,0
2026-09-04 12:41:06,2.88,0,0
2026-09-04 12:41:06,3.69,0,0
2026-09-04 12:41:06,2.83,0,0
2026-09-04 12:41:06,3.59,0,0
2026-09-04 12:41:06,4.39,0,0
2026-09-04 12:41:06,4.88,0,0
2026-09-04 12:41:07,3.35,0,0
2026-09-04 12:41:07,4.77,0,0
2026-09-04 12:41:07,3.26,0,0
2026-09-04 12:41:07,4.02,0,0
2026-09-04 12:41:07,3.7,0,0
2026-09-04 12:41:07,3.7,0,0
2026-09-04 12:41:07,3.23,0,0
2026-09-04 12:41:07,3.78,0,0
2026-09-04 12:41:07,3.73,0,0
2026-09-04 12:41:08,3.17,0,0
2026-09-04 12:41:08,3.26,0,0
2026-09-04 12:41:08,3.9,0,0
2026-09-04 12:41:08,3.16,0,0
2026-09-04 12:41:08,3.45,0,0
2026-09-04 12:41:08,3.47,0,0
2026-09-04 12:41:08,3.5,0,0
2026-09-04 12:41:08,2.5,0,0
2026-09-04 12:41:08,2.72,0,0
2026-09-04 12:41:08,5.66,0,0
2026-09-04 12:41:09,4.93,0,0
2026-09-04 12:41:09,3.72,0,0
2026-09-04 12:41:09,3.18,0,0
2026-09-04 12:41:09,4.27,0,0
2026-09-04 12:41:09,2.72,0,0
2026-09-04 12:41:09,5.0,0,0
2026-09-04 12:41:09,5.15,0,0
2026-09-04 12:41:09,3.38,0,0
2026-09-04 12:41:09,3.93,0,0
2026-09-04 12:41:10,4.63,0,0
2026-09-04 12:41:10,4.36,0,0
2026-09-04 12:41:10,3.11,0,0
2026-09-04 12:41:10,4.36,0,0
2026-09-04 12:41:10,3.89,0,0
2026-09-04 12:41:10,3.89,0,0
2026-09-04 12:41:10,3.44,0,0
2026-09-04 12:41:10,6.25,0,0
2026-09-04 12:41:11,406.37,0,0
2026-09-04 12:41:11,3.62,0,0
2026-09-04 12:41:11,3.16,0,0
2026-09-04 12:41:11,3.02,0,0
2026-09-04 12:41:11,3.6,0,0
2026-09-04 12:41:11,3.29,0,0
2026-09-04 12:41:11,3.22,0,0
2026-09-04 12:41:12,3.09,0,0
2026-09-04 12:41:12,4.95,0,0
2026-09-04 12:41:12,2.99,0,0
2026-09-04 12:41:12,3.68,0,0
2026-09-04 12:41:12,4.63,0,0
2026-09-04 12:41:12,4.3,0,0
2026-09-04 12:41:12,2.58,0,0
2026-09-04 12:41:12,3.54,0,0
2026-09-04 12:41:12,2.85,0,0
2026-09-04 12:41:12,4.18,0,0
2026-09-04 12:41:13,4.43,0,0
2026-09-04 12:41:13,4.31,0,0
2026-09-04 12:41:13,2.71,0,0
2026-09-04 12:41:13,3.2,0,0
2026-09-04 12:41:13,2.48,0,0
2026-09-04 12:41:13,2.6,0,0
2026-09-04 12:41:13,4.03,0,0
2026-09-04 12:41:13,3.11,0,0
2026-09-04 12:41:13,3.66,0,0
2026-09-04 12:41:13,3.46,0,0
2026-09-04 12:41:14,3.56,0,0
2026-09-04 12:41:14,2.32,0,0
2026-09-04 12:41:14,3.43,0,0
2026-09-04 12:41:14,3.15,0,0
2026-09-04 12:41:14,3.69,0,0
2026-09-04 12:41:14,3.68,0,0
2026-09-04 12:41:14,3.32,0,0
2026-09-04 12:41:14,3.67,0,0
2026-09-04 12:41:14,2.74,0,0
2026-09-04 12:41:15,2.96,0,0
2026-09-04 12:41:15,2.78,0,0
2026-09-04 12:41:15,2.92,0,0
2026-09-04 12:41:15,3.3,0,0
2026-09-04 12:41:15,5.76,0,0
2026-09-04 12:41:15,3.28,0,0
2026-09-04 12:41:15,3.07,0,0
2026-09-04 12:41:15,3.74,0,0
2026-09-04 12:41:15,3.96,0,0
2026-09-04 12:41:15,3.96,0,0
2026-09-04 12:41:16,5.88,0,0
2026-09-04 12:41:16,5.42,0,0
2026-09-04 12:41:16,3.76,0,0
2026-09-04 12:41:16,3.64,0,0
2026-09-04 12:41:16,3.49,0,0
2026-09-04 12:41:16,3.16,0,0
2026-09-04 12:41:16,3.51,0,0
2026-09-04 12:41:16,3.33,0,0
2026-09-04 12:41:16,3.19,0,0
2026-09-04 12:41:17,6.02,0,0
2026-09-04 12:41:17,2.63,0,0
2026-09-04 12:41:17,3.11,0,0
2026-09-04 12:41:17,3.43,0,0
2026-09-04 12:41:17,3.72,0,0
2026-09-04 12:41:17,4.62,0,0
2026-09-04 12:41:17,3.67,0,0
2026-09-04 12:41:17,2.81,0,0
2026-09-04 12:41:17,3.39,0,0
2026-09-04 12:41:17,4.22,0,0
2026-09-04 12:41:18,4.31,0,0
2026-09-04 12:41:18,3.4,0,0
2026-09-04 12:41:18,2.47,0,0
2026-09-04 12:41:18,2.75,0,0
2026-09-04 12:41:18,3.75,0,0
2026-09-04 12:41:18,3.12,0,0
2026-09-04 12:41:18,3.25,0,0
2026-09-04 12:41:18,2.38,0,0
2026-09-04 12:41:18,3.79,0,0
2026-09-04 12:41:19,3.23,0,0
2026-09-04 12:41:19,3.31,0,0
2026-09-04 12:41:19,3.62,0,0
2026-09-04 12:41:19,4.11,0,0
2026-09-04 12:41:19,3.56,0,0
2026-09-04 12:41:19,3.48,0,0
2026-09-04 12:41:19,3.9,0,0
2026-09-04 12:41:19,3.84,0,0
2026-09-04 12:41:19,2.71,0,0
2026-09-04 12:41:19,3.69,0,0
2026-09-04 12:41:20,3.27,0,0
2026-09-04 12:41:20,4.2,0,0
2026-09-04 12:41:20,2.81,0,0
2026-09-04 12:41:20,3.93,0,0
2026-09-04 12:41:20,3.93,0,0
2026-09-04 12:41:20,4.4,0,0
2026-09-04 12:41:20,3.09,0,0
2026-09-04 12:41:20,3.78,0,0
2026-09-04 12:41:20,3.48,0,0
2026-09-04 12:41:21,3.04,0,0
2026-09-04 12:41:21,4.63,0,0
2026-09-04 12:41:21,3.85,0,0
2026-09-04 12:41:21,4.37,0,0
2026-09-04 12:41:21,3.51,0,0
2026-09-04 12:41:21,3.81,0,0
2026-09-04 12:41:21,4.52,0,0
2026-09-04 12:41:21,3.07,0,0
2026-09-04 12:41:21,3.25,0,0
2026-09-04 12:41:21,3.02,0,0
2026-09-04 12:41:22,3.34,0,0
2026-09-04 12:41:22,2.51,0,0
2026-09-04 12:41:22,3.83,0,0
2026-09-04 12:41:22,3.36,0,0
2026-09-04 12:41:22,3.05,0,0
2026-09-04 12:41:22,4.26,0,0
2026-09-04 12:41:22,4.46,0,0
2026-09-04 12:41:22,3.37,0,0
2026-09-04 12:41:22,4.01,0,0
2026-09-04 12:41:23,5.49,0,0
2026-09-04 12:41:23,2.41,0,0
2026-09-04 12:41:23,4.11,0,0
2026-09-04 12:41:23,3.31,0,0
2026-09-04 12:41:23,3.89,0,0
2026-09-04 12:41:23,2.8,0,0
2026-09-04 12:41:23,2.81,0,0
2026-09-04 12:41:23,3.32,0,0
2026-09-04 12:41:23,4.12,0,0
2026-09-04 12:41:23,3.85,0,0
2026-09-04 12:41:24,3.79,0,0
2026-09-04 12:41:24,3.43,0,0
2026-09-04 12:41:24,4.1,0,0
2026-09-04 12:41:24,3.51,0,0
2026-09-04 12:41:24,4.71,0,0
2026-09-04 12:41:24,4.78,0,0
2026-09-04 12:41:24,3.56,0,0
2026-09-04 12:41:24,3.93,0,0
2026-09-04 12:41:24,5.22,0,0
2026-09-04 12:41:24,3.54,0,0
2026-09-04 12:41:25,2.96,0,0
2026-09-04 12:41:25,3.04,0,0
2026-09-04 12:41:25,3.85,0,0
2026-09-04 12:41:25,3.43,0,0
2026-09-04 12:41:25,4.02,0,0
2026-09-04 12:41:25,3.34,0,0
2026-09-04 12:41:25,2.95,0,0
2026-09-04 12:41:25,3.7,0,0
2026-09-04 12:41:25,4.29,0,0
2026-09-04 12:41:26,3.39,0,0
2026-09-04 12:41:26,2.79,0,0
2026-09-04 12:41:26,3.52,0,0
2026-09-04 12:41:26,3.47,0,0
2026-09-04 12:41:26,2.9,0,0
2026-09-04 12:41:26,3.97,0,0
2026-09-04 12:41:26,4.06,0,0
2026-09-04 12:41:26,3.35,0,0
2026-09-04 12:41:26,3.58,0,0
2026-09-04 12:41:26,5.75,0,0
2026-09-04 12:41:27,3.19,0,0
2026-09-04 12:41:27,3.46,0,0
2026-09-04 12:41:27,3.08,0,0
2026-09-04 12:41:27,3.68,0,0
2026-09-04 12:41:27,3.2,0,0
2026-09-04 12:41:27,2.8,0,0
2026-09-04 12:41:27,3.52,0,0
2026-09-04 12:41:27,3.12,0,0
2026-09-04 12:41:27,4.27,0,0
2026-09-04 12:41:28,3.03,0,0
2026-09-04 12:41:28,3.77,0,0
2026-09-04 12:41:28,3.58,0,0
2026-09-04 12:41:28,3.65,0,0
2026-09-04 12:41:28,3.33,0,0
2026-09-04 12:41:28,3.67,0,0
2026-09-04 12:41:28,4.76,0,0
2026-09-04 12:41:28,3.55,0,0
2026-09-04 12:41:28,5.73,0,0
2026-09-04 12:41:28,2.89,0,0
2026-09-04 12:41:29,3.29,0,0
2026-09-04 12:41:29,3.25,0,0
2026-09-04 12:41:29,4.49,0,0
2026-09-04 12:41:29,5.14,0,0
2026-09-04 12:41:29,3.34,0,0
2026-09-04 12:41:29,3.29,0,0
2026-09-04 12:41:29,3.25,0,0
2026-09-04 12:41:29,3.37,0,0
2026-09-04 12:41:29,3.75,0,0
2026-09-04 12:41:30,3.36,0,0
2026-09-04 12:41:30,3.8,0,0
2026-09-04 12:41:30,3.47,0,0
2026-09-04 12:41:30,3.37,0,0
2026-09-04 12:41:30,3.07,0,0
2026-09-04 12:41:30,3.15,0,0
2026-09-04 12:41:30,3.68,0,0
2026-09-04 12:41:30,3.54,0,0
2026-09-04 12:41:30,4.23,0,0
2026-09-04 12:41:30,3.75,0,0
2026-09-04 12:41:31,2.79,0,0
2026-09-04 12:41:31,2.22,0,0
2026-09-04 12:41:31,4.17,0,0
2026-09-04 12:41:31,2.88,0,0
2026-09-04 12:41:31,3.56,0,0
2026-09-04 12:41:31,3.18,0,0
2026-09-04 12:41:31,4.95,0,0
2026-09-04 12:41:31,3.9,0,0
2026-09-04 12:41:31,3.96,0,0
2026-09-04 12:41:32,3.9,0,0
2026-09-04 12:42:02,540.86,0,0
2026-09-04 12:42:02,6.27,0,0
2026-09-04 12:42:02,30.68,0,0
2026-09-04 12:42:03,32.35,0,0
2026-09-04 12:42:03,32.8,0,0
2026-09-04 12:42:03,15.33,0,0
2026-09-04 12:42:03,30.77,0,0
2026-09-04 12:42:03,33.15,0,0
2026-09-04 12:42:03,31.07,0,0
2026-09-04 12:42:03,30.08,0,0
2026-09-04 12:42:03,16.0,0,0
2026-09-04 12:42:04,30.83,0,0
2026-09-04 12:42:04,31.81,0,0
2026-09-04 12:42:04,15.75,0,0
2026-09-04 12:42:04,31.05,0,0
2026-09-04 12:42:04,31.06,0,0
2026-09-04 12:42:04,15.39,0,0
2026-09-04 12:42:04,31.58,0,0
2026-09-04 12:42:05,30.51,0,0
2026-09-04 12:42:05,16.37,0,0
2026-09-04 12:42:05,20.75,0,0
2026-09-04 12:42:05,31.44,0,0
2026-09-04 12:42:05,31.03,0,0
2026-09-04 12:42:05,30.41,0,0
2026-09-04 12:42:05,30.76,0,0
2026-09-04 12:42:05,31.05,0,0
2026-09-04 12:42:06,32.21,0,0
2026-09-04 12:42:06,30.98,0,0
2026-09-04 12:42:06,26.13,0,0
2026-09-04 12:42:06,31.0,0,0
2026-09-04 12:42:06,31.24,0,0
2026-09-04 12:42:06,30.16,0,0
2026-09-04 12:42:06,31.55,0,0
2026-09-04 12:42:07,32.03,0,0
2026-09-04 12:42:07,31.01,0,0
2026-09-04 12:42:07,31.92,0,0
2026-09-04 12:42:07,26.47,0,0
2026-09-04 12:42:07,4.98,0,0
2026-09-04 12:42:07,28.84,0,0
2026-09-04 12:42:07,30.96,0,0
2026-09-04 12:42:08,22.74,0,0
2026-09-04 12:42:08,4.5,0,0
2026-09-04 12:42:08,3.21,0,0
2026-09-04 12:42:08,31.46,0,0
2026-09-04 12:42:08,30.36,0,0
2026-09-04 12:42:08,22.34,0,0
2026-09-04 12:42:08,30.55,0,0
2026-09-04 12:42:08,31.63,0,0
2026-09-04 12:42:09,33.06,0,0
2026-09-04 12:42:09,31.65,0,0
2026-09-04 12:42:09,30.69,0,0
2026-09-04 12:42:09,32.16,0,0
2026-09-04 12:42:09,31.19,0,0
2026-09-04 12:42:09,31.28,0,0
2026-09-04 12:42:09,30.62,0,0
2026-09-04 12:42:10,32.14,0,0
2026-09-04 12:42:10,32.0,0,0
2026-09-04 12:42:10,22.87,0,0
2026-09-04 12:42:10,30.54,0,0
2026-09-04 12:42:10,31.77,0,0
2026-09-04 12:42:10,31.34,0,0
2026-09-04 12:42:10,32.76,0,0
2026-09-04 12:42:11,31.92,0,0
2026-09-04 12:42:11,30.91,0,0
2026-09-04 12:42:11,29.09,0,0
2026-09-04 12:42:11,31.24,0,0
2026-09-04 12:42:11,32.46,0,0
2026-09-04 12:42:11,32.03,0,0
2026-09-04 12:42:11,19.77,0,0
2026-09-04 12:42:11,30.9,0,0
2026-09-04 12:42:12,31.37,0,0
2026-09-04 12:42:12,29.57,0,0
2026-09-04 12:42:12,29.58,0,0
2026-09-04 12:42:12,31.15,0,0
2026-09-04 12:42:12,30.59,0,0
2026-09-04 12:42:12,31.93,0,0
2026-09-04 12:42:12,32.27,0,0
2026-09-04 12:42:13,30.88,0,0
2026-09-04 12:42:13,31.07,0,0
2026-09-04 12:42:13,3.77,0,0
2026-09-04 12:42:13,2.67,0,0
2026-09-04 12:42:13,3.42,0,0
2026-09-04 12:42:13,4.1,0,0
2026-09-04 12:42:13,3.75,0,0
2026-09-04 12:42:13,3.4,0,0
2026-09-04 12:42:13,2.67,0,0
2026-09-04 12:42:14,3.81,0,0
2026-09-04 12:42:14,3.18,0,0
2026-09-04 12:42:14,3.21,0,0
2026-09-04 12:42:14,4.22,0,0
2026-09-04 12:42:14,4.27,0,0
2026-09-04 12:42:14,3.84,0,0
2026-09-04 12:42:14,3.76,0,0
2026-09-04 12:42:14,4.12,0,0
2026-09-04 12:42:14,3.67,0,0
2026-09-04 12:42:14,3.92,0,0
2026-09-04 12:42:15,3.6,0,0
2026-09-04 12:42:15,3.36,0,0
2026-09-04 12:42:15,3.64,0,0
2026-09-04 12:42:15,3.05,0,0
2026-09-04 12:42:15,3.53,0,0
2026-09-04 12:42:15,3.05,0,0
2026-09-04 12:42:15,2.87,0,0
2026-09-04 12:42:15,2.83,0,0
2026-09-04 12:42:15,3.34,0,0
2026-09-04 12:42:16,3.74,0,0
2026-09-04 12:42:16,2.93,0,0
2026-09-04 12:42:16,4.18,0,0
2026-09-04 12:42:16,4.13,0,0
2026-09-04 12:42:16,3.7,0,0
2026-09-04 12:42:16,3.76,0,0
2026-09-04 12:42:16,3.21,0,0
2026-09-04 12:42:16,3.46,0,0
2026-09-04 12:42:16,3.15,0,0
2026-09-04 12:42:16,3.74,0,0
2026-09-04 12:42:17,3.73,0,0
2026-09-04 12:42:17,3.09,0,0
2026-09-04 12:42:17,2.76,0,0
2026-09-04 12:42:17,3.65,0,0
2026-09-04 12:42:17,3.04,0,0
2026-09-04 12:42:17,3.07,0,0
2026-09-04 12:42:17,3.54,0,0
2026-09-04 12:42:17,3.59,0,0
2026-09-04 12:42:17,4.7,0,0
2026-09-04 12:42:18,31.55,0,0
2026-09-04 12:42:18,31.65,0,0
2026-09-04 12:42:18,32.19,0,0
2026-09-04 12:42:18,31.79,0,0
2026-09-04 12:42:18,31.46,0,0
2026-09-04 12:42:18,31.28,0,0
2026-09-04 12:42:18,30.72,0,0
2026-09-04 12:42:19,32.05,0,0
2026-09-04 12:42:19,17.69,0,0
2026-09-04 12:42:19,15.65,0,0
2026-09-04 12:42:19,31.79,0,0
2026-09-04 12:42:19,32.03,0,0
2026-09-04 12:42:19,31.78,0,0
2026-09-04 12:42:19,31.86,0,0
2026-09-04 12:42:19,18.55,0,0
2026-09-04 12:42:20,31.46,0,0
2026-09-04 12:42:20,16.08,0,0
2026-09-04 12:42:20,30.62,0,0
2026-09-04 12:42:20,31.07,0,0
2026-09-04 12:42:20,31.51,0,0
2026-09-04 12:42:20,32.8,0,0
2026-09-04 12:42:20,30.9,0,0
2026-09-04 12:42:21,3.9,0,0
2026-09-04 12:42:21,3.86,0,0
2026-09-04 12:42:21,3.34,0,0
2026-09-04 12:42:21,3.57,0,0
2026-09-04 12:42:21,3.3,0,0
2026-09-04 12:42:21,3.79,0,0
2026-09-04 12:42:21,3.69,0,0
2026-09-04 12:42:21,4.34,0,0
2026-09-04 12:42:21,3.81,0,0
2026-09-04 12:42:21,3.17,0,0
2026-09-04 12:42:22,3.29,0,0
2026-09-04 12:42:22,4.23,0,0
2026-09-04 12:42:22,3.18,0,0
2026-09-04 12:42:22,4.63,0,0
2026-09-04 12:42:22,2.95,0,0
2026-09-04 12:42:22,3.49,0,0
2026-09-04 12:42:22,3.9,0,0
2026-09-04 12:42:22,3.92,0,0
2026-09-04 12:42:22,4.47,0,0
2026-09-04 12:42:23,3.03,0,0
2026-09-04 12:42:23,4.39,0,0
2026-09-04 12:42:23,4.5,0,0
2026-09-04 12:42:23,4.69,0,0
2026-09-04 12:42:23,4.41,0,0
2026-09-04 12:42:23,3.83,0,0
2026-09-04 12:42:23,4.47,0,0
2026-09-04 12:42:23,3.41,0,0
2026-09-04 12:42:23,4.61,0,0
2026-09-04 12:42:23,4.51,0,0
2026-09-04 12:42:24,4.22,0,0
2026-09-04 12:42:24,3.1,0,0
2026-09-04 12:42:24,3.67,0,0
2026-09-04 12:42:24,3.16,0,0
2026-09-04 12:42:24,3.63,0,0
2026-09-04 12:42:24,3.08,0,0
2026-09-04 12:42:24,3.55,0,0
2026-09-04 12:42:24,3.73,0,0
2026-09-04 12:42:24,3.53,0,0
2026-09-04 12:42:25,4.07,0,0
2026-09-04 12:42:25,4.48,0,0
2026-09-04 12:42:25,3.24,0,0
2026-09-04 12:42:25,3.94,0,0
2026-09-04 12:42:25,2.73,0,0
2026-09-04 12:42:25,3.17,0,0
2026-09-04 12:42:25,4.21,0,0
2026-09-04 12:42:25,3.97,0,0
2026-09-04 12:42:25,2.54,0,0
2026-09-04 12:42:25,4.82,0,0
2026-09-04 12:42:26,3.36,0,0
2026-09-04 12:42:26,2.88,0,0
2026-09-04 12:42:26,2.84,0,0
2026-09-04 12:42:26,4.34,0,0
2026-09-04 12:42:26,3.35,0,0
2026-09-04 12:42:26,3.81,0,0
2026-09-04 12:42:26,3.98,0,0
2026-09-04 12:42:26,3.83,0,0
2026-09-04 12:42:26,3.49,0,0
2026-09-04 12:42:27,4.02,0,0
2026-09-04 12:42:27,3.37,0,0
2026-09-04 12:42:27,3.52,0,0
2026-09-04 12:42:27,3.84,0,0
2026-09-04 12:42:27,3.9,0,0
2026-09-04 12:42:27,3.37,0,0
2026-09-04 12:42:27,3.16,0,0
2026-09-04 12:42:27,4.1,0,0
2026-09-04 12:42:27,3.66,0,0
2026-09-04 12:42:27,3.54,0,0
2026-09-04 12:42:28,2.66,0,0
2026-09-04 12:42:28,4.72,0,0
2026-09-04 12:42:28,4.18,0,0
2026-09-04 12:42:28,5.75,0,0
2026-09-04 12:42:28,3.04,0,0
2026-09-04 12:42:28,3.4,0,0
2026-09-04 12:42:28,3.55,0,0
2026-09-04 12:42:28,3.5,0,0
2026-09-04 12:42:28,3.3,0,0
2026-09-04 12:42:29,3.95,0,0
2026-09-04 12:42:29,3.76,0,0
2026-09-04 12:42:29,3.52,0,0
2026-09-04 12:42:29,4.22,0,0
2026-09-04 12:42:29,4.34,0,0
2026-09-04 12:42:29,4.63,0,0
2026-09-04 12:42:29,4.1,0,0
2026-09-04 12:42:29,3.63,0,0
2026-09-04 12:42:29,2.41,0,0
2026-09-04 12:42:29,3.68,0,0
2026-09-04 12:42:30,4.98,0,0
2026-09-04 12:42:30,3.48,0,0
2026-09-04 12:42:30,3.24,0,0
2026-09-04 12:42:30,4.43,0,0
2026-09-04 12:42:30,3.0,0,0
2026-09-04 12:42:30,3.29,0,0
2026-09-04 12:42:30,2.83,0,0
2026-09-04 12:42:30,3.52,0,0
2026-09-04 12:42:30,3.24,0,0
2026-09-04 12:42:30,4.07,0,0
2026-09-04 12:42:31,3.68,0,0
2026-09-04 12:42:31,3.24,0,0
2026-09-04 12:42:31,4.03,0,0
2026-09-04 12:42:31,3.9,0,0
2026-09-04 12:42:31,3.84,0,0
2026-09-04 12:42:31,3.29,0,0
2026-09-04 12:42:31,3.99,0,0
2026-09-04 12:42:31,3.59,0,0
2026-09-04 12:42:31,3.03,0,0
2026-09-04 12:42:32,2.82,0,0
2026-09-04 12:43:02,31.0,0,0
2026-09-04 12:43:02,28.53,0,0
2026-09-04 12:43:02,31.7,0,0
2026-09-04 12:43:02,31.71,0,0
2026-09-04 12:43:02,31.37,0,0
2026-09-04 12:43:02,21.96,0,0
2026-09-04 12:43:03,32.19,0,0
2026-09-04 12:43:03,24.52,0,0
2026-09-04 12:43:03,32.0,0,0
2026-09-04 12:43:03,30.9,0,0
2026-09-04 12:43:03,31.46,0,0
2026-09-04 12:43:03,2.72,0,0
2026-09-04 12:43:03,3.59,0,0
2026-09-04 12:43:03,3.89,0,0
2026-09-04 12:43:04,3.81,0,0
2026-09-04 12:43:04,3.54,0,0
2026-09-04 12:43:04,3.29,0,0
2026-09-04 12:43:04,3.17,0,0
2026-09-04 12:43:04,32.68,0,0
2026-09-04 12:43:04,32.4,0,0
2026-09-04 12:43:04,15.73,0,0
2026-09-04 12:43:04,32.11,0,0
2026-09-04 12:43:05,31.7,0,0
2026-09-04 12:43:05,15.42,0,0
2026-09-04 12:43:05,30.73,0,0
2026-09-04 12:43:05,31.78,0,0
2026-09-04 12:43:05,31.47,0,0
2026-09-04 12:43:05,31.76,0,0
2026-09-04 12:43:05,3.13,0,0
2026-09-04 12:43:05,2.44,0,0
2026-09-04 12:43:06,3.18,0,0
2026-09-04 12:43:06,3.63,0,0
2026-09-04 12:43:06,3.58,0,0
2026-09-04 12:43:06,2.64,0,0
2026-09-04 12:43:06,4.55,0,0
2026-09-04 12:43:06,3.97,0,0
2026-09-04 12:43:06,3.29,0,0
2026-09-04 12:43:06,3.37,0,0
2026-09-04 12:43:06,3.34,0,0
2026-09-04 12:43:06,3.12,0,0
2026-09-04 12:43:07,3.47,0,0
2026-09-04 12:43:07,3.5,0,0
2026-09-04 12:43:07,3.69,0,0
2026-09-04 12:43:07,3.05,0,0
2026-09-04 12:43:07,3.41,0,0
2026-09-04 12:43:07,2.92,0,0
2026-09-04 12:43:07,4.09,0,0
2026-09-04 12:43:07,4.45,0,0
2026-09-04 12:43:07,3.35,0,0
2026-09-04 12:43:08,3.13,0,0
2026-09-04 12:43:08,4.06,0,0
2026-09-04 12:43:08,3.52,0,0
2026-09-04 12:43:08,3.88,0,0
2026-09-04 12:43:08,3.84,0,0
2026-09-04 12:43:08,4.45,0,0
2026-09-04 12:43:08,3.65,0,0
2026-09-04 12:43:08,3.17,0,0
2026-09-04 12:43:08,4.11,0,0
2026-09-04 12:43:08,3.47,0,0
2026-09-04 12:43:09,3.88,0,0
2026-09-04 12:43:09,4.48,0,0
2026-09-04 12:43:09,3.16,0,0
2026-09-04 12:43:09,2.56,0,0
2026-09-04 12:43:09,4.21,0,0
2026-09-04 12:43:09,4.03,0,0
2026-09-04 12:43:09,3.16,0,0
2026-09-04 12:43:09,3.53,0,0
2026-09-04 12:43:09,4.55,0,0
2026-09-04 12:43:10,3.83,0,0
2026-09-04 12:43:10,4.21,0,0
2026-09-04 12:43:10,4.03,0,0
2026-09-04 12:43:10,4.32,0,0
2026-09-04 12:43:10,4.3,0,0
2026-09-04 12:43:10,3.35,0,0
2026-09-04 12:43:10,3.56,0,0
2026-09-04 12:43:10,4.56,0,0
2026-09-04 12:43:10,3.41,0,0
2026-09-04 12:43:10,4.33,0,0
2026-09-04 12:43:11,4.48,0,0
2026-09-04 12:43:11,3.15,0,0
2026-09-04 12:43:11,6.74,0,0
2026-09-04 12:43:11,5.03,0,0
2026-09-04 12:43:11,4.17,0,0
2026-09-04 12:43:11,3.63,0,0
2026-09-04 12:43:11,3.59,0,0
2026-09-04 12:43:11,3.46,0,0
2026-09-04 12:43:11,4.76,0,0
2026-09-04 12:43:12,4.21,0,0
2026-09-04 12:43:12,4.27,0,0
2026-09-04 12:43:12,4.85,0,0
2026-09-04 12:43:12,3.95,0,0
2026-09-04 12:43:12,4.78,0,0
2026-09-04 12:43:12,4.66,0,0
2026-09-04 12:43:12,3.12,0,0
2026-09-04 12:43:12,4.53,0,0
2026-09-04 12:43:12,3.82,0,0
2026-09-04 12:43:12,4.0,0,0
2026-09-04 12:43:13,4.17,0,0
2026-09-04 12:43:13,3.61,0,0
2026-09-04 12:43:13,3.74,0,0
2026-09-04 12:43:13,4.89,0,0
2026-09-04 12:43:13,4.96,0,0
2026-09-04 12:43:13,3.31,0,0
2026-09-04 12:43:13,4.43,0,0
2026-09-04 12:43:13,4.27,0,0
2026-09-04 12:43:13,3.05,0,0
2026-09-04 12:43:14,4.45,0,0
2026-09-04 12:43:14,3.61,0,0
2026-09-04 12:43:14,4.0,0,0
2026-09-04 12:43:14,4.0,0,0
2026-09-04 12:43:14,3.65,0,0
2026-09-04 12:43:14,3.14,0,0
2026-09-04 12:43:14,4.5,0,0
2026-09-04 12:43:14,3.25,0,0
2026-09-04 12:43:14,3.39,0,0
2026-09-04 12:43:14,2.33,0,0
2026-09-04 12:43:15,3.51,0,0
2026-09-04 12:43:15,4.21,0,0
2026-09-04 12:43:15,3.43,0,0
2026-09-04 12:43:15,3.1,0,0
2026-09-04 12:43:15,3.45,0,0
2026-09-04 12:43:15,2.93,0,0
2026-09-04 12:43:15,4.23,0,0
2026-09-04 12:43:15,3.67,0,0
2026-09-04 12:43:15,3.66,0,0
2026-09-04 12:43:16,3.22,0,0
2026-09-04 12:43:16,19.26,0,0
2026-09-04 12:43:16,32.5,0,0
2026-09-04 12:43:16,30.92,0,0
2026-09-04 12:43:16,30.47,0,0
2026-09-04 12:43:16,30.4,0,0
2026-09-04 12:43:16,30.87,0,0
2026-09-04 12:43:16,31.88,0,0
2026-09-04 12:43:17,31.6,0,0
2026-09-04 12:43:17,32.36,0,0
2026-09-04 12:43:17,31.91,0,0
2026-09-04 12:43:17,31.91,0,0
2026-09-04 12:43:17,32.08,0,0
2026-09-04 12:43:17,30.15,0,0
2026-09-04 12:43:17,30.0,0,0
2026-09-04 12:43:18,32.5,0,0
2026-09-04 12:43:18,31.22,0,0
2026-09-04 12:43:18,31.08,0,0
2026-09-04 12:43:18,31.24,0,0
2026-09-04 12:43:18,32.15,0,0
2026-09-04 12:43:18,31.05,0,0
2026-09-04 12:43:18,31.81,0,0
2026-09-04 12:43:19,31.61,0,0
2026-09-04 12:43:19,30.75,0,0
2026-09-04 12:43:19,30.82,0,0
2026-09-04 12:43:19,32.17,0,0
2026-09-04 12:43:19,30.81,0,0
2026-09-04 12:43:19,31.14,0,0
2026-09-04 12:43:19,32.4,0,0
2026-09-04 12:43:20,30.81,0,0
2026-09-04 12:43:20,31.31,0,0
2026-09-04 12:43:20,14.79,0,0
2026-09-04 12:43:20,30.79,0,0
2026-09-04 12:43:20,31.12,0,0
2026-09-04 12:43:20,30.23,0,0
2026-09-04 12:43:20,31.6,0,0
2026-09-04 12:43:21,32.13,0,0
2026-09-04 12:43:21,33.18,0,0
2026-09-04 12:43:21,29.72,0,0
2026-09-04 12:43:21,32.64,0,0
2026-09-04 12:43:21,32.01,0,0
2026-09-04 12:43:21,33.02,0,0
2026-09-04 12:43:21,32.16,0,0
2026-09-04 12:43:21,31.45,0,0
2026-09-04 12:43:22,29.86,0,0
2026-09-04 12:43:22,30.75,0,0
2026-09-04 12:43:22,31.85,0,0
2026-09-04 12:43:22,30.4,0,0
2026-09-04 12:43:22,31.34,0,0
2026-09-04 12:43:22,31.22,0,0
2026-09-04 12:43:22,32.66,0,0
2026-09-04 12:43:23,31.95,0,0
2026-09-04 12:43:23,30.62,0,0
2026-09-04 12:43:23,30.67,0,0
2026-09-04 12:43:23,20.4,0,0
2026-09-04 12:43:23,31.43,0,0
2026-09-04 12:43:23,30.76,0,0
2026-09-04 12:43:23,29.31,0,0
2026-09-04 12:43:24,31.43,0,0
2026-09-04 12:43:24,30.53,0,0
2026-09-04 12:43:24,21.08,0,0
2026-09-04 12:43:24,31.13,0,0
2026-09-04 12:43:24,31.73,0,0
2026-09-04 12:43:24,26.93,0,0
2026-09-04 12:43:24,31.13,0,0
2026-09-04 12:43:25,31.04,0,0
2026-09-04 12:43:25,25.43,0,0
2026-09-04 12:43:25,30.89,0,0
2026-09-04 12:43:25,30.47,0,0
2026-09-04 12:43:25,12.55,0,0
2026-09-04 12:43:25,25.52,0,0
2026-09-04 12:43:25,31.35,0,0
2026-09-04 12:43:25,31.86,0,0
2026-09-04 12:43:26,30.94,0,0
2026-09-04 12:43:26,31.51,0,0
2026-09-04 12:43:26,30.15,0,0
2026-09-04 12:43:26,32.16,0,0
2026-09-04 12:43:26,32.44,0,0
2026-09-04 12:43:26,31.5,0,0
2026-09-04 12:43:26,30.83,0,0
2026-09-04 12:43:27,30.53,0,0
2026-09-04 12:43:27,15.62,0,0
2026-09-04 12:43:27,32.4,0,0
2026-09-04 12:43:27,30.09,0,0
2026-09-04 12:43:27,31.53,0,0
2026-09-04 12:43:27,32.06,0,0
2026-09-04 12:43:27,30.74,0,0
2026-09-04 12:43:28,30.62,0,0
2026-09-04 12:43:28,31.77,0,0
2026-09-04 12:43:28,15.15,0,0
2026-09-04 12:43:28,31.77,0,0
2026-09-04 12:43:28,30.7,0,0
2026-09-04 12:43:28,32.57,0,0
2026-09-04 12:43:28,4.81,0,0
2026-09-04 12:43:28,32.03,0,0
2026-09-04 12:43:29,31.88,0,0
2026-09-04 12:43:29,31.04,0,0
2026-09-04 12:43:29,30.16,0,0
2026-09-04 12:43:29,31.17,0,0
2026-09-04 12:43:29,2.73,0,0
2026-09-04 12:43:29,2.28,0,0
2026-09-04 12:43:29,4.27,0,0
2026-09-04 12:43:29,4.34,0,0
2026-09-04 12:43:30,3.3,0,0
2026-09-04 12:43:30,4.01,0,0
2026-09-04 12:43:30,2.8,0,0
2026-09-04 12:43:30,3.36,0,0
2026-09-04 12:43:30,3.28,0,0
2026-09-04 12:43:30,2.54,0,0
2026-09-04 12:43:30,3.26,0,0
2026-09-04 12:43:30,3.11,0,0
2026-09-04 12:43:30,3.77,0,0
2026-09-04 12:43:30,2.86,0,0
2026-09-04 12:43:31,3.74,0,0
2026-09-04 12:43:31,3.14,0,0
2026-09-04 12:43:31,2.73,0,0
2026-09-04 12:43:31,3.46,0,0
2026-09-04 12:43:31,3.92,0,0
2026-09-04 12:43:31,3.47,0,0
2026-09-04 12:43:31,3.05,0,0
2026-09-04 12:43:31,4.54,0,0
2026-09-04 12:43:31,3.59,0,0
2026-09-04 12:43:32,3.01,0,0
2026-09-04 12:43:32,3.75,0,0
2026-09-04 12:43:52,5000,1,0
2026-09-04 12:43:53,187.06,0,0
2026-09-04 12:43:53,3.41,0,0
2026-09-04 12:43:53,25.95,0,0
2026-09-04 12:43:53,31.85,0,0
2026-09-04 12:43:53,29.74,0,0
2026-09-04 12:43:53,7.91,0,0
2026-09-04 12:43:53,31.21,0,0
2026-09-04 12:43:53,30.51,0,0
2026-09-04 12:43:54,31.74,0,0
2026-09-04 12:43:54,31.19,0,0
2026-09-04 12:43:54,19.44,0,0
2026-09-04 12:43:54,31.57,0,0
2026-09-04 12:43:54,30.53,0,0
2026-09-04 12:43:54,32.19,0,0
2026-09-04 12:43:54,15.28,0,0
2026-09-04 12:43:54,31.91,0,0
2026-09-04 12:43:55,31.33,0,0
2026-09-04 12:43:55,3.76,0,0
2026-09-04 12:43:55,3.09,0,0
2026-09-04 12:43:55,2.68,0,0
2026-09-04 12:43:55,3.19,0,0
2026-09-04 12:43:55,3.44,0,0
2026-09-04 12:43:55,3.75,0,0
2026-09-04 12:43:55,3.67,0,0
2026-09-04 12:43:55,4.39,0,0
2026-09-04 12:43:56,3.4,0,0
2026-09-04 12:43:56,3.01,0,0
2026-09-04 12:43:56,3.66,0,0
2026-09-04 12:43:56,4.03,0,0
2026-09-04 12:43:56,3.15,0,0
2026-09-04 12:43:56,3.04,0,0
2026-09-04 12:43:56,3.45,0,0
2026-09-04 12:43:56,2.78,0,0
2026-09-04 12:43:56,3.62,0,0
2026-09-04 12:43:57,2.67,0,0
2026-09-04 12:43:57,3.24,0,0
2026-09-04 12:43:57,3.22,0,0
2026-09-04 12:43:57,3.08,0,0
2026-09-04 12:43:57,3.61,0,0
2026-09-04 12:43:57,3.22,0,0
2026-09-04 12:43:57,3.22,0,0
2026-09-04 12:43:57,2.85,0,0
2026-09-04 12:43:57,2.66,0,0
2026-09-04 12:43:57,3.11,0,0
2026-09-04 12:43:58,3.09,0,0
2026-09-04 12:43:58,4.08,0,0
2026-09-04 12:43:58,3.32,0,0
2026-09-04 12:43:58,3.53,0,0
2026-09-04 12:43:58,3.51,0,0
2026-09-04 12:43:58,3.04,0,0
2026-09-04 12:43:58,3.48,0,0
2026-09-04 12:43:58,3.12,0,0
2026-09-04 12:43:58,3.25,0,0
2026-09-04 12:43:58,2.73,0,0
2026-09-04 12:43:59,3.66,0,0
2026-09-04 12:43:59,3.88,0,0
2026-09-04 12:43:59,3.21,0,0
2026-09-04 12:43:59,2.54,0,0
2026-09-04 12:43:59,4.13,0,0
2026-09-04 12:43:59,3.48,0,0
2026-09-04 12:43:59,4.0,0,0
2026-09-04 12:43:59,3.45,0,0
2026-09-04 12:43:59,4.04,0,0
2026-09-04 12:44:00,3.6,0,0
2026-09-04 12:44:00,3.6,0,0
2026-09-04 12:44:00,3.65,0,0
2026-09-04 12:44:00,3.61,0,0
2026-09-04 12:44:00,4.21,0,0
2026-09-04 12:44:00,3.77,0,0
2026-09-04 12:44:00,2.84,0,0
2026-09-04 12:44:00,3.07,0,0
2026-09-04 12:44:00,3.35,0,0
2026-09-04 12:44:00,3.47,0,0
2026-09-04 12:44:01,5.23,0,0
2026-09-04 12:44:01,3.12,0,0
2026-09-04 12:44:01,5.38,0,0
2026-09-04 12:44:01,3.09,0,0
2026-09-04 12:44:01,4.16,0,0
2026-09-04 12:44:01,4.41,0,0
2026-09-04 12:44:01,3.17,0,0
2026-09-04 12:44:01,4.58,0,0
2026-09-04 12:44:01,3.51,0,0
2026-09-04 12:44:02,3.8,0,0
2026-09-04 12:44:02,3.84,0,0
2026-09-04 12:44:02,3.49,0,0
2026-09-04 12:44:02,3.8,0,0
2026-09-04 12:44:02,4.32,0,0
2026-09-04 12:44:02,4.9,0,0
2026-09-04 12:44:02,3.73,0,0
2026-09-04 12:44:02,5.12,0,0
2026-09-04 12:44:02,3.39,0,0
2026-09-04 12:44:02,4.67,0,0
2026-09-04 12:44:03,4.11,0,0
2026-09-04 12:44:03,3.94,0,0
2026-09-04 12:44:03,3.89,0,0
2026-09-04 12:44:03,3.49,0,0
2026-09-04 12:44:03,3.27,0,0
2026-09-04 12:44:03,3.5,0,0
2026-09-04 12:44:03,2.56,0,0
2026-09-04 12:44:03,3.75,0,0
2026-09-04 12:44:03,3.99,0,0
2026-09-04 12:44:04,2.78,0,0
2026-09-04 12:44:04,3.79,0,0
2026-09-04 12:44:04,3.95,0,0
2026-09-04 12:44:04,3.82,0,0
2026-09-04 12:44:04,2.75,0,0
2026-09-04 12:44:04,4.3,0,0
2026-09-04 12:44:04,3.72,0,0
2026-09-04 12:44:04,3.8,0,0
2026-09-04 12:44:04,3.27,0,0
2026-09-04 12:44:04,4.38,0,0
2026-09-04 12:44:05,3.47,0,0
2026-09-04 12:44:05,3.29,0,0
2026-09-04 12:44:05,3.02,0,0
2026-09-04 12:44:05,4.95,0,0
2026-09-04 12:44:05,3.48,0,0
2026-09-04 12:44:05,3.69,0,0
2026-09-04 12:44:05,3.84,0,0
2026-09-04 12:44:05,2.73,0,0
2026-09-04 12:44:05,4.0,0,0
2026-09-04 12:44:06,4.45,0,0
2026-09-04 12:44:06,3.47,0,0
2026-09-04 12:44:06,3.73,0,0
2026-09-04 12:44:06,3.62,0,0
2026-09-04 12:44:06,3.15,0,0
2026-09-04 12:44:06,3.41,0,0
2026-09-04 12:44:06,3.19,0,0
2026-09-04 12:44:06,3.26,0,0
2026-09-04 12:44:06,3.77,0,0
2026-09-04 12:44:06,5.26,0,0
2026-09-04 12:44:07,4.28,0,0
2026-09-04 12:44:07,4.07,0,0
2026-09-04 12:44:07,4.65,0,0
2026-09-04 12:44:07,4.84,0,0
2026-09-04 12:44:07,3.52,0,0
2026-09-04 12:44:07,4.39,0,0
2026-09-04 12:44:07,3.75,0,0
2026-09-04 12:44:07,4.13,0,0
2026-09-04 12:44:07,3.72,0,0
2026-09-04 12:44:08,3.49,0,0
2026-09-04 12:44:08,3.88,0,0
2026-09-04 12:44:08,4.78,0,0
2026-09-04 12:44:08,3.78,0,0
2026-09-04 12:44:08,2.66,0,0
2026-09-04 12:44:08,3.51,0,0
2026-09-04 12:44:08,4.42,0,0
2026-09-04 12:44:08,4.02,0,0
2026-09-04 12:44:08,3.74,0,0
2026-09-04 12:44:08,3.73,0,0
2026-09-04 12:44:09,2.98,0,0
2026-09-04 12:44:09,4.46,0,0
2026-09-04 12:44:09,5.35,0,0
2026-09-04 12:44:09,4.24,0,0
2026-09-04 12:44:09,4.26,0,0
2026-09-04 12:44:09,3.75,0,0
2026-09-04 12:44:09,4.58,0,0
2026-09-04 12:44:09,3.57,0,0
2026-09-04 12:44:09,4.71,0,0
2026-09-04 12:44:09,3.66,0,0
2026-09-04 12:44:10,3.29,0,0
2026-09-04 12:44:10,4.48,0,0
2026-09-04 12:44:10,3.69,0,0
2026-09-04 12:44:10,3.38,0,0
2026-09-04 12:44:10,4.57,0,0
2026-09-04 12:44:10,3.32,0,0
2026-09-04 12:44:10,3.09,0,0
2026-09-04 12:44:10,3.6,0,0
2026-09-04 12:44:10,2.88,0,0
2026-09-04 12:44:11,3.78,0,0
2026-09-04 12:44:11,3.57,0,0
2026-09-04 12:44:11,4.09,0,0
2026-09-04 12:44:11,3.99,0,0
2026-09-04 12:44:11,3.13,0,0
2026-09-04 12:44:11,4.86,0,0
2026-09-04 12:44:11,3.78,0,0
2026-09-04 12:44:11,3.11,0,0
2026-09-04 12:44:11,3.46,0,0
2026-09-04 12:44:11,4.05,0,0
2026-09-04 12:44:12,3.33,0,0
2026-09-04 12:44:12,5.17,0,0
2026-09-04 12:44:12,4.25,0,0
2026-09-04 12:44:12,3.6,0,0
2026-09-04 12:44:12,4.21,0,0
2026-09-04 12:44:12,4.65,0,0
2026-09-04 12:44:12,3.18,0,0
2026-09-04 12:44:12,3.37,0,0
2026-09-04 12:44:12,3.54,0,0
2026-09-04 12:44:13,3.81,0,0
2026-09-04 12:44:13,3.88,0,0
2026-09-04 12:44:13,4.99,0,0
2026-09-04 12:44:13,4.14,0,0
2026-09-04 12:44:13,3.44,0,0
2026-09-04 12:44:13,5.42,0,0
2026-09-04 12:44:13,4.9,0,0
2026-09-04 12:44:13,3.08,0,0
2026-09-04 12:44:13,3.94,0,0
2026-09-04 12:44:13,3.44,0,0
2026-09-04 12:44:14,3.29,0,0
2026-09-04 12:44:14,2.58,0,0
2026-09-04 12:44:14,2.49,0,0
2026-09-04 12:44:14,3.8,0,0
2026-09-04 12:44:14,3.48,0,0
2026-09-04 12:44:14,3.95,0,0
2026-09-04 12:44:14,3.55,0,0
2026-09-04 12:44:14,3.38,0,0
2026-09-04 12:44:14,3.99,0,0
2026-09-04 12:44:15,3.05,0,0
2026-09-04 12:44:15,3.19,0,0
2026-09-04 12:44:15,4.05,0,0
2026-09-04 12:44:15,3.31,0,0
2026-09-04 12:44:15,3.53,0,0
2026-09-04 12:44:15,4.64,0,0
2026-09-04 12:44:15,3.81,0,0
2026-09-04 12:44:15,3.88,0,0
2026-09-04 12:44:15,3.24,0,0
2026-09-04 12:44:15,4.42,0,0
2026-09-04 12:44:16,3.14,0,0
2026-09-04 12:44:16,3.06,0,0
2026-09-04 12:44:16,4.06,0,0
2026-09-04 12:44:16,3.05,0,0
2026-09-04 12:44:16,3.04,0,0
2026-09-04 12:44:16,3.85,0,0
2026-09-04 12:44:16,3.72,0,0
2026-09-04 12:44:16,4.41,0,0
2026-09-04 12:44:16,3.14,0,0
2026-09-04 12:44:17,2.96,0,0
2026-09-04 12:44:17,4.64,0,0
2026-09-04 12:44:17,5.39,0,0
2026-09-04 12:44:17,3.49,0,0
2026-09-04 12:44:17,4.03,0,0
2026-09-04 12:44:17,3.53,0,0
2026-09-04 12:44:17,3.69,0,0
2026-09-04 12:44:17,4.19,0,0
2026-09-04 12:44:17,4.32,0,0
2026-09-04 12:44:17,4.96,0,0
2026-09-04 12:44:18,3.51,0,0
2026-09-04 12:44:18,3.97,0,0
2026-09-04 12:44:18,3.31,0,0
2026-09-04 12:44:18,3.85,0,0
2026-09-04 12:44:18,3.44,0,0
2026-09-04 12:44:18,3.61,0,0
2026-09-04 12:44:18,2.76,0,0
2026-09-04 12:44:18,3.69,0,0
2026-09-04 12:44:18,3.25,0,0
2026-09-04 12:44:19,3.56,0,0
2026-09-04 12:44:19,3.27,0,0
2026-09-04 12:44:19,3.28,0,0
2026-09-04 12:44:19,3.6,0,0
2026-09-04 12:44:19,4.15,0,0
2026-09-04 12:44:19,3.47,0,0
2026-09-04 12:44:19,3.41,0,0
2026-09-04 12:44:19,3.37,0,0
2026-09-04 12:44:19,3.57,0,0
2026-09-04 12:44:19,3.2,0,0
2026-09-04 12:44:20,2.83,0,0
2026-09-04 12:44:20,3.15,0,0
2026-09-04 12:44:20,3.74,0,0
2026-09-04 12:44:20,3.42,0,0
2026-09-04 12:44:20,3.22,0,0
2026-09-04 12:44:20,3.84,0,0
2026-09-04 12:44:20,3.51,0,0
2026-09-04 12:44:20,32.67,0,0
2026-09-04 12:44:20,22.66,0,0
2026-09-04 12:44:21,6.3,0,0
2026-09-04 12:44:21,24.39,0,0
2026-09-04 12:44:21,15.76,0,0
2026-09-04 12:44:21,26.04,0,0
2026-09-04 12:44:21,17.99,0,0
2026-09-04 12:44:21,31.06,0,0
2026-09-04 12:44:21,30.73,0,0
2026-09-04 12:44:22,31.28,0,0
2026-09-04 12:44:22,31.23,0,0
2026-09-04 12:44:22,8.06,0,0
2026-09-04 12:44:52,610.4,0,0
2026-09-04 12:44:52,30.98,0,0
2026-09-04 12:44:53,30.81,0,0
2026-09-04 12:44:53,31.45,0,0
2026-09-04 12:44:53,19.91,0,0
2026-09-04 12:44:53,31.7,0,0
2026-09-04 12:44:53,16.29,0,0
2026-09-04 12:44:53,31.91,0,0
2026-09-04 12:44:53,30.81,0,0
2026-09-04 12:44:53,17.2,0,0
2026-09-04 12:44:54,6.4,0,0
2026-09-04 12:44:54,32.45,0,0
2026-09-04 12:44:54,32.14,0,0
2026-09-04 12:44:54,31.04,0,0
2026-09-04 12:44:54,31.47,0,0
2026-09-04 12:44:54,30.79,0,0
2026-09-04 12:44:54,32.53,0,0
2026-09-04 12:44:55,31.53,0,0
2026-09-04 12:44:55,31.45,0,0
2026-09-04 12:44:55,34.02,0,0
2026-09-04 12:44:55,30.81,0,0
2026-09-04 12:44:55,31.88,0,0
2026-09-04 12:44:55,32.5,0,0
2026-09-04 12:44:55,31.57,0,0
2026-09-04 12:44:56,30.22,0,0
2026-09-04 12:44:56,31.82,0,0
2026-09-04 12:44:56,31.72,0,0
2026-09-04 12:44:56,30.51,0,0
2026-09-04 12:44:56,31.58,0,0
2026-09-04 12:44:56,30.48,0,0
2026-09-04 12:44:56,32.6,0,0
2026-09-04 12:44:56,35.39,0,0
2026-09-04 12:44:57,32.7,0,0
2026-09-04 12:44:57,31.78,0,0
2026-09-04 12:44:57,31.11,0,0
2026-09-04 12:44:57,32.31,0,0
2026-09-04 12:44:57,30.89,0,0
2026-09-04 12:44:57,15.12,0,0
2026-09-04 12:44:57,22.11,0,0
2026-09-04 12:44:58,32.27,0,0
2026-09-04 12:44:58,31.41,0,0
2026-09-04 12:44:58,17.54,0,0
2026-09-04 12:44:58,33.72,0,0
2026-09-04 12:44:58,30.91,0,0
2026-09-04 12:44:58,31.84,0,0
2026-09-04 12:44:58,31.28,0,0
2026-09-04 12:44:59,32.39,0,0
2026-09-04 12:44:59,31.85,0,0
2026-09-04 12:44:59,28.56,0,0
2026-09-04 12:44:59,32.67,0,0
2026-09-04 12:44:59,30.61,0,0
2026-09-04 12:44:59,31.6,0,0
2026-09-04 12:44:59,30.79,0,0
2026-09-04 12:45:00,31.34,0,0
2026-09-04 12:45:00,32.72,0,0
2026-09-04 12:45:00,31.15,0,0
2026-09-04 12:45:00,31.0,0,0
2026-09-04 12:45:00,30.94,0,0
2026-09-04 12:45:00,31.59,0,0
2026-09-04 12:45:00,30.55,0,0
2026-09-04 12:45:01,24.38,0,0
2026-09-04 12:45:01,3.06,0,0
2026-09-04 12:45:01,18.45,0,0
2026-09-04 12:45:01,18.41,0,0
2026-09-04 12:45:01,30.69,0,0
2026-09-04 12:45:01,14.54,0,0
2026-09-04 12:45:01,31.6,0,0
2026-09-04 12:45:01,30.97,0,0
2026-09-04 12:45:02,18.54,0,0
2026-09-04 12:45:02,29.52,0,0
2026-09-04 12:45:02,30.89,0,0
2026-09-04 12:45:02,29.3,0,0
2026-09-04 12:45:02,31.1,0,0
2026-09-04 12:45:02,32.01,0,0
2026-09-04 12:45:02,21.52,0,0
2026-09-04 12:45:02,30.55,0,0
2026-09-04 12:45:03,31.3,0,0
2026-09-04 12:45:03,30.06,0,0
2026-09-04 12:45:03,32.39,0,0
2026-09-04 12:45:03,31.08,0,0
2026-09-04 12:45:03,18.15,0,0
2026-09-04 12:45:03,20.28,0,0
2026-09-04 12:45:03,30.98,0,0
2026-09-04 12:45:04,4.09,0,0
2026-09-04 12:45:04,2.8,0,0
2026-09-04 12:45:04,4.42,0,0
2026-09-04 12:45:04,3.28,0,0
2026-09-04 12:45:04,3.51,0,0
2026-09-04 12:45:04,4.61,0,0
2026-09-04 12:45:04,3.18,0,0
2026-09-04 12:45:04,5.03,0,0
2026-09-04 12:45:04,31.43,0,0
2026-09-04 12:45:05,31.04,0,0
2026-09-04 12:45:05,30.72,0,0
2026-09-04 12:45:05,31.51,0,0
2026-09-04 12:45:05,32.07,0,0
2026-09-04 12:45:05,3.63,0,0
2026-09-04 12:45:05,3.27,0,0
2026-09-04 12:45:05,4.13,0,0
2026-09-04 12:45:05,3.25,0,0
2026-09-04 12:45:05,3.3,0,0
2026-09-04 12:45:06,2.68,0,0
2026-09-04 12:45:06,3.65,0,0
2026-09-04 12:45:06,2.99,0,0
2026-09-04 12:45:06,2.86,0,0
2026-09-04 12:45:06,6.09,0,0
2026-09-04 12:45:06,3.63,0,0
2026-09-04 12:45:06,3.99,0,0
2026-09-04 12:45:06,3.75,0,0
2026-09-04 12:45:06,4.05,0,0
2026-09-04 12:45:07,4.68,0,0
2026-09-04 12:45:07,3.82,0,0
2026-09-04 12:45:07,4.14,0,0
2026-09-04 12:45:07,4.3,0,0
2026-09-04 12:45:07,3.29,0,0
2026-09-04 12:45:07,5.98,0,0
2026-09-04 12:45:07,5.4,0,0
2026-09-04 12:45:07,4.41,0,0
2026-09-04 12:45:07,5.97,0,0
2026-09-04 12:45:08,5.14,0,0
2026-09-04 12:45:08,4.12,0,0
2026-09-04 12:45:08,3.39,0,0
2026-09-04 12:45:08,3.86,0,0
2026-09-04 12:45:08,3.55,0,0
2026-09-04 12:45:08,5.14,0,0
2026-09-04 12:45:08,4.37,0,0
2026-09-04 12:45:08,2.88,0,0
2026-09-04 12:45:08,2.69,0,0
2026-09-04 12:45:08,3.3,0,0
2026-09-04 12:45:09,5.26,0,0
2026-09-04 12:45:09,4.31,0,0
2026-09-04 12:45:09,3.48,0,0
2026-09-04 12:45:09,3.35,0,0
2026-09-04 12:45:09,2.97,0,0
2026-09-04 12:45:09,3.86,0,0
2026-09-04 12:45:09,4.16,0,0
2026-09-04 12:45:09,3.6,0,0
2026-09-04 12:45:09,3.03,0,0
2026-09-04 12:45:09,3.7,0,0
2026-09-04 12:45:10,4.04,0,0
2026-09-04 12:45:10,2.58,0,0
2026-09-04 12:45:10,3.86,0,0
2026-09-04 12:45:10,3.21,0,0
2026-09-04 12:45:10,2.85,0,0
2026-09-04 12:45:10,18.73,0,0
2026-09-04 12:45:10,31.27,0,0
2026-09-04 12:45:10,15.87,0,0
2026-09-04 12:45:11,22.17,0,0
2026-09-04 12:45:11,30.83,0,0
2026-09-04 12:45:11,31.42,0,0
2026-09-04 12:45:11,31.43,0,0
2026-09-04 12:45:11,32.81,0,0
2026-09-04 12:45:11,32.05,0,0
2026-09-04 12:45:11,31.31,0,0
2026-09-04 12:45:12,31.83,0,0
2026-09-04 12:45:12,30.31,0,0
2026-09-04 12:45:12,31.38,0,0
2026-09-04 12:45:12,31.16,0,0
2026-09-04 12:45:12,29.99,0,0
2026-09-04 12:45:12,32.91,0,0
2026-09-04 12:45:12,31.73,0,0
2026-09-04 12:45:12,31.32,0,0
2026-09-04 12:45:13,30.65,0,0
2026-09-04 12:45:13,30.51,0,0
2026-09-04 12:45:13,31.57,0,0
2026-09-04 12:45:13,30.66,0,0
2026-09-04 12:45:13,32.33,0,0
2026-09-04 12:45:13,30.57,0,0
2026-09-04 12:45:13,31.45,0,0
2026-09-04 12:45:14,26.57,0,0
2026-09-04 12:45:14,21.99,0,0
2026-09-04 12:45:14,21.98,0,0
2026-09-04 12:45:14,31.23,0,0
2026-09-04 12:45:14,15.73,0,0
2026-09-04 12:45:14,4.25,0,0
2026-09-04 12:45:14,4.27,0,0
2026-09-04 12:45:14,2.88,0,0
2026-09-04 12:45:15,3.37,0,0
2026-09-04 12:45:15,3.43,0,0
2026-09-04 12:45:15,3.04,0,0
2026-09-04 12:45:15,2.86,0,0
2026-09-04 12:45:15,4.02,0,0
2026-09-04 12:45:15,3.48,0,0
2026-09-04 12:45:15,4.58,0,0
2026-09-04 12:45:15,2.81,0,0
2026-09-04 12:45:15,3.54,0,0
2026-09-04 12:45:15,3.4,0,0
2026-09-04 12:45:16,3.25,0,0
2026-09-04 12:45:16,3.92,0,0
2026-09-04 12:45:16,4.35,0,0
2026-09-04 12:45:16,3.63,0,0
2026-09-04 12:45:16,3.93,0,0
2026-09-04 12:45:16,3.97,0,0
2026-09-04 12:45:16,3.87,0,0
2026-09-04 12:45:16,3.5,0,0
2026-09-04 12:45:16,3.61,0,0
2026-09-04 12:45:17,5.46,0,0
2026-09-04 12:45:17,3.31,0,0
2026-09-04 12:45:17,4.91,0,0
2026-09-04 12:45:17,3.22,0,0
2026-09-04 12:45:17,4.85,0,0
2026-09-04 12:45:17,3.32,0,0
2026-09-04 12:45:17,2.99,0,0
2026-09-04 12:45:17,4.2,0,0
2026-09-04 12:45:17,4.74,0,0
2026-09-04 12:45:17,3.04,0,0
2026-09-04 12:45:18,3.51,0,0
2026-09-04 12:45:18,3.42,0,0
2026-09-04 12:45:18,4.45,0,0
2026-09-04 12:45:18,4.39,0,0
2026-09-04 12:45:18,3.13,0,0
2026-09-04 12:45:18,3.3,0,0
2026-09-04 12:45:18,3.95,0,0
2026-09-04 12:45:18,4.11,0,0
2026-09-04 12:45:18,3.17,0,0
2026-09-04 12:45:19,3.29,0,0
2026-09-04 12:45:19,3.87,0,0
2026-09-04 12:45:19,2.96,0,0
2026-09-04 12:45:19,4.5,0,0
2026-09-04 12:45:19,2.86,0,0
2026-09-04 12:45:19,4.23,0,0
2026-09-04 12:45:19,3.35,0,0
2026-09-04 12:45:19,3.53,0,0
2026-09-04 12:45:19,3.4,0,0
2026-09-04 12:45:19,2.75,0,0
2026-09-04 12:45:20,2.84,0,0
2026-09-04 12:45:20,3.9,0,0
2026-09-04 12:45:20,4.63,0,0
2026-09-04 12:45:20,4.76,0,0
2026-09-04 12:45:20,3.82,0,0
2026-09-04 12:45:20,4.57,0,0
2026-09-04 12:45:20,4.09,0,0
2026-09-04 12:45:20,3.52,0,0
2026-09-04 12:45:20,3.52,0,0
2026-09-04 12:45:21,5.18,0,0
2026-09-04 12:45:21,4.65,0,0
2026-09-04 12:45:21,3.6,0,0
2026-09-04 12:45:21,3.91,0,0
2026-09-04 12:45:21,3.57,0,0
2026-09-04 12:45:21,4.32,0,0
2026-09-04 12:45:21,3.32,0,0
2026-09-04 12:45:21,3.1,0,0
2026-09-04 12:45:21,5.69,0,0
2026-09-04 12:45:21,3.44,0,0
2026-09-04 12:45:22,4.35,0,0
2026-09-04 12:45:22,5.58,0,0
2026-09-04 12:45:22,4.59,0,0
2026-09-04 12:45:52,3.44,0,0
2026-09-04 12:45:52,3.97,0,0
2026-09-04 12:45:52,3.57,0,0
2026-09-04 12:45:52,3.14,0,0
2026-09-04 12:45:52,3.66,0,0
2026-09-04 12:45:52,4.62,0,0
2026-09-04 12:45:53,3.95,0,0
2026-09-04 12:45:53,3.95,0,0
2026-09-04 12:45:53,4.36,0,0
2026-09-04 12:45:53,4.08,0,0
2026-09-04 12:45:53,3.75,0,0
2026-09-04 12:45:53,5.3,0,0
2026-09-04 12:45:53,3.14,0,0
2026-09-04 12:45:53,3.61,0,0
2026-09-04 12:45:53,3.61,0,0
2026-09-04 12:45:54,2.31,0,0
2026-09-04 12:45:54,5.25,0,0
2026-09-04 12:45:54,5.95,0,0
2026-09-04 12:45:54,3.63,0,0
2026-09-04 12:45:54,4.76,0,0
2026-09-04 12:45:54,3.32,0,0
2026-09-04 12:45:54,3.46,0,0
2026-09-04 12:45:54,4.41,0,0
2026-09-04 12:45:54,3.17,0,0
2026-09-04 12:45:54,4.9,0,0
2026-09-04 12:45:55,3.45,0,0
2026-09-04 12:45:55,3.02,0,0
2026-09-04 12:45:55,3.76,0,0
2026-09-04 12:45:55,4.27,0,0
2026-09-04 12:45:55,3.88,0,0
2026-09-04 12:45:55,4.53,0,0
2026-09-04 12:45:55,3.65,0,0
2026-09-04 12:45:55,2.51,0,0
2026-09-04 12:45:55,3.37,0,0
2026-09-04 12:45:55,3.2,0,0
2026-09-04 12:45:56,3.49,0,0
2026-09-04 12:45:56,2.85,0,0
2026-09-04 12:45:56,3.13,0,0
2026-09-04 12:45:56,3.91,0,0
2026-09-04 12:45:56,3.49,0,0
2026-09-04 12:45:56,3.9,0,0
2026-09-04 12:45:56,3.28,0,0
2026-09-04 12:45:56,3.99,0,0
2026-09-04 12:45:56,4.24,0,0
2026-09-04 12:45:57,3.9,0,0
2026-09-04 12:45:57,3.33,0,0
2026-09-04 12:45:57,4.17,0,0
2026-09-04 12:45:57,4.94,0,0
2026-09-04 12:45:57,6.02,0,0
2026-09-04 12:45:57,3.31,0,0
2026-09-04 12:45:57,4.61,0,0
2026-09-04 12:45:57,3.45,0,0
2026-09-04 12:45:57,3.12,0,0
2026-09-04 12:45:57,5.05,0,0
2026-09-04 12:45:58,3.41,0,0
2026-09-04 12:45:58,3.01,0,0
2026-09-04 12:45:58,2.84,0,0
2026-09-04 12:45:58,3.4,0,0
2026-09-04 12:45:58,3.43,0,0
2026-09-04 12:45:58,3.74,0,0
2026-09-04 12:45:58,3.22,0,0
2026-09-04 12:45:58,3.12,0,0
2026-09-04 12:45:58,3.44,0,0
2026-09-04 12:45:59,2.8,0,0
2026-09-04 12:45:59,4.04,0,0
2026-09-04 12:45:59,3.24,0,0
2026-09-04 12:45:59,4.51,0,0
2026-09-04 12:45:59,3.67,0,0
2026-09-04 12:45:59,3.72,0,0
2026-09-04 12:45:59,3.06,0,0
2026-09-04 12:45:59,2.48,0,0
2026-09-04 12:45:59,3.76,0,0
2026-09-04 12:45:59,4.31,0,0
2026-09-04 12:46:00,3.14,0,0
2026-09-04 12:46:00,4.0,0,0
2026-09-04 12:46:00,4.62,0,0
2026-09-04 12:46:00,3.32,0,0
2026-09-04 12:46:00,3.8,0,0
2026-09-04 12:46:00,3.63,0,0
2026-09-04 12:46:00,3.96,0,0
2026-09-04 12:46:00,3.14,0,0
2026-09-04 12:46:00,4.02,0,0
2026-09-04 12:46:01,4.65,0,0
2026-09-04 12:46:01,3.8,0,0
2026-09-04 12:46:01,3.78,0,0
2026-09-04 12:46:01,2.89,0,0
2026-09-04 12:46:01,3.4,0,0
2026-09-04 12:46:01,3.98,0,0
2026-09-04 12:46:01,3.77,0,0
2026-09-04 12:46:01,3.37,0,0
2026-09-04 12:46:01,3.07,0,0
2026-09-04 12:46:01,2.73,0,0
2026-09-04 12:46:02,2.87,0,0
2026-09-04 12:46:02,2.88,0,0
2026-09-04 12:46:02,3.56,0,0
2026-09-04 12:46:02,5.41,0,0
2026-09-04 12:46:02,4.76,0,0
2026-09-04 12:46:02,3.42,0,0
2026-09-04 12:46:02,3.62,0,0
2026-09-04 12:46:02,3.67,0,0
2026-09-04 12:46:02,2.61,0,0
2026-09-04 12:46:03,3.15,0,0
2026-09-04 12:46:03,3.6,0,0
2026-09-04 12:46:03,3.4,0,0
2026-09-04 12:46:03,4.22,0,0
2026-09-04 12:46:03,2.93,0,0
2026-09-04 12:46:03,3.13,0,0
2026-09-04 12:46:03,3.52,0,0
2026-09-04 12:46:03,4.32,0,0
2026-09-04 12:46:03,4.08,0,0
2026-09-04 12:46:03,4.7,0,0
2026-09-04 12:46:04,3.27,0,0
2026-09-04 12:46:04,4.11,0,0
2026-09-04 12:46:04,3.99,0,0
2026-09-04 12:46:04,4.21,0,0
2026-09-04 12:46:04,3.11,0,0
2026-09-04 12:46:04,3.25,0,0
2026-09-04 12:46:04,3.19,0,0
2026-09-04 12:46:04,5.55,0,0
2026-09-04 12:46:04,4.21,0,0
2026-09-04 12:46:05,4.18,0,0
2026-09-04 12:46:05,3.22,0,0
2026-09-04 12:46:05,3.44,0,0
2026-09-04 12:46:05,4.07,0,0
2026-09-04 12:46:05,4.97,0,0
2026-09-04 12:46:05,3.58,0,0
2026-09-04 12:46:05,4.49,0,0
2026-09-04 12:46:05,3.44,0,0
2026-09-04 12:46:05,4.92,0,0
2026-09-04 12:46:05,3.46,0,0
2026-09-04 12:46:06,4.21,0,0
2026-09-04 12:46:06,3.44,0,0
2026-09-04 12:46:06,3.68,0,0
2026-09-04 12:46:06,4.56,0,0
2026-09-04 12:46:06,4.07,0,0
2026-09-04 12:46:06,4.2,0,0
2026-09-04 12:46:06,3.61,0,0
2026-09-04 12:46:06,3.84,0,0
2026-09-04 12:46:06,4.13,0,0
2026-09-04 12:46:06,4.1,0,0
2026-09-04 12:46:07,3.17,0,0
2026-09-04 12:46:07,3.97,0,0
2026-09-04 12:46:07,3.37,0,0
2026-09-04 12:46:07,4.36,0,0
2026-09-04 12:46:07,4.54,0,0
2026-09-04 12:46:07,3.33,0,0
2026-09-04 12:46:07,4.07,0,0
2026-09-04 12:46:07,3.83,0,0
2026-09-04 12:46:07,4.42,0,0
2026-09-04 12:46:08,3.47,0,0
2026-09-04 12:46:08,4.41,0,0
2026-09-04 12:46:08,4.43,0,0
2026-09-04 12:46:08,4.07,0,0
2026-09-04 12:46:08,4.9,0,0
2026-09-04 12:46:08,3.86,0,0
2026-09-04 12:46:08,4.58,0,0
2026-09-04 12:46:08,3.72,0,0
2026-09-04 12:46:08,3.84,0,0
2026-09-04 12:46:08,4.25,0,0
2026-09-04 12:46:09,3.7,0,0
2026-09-04 12:46:09,4.22,0,0
2026-09-04 12:46:09,6.87,0,0
2026-09-04 12:46:09,3.2,0,0
2026-09-04 12:46:09,3.01,0,0
2026-09-04 12:46:09,3.71,0,0
2026-09-04 12:46:09,3.11,0,0
2026-09-04 12:46:09,5.7,0,0
2026-09-04 12:46:09,4.52,0,0
2026-09-04 12:46:10,3.76,0,0
2026-09-04 12:46:10,4.66,0,0
2026-09-04 12:46:10,4.23,0,0
2026-09-04 12:46:10,4.11,0,0
2026-09-04 12:46:10,4.28,0,0
2026-09-04 12:46:10,4.39,0,0
2026-09-04 12:46:10,3.1,0,0
2026-09-04 12:46:10,2.89,0,0
2026-09-04 12:46:10,4.8,0,0
2026-09-04 12:46:10,4.19,0,0
2026-09-04 12:46:11,5.37,0,0
2026-09-04 12:46:11,4.03,0,0
2026-09-04 12:46:11,3.53,0,0
2026-09-04 12:46:11,3.31,0,0
2026-09-04 12:46:11,5.06,0,0
2026-09-04 12:46:11,4.48,0,0
2026-09-04 12:46:11,3.6,0,0
2026-09-04 12:46:11,3.62,0,0
2026-09-04 12:46:11,3.82,0,0
2026-09-04 12:46:12,3.59,0,0
2026-09-04 12:46:12,4.31,0,0
2026-09-04 12:46:12,4.86,0,0
2026-09-04 12:46:12,4.4,0,0
2026-09-04 12:46:12,3.85,0,0
2026-09-04 12:46:12,4.42,0,0
2026-09-04 12:46:12,2.44,0,0
2026-09-04 12:46:12,3.41,0,0
2026-09-04 12:46:12,4.17,0,0
2026-09-04 12:46:12,3.02,0,0
2026-09-04 12:46:13,2.92,0,0
2026-09-04 12:46:13,2.82,0,0
2026-09-04 12:46:13,2.98,0,0
2026-09-04 12:46:13,3.29,0,0
2026-09-04 12:46:13,3.0,0,0
2026-09-04 12:46:13,3.2,0,0
2026-09-04 12:46:13,3.65,0,0
2026-09-04 12:46:13,4.56,0,0
2026-09-04 12:46:13,3.86,0,0
2026-09-04 12:46:14,4.38,0,0
2026-09-04 12:46:14,4.13,0,0
2026-09-04 12:46:14,3.8,0,0
2026-09-04 12:46:14,3.9,0,0
2026-09-04 12:46:14,3.84,0,0
2026-09-04 12:46:14,3.21,0,0
2026-09-04 12:46:14,2.94,0,0
2026-09-04 12:46:14,3.67,0,0
2026-09-04 12:46:14,3.86,0,0
2026-09-04 12:46:14,4.02,0,0
2026-09-04 12:46:15,3.75,0,0
2026-09-04 12:46:15,3.8,0,0
2026-09-04 12:46:15,3.86,0,0
2026-09-04 12:46:15,3.44,0,0
2026-09-04 12:46:15,3.41,0,0
2026-09-04 12:46:15,5.01,0,0
2026-09-04 12:46:15,3.74,0,0
2026-09-04 12:46:15,3.02,0,0
2026-09-04 12:46:15,3.64,0,0
2026-09-04 12:46:16,4.78,0,0
2026-09-04 12:46:16,3.44,0,0
2026-09-04 12:46:16,4.8,0,0
2026-09-04 12:46:16,3.19,0,0
2026-09-04 12:46:16,3.41,0,0
2026-09-04 12:46:16,4.1,0,0
2026-09-04 12:46:16,2.96,0,0
2026-09-04 12:46:16,3.69,0,0
2026-09-04 12:46:16,5.54,0,0
2026-09-04 12:46:16,3.18,0,0
2026-09-04 12:46:17,3.64,0,0
2026-09-04 12:46:17,3.73,0,0
2026-09-04 12:46:17,3.06,0,0
2026-09-04 12:46:17,3.16,0,0
2026-09-04 12:46:17,3.33,0,0
2026-09-04 12:46:17,4.02,0,0
2026-09-04 12:46:17,2.95,0,0
2026-09-04 12:46:17,3.46,0,0
2026-09-04 12:46:17,3.1,0,0
2026-09-04 12:46:18,3.24,0,0
2026-09-04 12:46:18,3.69,0,0
2026-09-04 12:46:18,2.89,0,0
2026-09-04 12:46:18,19.89,0,0
2026-09-04 12:46:18,21.7,0,0
2026-09-04 12:46:18,31.41,0,0
2026-09-04 12:46:18,31.46,0,0
2026-09-04 12:46:18,32.13,0,0
2026-09-04 12:46:19,18.72,0,0
2026-09-04 12:46:19,31.5,0,0
2026-09-04 12:46:19,31.94,0,0
2026-09-04 12:46:19,29.15,0,0
2026-09-04 12:46:19,30.9,0,0
2026-09-04 12:46:19,17.42,0,0
2026-09-04 12:46:19,34.66,0,0
2026-09-04 12:46:19,31.85,0,0
2026-09-04 12:46:20,31.38,0,0
2026-09-04 12:46:20,20.24,0,0
2026-09-04 12:46:20,4.43,0,0
2026-09-04 12:46:20,17.51,0,0
2026-09-04 12:46:20,15.73,0,0
2026-09-04 12:46:20,31.37,0,0
2026-09-04 12:46:20,30.77,0,0
2026-09-04 12:46:21,31.17,0,0
2026-09-04 12:46:21,4.88,0,0
2026-09-04 12:46:21,4.17,0,0
2026-09-04 12:46:21,3.88,0,0
2026-09-04 12:46:21,2.27,0,0
2026-09-04 12:46:21,4.19,0,0
2026-09-04 12:46:21,3.25,0,0
2026-09-04 12:46:21,3.88,0,0
2026-09-04 12:46:21,3.21,0,0
2026-09-04 12:46:21,3.9,0,0
2026-09-04 12:46:22,2.32,0,0
2026-09-04 12:46:22,4.61,0,0
2026-09-04 12:46:22,3.06,0,0
2026-09-04 12:46:42,5000,1,0
2026-09-04 12:46:43,5000,1,0
2026-09-04 12:46:44,483.66,0,0
2026-09-04 12:46:44,31.55,0,0
2026-09-04 12:46:44,22.06,0,0
2026-09-04 12:46:44,29.15,0,0
2026-09-04 12:46:45,32.03,0,0
2026-09-04 12:46:45,28.55,0,0
2026-09-04 12:46:45,32.5,0,0
2026-09-04 12:46:45,31.24,0,0
2026-09-04 12:46:45,18.54,0,0
2026-09-04 12:46:45,17.76,0,0
2026-09-04 12:46:45,31.42,0,0
2026-09-04 12:46:46,31.72,0,0
2026-09-04 12:46:46,30.73,0,0
2026-09-04 12:46:46,32.36,0,0
2026-09-04 12:46:46,32.89,0,0
2026-09-04 12:46:46,30.13,0,0
2026-09-04 12:46:46,30.49,0,0
2026-09-04 12:46:46,31.87,0,0
2026-09-04 12:46:47,30.74,0,0
2026-09-04 12:46:47,30.64,0,0
2026-09-04 12:46:47,16.96,0,0
2026-09-04 12:46:47,20.28,0,0
2026-09-04 12:46:47,30.05,0,0
2026-09-04 12:46:47,32.16,0,0
2026-09-04 12:46:47,31.7,0,0
2026-09-04 12:46:47,30.94,0,0
2026-09-04 12:46:48,29.36,0,0
2026-09-04 12:46:48,18.67,0,0
2026-09-04 12:46:48,30.73,0,0
2026-09-04 12:46:48,32.02,0,0
2026-09-04 12:46:48,30.86,0,0
2026-09-04 12:46:48,32.12,0,0
2026-09-04 12:46:48,29.59,0,0
2026-09-04 12:46:49,33.14,0,0
2026-09-04 12:46:49,31.05,0,0
2026-09-04 12:46:49,31.11,0,0
2026-09-04 12:46:49,18.7,0,0
2026-09-04 12:46:49,32.04,0,0
2026-09-04 12:46:49,31.32,0,0
2026-09-04 12:46:49,31.88,0,0
2026-09-04 12:46:50,32.56,0,0
2026-09-04 12:46:50,12.54,0,0
2026-09-04 12:46:50,10.9,0,0
2026-09-04 12:46:50,31.4,0,0
2026-09-04 12:46:50,31.48,0,0
2026-09-04 12:46:50,15.85,0,0
2026-09-04 12:46:50,31.64,0,0
2026-09-04 12:46:50,31.81,0,0
2026-09-04 12:46:51,32.94,0,0
2026-09-04 12:46:51,31.21,0,0
2026-09-04 12:46:51,31.19,0,0
2026-09-04 12:46:51,19.59,0,0
2026-09-04 12:46:51,30.15,0,0
2026-09-04 12:46:51,30.73,0,0
2026-09-04 12:46:51,31.08,0,0
2026-09-04 12:46:52,32.48,0,0
2026-09-04 12:46:52,31.09,0,0
2026-09-04 12:46:52,17.25,0,0
2026-09-04 12:46:52,31.85,0,0
2026-09-04 12:46:52,31.65,0,0
2026-09-04 12:46:52,15.78,0,0
2026-09-04 12:46:52,31.1,0,0
2026-09-04 12:46:53,32.62,0,0
2026-09-04 12:46:53,15.28,0,0
2026-09-04 12:46:53,31.25,0,0
2026-09-04 12:46:53,33.1,0,0
2026-09-04 12:46:53,20.14,0,0
2026-09-04 12:46:53,3.45,0,0
2026-09-04 12:46:53,6.64,0,0
2026-09-04 12:46:53,24.38,0,0
2026-09-04 12:46:54,32.62,0,0
2026-09-04 12:46:54,28.49,0,0
2026-09-04 12:46:54,31.69,0,0
2026-09-04 12:46:54,30.95,0,0
2026-09-04 12:46:54,31.1,0,0
2026-09-04 12:46:54,31.7,0,0
2026-09-04 12:46:54,30.12,0,0
2026-09-04 12:46:54,31.4,0,0
2026-09-04 12:46:55,30.98,0,0
2026-09-04 12:46:55,33.08,0,0
2026-09-04 12:46:55,31.0,0,0
2026-09-04 12:46:55,31.34,0,0
2026-09-04 12:46:55,31.05,0,0
2026-09-04 12:46:55,32.09,0,0
2026-09-04 12:46:55,31.65,0,0
2026-09-04 12:46:56,30.57,0,0
2026-09-04 12:46:56,31.94,0,0
2026-09-04 12:46:56,31.28,0,0
2026-09-04 12:46:56,30.77,0,0
2026-09-04 12:46:56,32.49,0,0
2026-09-04 12:46:56,30.81,0,0
2026-09-04 12:46:56,16.92,0,0
2026-09-04 12:46:57,30.98,0,0
2026-09-04 12:46:57,32.07,0,0
2026-09-04 12:46:57,32.0,0,0
2026-09-04 12:46:57,32.52,0,0
2026-09-04 12:46:57,29.56,0,0
2026-09-04 12:46:57,32.52,0,0
2026-09-04 12:46:57,31.37,0,0
2026-09-04 12:46:58,30.83,0,0
2026-09-04 12:46:58,30.62,0,0
2026-09-04 12:46:58,30.01,0,0
2026-09-04 12:46:58,31.32,0,0
2026-09-04 12:46:58,32.04,0,0
2026-09-04 12:46:58,31.48,0,0
2026-09-04 12:46:58,16.32,0,0
2026-09-04 12:46:59,31.77,0,0
2026-09-04 12:46:59,32.54,0,0
2026-09-04 12:46:59,31.55,0,0
2026-09-04 12:46:59,31.98,0,0
2026-09-04 12:46:59,30.18,0,0
2026-09-04 12:46:59,31.49,0,0
2026-09-04 12:46:59,31.52,0,0
2026-09-04 12:46:59,30.74,0,0
2026-09-04 12:47:00,31.47,0,0
2026-09-04 12:47:00,32.92,0,0
2026-09-04 12:47:00,32.54,0,0
2026-09-04 12:47:00,31.38,0,0
2026-09-04 12:47:00,31.51,0,0
2026-09-04 12:47:00,31.58,0,0
2026-09-04 12:47:00,33.17,0,0
2026-09-04 12:47:01,30.85,0,0
2026-09-04 12:47:01,31.07,0,0
2026-09-04 12:47:01,31.84,0,0
2026-09-04 12:47:01,22.44,0,0
2026-09-04 12:47:01,30.94,0,0
2026-09-04 12:47:01,31.68,0,0
2026-09-04 12:47:01,31.83,0,0
2026-09-04 12:47:02,21.41,0,0
2026-09-04 12:47:02,30.89,0,0
2026-09-04 12:47:02,32.16,0,0
2026-09-04 12:47:02,31.48,0,0
2026-09-04 12:47:02,31.68,0,0
2026-09-04 12:47:02,29.44,0,0
2026-09-04 12:47:02,24.8,0,0
2026-09-04 12:47:03,32.01,0,0
2026-09-04 12:47:03,30.7,0,0
2026-09-04 12:47:03,21.16,0,0
2026-09-04 12:47:03,30.23,0,0
2026-09-04 12:47:03,31.06,0,0
2026-09-04 12:47:03,31.61,0,0
2026-09-04 12:47:03,32.08,0,0
2026-09-04 12:47:03,25.53,0,0
2026-09-04 12:47:04,31.77,0,0
2026-09-04 12:47:04,33.13,0,0
2026-09-04 12:47:04,18.94,0,0
2026-09-04 12:47:04,32.11,0,0
2026-09-04 12:47:04,31.3,0,0
2026-09-04 12:47:04,32.5,0,0
2026-09-04 12:47:04,32.27,0,0
2026-09-04 12:47:05,31.27,0,0
2026-09-04 12:47:05,32.13,0,0
2026-09-04 12:47:05,30.47,0,0
2026-09-04 12:47:05,15.81,0,0
2026-09-04 12:47:05,21.03,0,0
2026-09-04 12:47:05,30.73,0,0
2026-09-04 12:47:05,30.79,0,0
2026-09-04 12:47:06,31.0,0,0
2026-09-04 12:47:06,3.08,0,0
2026-09-04 12:47:06,3.91,0,0
2026-09-04 12:47:06,3.63,0,0
2026-09-04 12:47:06,3.69,0,0
2026-09-04 12:47:06,3.01,0,0
2026-09-04 12:47:06,3.35,0,0
2026-09-04 12:47:06,3.99,0,0
2026-09-04 12:47:06,3.53,0,0
2026-09-04 12:47:06,4.04,0,0
2026-09-04 12:47:07,3.52,0,0
2026-09-04 12:47:07,4.25,0,0
2026-09-04 12:47:07,3.25,0,0
2026-09-04 12:47:07,4.05,0,0
2026-09-04 12:47:07,3.6,0,0
2026-09-04 12:47:07,3.65,0,0
2026-09-04 12:47:07,3.44,0,0
2026-09-04 12:47:07,3.5,0,0
2026-09-04 12:47:07,3.78,0,0
2026-09-04 12:47:08,4.0,0,0
2026-09-04 12:47:08,4.82,0,0
2026-09-04 12:47:08,5.96,0,0
2026-09-04 12:47:08,3.79,0,0
2026-09-04 12:47:08,5.27,0,0
2026-09-04 12:47:08,3.25,0,0
2026-09-04 12:47:08,4.64,0,0
2026-09-04 12:47:08,3.5,0,0
2026-09-04 12:47:08,4.09,0,0
2026-09-04 12:47:08,4.54,0,0
2026-09-04 12:47:09,5.02,0,0
2026-09-04 12:47:09,4.53,0,0
2026-09-04 12:47:09,3.58,0,0
2026-09-04 12:47:09,4.24,0,0
2026-09-04 12:47:09,3.07,0,0
2026-09-04 12:47:09,3.51,0,0
2026-09-04 12:47:09,3.52,0,0
2026-09-04 12:47:09,3.76,0,0
2026-09-04 12:47:09,3.13,0,0
2026-09-04 12:47:10,4.07,0,0
2026-09-04 12:47:10,2.51,0,0
2026-09-04 12:47:10,3.12,0,0
2026-09-04 12:47:10,3.46,0,0
2026-09-04 12:47:10,4.07,0,0
2026-09-04 12:47:10,3.32,0,0
2026-09-04 12:47:10,4.06,0,0
2026-09-04 12:47:10,3.79,0,0
2026-09-04 12:47:10,3.5,0,0
2026-09-04 12:47:10,3.32,0,0
2026-09-04 12:47:11,2.96,0,0
2026-09-04 12:47:11,3.09,0,0
2026-09-04 12:47:11,3.87,0,0
2026-09-04 12:47:11,3.98,0,0
2026-09-04 12:47:11,28.23,0,0
2026-09-04 12:47:11,31.37,0,0
2026-09-04 12:47:11,31.22,0,0
2026-09-04 12:47:11,31.77,0,0
2026-09-04 12:47:12,30.37,0,0
2026-09-04 12:47:12,30.52,0,0
2026-09-04 12:47:12,31.07,0,0
2026-09-04 12:47:12,6.62,0,0
2026-09-04 12:47:42,554.81,0,0
2026-09-04 12:47:43,31.35,0,0
2026-09-04 12:47:43,6.22,0,0
2026-09-04 12:47:43,30.83,0,0
2026-09-04 12:47:43,30.82,0,0
2026-09-04 12:47:43,15.63,0,0
2026-09-04 12:47:43,33.67,0,0
2026-09-04 12:47:43,32.51,0,0
2026-09-04 12:47:44,28.97,0,0
2026-09-04 12:47:44,24.05,0,0
2026-09-04 12:47:44,31.82,0,0
2026-09-04 12:47:44,32.02,0,0
2026-09-04 12:47:44,31.59,0,0
2026-09-04 12:47:44,31.55,0,0
2026-09-04 12:47:44,19.81,0,0
2026-09-04 12:47:44,30.62,0,0
2026-09-04 12:47:45,30.75,0,0
2026-09-04 12:47:45,30.46,0,0
2026-09-04 12:47:45,32.3,0,0
2026-09-04 12:47:45,21.99,0,0
2026-09-04 12:47:45,31.6,0,0
2026-09-04 12:47:45,31.57,0,0
2026-09-04 12:47:45,33.14,0,0
2026-09-04 12:47:46,14.92,0,0
2026-09-04 12:47:46,4.78,0,0
2026-09-04 12:47:46,3.81,0,0
2026-09-04 12:47:46,2.9,0,0
2026-09-04 12:47:46,14.1,0,0
2026-09-04 12:47:46,32.22,0,0
2026-09-04 12:47:46,30.74,0,0
2026-09-04 12:47:46,7.07,0,0
2026-09-04 12:47:46,2.57,0,0
2026-09-04 12:47:47,22.16,0,0
2026-09-04 12:47:47,30.83,0,0
2026-09-04 12:47:47,32.22,0,0
2026-09-04 12:47:47,17.25,0,0
2026-09-04 12:47:47,31.34,0,0
2026-09-04 12:47:47,31.07,0,0
2026-09-04 12:47:47,15.73,0,0
2026-09-04 12:47:48,30.86,0,0
2026-09-04 12:47:48,31.24,0,0
2026-09-04 12:47:48,9.87,0,0
2026-09-04 12:47:48,32.45,0,0
2026-09-04 12:47:48,32.08,0,0
2026-09-04 12:47:48,17.27,0,0
2026-09-04 12:47:48,4.72,0,0
2026-09-04 12:47:48,3.46,0,0
2026-09-04 12:47:49,3.4,0,0
2026-09-04 12:47:49,32.68,0,0
2026-09-04 12:47:49,31.95,0,0
2026-09-04 12:47:49,16.82,0,0
2026-09-04 12:47:49,6.4,0,0
2026-09-04 12:47:49,30.57,0,0
2026-09-04 12:47:49,32.57,0,0
2026-09-04 12:47:49,16.89,0,0
2026-09-04 12:47:50,31.26,0,0
2026-09-04 12:47:50,31.64,0,0
2026-09-04 12:47:50,32.15,0,0
2026-09-04 12:47:50,15.67,0,0
2026-09-04 12:47:50,30.32,0,0
2026-09-04 12:47:50,32.48,0,0
2026-09-04 12:47:50,31.62,0,0
2026-09-04 12:47:51,33.12,0,0
2026-09-04 12:47:51,32.48,0,0
2026-09-04 12:47:51,31.24,0,0
2026-09-04 12:47:51,31.75,0,0
2026-09-04 12:47:51,18.96,0,0
2026-09-04 12:47:51,32.52,0,0
2026-09-04 12:47:51,31.69,0,0
2026-09-04 12:47:52,5.8,0,0
2026-09-04 12:47:52,31.14,0,0
2026-09-04 12:47:52,32.01,0,0
2026-09-04 12:47:52,27.08,0,0
2026-09-04 12:47:52,25.82,0,0
2026-09-04 12:47:52,32.51,0,0
2026-09-04 12:47:52,31.2,0,0
2026-09-04 12:47:52,23.54,0,0
2026-09-04 12:47:53,30.3,0,0
2026-09-04 12:47:53,34.09,0,0
2026-09-04 12:47:53,15.62,0,0
2026-09-04 12:47:53,26.66,0,0
2026-09-04 12:47:53,30.92,0,0
2026-09-04 12:47:53,31.26,0,0
2026-09-04 12:47:53,30.26,0,0
2026-09-04 12:47:54,31.68,0,0
2026-09-04 12:47:54,24.27,0,0
2026-09-04 12:47:54,30.88,0,0
2026-09-04 12:47:54,31.72,0,0
2026-09-04 12:47:54,7.28,0,0
2026-09-04 12:47:54,30.7,0,0
2026-09-04 12:47:54,31.92,0,0
2026-09-04 12:47:54,20.28,0,0
2026-09-04 12:47:55,31.76,0,0
2026-09-04 12:47:55,31.55,0,0
2026-09-04 12:47:55,28.33,0,0
2026-09-04 12:47:55,19.64,0,0
2026-09-04 12:47:55,31.77,0,0
2026-09-04 12:47:55,31.32,0,0
2026-09-04 12:47:55,32.5,0,0
2026-09-04 12:47:56,31.18,0,0
2026-09-04 12:47:56,31.32,0,0
2026-09-04 12:47:56,32.15,0,0
2026-09-04 12:47:56,31.85,0,0
2026-09-04 12:47:56,31.46,0,0
2026-09-04 12:47:56,30.93,0,0
2026-09-04 12:47:56,31.62,0,0
2026-09-04 12:47:57,30.77,0,0
2026-09-04 12:47:57,32.39,0,0
2026-09-04 12:47:57,31.22,0,0
2026-09-04 12:47:57,31.55,0,0
2026-09-04 12:47:57,31.54,0,0
2026-09-04 12:47:57,16.57,0,0
2026-09-04 12:47:57,6.62,0,0
2026-09-04 12:47:57,31.87,0,0
2026-09-04 12:47:58,31.84,0,0
2026-09-04 12:47:58,31.94,0,0
2026-09-04 12:47:58,31.18,0,0
2026-09-04 12:47:58,31.78,0,0
2026-09-04 12:47:58,15.77,0,0
2026-09-04 12:47:58,30.49,0,0
2026-09-04 12:47:58,7.13,0,0
2026-09-04 12:47:59,31.51,0,0
2026-09-04 12:47:59,31.57,0,0
2026-09-04 12:47:59,31.54,0,0
2026-09-04 12:47:59,31.56,0,0
2026-09-04 12:47:59,19.5,0,0
2026-09-04 12:47:59,31.69,0,0
2026-09-04 12:47:59,32.15,0,0
2026-09-04 12:48:00,15.79,0,0
2026-09-04 12:48:00,32.7,0,0
2026-09-04 12:48:00,31.81,0,0
2026-09-04 12:48:00,15.01,0,0
2026-09-04 12:48:00,31.99,0,0
2026-09-04 12:48:00,31.32,0,0
2026-09-04 12:48:00,31.01,0,0
2026-09-04 12:48:00,31.26,0,0
2026-09-04 12:48:01,31.26,0,0
2026-09-04 12:48:01,15.48,0,0
2026-09-04 12:48:01,31.87,0,0
2026-09-04 12:48:01,21.35,0,0
2026-09-04 12:48:01,30.4,0,0
2026-09-04 12:48:01,31.64,0,0
2026-09-04 12:48:01,31.1,0,0
2026-09-04 12:48:02,23.65,0,0
2026-09-04 12:48:02,11.91,0,0
2026-09-04 12:48:02,30.22,0,0
2026-09-04 12:48:02,31.22,0,0
2026-09-04 12:48:02,31.0,0,0
2026-09-04 12:48:02,31.92,0,0
2026-09-04 12:48:02,32.08,0,0
2026-09-04 12:48:02,15.88,0,0
2026-09-04 12:48:03,31.13,0,0
2026-09-04 12:48:03,31.57,0,0
2026-09-04 12:48:03,11.48,0,0
2026-09-04 12:48:03,17.05,0,0
2026-09-04 12:48:03,31.34,0,0
2026-09-04 12:48:03,31.8,0,0
2026-09-04 12:48:03,31.45,0,0
2026-09-04 12:48:04,32.61,0,0
2026-09-04 12:48:04,31.56,0,0
2026-09-04 12:48:04,31.7,0,0
2026-09-04 12:48:04,32.27,0,0
2026-09-04 12:48:04,27.55,0,0
2026-09-04 12:48:04,31.13,0,0
2026-09-04 12:48:04,32.62,0,0
2026-09-04 12:48:05,17.95,0,0
2026-09-04 12:48:05,33.08,0,0
2026-09-04 12:48:05,31.66,0,0
2026-09-04 12:48:05,30.4,0,0
2026-09-04 12:48:05,33.83,0,0
2026-09-04 12:48:05,32.19,0,0
2026-09-04 12:48:05,31.59,0,0
2026-09-04 12:48:05,31.39,0,0
2026-09-04 12:48:06,30.88,0,0
2026-09-04 12:48:06,30.8,0,0
2026-09-04 12:48:06,31.36,0,0
2026-09-04 12:48:06,31.16,0,0
2026-09-04 12:48:06,31.05,0,0
2026-09-04 12:48:06,30.55,0,0
2026-09-04 12:48:06,32.63,0,0
2026-09-04 12:48:07,31.95,0,0
2026-09-04 12:48:07,31.24,0,0
2026-09-04 12:48:07,33.25,0,0
2026-09-04 12:48:07,31.94,0,0
2026-09-04 12:48:07,33.43,0,0
2026-09-04 12:48:07,32.52,0,0
2026-09-04 12:48:07,32.17,0,0
2026-09-04 12:48:08,31.85,0,0
2026-09-04 12:48:08,32.06,0,0
2026-09-04 12:48:08,31.25,0,0
2026-09-04 12:48:08,30.8,0,0
2026-09-04 12:48:08,30.84,0,0
2026-09-04 12:48:08,32.46,0,0
2026-09-04 12:48:08,31.12,0,0
2026-09-04 12:48:09,31.13,0,0
2026-09-04 12:48:09,31.8,0,0
2026-09-04 12:48:09,32.24,0,0
2026-09-04 12:48:09,32.84,0,0
2026-09-04 12:48:09,32.16,0,0
2026-09-04 12:48:09,31.08,0,0
2026-09-04 12:48:09,32.03,0,0
2026-09-04 12:48:10,21.51,0,0
2026-09-04 12:48:10,3.64,0,0
2026-09-04 12:48:10,18.73,0,0
2026-09-04 12:48:10,32.33,0,0
2026-09-04 12:48:10,18.21,0,0
2026-09-04 12:48:10,15.73,0,0
2026-09-04 12:48:10,31.06,0,0
2026-09-04 12:48:10,32.02,0,0
2026-09-04 12:48:11,15.83,0,0
2026-09-04 12:48:11,31.02,0,0
2026-09-04 12:48:11,31.23,0,0
2026-09-04 12:48:11,30.84,0,0
2026-09-04 12:48:11,31.6,0,0
2026-09-04 12:48:11,32.04,0,0
2026-09-04 12:48:11,32.13,0,0
2026-09-04 12:48:12,31.46,0,0
2026-09-04 12:48:12,31.16,0,0
2026-09-04 12:48:12,31.78,0,0
2026-09-04 12:48:12,31.17,0,0
2026-09-04 12:48:42,30.19,0,0
2026-09-04 12:48:42,30.31,0,0
2026-09-04 12:48:42,30.78,0,0
2026-09-04 12:48:43,31.12,0,0
2026-09-04 12:48:43,20.28,0,0
2026-09-04 12:48:43,31.22,0,0
2026-09-04 12:48:43,32.84,0,0
2026-09-04 12:48:43,30.39,0,0
2026-09-04 12:48:43,31.54,0,0
2026-09-04 12:48:43,31.02,0,0
2026-09-04 12:48:44,32.26,0,0
2026-09-04 12:48:44,30.95,0,0
2026-09-04 12:48:44,31.36,0,0
2026-09-04 12:48:44,5.4,0,0
2026-09-04 12:48:44,31.98,0,0
2026-09-04 12:48:44,32.25,0,0
2026-09-04 12:48:44,30.59,0,0
2026-09-04 12:48:44,31.06,0,0
2026-09-04 12:48:45,31.06,0,0
2026-09-04 12:48:45,31.52,0,0
2026-09-04 12:48:45,30.53,0,0
2026-09-04 12:48:45,16.12,0,0
2026-09-04 12:48:45,31.14,0,0
2026-09-04 12:48:45,31.56,0,0
2026-09-04 12:48:45,31.89,0,0
2026-09-04 12:48:46,32.0,0,0
2026-09-04 12:48:46,31.45,0,0
2026-09-04 12:48:46,32.35,0,0
2026-09-04 12:48:46,31.4,0,0
2026-09-04 12:48:46,33.4,0,0
2026-09-04 12:48:46,31.4,0,0
2026-09-04 12:48:46,29.94,0,0
2026-09-04 12:48:47,31.07,0,0
2026-09-04 12:48:47,31.84,0,0
2026-09-04 12:48:47,31.26,0,0
2026-09-04 12:48:47,31.09,0,0
2026-09-04 12:48:47,18.52,0,0
2026-09-04 12:48:47,20.28,0,0
2026-09-04 12:48:47,31.04,0,0
2026-09-04 12:48:48,30.62,0,0
2026-09-04 12:48:48,30.64,0,0
2026-09-04 12:48:48,31.51,0,0
2026-09-04 12:48:48,31.32,0,0
2026-09-04 12:48:48,30.4,0,0
2026-09-04 12:48:48,30.83,0,0
2026-09-04 12:48:48,30.61,0,0
2026-09-04 12:48:48,32.19,0,0
2026-09-04 12:48:49,31.77,0,0
2026-09-04 12:48:49,31.77,0,0
2026-09-04 12:48:49,30.13,0,0
2026-09-04 12:48:49,30.81,0,0
2026-09-04 12:48:49,30.84,0,0
2026-09-04 12:48:49,31.11,0,0
2026-09-04 12:48:49,32.29,0,0
2026-09-04 12:48:50,31.32,0,0
2026-09-04 12:48:50,30.66,0,0
2026-09-04 12:48:50,32.89,0,0
2026-09-04 12:48:50,31.2,0,0
2026-09-04 12:48:50,31.38,0,0
2026-09-04 12:48:50,31.45,0,0
2026-09-04 12:48:50,32.3,0,0
2026-09-04 12:48:51,31.76,0,0
2026-09-04 12:48:51,16.16,0,0
2026-09-04 12:48:51,30.64,0,0
2026-09-04 12:48:51,31.98,0,0
2026-09-04 12:48:51,29.96,0,0
2026-09-04 12:48:51,31.6,0,0
2026-09-04 12:48:51,29.43,0,0
2026-09-04 12:48:52,30.19,0,0
2026-09-04 12:48:52,32.0,0,0
2026-09-04 12:48:52,31.13,0,0
2026-09-04 12:48:52,30.55,0,0
2026-09-04 12:48:52,30.48,0,0
2026-09-04 12:48:52,30.38,0,0
2026-09-04 12:48:52,32.81,0,0
2026-09-04 12:48:53,31.58,0,0
2026-09-04 12:48:53,30.37,0,0
2026-09-04 12:48:53,32.18,0,0
2026-09-04 12:48:53,30.82,0,0
2026-09-04 12:48:53,16.67,0,0
2026-09-04 12:48:53,30.99,0,0
2026-09-04 12:48:53,30.59,0,0
2026-09-04 12:48:53,7.99,0,0
2026-09-04 12:48:54,8.55,0,0
2026-09-04 12:48:54,31.99,0,0
2026-09-04 12:48:54,30.95,0,0
2026-09-04 12:48:54,18.56,0,0
2026-09-04 12:48:54,18.66,0,0
2026-09-04 12:48:54,30.75,0,0
2026-09-04 12:48:54,31.33,0,0
2026-09-04 12:48:54,16.05,0,0
2026-09-04 12:48:55,25.14,0,0
2026-09-04 12:48:55,31.18,0,0
2026-09-04 12:48:55,25.71,0,0
2026-09-04 12:48:55,28.54,0,0
2026-09-04 12:48:55,32.56,0,0
2026-09-04 12:48:55,30.08,0,0
2026-09-04 12:48:55,31.51,0,0
2026-09-04 12:48:56,15.78,0,0
2026-09-04 12:48:56,30.19,0,0
2026-09-04 12:48:56,17.8,0,0
2026-09-04 12:48:56,31.18,0,0
2026-09-04 12:48:56,31.75,0,0
2026-09-04 12:48:56,15.9,0,0
2026-09-04 12:48:56,32.88,0,0
2026-09-04 12:48:57,31.0,0,0
2026-09-04 12:48:57,30.61,0,0
2026-09-04 12:48:57,31.55,0,0
2026-09-04 12:48:57,31.01,0,0
2026-09-04 12:48:57,18.45,0,0
2026-09-04 12:48:57,31.23,0,0
2026-09-04 12:48:57,32.76,0,0
2026-09-04 12:48:57,33.73,0,0
2026-09-04 12:48:58,30.91,0,0
2026-09-04 12:48:58,32.29,0,0
2026-09-04 12:48:58,33.01,0,0
2026-09-04 12:48:58,31.48,0,0
2026-09-04 12:48:58,31.58,0,0
2026-09-04 12:48:58,31.63,0,0
2026-09-04 12:48:58,31.57,0,0
2026-09-04 12:48:59,15.83,0,0
2026-09-04 12:48:59,31.27,0,0
2026-09-04 12:48:59,33.26,0,0
2026-09-04 12:48:59,29.59,0,0
2026-09-04 12:48:59,30.47,0,0
2026-09-04 12:48:59,31.65,0,0
2026-09-04 12:48:59,14.86,0,0
2026-09-04 12:49:00,21.17,0,0
2026-09-04 12:49:00,31.02,0,0
2026-09-04 12:49:00,31.61,0,0
2026-09-04 12:49:00,31.52,0,0
2026-09-04 12:49:00,30.9,0,0
2026-09-04 12:49:00,29.8,0,0
2026-09-04 12:49:00,31.67,0,0
2026-09-04 12:49:01,31.89,0,0
2026-09-04 12:49:01,32.36,0,0
2026-09-04 12:49:01,31.21,0,0
2026-09-04 12:49:01,31.39,0,0
2026-09-04 12:49:01,15.73,0,0
2026-09-04 12:49:01,31.67,0,0
2026-09-04 12:49:01,31.83,0,0
2026-09-04 12:49:01,15.57,0,0
2026-09-04 12:49:02,31.91,0,0
2026-09-04 12:49:02,32.05,0,0
2026-09-04 12:49:02,30.16,0,0
2026-09-04 12:49:02,30.96,0,0
2026-09-04 12:49:02,30.16,0,0
2026-09-04 12:49:02,31.33,0,0
2026-09-04 12:49:02,30.99,0,0
2026-09-04 12:49:03,31.92,0,0
2026-09-04 12:49:03,23.76,0,0
2026-09-04 12:49:03,31.41,0,0
2026-09-04 12:49:03,31.22,0,0
2026-09-04 12:49:03,12.06,0,0
2026-09-04 12:49:03,30.82,0,0
2026-09-04 12:49:03,30.76,0,0
2026-09-04 12:49:04,31.1,0,0
2026-09-04 12:49:04,31.78,0,0
2026-09-04 12:49:04,31.91,0,0
2026-09-04 12:49:04,18.32,0,0
2026-09-04 12:49:04,16.93,0,0
2026-09-04 12:49:04,31.55,0,0
2026-09-04 12:49:04,31.91,0,0
2026-09-04 12:49:04,31.71,0,0
2026-09-04 12:49:05,30.7,0,0
2026-09-04 12:49:05,30.18,0,0
2026-09-04 12:49:05,30.94,0,0
2026-09-04 12:49:05,31.55,0,0
2026-09-04 12:49:05,30.44,0,0
2026-09-04 12:49:05,31.1,0,0
2026-09-04 12:49:05,31.26,0,0
2026-09-04 12:49:06,31.5,0,0
2026-09-04 12:49:06,32.14,0,0
2026-09-04 12:49:06,32.24,0,0
2026-09-04 12:49:06,31.8,0,0
2026-09-04 12:49:06,32.64,0,0
2026-09-04 12:49:06,30.72,0,0
2026-09-04 12:49:06,31.45,0,0
2026-09-04 12:49:07,31.5,0,0
2026-09-04 12:49:07,30.86,0,0
2026-09-04 12:49:07,32.13,0,0
2026-09-04 12:49:07,30.36,0,0
2026-09-04 12:49:07,31.18,0,0
2026-09-04 12:49:07,31.75,0,0
2026-09-04 12:49:07,16.08,0,0
2026-09-04 12:49:08,18.82,0,0
2026-09-04 12:49:08,31.31,0,0
2026-09-04 12:49:08,32.42,0,0
2026-09-04 12:49:08,31.66,0,0
2026-09-04 12:49:08,31.97,0,0
2026-09-04 12:49:08,32.93,0,0
2026-09-04 12:49:08,32.08,0,0
2026-09-04 12:49:08,30.98,0,0
2026-09-04 12:49:09,31.79,0,0
2026-09-04 12:49:09,31.67,0,0
2026-09-04 12:49:09,31.55,0,0
2026-09-04 12:49:09,15.86,0,0
2026-09-04 12:49:09,30.94,0,0
2026-09-04 12:49:09,32.77,0,0
2026-09-04 12:49:09,15.86,0,0
2026-09-04 12:49:10,24.62,0,0
2026-09-04 12:49:10,30.98,0,0
2026-09-04 12:49:10,32.18,0,0
2026-09-04 12:49:10,19.37,0,0
2026-09-04 12:49:10,31.32,0,0
2026-09-04 12:49:10,32.01,0,0
2026-09-04 12:49:10,17.77,0,0
2026-09-04 12:49:11,31.53,0,0
2026-09-04 12:49:11,32.16,0,0
2026-09-04 12:49:11,30.64,0,0
2026-09-04 12:49:11,30.83,0,0
2026-09-04 12:49:11,31.57,0,0
2026-09-04 12:49:11,31.29,0,0
2026-09-04 12:49:11,30.99,0,0
2026-09-04 12:49:11,31.26,0,0
2026-09-04 12:49:12,23.4,0,0
2026-09-04 12:49:12,31.83,0,0
2026-09-04 12:49:12,32.47,0,0
2026-09-04 12:49:12,30.64,0,0
2026-09-04 12:49:33,5000,1,0
2026-09-04 12:49:33,31.37,0,0
2026-09-04 12:49:33,30.99,0,0
2026-09-04 12:49:33,30.52,0,0
2026-09-04 12:49:33,31.29,0,0
2026-09-04 12:49:33,31.84,0,0
2026-09-04 12:49:34,29.82,0,0
2026-09-04 12:49:34,31.65,0,0
2026-09-04 12:49:34,31.26,0,0
2026-09-04 12:49:34,31.46,0,0
2026-09-04 12:49:34,32.31,0,0
2026-09-04 12:49:34,31.95,0,0
2026-09-04 12:49:34,31.6,0,0
2026-09-04 12:49:34,31.6,0,0
2026-09-04 12:49:35,20.47,0,0
2026-09-04 12:49:35,32.39,0,0
2026-09-04 12:49:35,30.87,0,0
2026-09-04 12:49:35,22.95,0,0
2026-09-04 12:49:35,14.96,0,0
2026-09-04 12:49:35,31.01,0,0
2026-09-04 12:49:35,32.31,0,0
2026-09-04 12:49:36,30.94,0,0
2026-09-04 12:49:36,31.46,0,0
2026-09-04 12:49:36,31.41,0,0
2026-09-04 12:49:36,31.08,0,0
2026-09-04 12:49:36,32.67,0,0
2026-09-04 12:49:36,31.83,0,0
2026-09-04 12:49:36,30.1,0,0
2026-09-04 12:49:37,31.56,0,0
2026-09-04 12:49:37,21.92,0,0
2026-09-04 12:49:37,31.77,0,0
2026-09-04 12:49:37,31.03,0,0
2026-09-04 12:49:37,21.25,0,0
2026-09-04 12:49:37,16.02,0,0
2026-09-04 12:49:37,30.99,0,0
2026-09-04 12:49:37,30.91,0,0
2026-09-04 12:49:38,10.58,0,0
2026-09-04 12:49:38,4.79,0,0
2026-09-04 12:49:38,30.53,0,0
2026-09-04 12:49:38,31.91,0,0
2026-09-04 12:49:38,9.44,0,0
2026-09-04 12:49:38,15.2,0,0
2026-09-04 12:49:38,3.76,0,0
2026-09-04 12:49:38,3.94,0,0
2026-09-04 12:49:39,3.21,0,0
2026-09-04 12:49:39,3.07,0,0
2026-09-04 12:49:39,3.23,0,0
2026-09-04 12:49:39,3.11,0,0
2026-09-04 12:49:39,3.79,0,0
2026-09-04 12:49:39,2.98,0,0
2026-09-04 12:49:39,3.11,0,0
2026-09-04 12:49:39,2.53,0,0
2026-09-04 12:49:39,3.34,0,0
2026-09-04 12:49:39,3.25,0,0
2026-09-04 12:49:40,4.09,0,0
2026-09-04 12:49:40,2.68,0,0
2026-09-04 12:49:40,3.36,0,0
2026-09-04 12:49:40,3.41,0,0
2026-09-04 12:49:40,2.43,0,0
2026-09-04 12:49:40,4.54,0,0
2026-09-04 12:49:40,2.24,0,0
2026-09-04 12:49:40,4.31,0,0
2026-09-04 12:49:40,4.79,0,0
2026-09-04 12:49:41,4.0,0,0
2026-09-04 12:49:41,3.03,0,0
2026-09-04 12:49:41,3.46,0,0
2026-09-04 12:49:41,3.06,0,0
2026-09-04 12:49:41,3.38,0,0
2026-09-04 12:49:41,3.68,0,0
2026-09-04 12:49:41,3.01,0,0
2026-09-04 12:49:41,3.59,0,0
2026-09-04 12:49:41,3.62,0,0
2026-09-04 12:49:41,3.72,0,0
2026-09-04 12:49:42,4.72,0,0
2026-09-04 12:49:42,4.75,0,0
2026-09-04 12:49:42,3.74,0,0
2026-09-04 12:49:42,3.1,0,0
2026-09-04 12:49:42,3.45,0,0
2026-09-04 12:49:42,3.44,0,0
2026-09-04 12:49:42,3.56,0,0
2026-09-04 12:49:42,3.9,0,0
2026-09-04 12:49:42,4.02,0,0
2026-09-04 12:49:43,5.27,0,0
2026-09-04 12:49:43,3.33,0,0
2026-09-04 12:49:43,3.01,0,0
2026-09-04 12:49:43,4.36,0,0
2026-09-04 12:49:43,3.49,0,0
2026-09-04 12:49:43,2.89,0,0
2026-09-04 12:49:43,3.4,0,0
2026-09-04 12:49:43,3.1,0,0
2026-09-04 12:49:43,3.64,0,0
2026-09-04 12:49:43,3.22,0,0
2026-09-04 12:49:44,3.98,0,0
2026-09-04 12:49:44,3.55,0,0
2026-09-04 12:49:44,3.22,0,0
2026-09-04 12:49:44,3.56,0,0
2026-09-04 12:49:44,3.34,0,0
2026-09-04 12:49:44,3.18,0,0
2026-09-04 12:49:44,4.42,0,0
2026-09-04 12:49:44,4.51,0,0
2026-09-04 12:49:44,4.85,0,0
2026-09-04 12:49:44,3.72,0,0
2026-09-04 12:49:45,4.63,0,0
2026-09-04 12:49:45,3.72,0,0
2026-09-04 12:49:45,5.09,0,0
2026-09-04 12:49:45,3.33,0,0
2026-09-04 12:49:45,3.65,0,0
2026-09-04 12:49:45,4.76,0,0
2026-09-04 12:49:45,3.65,0,0
2026-09-04 12:49:45,3.66,0,0
2026-09-04 12:49:45,5.22,0,0
2026-09-04 12:49:46,6.0,0,0
2026-09-04 12:49:46,4.24,0,0
2026-09-04 12:49:46,3.69,0,0
2026-09-04 12:49:46,4.31,0,0
2026-09-04 12:49:46,3.8,0,0
2026-09-04 12:49:46,3.98,0,0
2026-09-04 12:49:46,3.33,0,0
2026-09-04 12:49:46,3.91,0,0
2026-09-04 12:49:46,5.08,0,0
2026-09-04 12:49:47,4.02,0,0
2026-09-04 12:49:47,4.08,0,0
2026-09-04 12:49:47,4.76,0,0
2026-09-04 12:49:47,3.59,0,0
2026-09-04 12:49:47,4.14,0,0
2026-09-04 12:49:47,2.39,0,0
2026-09-04 12:49:47,3.41,0,0
2026-09-04 12:49:47,3.69,0,0
2026-09-04 12:49:47,4.35,0,0
2026-09-04 12:49:47,3.68,0,0
2026-09-04 12:49:48,3.44,0,0
2026-09-04 12:49:48,3.96,0,0
2026-09-04 12:49:48,3.9,0,0
2026-09-04 12:49:48,5.09,0,0
2026-09-04 12:49:48,3.38,0,0
2026-09-04 12:49:48,3.55,0,0
2026-09-04 12:49:48,3.48,0,0
2026-09-04 12:49:48,3.71,0,0
2026-09-04 12:49:48,3.56,0,0
2026-09-04 12:49:48,3.57,0,0
2026-09-04 12:49:49,3.93,0,0
2026-09-04 12:49:49,3.94,0,0
2026-09-04 12:49:49,4.66,0,0
2026-09-04 12:49:49,4.89,0,0
2026-09-04 12:49:49,4.45,0,0
2026-09-04 12:49:49,3.97,0,0
2026-09-04 12:49:49,4.19,0,0
2026-09-04 12:49:49,3.92,0,0
2026-09-04 12:49:49,2.86,0,0
2026-09-04 12:49:50,3.21,0,0
2026-09-04 12:49:50,3.78,0,0
2026-09-04 12:49:50,4.06,0,0
2026-09-04 12:49:50,3.55,0,0
2026-09-04 12:49:50,3.52,0,0
2026-09-04 12:49:50,4.95,0,0
2026-09-04 12:49:50,3.62,0,0
2026-09-04 12:49:50,4.58,0,0
2026-09-04 12:49:50,4.64,0,0
2026-09-04 12:49:50,3.24,0,0
2026-09-04 12:49:51,3.92,0,0
2026-09-04 12:49:51,3.77,0,0
2026-09-04 12:49:51,3.04,0,0
2026-09-04 12:49:51,4.31,0,0
2026-09-04 12:49:51,4.37,0,0
2026-09-04 12:49:51,4.02,0,0
2026-09-04 12:49:51,3.44,0,0
2026-09-04 12:49:51,2.63,0,0
2026-09-04 12:49:51,3.14,0,0
2026-09-04 12:49:52,3.54,0,0
2026-09-04 12:49:52,3.38,0,0
2026-09-04 12:49:52,2.79,0,0
2026-09-04 12:49:52,3.87,0,0
2026-09-04 12:49:52,2.79,0,0
2026-09-04 12:49:52,3.49,0,0
2026-09-04 12:49:52,3.99,0,0
2026-09-04 12:49:52,4.44,0,0
2026-09-04 12:49:52,4.73,0,0
2026-09-04 12:49:52,3.31,0,0
2026-09-04 12:49:53,3.82,0,0
2026-09-04 12:49:53,4.52,0,0
2026-09-04 12:49:53,3.56,0,0
2026-09-04 12:49:53,3.06,0,0
2026-09-04 12:49:53,4.11,0,0
2026-09-04 12:49:53,3.46,0,0
2026-09-04 12:49:53,3.27,0,0
2026-09-04 12:49:53,3.36,0,0
2026-09-04 12:49:53,4.79,0,0
2026-09-04 12:49:54,4.51,0,0
2026-09-04 12:49:54,3.32,0,0
2026-09-04 12:49:54,4.16,0,0
2026-09-04 12:49:54,3.92,0,0
2026-09-04 12:49:54,5.01,0,0
2026-09-04 12:49:54,3.76,0,0
2026-09-04 12:49:54,4.63,0,0
2026-09-04 12:49:54,3.86,0,0
2026-09-04 12:49:54,5.44,0,0
2026-09-04 12:49:54,3.43,0,0
2026-09-04 12:49:55,3.99,0,0
2026-09-04 12:49:55,3.59,0,0
2026-09-04 12:49:55,4.46,0,0
2026-09-04 12:49:55,5.77,0,0
2026-09-04 12:49:55,3.96,0,0
2026-09-04 12:49:55,3.46,0,0
2026-09-04 12:49:55,3.1,0,0
2026-09-04 12:49:55,3.73,0,0
2026-09-04 12:49:55,3.33,0,0
2026-09-04 12:49:56,3.52,0,0
2026-09-04 12:49:56,4.69,0,0
2026-09-04 12:49:56,3.89,0,0
2026-09-04 12:49:56,4.4,0,0
2026-09-04 12:49:56,3.63,0,0
2026-09-04 12:49:56,4.44,0,0
2026-09-04 12:49:56,4.44,0,0
2026-09-04 12:49:56,4.36,0,0
2026-09-04 12:49:56,4.63,0,0
2026-09-04 12:49:56,3.77,0,0
2026-09-04 12:49:57,4.82,0,0
2026-09-04 12:49:57,4.24,0,0
2026-09-04 12:49:57,4.43,0,0
2026-09-04 12:49:57,4.77,0,0
2026-09-04 12:49:57,4.47,0,0
2026-09-04 12:49:57,5.31,0,0
2026-09-04 12:49:57,3.03,0,0
2026-09-04 12:49:57,4.03,0,0
2026-09-04 12:49:57,3.46,0,0
2026-09-04 12:49:58,4.92,0,0
2026-09-04 12:49:58,3.75,0,0
2026-09-04 12:49:58,5.8,0,0
2026-09-04 12:49:58,3.87,0,0
2026-09-04 12:49:58,3.78,0,0
2026-09-04 12:49:58,5.37,0,0
2026-09-04 12:49:58,4.31,0,0
2026-09-04 12:49:58,3.23,0,0
2026-09-04 12:49:58,3.69,0,0
2026-09-04 12:49:58,4.98,0,0
2026-09-04 12:49:59,2.96,0,0
2026-09-04 12:49:59,4.65,0,0
2026-09-04 12:49:59,5.64,0,0
2026-09-04 12:49:59,3.78,0,0
2026-09-04 12:49:59,3.58,0,0
2026-09-04 12:49:59,3.57,0,0
2026-09-04 12:49:59,4.05,0,0
2026-09-04 12:49:59,2.64,0,0
2026-09-04 12:49:59,3.48,0,0
2026-09-04 12:50:00,3.42,0,0
2026-09-04 12:50:00,3.55,0,0
2026-09-04 12:50:00,3.09,0,0
2026-09-04 12:50:00,2.72,0,0
2026-09-04 12:50:00,3.06,0,0
2026-09-04 12:50:00,2.9,0,0
2026-09-04 12:50:00,2.74,0,0
2026-09-04 12:50:00,2.85,0,0
2026-09-04 12:50:00,2.11,0,0
2026-09-04 12:50:00,3.55,0,0
2026-09-04 12:50:01,3.16,0,0
2026-09-04 12:50:01,32.02,0,0
2026-09-04 12:50:01,30.3,0,0
2026-09-04 12:50:01,25.35,0,0
2026-09-04 12:50:01,30.88,0,0
2026-09-04 12:50:01,31.81,0,0
2026-09-04 12:50:01,18.1,0,0
2026-09-04 12:50:02,31.0,0,0
2026-09-04 12:50:02,30.63,0,0
2026-09-04 12:50:02,15.49,0,0
2026-09-04 12:50:02,32.87,0,0
2026-09-04 12:50:02,18.31,0,0
2026-09-04 12:50:02,25.64,0,0
2026-09-04 12:50:33,613.07,0,0
2026-09-04 12:50:33,22.79,0,0
2026-09-04 12:50:33,31.42,0,0
2026-09-04 12:50:33,30.79,0,0
2026-09-04 12:50:33,17.65,0,0
2026-09-04 12:50:33,31.53,0,0
2026-09-04 12:50:33,31.05,0,0
2026-09-04 12:50:34,9.34,0,0
2026-09-04 12:50:34,17.92,0,0
2026-09-04 12:50:34,32.68,0,0
2026-09-04 12:50:34,23.7,0,0
2026-09-04 12:50:34,29.39,0,0
2026-09-04 12:50:34,30.46,0,0
2026-09-04 12:50:34,32.02,0,0
2026-09-04 12:50:35,23.15,0,0
2026-09-04 12:50:35,32.15,0,0
2026-09-04 12:50:35,31.72,0,0
2026-09-04 12:50:35,3.57,0,0
2026-09-04 12:50:35,2.43,0,0
2026-09-04 12:50:35,31.18,0,0
2026-09-04 12:50:35,31.81,0,0
2026-09-04 12:50:35,31.04,0,0
2026-09-04 12:50:36,30.48,0,0
2026-09-04 12:50:36,31.42,0,0
2026-09-04 12:50:36,3.95,0,0
2026-09-04 12:50:36,3.44,0,0
2026-09-04 12:50:36,32.49,0,0
2026-09-04 12:50:36,32.35,0,0
2026-09-04 12:50:36,21.46,0,0
2026-09-04 12:50:37,32.12,0,0
2026-09-04 12:50:37,32.07,0,0
2026-09-04 12:50:37,31.36,0,0
2026-09-04 12:50:37,30.68,0,0
2026-09-04 12:50:37,15.1,0,0
2026-09-04 12:50:37,31.41,0,0
2026-09-04 12:50:37,15.61,0,0
2026-09-04 12:50:37,30.59,0,0
2026-09-04 12:50:38,30.99,0,0
2026-09-04 12:50:38,16.25,0,0
2026-09-04 12:50:38,31.88,0,0
2026-09-04 12:50:38,32.18,0,0
2026-09-04 12:50:38,31.14,0,0
2026-09-04 12:50:38,31.42,0,0
2026-09-04 12:50:38,30.74,0,0
2026-09-04 12:50:39,9.72,0,0
2026-09-04 12:50:39,32.55,0,0
2026-09-04 12:50:39,31.6,0,0
2026-09-04 12:50:39,15.41,0,0
2026-09-04 12:50:39,9.07,0,0
2026-09-04 12:50:39,32.23,0,0
2026-09-04 12:50:39,31.38,0,0
2026-09-04 12:50:39,17.42,0,0
2026-09-04 12:50:40,30.33,0,0
2026-09-04 12:50:40,30.12,0,0
2026-09-04 12:50:40,24.83,0,0
2026-09-04 12:50:40,5.27,0,0
2026-09-04 12:50:40,11.98,0,0
2026-09-04 12:50:40,30.59,0,0
2026-09-04 12:50:40,17.68,0,0
2026-09-04 12:50:40,32.47,0,0
2026-09-04 12:50:41,31.65,0,0
2026-09-04 12:50:41,30.95,0,0
2026-09-04 12:50:41,16.39,0,0
2026-09-04 12:50:41,31.98,0,0
2026-09-04 12:50:41,31.74,0,0
2026-09-04 12:50:41,31.64,0,0
2026-09-04 12:50:41,30.67,0,0
2026-09-04 12:50:42,31.27,0,0
2026-09-04 12:50:42,31.6,0,0
2026-09-04 12:50:42,31.86,0,0
2026-09-04 12:50:42,31.57,0,0
2026-09-04 12:50:42,31.46,0,0
2026-09-04 12:50:42,31.68,0,0
2026-09-04 12:50:42,30.78,0,0
2026-09-04 12:50:43,31.59,0,0
2026-09-04 12:50:43,31.16,0,0
2026-09-04 12:50:43,12.31,0,0
2026-09-04 12:50:43,4.16,0,0
2026-09-04 12:50:43,2.95,0,0
2026-09-04 12:50:43,15.07,0,0
2026-09-04 12:50:43,32.63,0,0
2026-09-04 12:50:43,31.91,0,0
2026-09-04 12:50:44,16.34,0,0
2026-09-04 12:50:44,31.75,0,0
2026-09-04 12:50:44,31.88,0,0
2026-09-04 12:50:44,6.87,0,0
2026-09-04 12:50:44,17.64,0,0
2026-09-04 12:50:44,31.64,0,0
2026-09-04 12:50:44,30.5,0,0
2026-09-04 12:50:44,31.59,0,0
2026-09-04 12:50:45,32.13,0,0
2026-09-04 12:50:45,31.28,0,0
2026-09-04 12:50:45,33.4,0,0
2026-09-04 12:50:45,29.58,0,0
2026-09-04 12:50:45,31.18,0,0
2026-09-04 12:50:45,31.84,0,0
2026-09-04 12:50:45,30.94,0,0
2026-09-04 12:50:46,31.82,0,0
2026-09-04 12:50:46,31.75,0,0
2026-09-04 12:50:46,31.82,0,0
2026-09-04 12:50:46,31.26,0,0
2026-09-04 12:50:46,18.84,0,0
2026-09-04 12:50:46,32.21,0,0
2026-09-04 12:50:46,31.66,0,0
2026-09-04 12:50:47,32.89,0,0
2026-09-04 12:50:47,32.13,0,0
2026-09-04 12:50:47,14.98,0,0
2026-09-04 12:50:47,30.83,0,0
2026-09-04 12:50:47,31.96,0,0
2026-09-04 12:50:47,31.74,0,0
2026-09-04 12:50:47,30.88,0,0
2026-09-04 12:50:48,31.09,0,0
2026-09-04 12:50:48,31.64,0,0
2026-09-04 12:50:48,31.41,0,0
2026-09-04 12:50:48,23.85,0,0
2026-09-04 12:50:48,27.29,0,0
2026-09-04 12:50:48,30.56,0,0
2026-09-04 12:50:48,30.57,0,0
2026-09-04 12:50:48,3.91,0,0
2026-09-04 12:50:49,2.96,0,0
2026-09-04 12:50:49,30.71,0,0
2026-09-04 12:50:49,10.18,0,0
2026-09-04 12:50:49,20.61,0,0
2026-09-04 12:50:49,30.68,0,0
2026-09-04 12:50:49,30.12,0,0
2026-09-04 12:50:49,12.82,0,0
2026-09-04 12:50:49,31.46,0,0
2026-09-04 12:50:50,32.35,0,0
2026-09-04 12:50:50,31.37,0,0
2026-09-04 12:50:50,31.0,0,0
2026-09-04 12:50:50,32.75,0,0
2026-09-04 12:50:50,30.93,0,0
2026-09-04 12:50:50,30.66,0,0
2026-09-04 12:50:50,31.73,0,0
2026-09-04 12:50:51,21.09,0,0
2026-09-04 12:50:51,30.22,0,0
2026-09-04 12:50:51,31.08,0,0
2026-09-04 12:50:51,32.72,0,0
2026-09-04 12:50:51,31.33,0,0
2026-09-04 12:50:51,19.85,0,0
2026-09-04 12:50:51,32.93,0,0
2026-09-04 12:50:52,31.96,0,0
2026-09-04 12:50:52,30.81,0,0
2026-09-04 12:50:52,31.27,0,0
2026-09-04 12:50:52,30.74,0,0
2026-09-04 12:50:52,27.76,0,0
2026-09-04 12:50:52,30.57,0,0
2026-09-04 12:50:52,31.61,0,0
2026-09-04 12:50:53,31.17,0,0
2026-09-04 12:50:53,30.66,0,0
2026-09-04 12:50:53,32.2,0,0
2026-09-04 12:50:53,30.15,0,0
2026-09-04 12:50:53,30.88,0,0
2026-09-04 12:50:53,31.29,0,0
2026-09-04 12:50:53,31.5,0,0
2026-09-04 12:50:54,31.48,0,0
2026-09-04 12:50:54,29.28,0,0
2026-09-04 12:50:54,31.63,0,0
2026-09-04 12:50:54,31.31,0,0
2026-09-04 12:50:54,18.3,0,0
2026-09-04 12:50:54,32.57,0,0
2026-09-04 12:50:54,30.96,0,0
2026-09-04 12:50:54,30.98,0,0
2026-09-04 12:50:55,31.87,0,0
2026-09-04 12:50:55,32.02,0,0
2026-09-04 12:50:55,17.36,0,0
2026-09-04 12:50:55,32.01,0,0
2026-09-04 12:50:55,30.44,0,0
2026-09-04 12:50:55,22.49,0,0
2026-09-04 12:50:55,31.29,0,0
2026-09-04 12:50:56,29.34,0,0
2026-09-04 12:50:56,13.19,0,0
2026-09-04 12:50:56,15.38,0,0
2026-09-04 12:50:56,30.99,0,0
2026-09-04 12:50:56,14.94,0,0
2026-09-04 12:50:56,31.6,0,0
2026-09-04 12:50:56,13.35,0,0
2026-09-04 12:50:56,31.37,0,0
2026-09-04 12:50:57,30.26,0,0
2026-09-04 12:50:57,31.05,0,0
2026-09-04 12:50:57,30.11,0,0
2026-09-04 12:50:57,21.31,0,0
2026-09-04 12:50:57,7.51,0,0
2026-09-04 12:50:57,13.48,0,0
2026-09-04 12:50:57,27.62,0,0
2026-09-04 12:50:58,32.96,0,0
2026-09-04 12:50:58,20.51,0,0
2026-09-04 12:50:58,31.26,0,0
2026-09-04 12:50:58,31.05,0,0
2026-09-04 12:50:58,27.27,0,0
2026-09-04 12:50:58,32.76,0,0
2026-09-04 12:50:58,31.04,0,0
2026-09-04 12:50:58,20.59,0,0
2026-09-04 12:50:59,33.84,0,0
2026-09-04 12:50:59,31.51,0,0
2026-09-04 12:50:59,21.61,0,0
2026-09-04 12:50:59,16.37,0,0
2026-09-04 12:50:59,20.95,0,0
2026-09-04 12:50:59,32.06,0,0
2026-09-04 12:50:59,21.55,0,0
2026-09-04 12:51:00,33.21,0,0
2026-09-04 12:51:00,31.92,0,0
2026-09-04 12:51:00,27.87,0,0
2026-09-04 12:51:00,10.77,0,0
2026-09-04 12:51:00,30.46,0,0
2026-09-04 12:51:00,31.84,0,0
2026-09-04 12:51:00,31.24,0,0
2026-09-04 12:51:00,30.62,0,0
2026-09-04 12:51:01,32.74,0,0
2026-09-04 12:51:01,31.22,0,0
2026-09-04 12:51:01,32.47,0,0
2026-09-04 12:51:01,31.67,0,0
2026-09-04 12:51:01,15.53,0,0
2026-09-04 12:51:01,31.82,0,0
2026-09-04 12:51:01,31.15,0,0
2026-09-04 12:51:02,30.7,0,0
2026-09-04 12:51:02,31.53,0,0
2026-09-04 12:51:02,26.13,0,0
2026-09-04 12:51:02,30.92,0,0
2026-09-04 12:51:02,30.77,0,0
2026-09-04 12:51:02,21.72,0,0
2026-09-04 12:51:32,30.97,0,0
2026-09-04 12:51:33,31.2,0,0
2026-09-04 12:51:33,30.79,0,0
2026-09-04 12:51:33,31.75,0,0
2026-09-04 12:51:33,31.13,0,0
2026-09-04 12:51:33,15.48,0,0
2026-09-04 12:51:33,9.82,0,0
2026-09-04 12:51:33,32.07,0,0
2026-09-04 12:51:33,31.92,0,0
2026-09-04 12:51:34,31.84,0,0
2026-09-04 12:51:34,24.59,0,0
2026-09-04 12:51:34,31.74,0,0
2026-09-04 12:51:34,31.28,0,0
2026-09-04 12:51:34,18.31,0,0
2026-09-04 12:51:34,30.55,0,0
2026-09-04 12:51:34,33.13,0,0
2026-09-04 12:51:35,31.39,0,0
2026-09-04 12:51:35,32.36,0,0
2026-09-04 12:51:35,17.35,0,0
2026-09-04 12:51:35,31.8,0,0
2026-09-04 12:51:35,16.74,0,0
2026-09-04 12:51:35,29.94,0,0
2026-09-04 12:51:35,31.4,0,0
2026-09-04 12:51:35,19.26,0,0
2026-09-04 12:51:36,30.23,0,0
2026-09-04 12:51:36,31.3,0,0
2026-09-04 12:51:36,33.16,0,0
2026-09-04 12:51:36,32.88,0,0
2026-09-04 12:51:36,31.28,0,0
2026-09-04 12:51:36,31.13,0,0
2026-09-04 12:51:36,31.38,0,0
2026-09-04 12:51:37,30.19,0,0
2026-09-04 12:51:37,31.75,0,0
2026-09-04 12:51:37,30.98,0,0
2026-09-04 12:51:37,30.97,0,0
2026-09-04 12:51:37,31.13,0,0
2026-09-04 12:51:37,32.38,0,0
2026-09-04 12:51:37,31.36,0,0
2026-09-04 12:51:38,15.04,0,0
2026-09-04 12:51:38,31.01,0,0
2026-09-04 12:51:38,32.12,0,0
2026-09-04 12:51:38,31.46,0,0
2026-09-04 12:51:38,31.84,0,0
2026-09-04 12:51:38,31.52,0,0
2026-09-04 12:51:38,31.3,0,0
2026-09-04 12:51:39,31.06,0,0
2026-09-04 12:51:39,31.96,0,0
2026-09-04 12:51:39,31.25,0,0
2026-09-04 12:51:39,31.19,0,0
2026-09-04 12:51:39,23.8,0,0
2026-09-04 12:51:39,31.54,0,0
2026-09-04 12:51:39,31.31,0,0
2026-09-04 12:51:40,31.1,0,0
2026-09-04 12:51:40,33.07,0,0
2026-09-04 12:51:40,31.08,0,0
2026-09-04 12:51:40,30.94,0,0
2026-09-04 12:51:40,31.36,0,0
2026-09-04 12:51:40,32.43,0,0
2026-09-04 12:51:40,31.28,0,0
2026-09-04 12:51:40,31.42,0,0
2026-09-04 12:51:41,32.28,0,0
2026-09-04 12:51:41,31.47,0,0
2026-09-04 12:51:41,31.36,0,0
2026-09-04 12:51:41,31.47,0,0
2026-09-04 12:51:41,32.37,0,0
2026-09-04 12:51:41,32.17,0,0
2026-09-04 12:51:41,31.81,0,0
2026-09-04 12:51:42,30.79,0,0
2026-09-04 12:51:42,31.46,0,0
2026-09-04 12:51:42,32.14,0,0
2026-09-04 12:51:42,31.29,0,0
2026-09-04 12:51:42,32.22,0,0
2026-09-04 12:51:42,15.1,0,0
2026-09-04 12:51:42,32.89,0,0
2026-09-04 12:51:43,15.87,0,0
2026-09-04 12:51:43,31.79,0,0
2026-09-04 12:51:43,31.39,0,0
2026-09-04 12:51:43,31.67,0,0
2026-09-04 12:51:43,16.59,0,0
2026-09-04 12:51:43,20.94,0,0
2026-09-04 12:51:43,30.98,0,0
2026-09-04 12:51:44,32.32,0,0
2026-09-04 12:51:44,31.74,0,0
2026-09-04 12:51:44,31.41,0,0
2026-09-04 12:51:44,32.15,0,0
2026-09-04 12:51:44,26.87,0,0
2026-09-04 12:51:44,31.64,0,0
2026-09-04 12:51:44,15.49,0,0
2026-09-04 12:51:44,31.22,0,0
2026-09-04 12:51:45,32.05,0,0
2026-09-04 12:51:45,30.66,0,0
2026-09-04 12:51:45,32.04,0,0
2026-09-04 12:51:45,34.6,0,0
2026-09-04 12:51:45,15.27,0,0
2026-09-04 12:51:45,31.71,0,0
2026-09-04 12:51:45,32.48,0,0
2026-09-04 12:51:46,32.36,0,0
2026-09-04 12:51:46,32.07,0,0
2026-09-04 12:51:46,31.33,0,0
2026-09-04 12:51:46,31.94,0,0
2026-09-04 12:51:46,30.4,0,0
2026-09-04 12:51:46,24.56,0,0
2026-09-04 12:51:46,21.95,0,0
2026-09-04 12:51:47,32.32,0,0
2026-09-04 12:51:47,31.65,0,0
2026-09-04 12:51:47,18.26,0,0
2026-09-04 12:51:47,33.07,0,0
2026-09-04 12:51:47,16.35,0,0
2026-09-04 12:51:47,30.94,0,0
2026-09-04 12:51:47,31.14,0,0
2026-09-04 12:51:47,31.06,0,0
2026-09-04 12:51:48,26.18,0,0
2026-09-04 12:51:48,31.94,0,0
2026-09-04 12:51:48,31.78,0,0
2026-09-04 12:51:48,15.71,0,0
2026-09-04 12:51:48,23.79,0,0
2026-09-04 12:51:48,30.74,0,0
2026-09-04 12:51:48,20.14,0,0
2026-09-04 12:51:49,15.99,0,0
2026-09-04 12:51:49,30.95,0,0
2026-09-04 12:51:49,30.9,0,0
2026-09-04 12:51:49,31.74,0,0
2026-09-04 12:51:49,32.12,0,0
2026-09-04 12:51:49,29.2,0,0
2026-09-04 12:51:49,33.43,0,0
2026-09-04 12:51:50,31.55,0,0
2026-09-04 12:51:50,32.4,0,0
2026-09-04 12:51:50,31.27,0,0
2026-09-04 12:51:50,32.5,0,0
2026-09-04 12:51:50,16.21,0,0
2026-09-04 12:51:50,30.38,0,0
2026-09-04 12:51:50,30.46,0,0
2026-09-04 12:51:50,30.61,0,0
2026-09-04 12:51:51,32.1,0,0
2026-09-04 12:51:51,31.27,0,0
2026-09-04 12:51:51,31.87,0,0
2026-09-04 12:51:51,30.97,0,0
2026-09-04 12:51:51,31.86,0,0
2026-09-04 12:51:51,31.52,0,0
2026-09-04 12:51:51,31.79,0,0
2026-09-04 12:51:52,31.97,0,0
2026-09-04 12:51:52,31.6,0,0
2026-09-04 12:51:52,31.54,0,0
2026-09-04 12:51:52,30.91,0,0
2026-09-04 12:51:52,31.42,0,0
2026-09-04 12:51:52,31.29,0,0
2026-09-04 12:51:52,31.36,0,0
2026-09-04 12:51:53,31.97,0,0
2026-09-04 12:51:53,28.77,0,0
2026-09-04 12:51:53,32.71,0,0
2026-09-04 12:51:53,30.69,0,0
2026-09-04 12:51:53,33.02,0,0
2026-09-04 12:51:53,31.57,0,0
2026-09-04 12:51:53,32.66,0,0
2026-09-04 12:51:54,31.9,0,0
2026-09-04 12:51:54,31.81,0,0
2026-09-04 12:51:54,32.4,0,0
2026-09-04 12:51:54,31.08,0,0
2026-09-04 12:51:54,30.77,0,0
2026-09-04 12:51:54,32.43,0,0
2026-09-04 12:51:54,30.49,0,0
2026-09-04 12:51:55,30.96,0,0
2026-09-04 12:51:55,18.17,0,0
2026-09-04 12:51:55,30.4,0,0
2026-09-04 12:51:55,31.83,0,0
2026-09-04 12:51:55,16.46,0,0
2026-09-04 12:51:55,33.02,0,0
2026-09-04 12:51:55,30.16,0,0
2026-09-04 12:51:55,31.87,0,0
2026-09-04 12:51:56,15.56,0,0
2026-09-04 12:51:56,31.76,0,0
2026-09-04 12:51:56,30.82,0,0
2026-09-04 12:51:56,16.05,0,0
2026-09-04 12:51:56,30.39,0,0
2026-09-04 12:51:56,31.38,0,0
2026-09-04 12:51:56,31.14,0,0
2026-09-04 12:51:57,30.48,0,0
2026-09-04 12:51:57,32.07,0,0
2026-09-04 12:51:57,19.87,0,0
2026-09-04 12:51:57,30.98,0,0
2026-09-04 12:51:57,31.15,0,0
2026-09-04 12:51:57,12.93,0,0
2026-09-04 12:51:57,33.76,0,0
2026-09-04 12:51:58,32.74,0,0
2026-09-04 12:51:58,16.12,0,0
2026-09-04 12:51:58,31.8,0,0
2026-09-04 12:51:58,33.37,0,0
2026-09-04 12:51:58,32.47,0,0
2026-09-04 12:51:58,31.08,0,0
2026-09-04 12:51:58,31.65,0,0
2026-09-04 12:51:58,31.4,0,0
2026-09-04 12:51:59,31.53,0,0
2026-09-04 12:51:59,32.44,0,0
2026-09-04 12:51:59,32.34,0,0
2026-09-04 12:51:59,31.59,0,0
2026-09-04 12:51:59,32.13,0,0
2026-09-04 12:51:59,30.84,0,0
2026-09-04 12:51:59,31.52,0,0
2026-09-04 12:52:00,15.34,0,0
2026-09-04 12:52:00,31.7,0,0
2026-09-04 12:52:00,31.76,0,0
2026-09-04 12:52:00,27.32,0,0
2026-09-04 12:52:00,11.39,0,0
2026-09-04 12:52:00,30.89,0,0
2026-09-04 12:52:00,32.1,0,0
2026-09-04 12:52:01,32.35,0,0
2026-09-04 12:52:01,30.68,0,0
2026-09-04 12:52:01,26.59,0,0
2026-09-04 12:52:01,31.24,0,0
2026-09-04 12:52:01,31.97,0,0
2026-09-04 12:52:01,31.0,0,0
2026-09-04 12:52:01,31.1,0,0
2026-09-04 12:52:02,31.09,0,0
2026-09-04 12:52:02,30.75,0,0
2026-09-04 12:52:02,31.35,0,0
2026-09-04 12:52:02,31.53,0,0
2026-09-04 12:52:02,26.0,0,0
2026-09-04 12:52:02,31.72,0,0
2026-09-04 12:52:02,6.85,0,0
2026-09-04 12:52:23,5000,1,0
2026-09-04 12:52:24,5000,1,0
2026-09-04 12:52:25,5000,1,0
2026-09-04 12:52:26,5000,1,0
2026-09-04 12:52:27,5000,1,0
2026-09-04 12:52:29,5000,1,0
2026-09-04 12:52:29,31.01,0,0
2026-09-04 12:52:29,31.47,0,0
2026-09-04 12:52:29,18.97,0,0
2026-09-04 12:52:29,32.26,0,0
2026-09-04 12:52:29,31.28,0,0
2026-09-04 12:52:29,24.26,0,0
2026-09-04 12:52:30,30.91,0,0
2026-09-04 12:52:30,32.09,0,0
2026-09-04 12:52:30,30.53,0,0
2026-09-04 12:52:30,31.97,0,0
2026-09-04 12:52:30,33.58,0,0
2026-09-04 12:52:30,32.47,0,0
2026-09-04 12:52:30,32.15,0,0
2026-09-04 12:52:31,30.97,0,0
2026-09-04 12:52:31,31.92,0,0
2026-09-04 12:52:31,32.91,0,0
2026-09-04 12:52:31,32.69,0,0
2026-09-04 12:52:31,16.18,0,0
2026-09-04 12:52:31,31.94,0,0
2026-09-04 12:52:31,15.4,0,0
2026-09-04 12:52:31,5.01,0,0
2026-09-04 12:52:32,16.1,0,0
2026-09-04 12:52:32,31.81,0,0
2026-09-04 12:52:32,31.35,0,0
2026-09-04 12:52:32,31.27,0,0
2026-09-04 12:52:32,31.79,0,0
2026-09-04 12:52:32,31.31,0,0
2026-09-04 12:52:32,32.65,0,0
2026-09-04 12:52:33,31.71,0,0
2026-09-04 12:52:33,14.78,0,0
2026-09-04 12:52:33,21.71,0,0
2026-09-04 12:52:33,31.33,0,0
2026-09-04 12:52:33,32.11,0,0
2026-09-04 12:52:33,4.42,0,0
2026-09-04 12:52:33,31.84,0,0
2026-09-04 12:52:33,32.38,0,0
2026-09-04 12:52:34,31.2,0,0
2026-09-04 12:52:34,31.78,0,0
2026-09-04 12:52:34,32.19,0,0
2026-09-04 12:52:34,31.58,0,0
2026-09-04 12:52:34,31.25,0,0
2026-09-04 12:52:34,31.37,0,0
2026-09-04 12:52:34,30.48,0,0
2026-09-04 12:52:35,32.47,0,0
2026-09-04 12:52:35,32.15,0,0
2026-09-04 12:52:35,32.09,0,0
2026-09-04 12:52:35,31.87,0,0
2026-09-04 12:52:35,31.55,0,0
2026-09-04 12:52:35,31.08,0,0
2026-09-04 12:52:35,32.49,0,0
2026-09-04 12:52:36,30.92,0,0
2026-09-04 12:52:36,31.16,0,0
2026-09-04 12:52:36,30.99,0,0
2026-09-04 12:52:36,30.45,0,0
2026-09-04 12:52:36,16.43,0,0
2026-09-04 12:52:36,31.08,0,0
2026-09-04 12:52:36,32.07,0,0
2026-09-04 12:52:37,31.01,0,0
2026-09-04 12:52:37,31.8,0,0
2026-09-04 12:52:37,30.4,0,0
2026-09-04 12:52:37,30.83,0,0
2026-09-04 12:52:37,24.26,0,0
2026-09-04 12:52:37,23.99,0,0
2026-09-04 12:52:37,32.57,0,0
2026-09-04 12:52:37,31.0,0,0
2026-09-04 12:52:38,23.49,0,0
2026-09-04 12:52:38,31.91,0,0
2026-09-04 12:52:38,30.11,0,0
2026-09-04 12:52:38,27.28,0,0
2026-09-04 12:52:38,33.37,0,0
2026-09-04 12:52:38,25.63,0,0
2026-09-04 12:52:38,18.24,0,0
2026-09-04 12:52:39,32.03,0,0
2026-09-04 12:52:39,31.15,0,0
2026-09-04 12:52:39,9.24,0,0
2026-09-04 12:52:39,19.75,0,0
2026-09-04 12:52:39,31.06,0,0
2026-09-04 12:52:39,30.41,0,0
2026-09-04 12:52:39,32.2,0,0
2026-09-04 12:52:40,30.96,0,0
2026-09-04 12:52:40,31.29,0,0
2026-09-04 12:52:40,31.34,0,0
2026-09-04 12:52:40,31.71,0,0
2026-09-04 12:52:40,32.64,0,0
2026-09-04 12:52:40,30.81,0,0
2026-09-04 12:52:40,32.2,0,0
2026-09-04 12:52:40,34.27,0,0
2026-09-04 12:52:41,32.52,0,0
2026-09-04 12:52:41,33.18,0,0
2026-09-04 12:52:41,30.65,0,0
2026-09-04 12:52:41,31.82,0,0
2026-09-04 12:52:41,32.62,0,0
2026-09-04 12:52:41,31.93,0,0
2026-09-04 12:52:41,31.22,0,0
2026-09-04 12:52:42,15.26,0,0
2026-09-04 12:52:42,32.01,0,0
2026-09-04 12:52:42,30.91,0,0
2026-09-04 12:52:42,16.73,0,0
2026-09-04 12:52:42,15.69,0,0
2026-09-04 12:52:42,31.4,0,0
2026-09-04 12:52:42,26.69,0,0
2026-09-04 12:52:43,9.7,0,0
2026-09-04 12:52:43,30.68,0,0
2026-09-04 12:52:43,30.92,0,0
2026-09-04 12:52:43,30.58,0,0
2026-09-04 12:52:43,30.9,0,0
2026-09-04 12:52:43,32.17,0,0
2026-09-04 12:52:43,17.52,0,0
2026-09-04 12:52:43,31.57,0,0
2026-09-04 12:52:44,30.77,0,0
2026-09-04 12:52:44,31.63,0,0
2026-09-04 12:52:44,31.47,0,0
2026-09-04 12:52:44,31.05,0,0
2026-09-04 12:52:44,15.3,0,0
2026-09-04 12:52:44,31.35,0,0
2026-09-04 12:52:44,33.76,0,0
2026-09-04 12:52:45,31.26,0,0
2026-09-04 12:52:45,31.28,0,0
2026-09-04 12:52:45,31.94,0,0
2026-09-04 12:52:45,31.08,0,0
2026-09-04 12:52:45,31.81,0,0
2026-09-04 12:52:45,31.5,0,0
2026-09-04 12:52:45,31.8,0,0
2026-09-04 12:52:46,31.98,0,0
2026-09-04 12:52:46,30.29,0,0
2026-09-04 12:52:46,17.71,0,0
2026-09-04 12:52:46,31.91,0,0
2026-09-04 12:52:46,31.06,0,0
2026-09-04 12:52:46,30.96,0,0
2026-09-04 12:52:46,32.5,0,0
2026-09-04 12:52:47,29.95,0,0
2026-09-04 12:52:47,32.21,0,0
2026-09-04 12:52:47,30.86,0,0
2026-09-04 12:52:47,32.76,0,0
2026-09-04 12:52:47,31.93,0,0
2026-09-04 12:52:47,31.73,0,0
2026-09-04 12:52:47,15.39,0,0
2026-09-04 12:52:47,31.13,0,0
2026-09-04 12:52:48,31.99,0,0
2026-09-04 12:52:48,15.2,0,0
2026-09-04 12:52:48,31.17,0,0
2026-09-04 12:52:48,31.49,0,0
2026-09-04 12:52:48,14.96,0,0
2026-09-04 12:52:48,31.15,0,0
2026-09-04 12:52:48,31.34,0,0
2026-09-04 12:52:49,30.7,0,0
2026-09-04 12:52:49,31.55,0,0
2026-09-04 12:52:49,31.53,0,0
2026-09-04 12:52:49,16.11,0,0
2026-09-04 12:52:49,21.54,0,0
2026-09-04 12:52:49,33.04,0,0
2026-09-04 12:52:49,21.71,0,0
2026-09-04 12:52:49,31.15,0,0
2026-09-04 12:52:50,31.24,0,0
2026-09-04 12:52:50,32.21,0,0
2026-09-04 12:52:50,31.23,0,0
2026-09-04 12:52:50,31.11,0,0
2026-09-04 12:52:50,32.41,0,0
2026-09-04 12:52:50,30.54,0,0
2026-09-04 12:52:50,29.92,0,0
2026-09-04 12:52:51,31.52,0,0
2026-09-04 12:52:51,31.33,0,0
2026-09-04 12:52:51,33.16,0,0
2026-09-04 12:52:51,31.99,0,0
2026-09-04 12:52:51,31.26,0,0
2026-09-04 12:52:51,31.37,0,0
2026-09-04 12:52:51,31.94,0,0
2026-09-04 12:52:52,32.16,0,0
2026-09-04 12:52:52,32.35,0,0
2026-09-04 12:52:52,21.56,0,0
2026-09-04 12:52:52,31.65,0,0
2026-09-04 12:52:52,19.25,0,0
2026-09-04 12:52:52,31.17,0,0
2026-09-04 12:52:52,30.25,0,0
2026-09-04 12:53:23,30.79,0,0
2026-09-04 12:53:23,31.59,0,0
2026-09-04 12:53:23,32.95,0,0
2026-09-04 12:53:23,33.14,0,0
2026-09-04 12:53:23,14.03,0,0
2026-09-04 12:53:23,30.39,0,0
2026-09-04 12:53:23,31.79,0,0
2026-09-04 12:53:24,30.76,0,0
2026-09-04 12:53:24,31.18,0,0
2026-09-04 12:53:24,31.84,0,0
2026-09-04 12:53:24,30.62,0,0
2026-09-04 12:53:24,19.94,0,0
2026-09-04 12:53:24,31.86,0,0
2026-09-04 12:53:24,33.38,0,0
2026-09-04 12:53:25,31.16,0,0
2026-09-04 12:53:25,32.88,0,0
2026-09-04 12:53:25,30.99,0,0
2026-09-04 12:53:25,30.46,0,0
2026-09-04 12:53:25,15.31,0,0
2026-09-04 12:53:25,30.3,0,0
2026-09-04 12:53:25,31.31,0,0
2026-09-04 12:53:26,30.81,0,0
2026-09-04 12:53:26,32.18,0,0
2026-09-04 12:53:26,30.5,0,0
2026-09-04 12:53:26,30.37,0,0
2026-09-04 12:53:26,18.81,0,0
2026-09-04 12:53:26,31.43,0,0
2026-09-04 12:53:26,30.55,0,0
2026-09-04 12:53:26,32.7,0,0
2026-09-04 12:53:27,32.86,0,0
2026-09-04 12:53:27,22.82,0,0
2026-09-04 12:53:27,13.23,0,0
2026-09-04 12:53:27,31.61,0,0
2026-09-04 12:53:27,32.78,0,0
2026-09-04 12:53:27,31.01,0,0
2026-09-04 12:53:27,18.08,0,0
2026-09-04 12:53:28,31.32,0,0
2026-09-04 12:53:28,30.49,0,0
2026-09-04 12:53:28,31.62,0,0
2026-09-04 12:53:28,31.56,0,0
2026-09-04 12:53:28,30.74,0,0
2026-09-04 12:53:28,32.13,0,0
2026-09-04 12:53:28,32.18,0,0
2026-09-04 12:53:29,32.17,0,0
2026-09-04 12:53:29,14.96,0,0
2026-09-04 12:53:29,30.9,0,0
2026-09-04 12:53:29,30.29,0,0
2026-09-04 12:53:29,31.35,0,0
2026-09-04 12:53:29,31.84,0,0
2026-09-04 12:53:29,30.53,0,0
2026-09-04 12:53:29,32.29,0,0
2026-09-04 12:53:30,32.0,0,0
2026-09-04 12:53:30,31.32,0,0
2026-09-04 12:53:30,31.04,0,0
2026-09-04 12:53:30,31.44,0,0
2026-09-04 12:53:30,31.96,0,0
2026-09-04 12:53:30,29.7,0,0
2026-09-04 12:53:30,31.79,0,0
2026-09-04 12:53:31,31.43,0,0
2026-09-04 12:53:31,30.47,0,0
2026-09-04 12:53:31,31.92,0,0
2026-09-04 12:53:31,32.26,0,0
2026-09-04 12:53:31,32.27,0,0
2026-09-04 12:53:31,30.81,0,0
2026-09-04 12:53:31,31.95,0,0
2026-09-04 12:53:32,30.09,0,0
2026-09-04 12:53:32,31.57,0,0
2026-09-04 12:53:32,18.57,0,0
2026-09-04 12:53:32,33.17,0,0
2026-09-04 12:53:32,25.82,0,0
2026-09-04 12:53:32,31.12,0,0
2026-09-04 12:53:32,31.0,0,0
2026-09-04 12:53:33,32.54,0,0
2026-09-04 12:53:33,32.22,0,0
2026-09-04 12:53:33,31.51,0,0
2026-09-04 12:53:33,31.29,0,0
2026-09-04 12:53:33,31.51,0,0
2026-09-04 12:53:33,30.8,0,0
2026-09-04 12:53:33,32.38,0,0
2026-09-04 12:53:34,30.12,0,0
2026-09-04 12:53:34,30.99,0,0
2026-09-04 12:53:34,31.35,0,0
2026-09-04 12:53:34,31.22,0,0
2026-09-04 12:53:34,31.41,0,0
2026-09-04 12:53:34,30.94,0,0
2026-09-04 12:53:34,22.73,0,0
2026-09-04 12:53:34,32.17,0,0
2026-09-04 12:53:35,31.05,0,0
2026-09-04 12:53:35,31.79,0,0
2026-09-04 12:53:35,30.38,0,0
2026-09-04 12:53:35,32.02,0,0
2026-09-04 12:53:35,30.68,0,0
2026-09-04 12:53:35,30.66,0,0
2026-09-04 12:53:35,31.63,0,0
2026-09-04 12:53:36,31.79,0,0
2026-09-04 12:53:36,30.92,0,0
2026-09-04 12:53:36,15.23,0,0
2026-09-04 12:53:36,31.26,0,0
2026-09-04 12:53:36,32.8,0,0
2026-09-04 12:53:36,32.11,0,0
2026-09-04 12:53:36,29.68,0,0
2026-09-04 12:53:37,32.29,0,0
2026-09-04 12:53:37,30.79,0,0
2026-09-04 12:53:37,31.76,0,0
2026-09-04 12:53:37,27.28,0,0
2026-09-04 12:53:37,31.46,0,0
2026-09-04 12:53:37,31.51,0,0
2026-09-04 12:53:37,31.8,0,0
2026-09-04 12:53:38,30.78,0,0
2026-09-04 12:53:38,30.85,0,0
2026-09-04 12:53:38,30.22,0,0
2026-09-04 12:53:38,30.88,0,0
2026-09-04 12:53:38,31.89,0,0
2026-09-04 12:53:38,31.7,0,0
2026-09-04 12:53:38,30.48,0,0
2026-09-04 12:53:39,31.72,0,0
2026-09-04 12:53:39,32.08,0,0
2026-09-04 12:53:39,30.83,0,0
2026-09-04 12:53:39,30.46,0,0
2026-09-04 12:53:39,32.16,0,0
2026-09-04 12:53:39,32.02,0,0
2026-09-04 12:53:39,31.25,0,0
2026-09-04 12:53:39,31.23,0,0
2026-09-04 12:53:40,30.11,0,0
2026-09-04 12:53:40,32.5,0,0
2026-09-04 12:53:40,30.37,0,0
2026-09-04 12:53:40,31.75,0,0
2026-09-04 12:53:40,22.01,0,0
2026-09-04 12:53:40,31.62,0,0
2026-09-04 12:53:40,30.51,0,0
2026-09-04 12:53:41,20.96,0,0
2026-09-04 12:53:41,32.67,0,0
2026-09-04 12:53:41,31.34,0,0
2026-09-04 12:53:41,14.32,0,0
2026-09-04 12:53:41,15.54,0,0
2026-09-04 12:53:41,32.28,0,0
2026-09-04 12:53:41,30.48,0,0
2026-09-04 12:53:42,31.45,0,0
2026-09-04 12:53:42,32.08,0,0
2026-09-04 12:53:42,31.6,0,0
2026-09-04 12:53:42,31.67,0,0
2026-09-04 12:53:42,31.66,0,0
2026-09-04 12:53:42,14.97,0,0
2026-09-04 12:53:42,32.77,0,0
2026-09-04 12:53:42,30.23,0,0
2026-09-04 12:53:43,30.65,0,0
2026-09-04 12:53:43,31.23,0,0
2026-09-04 12:53:43,31.81,0,0
2026-09-04 12:53:43,18.42,0,0
2026-09-04 12:53:43,30.6,0,0
2026-09-04 12:53:43,32.5,0,0
2026-09-04 12:53:43,32.05,0,0
2026-09-04 12:53:44,31.87,0,0
2026-09-04 12:53:44,31.85,0,0
2026-09-04 12:53:44,31.56,0,0
2026-09-04 12:53:44,30.94,0,0
2026-09-04 12:53:44,31.29,0,0
2026-09-04 12:53:44,32.81,0,0
2026-09-04 12:53:44,32.41,0,0
2026-09-04 12:53:45,16.89,0,0
2026-09-04 12:53:45,30.79,0,0
2026-09-04 12:53:45,31.93,0,0
2026-09-04 12:53:45,15.0,0,0
2026-09-04 12:53:45,27.08,0,0
2026-09-04 12:53:45,31.22,0,0
2026-09-04 12:53:45,31.57,0,0
2026-09-04 12:53:46,15.68,0,0
2026-09-04 12:53:46,30.17,0,0
2026-09-04 12:53:46,23.42,0,0
2026-09-04 12:53:46,14.22,0,0
2026-09-04 12:53:46,31.23,0,0
2026-09-04 12:53:46,32.38,0,0
2026-09-04 12:53:46,31.51,0,0
2026-09-04 12:53:46,31.89,0,0
2026-09-04 12:53:47,31.28,0,0
2026-09-04 12:53:47,21.7,0,0
2026-09-04 12:53:47,31.27,0,0
2026-09-04 12:53:47,32.6,0,0
2026-09-04 12:53:47,30.42,0,0
2026-09-04 12:53:47,30.74,0,0
2026-09-04 12:53:47,30.77,0,0
2026-09-04 12:53:48,32.59,0,0
2026-09-04 12:53:48,30.29,0,0
2026-09-04 12:53:48,30.15,0,0
2026-09-04 12:53:48,31.62,0,0
2026-09-04 12:53:48,31.76,0,0
2026-09-04 12:53:48,32.62,0,0
2026-09-04 12:53:48,32.54,0,0
2026-09-04 12:53:49,31.1,0,0
2026-09-04 12:53:49,30.85,0,0
2026-09-04 12:53:49,31.29,0,0
2026-09-04 12:53:49,31.36,0,0
2026-09-04 12:53:49,30.54,0,0
2026-09-04 12:53:49,30.68,0,0
2026-09-04 12:53:49,32.4,0,0
2026-09-04 12:53:50,32.62,0,0
2026-09-04 12:53:50,30.69,0,0
2026-09-04 12:53:50,31.41,0,0
2026-09-04 12:53:50,31.12,0,0
2026-09-04 12:53:50,32.16,0,0
2026-09-04 12:53:50,32.41,0,0
2026-09-04 12:53:50,32.44,0,0
2026-09-04 12:53:51,31.37,0,0
2026-09-04 12:53:51,31.22,0,0
2026-09-04 12:53:51,31.09,0,0
2026-09-04 12:53:51,15.73,0,0
2026-09-04 12:53:51,31.59,0,0
2026-09-04 12:53:51,31.48,0,0
2026-09-04 12:53:51,23.44,0,0
2026-09-04 12:53:51,31.78,0,0
2026-09-04 12:53:52,31.17,0,0
2026-09-04 12:53:52,31.59,0,0
2026-09-04 12:53:52,31.57,0,0
2026-09-04 12:53:52,32.8,0,0
2026-09-04 12:53:52,18.35,0,0
2026-09-04 12:53:52,31.8,0,0
2026-09-04 12:53:52,32.86,0,0
2026-09-04 12:54:23,3.4,0,0
2026-09-04 12:54:23,2.87,0,0
2026-09-04 12:54:23,3.74,0,0
2026-09-04 12:54:23,3.28,0,0
2026-09-04 12:54:23,3.0,0,0
2026-09-04 12:54:23,2.29,0,0
2026-09-04 12:54:23,3.24,0,0
2026-09-04 12:54:23,3.86,0,0
2026-09-04 12:54:23,3.57,0,0
2026-09-04 12:54:24,3.34,0,0
2026-09-04 12:54:24,2.96,0,0
2026-09-04 12:54:24,3.51,0,0
2026-09-04 12:54:24,3.14,0,0
2026-09-04 12:54:24,4.09,0,0
2026-09-04 12:54:24,3.07,0,0
2026-09-04 12:54:24,3.8,0,0
2026-09-04 12:54:24,3.2,0,0
2026-09-04 12:54:24,3.13,0,0
2026-09-04 12:54:25,4.44,0,0
2026-09-04 12:54:25,3.34,0,0
2026-09-04 12:54:25,4.2,0,0
2026-09-04 12:54:25,3.85,0,0
2026-09-04 12:54:25,4.32,0,0
2026-09-04 12:54:25,2.93,0,0
2026-09-04 12:54:25,3.95,0,0
2026-09-04 12:54:25,3.46,0,0
2026-09-04 12:54:25,3.34,0,0
2026-09-04 12:54:25,3.18,0,0
2026-09-04 12:54:26,3.2,0,0
2026-09-04 12:54:26,4.04,0,0
2026-09-04 12:54:26,3.28,0,0
2026-09-04 12:54:26,3.0,0,0
2026-09-04 12:54:26,3.2,0,0
2026-09-04 12:54:26,3.78,0,0
2026-09-04 12:54:26,3.38,0,0
2026-09-04 12:54:26,3.57,0,0
2026-09-04 12:54:26,3.04,0,0
2026-09-04 12:54:26,3.8,0,0
2026-09-04 12:54:27,2.94,0,0
2026-09-04 12:54:27,3.87,0,0
2026-09-04 12:54:27,2.86,0,0
2026-09-04 12:54:27,3.81,0,0
2026-09-04 12:54:27,3.27,0,0
2026-09-04 12:54:27,4.57,0,0
2026-09-04 12:54:27,3.77,0,0
2026-09-04 12:54:27,4.73,0,0
2026-09-04 12:54:27,3.42,0,0
2026-09-04 12:54:28,4.19,0,0
2026-09-04 12:54:28,4.35,0,0
2026-09-04 12:54:28,3.75,0,0
2026-09-04 12:54:28,4.61,0,0
2026-09-04 12:54:28,3.38,0,0
2026-09-04 12:54:28,4.01,0,0
2026-09-04 12:54:28,4.22,0,0
2026-09-04 12:54:28,3.1,0,0
2026-09-04 12:54:28,3.41,0,0
2026-09-04 12:54:28,4.56,0,0
2026-09-04 12:54:29,4.0,0,0
2026-09-04 12:54:29,4.5,0,0
2026-09-04 12:54:29,2.86,0,0
2026-09-04 12:54:29,2.99,0,0
2026-09-04 12:54:29,3.68,0,0
2026-09-04 12:54:29,3.47,0,0
2026-09-04 12:54:29,3.41,0,0
2026-09-04 12:54:29,4.04,0,0
2026-09-04 12:54:29,2.48,0,0
2026-09-04 12:54:30,3.01,0,0
2026-09-04 12:54:30,4.02,0,0
2026-09-04 12:54:30,5.29,0,0
2026-09-04 12:54:30,3.85,0,0
2026-09-04 12:54:30,2.76,0,0
2026-09-04 12:54:30,3.46,0,0
2026-09-04 12:54:30,3.43,0,0
2026-09-04 12:54:30,4.31,0,0
2026-09-04 12:54:30,4.65,0,0
2026-09-04 12:54:30,2.77,0,0
2026-09-04 12:54:31,3.33,0,0
2026-09-04 12:54:31,3.63,0,0
2026-09-04 12:54:31,3.25,0,0
2026-09-04 12:54:31,3.1,0,0
2026-09-04 12:54:31,3.6,0,0
2026-09-04 12:54:31,3.07,0,0
2026-09-04 12:54:31,3.62,0,0
2026-09-04 12:54:31,3.25,0,0
2026-09-04 12:54:31,3.72,0,0
2026-09-04 12:54:32,3.85,0,0
2026-09-04 12:54:32,3.25,0,0
2026-09-04 12:54:32,3.75,0,0
2026-09-04 12:54:32,3.1,0,0
2026-09-04 12:54:32,3.26,0,0
2026-09-04 12:54:32,3.6,0,0
2026-09-04 12:54:32,2.89,0,0
2026-09-04 12:54:32,3.08,0,0
2026-09-04 12:54:32,4.03,0,0
2026-09-04 12:54:32,2.67,0,0
2026-09-04 12:54:33,2.94,0,0
2026-09-04 12:54:33,4.05,0,0
2026-09-04 12:54:33,2.43,0,0
2026-09-04 12:54:33,3.43,0,0
2026-09-04 12:54:33,3.77,0,0
2026-09-04 12:54:33,3.37,0,0
2026-09-04 12:54:33,3.03,0,0
2026-09-04 12:54:33,3.74,0,0
2026-09-04 12:54:33,3.38,0,0
2026-09-04 12:54:34,3.83,0,0
2026-09-04 12:54:34,4.51,0,0
2026-09-04 12:54:34,2.75,0,0
2026-09-04 12:54:34,2.73,0,0
2026-09-04 12:54:34,3.68,0,0
2026-09-04 12:54:34,3.31,0,0
2026-09-04 12:54:34,3.26,0,0
2026-09-04 12:54:34,3.27,0,0
2026-09-04 12:54:34,2.96,0,0
2026-09-04 12:54:34,4.33,0,0
2026-09-04 12:54:35,4.13,0,0
2026-09-04 12:54:35,2.56,0,0
2026-09-04 12:54:35,2.8,0,0
2026-09-04 12:54:35,3.23,0,0
2026-09-04 12:54:35,3.95,0,0
2026-09-04 12:54:35,3.8,0,0
2026-09-04 12:54:35,3.7,0,0
2026-09-04 12:54:35,3.19,0,0
2026-09-04 12:54:35,3.26,0,0
2026-09-04 12:54:35,3.42,0,0
2026-09-04 12:54:36,4.86,0,0
2026-09-04 12:54:36,3.26,0,0
2026-09-04 12:54:36,3.33,0,0
2026-09-04 12:54:36,2.14,0,0
2026-09-04 12:54:36,3.28,0,0
2026-09-04 12:54:36,3.12,0,0
2026-09-04 12:54:36,3.56,0,0
2026-09-04 12:54:36,3.1,0,0
2026-09-04 12:54:36,3.97,0,0
2026-09-04 12:54:37,3.24,0,0
2026-09-04 12:54:37,3.85,0,0
2026-09-04 12:54:37,3.19,0,0
2026-09-04 12:54:37,4.0,0,0
2026-09-04 12:54:37,4.68,0,0
2026-09-04 12:54:37,3.82,0,0
2026-09-04 12:54:37,4.29,0,0
2026-09-04 12:54:37,3.14,0,0
2026-09-04 12:54:37,2.59,0,0
2026-09-04 12:54:37,4.1,0,0
2026-09-04 12:54:38,2.78,0,0
2026-09-04 12:54:38,4.37,0,0
2026-09-04 12:54:38,3.48,0,0
2026-09-04 12:54:38,2.81,0,0
2026-09-04 12:54:38,3.55,0,0
2026-09-04 12:54:38,3.97,0,0
2026-09-04 12:54:38,4.74,0,0
2026-09-04 12:54:38,3.83,0,0
2026-09-04 12:54:38,5.17,0,0
2026-09-04 12:54:39,4.29,0,0
2026-09-04 12:54:39,3.3,0,0
2026-09-04 12:54:39,3.47,0,0
2026-09-04 12:54:39,4.46,0,0
2026-09-04 12:54:39,3.89,0,0
2026-09-04 12:54:39,2.88,0,0
2026-09-04 12:54:39,3.53,0,0
2026-09-04 12:54:39,4.08,0,0
2026-09-04 12:54:39,4.76,0,0
2026-09-04 12:54:39,4.6,0,0
2026-09-04 12:54:40,3.5,0,0
2026-09-04 12:54:40,3.97,0,0
2026-09-04 12:54:40,3.08,0,0
2026-09-04 12:54:40,3.3,0,0
2026-09-04 12:54:40,3.3,0,0
2026-09-04 12:54:40,3.47,0,0
2026-09-04 12:54:40,2.84,0,0
2026-09-04 12:54:40,2.98,0,0
2026-09-04 12:54:40,3.57,0,0
2026-09-04 12:54:41,3.74,0,0
2026-09-04 12:54:41,2.84,0,0
2026-09-04 12:54:41,3.47,0,0
2026-09-04 12:54:41,16.08,0,0
2026-09-04 12:54:41,4.92,0,0
2026-09-04 12:54:41,3.63,0,0
2026-09-04 12:54:41,4.45,0,0
2026-09-04 12:54:41,3.51,0,0
2026-09-04 12:54:41,31.27,0,0
2026-09-04 12:54:42,32.9,0,0
2026-09-04 12:54:42,3.34,0,0
2026-09-04 12:54:42,3.94,0,0
2026-09-04 12:54:42,3.48,0,0
2026-09-04 12:54:42,4.02,0,0
2026-09-04 12:54:42,10.61,0,0
2026-09-04 12:54:42,14.08,0,0
2026-09-04 12:54:42,3.55,0,0
2026-09-04 12:54:42,3.94,0,0
2026-09-04 12:54:43,3.95,0,0
2026-09-04 12:54:43,3.45,0,0
2026-09-04 12:54:43,16.01,0,0
2026-09-04 12:54:43,3.62,0,0
2026-09-04 12:54:43,2.69,0,0
2026-09-04 12:54:43,7.77,0,0
2026-09-04 12:54:43,9.55,0,0
2026-09-04 12:54:43,31.71,0,0
2026-09-04 12:54:44,15.43,0,0
2026-09-04 12:54:44,4.4,0,0
2026-09-04 12:54:44,15.65,0,0
2026-09-04 12:54:44,14.87,0,0
2026-09-04 12:54:44,15.54,0,0
2026-09-04 12:54:44,4.61,0,0
2026-09-04 12:54:44,5.72,0,0
2026-09-04 12:54:44,4.26,0,0
2026-09-04 12:54:44,5.02,0,0
2026-09-04 12:54:45,15.52,0,0
2026-09-04 12:54:45,16.76,0,0
2026-09-04 12:54:45,16.98,0,0
2026-09-04 12:54:45,3.15,0,0
2026-09-04 12:54:45,31.5,0,0
2026-09-04 12:54:45,28.92,0,0
2026-09-04 12:54:45,30.13,0,0
2026-09-04 12:54:45,4.42,0,0
2026-09-04 12:54:46,3.03,0,0
2026-09-04 12:54:46,31.2,0,0
2026-09-04 12:54:46,15.77,0,0
2026-09-04 12:54:46,17.33,0,0
2026-09-04 12:54:46,15.45,0,0
2026-09-04 12:54:46,31.29,0,0
2026-09-04 12:54:46,15.53,0,0
2026-09-04 12:54:46,30.8,0,0
2026-09-04 12:54:47,15.09,0,0
2026-09-04 12:54:47,16.76,0,0
2026-09-04 12:54:47,15.71,0,0
2026-09-04 12:54:47,30.99,0,0
2026-09-04 12:54:47,4.69,0,0
2026-09-04 12:54:47,16.06,0,0
2026-09-04 12:54:47,15.62,0,0
2026-09-04 12:54:47,24.97,0,0
2026-09-04 12:54:48,15.05,0,0
2026-09-04 12:54:48,16.15,0,0
2026-09-04 12:54:48,15.55,0,0
2026-09-04 12:54:48,3.39,0,0
2026-09-04 12:54:48,15.41,0,0
2026-09-04 12:54:48,31.64,0,0
2026-09-04 12:54:48,15.63,0,0
2026-09-04 12:54:48,15.76,0,0
2026-09-04 12:54:49,15.43,0,0
2026-09-04 12:54:49,30.85,0,0
2026-09-04 12:54:49,33.75,0,0
2026-09-04 12:54:49,15.21,0,0
2026-09-04 12:54:49,4.13,0,0
2026-09-04 12:54:49,31.13,0,0
2026-09-04 12:54:49,31.09,0,0
2026-09-04 12:54:49,16.69,0,0
2026-09-04 12:54:50,32.39,0,0
2026-09-04 12:54:50,16.68,0,0
2026-09-04 12:54:50,30.8,0,0
2026-09-04 12:54:50,17.33,0,0
2026-09-04 12:54:50,16.74,0,0
2026-09-04 12:54:50,15.72,0,0
2026-09-04 12:54:50,31.14,0,0
2026-09-04 12:54:51,31.34,0,0
2026-09-04 12:54:51,30.66,0,0
2026-09-04 12:54:51,16.45,0,0
2026-09-04 12:54:51,31.96,0,0
2026-09-04 12:54:51,30.63,0,0
2026-09-04 12:54:51,31.37,0,0
2026-09-04 12:54:51,31.62,0,0
2026-09-04 12:54:52,30.77,0,0
2026-09-04 12:54:52,4.33,0,0
2026-09-04 12:54:52,15.15,0,0
2026-09-04 12:54:52,32.53,0,0
2026-09-04 12:54:52,30.59,0,0
2026-09-04 12:54:52,31.1,0,0
2026-09-04 12:54:52,30.9,0,0
2026-09-04 12:54:52,30.78,0,0
2026-09-04 12:54:53,7.6,0,0
2026-09-04 12:55:13,5000,1,0
2026-09-04 12:55:14,5000,1,0
2026-09-04 12:55:15,5000,1,0
2026-09-04 12:55:16,701.29,0,0
2026-09-04 12:55:16,5.62,0,0
2026-09-04 12:55:16,4.12,0,0
2026-09-04 12:55:16,3.42,0,0
2026-09-04 12:55:16,4.14,0,0
2026-09-04 12:55:17,3.13,0,0
2026-09-04 12:55:17,4.45,0,0
2026-09-04 12:55:17,3.71,0,0
2026-09-04 12:55:17,3.48,0,0
2026-09-04 12:55:17,2.72,0,0
2026-09-04 12:55:17,2.92,0,0
2026-09-04 12:55:17,3.47,0,0
2026-09-04 12:55:17,4.61,0,0
2026-09-04 12:55:17,3.08,0,0
2026-09-04 12:55:17,3.21,0,0
2026-09-04 12:55:18,3.13,0,0
2026-09-04 12:55:18,4.01,0,0
2026-09-04 12:55:18,3.29,0,0
2026-09-04 12:55:18,3.81,0,0
2026-09-04 12:55:18,3.5,0,0
2026-09-04 12:55:18,3.84,0,0
2026-09-04 12:55:18,3.0,0,0
2026-09-04 12:55:18,3.69,0,0
2026-09-04 12:55:18,3.25,0,0
2026-09-04 12:55:19,4.85,0,0
2026-09-04 12:55:19,3.39,0,0
2026-09-04 12:55:19,3.95,0,0
2026-09-04 12:55:19,4.19,0,0
2026-09-04 12:55:19,5.16,0,0
2026-09-04 12:55:19,3.94,0,0
2026-09-04 12:55:19,5.16,0,0
2026-09-04 12:55:19,4.1,0,0
2026-09-04 12:55:19,4.0,0,0
2026-09-04 12:55:19,4.04,0,0
2026-09-04 12:55:20,3.11,0,0
2026-09-04 12:55:20,3.18,0,0
2026-09-04 12:55:20,3.69,0,0
2026-09-04 12:55:20,7.01,0,0
2026-09-04 12:55:20,4.21,0,0
2026-09-04 12:55:20,4.64,0,0
2026-09-04 12:55:20,3.94,0,0
2026-09-04 12:55:20,3.3,0,0
2026-09-04 12:55:20,6.95,0,0
2026-09-04 12:55:21,3.83,0,0
2026-09-04 12:55:21,4.27,0,0
2026-09-04 12:55:21,3.74,0,0
2026-09-04 12:55:21,4.83,0,0
2026-09-04 12:55:21,2.96,0,0
2026-09-04 12:55:21,4.18,0,0
2026-09-04 12:55:21,3.3,0,0
2026-09-04 12:55:21,3.54,0,0
2026-09-04 12:55:21,2.62,0,0
2026-09-04 12:55:21,4.37,0,0
2026-09-04 12:55:22,3.58,0,0
2026-09-04 12:55:22,3.45,0,0
2026-09-04 12:55:22,4.47,0,0
2026-09-04 12:55:22,4.11,0,0
2026-09-04 12:55:22,4.08,0,0
2026-09-04 12:55:22,3.85,0,0
2026-09-04 12:55:22,4.23,0,0
2026-09-04 12:55:22,3.76,0,0
2026-09-04 12:55:22,4.89,0,0
2026-09-04 12:55:23,4.73,0,0
2026-09-04 12:55:23,3.7,0,0
2026-09-04 12:55:23,3.34,0,0
2026-09-04 12:55:23,3.66,0,0
2026-09-04 12:55:23,3.31,0,0
2026-09-04 12:55:23,3.41,0,0
2026-09-04 12:55:23,3.49,0,0
2026-09-04 12:55:23,3.48,0,0
2026-09-04 12:55:23,2.55,0,0
2026-09-04 12:55:23,4.19,0,0
2026-09-04 12:55:24,3.97,0,0
2026-09-04 12:55:24,3.65,0,0
2026-09-04 12:55:24,3.23,0,0
2026-09-04 12:55:24,4.37,0,0
2026-09-04 12:55:24,4.03,0,0
2026-09-04 12:55:24,3.41,0,0
2026-09-04 12:55:24,3.78,0,0
2026-09-04 12:55:24,4.24,0,0
2026-09-04 12:55:24,4.44,0,0
2026-09-04 12:55:25,4.1,0,0
2026-09-04 12:55:25,4.1,0,0
2026-09-04 12:55:25,2.9,0,0
2026-09-04 12:55:25,4.29,0,0
2026-09-04 12:55:25,4.51,0,0
2026-09-04 12:55:25,2.77,0,0
2026-09-04 12:55:25,4.2,0,0
2026-09-04 12:55:25,3.32,0,0
2026-09-04 12:55:25,3.46,0,0
2026-09-04 12:55:25,3.36,0,0
2026-09-04 12:55:26,3.55,0,0
2026-09-04 12:55:26,3.7,0,0
2026-09-04 12:55:26,3.36,0,0
2026-09-04 12:55:26,5.03,0,0
2026-09-04 12:55:26,3.32,0,0
2026-09-04 12:55:26,4.51,0,0
2026-09-04 12:55:26,3.86,0,0
2026-09-04 12:55:26,3.53,0,0
2026-09-04 12:55:26,3.92,0,0
2026-09-04 12:55:27,3.92,0,0
2026-09-04 12:55:27,3.83,0,0
2026-09-04 12:55:27,2.81,0,0
2026-09-04 12:55:27,3.7,0,0
2026-09-04 12:55:27,4.19,0,0
2026-09-04 12:55:27,4.5,0,0
2026-09-04 12:55:27,4.27,0,0
2026-09-04 12:55:27,3.74,0,0
2026-09-04 12:55:27,3.98,0,0
2026-09-04 12:55:27,5.4,0,0
2026-09-04 12:55:28,3.79,0,0
2026-09-04 12:55:28,2.93,0,0
2026-09-04 12:55:28,3.47,0,0
2026-09-04 12:55:28,4.49,0,0
2026-09-04 12:55:28,3.35,0,0
2026-09-04 12:55:28,3.08,0,0
2026-09-04 12:55:28,4.42,0,0
2026-09-04 12:55:28,3.44,0,0
2026-09-04 12:55:28,3.18,0,0
2026-09-04 12:55:29,3.44,0,0
2026-09-04 12:55:29,2.56,0,0
2026-09-04 12:55:29,3.21,0,0
2026-09-04 12:55:29,3.51,0,0
2026-09-04 12:55:29,3.13,0,0
2026-09-04 12:55:29,3.85,0,0
2026-09-04 12:55:29,3.63,0,0
2026-09-04 12:55:29,2.94,0,0
2026-09-04 12:55:29,3.41,0,0
2026-09-04 12:55:29,3.47,0,0
2026-09-04 12:55:30,3.66,0,0
2026-09-04 12:55:30,4.48,0,0
2026-09-04 12:55:30,3.21,0,0
2026-09-04 12:55:30,3.0,0,0
2026-09-04 12:55:30,3.0,0,0
2026-09-04 12:55:30,3.06,0,0
2026-09-04 12:55:30,2.82,0,0
2026-09-04 12:55:30,3.08,0,0
2026-09-04 12:55:30,3.26,0,0
2026-09-04 12:55:30,3.17,0,0
2026-09-04 12:55:31,2.52,0,0
2026-09-04 12:55:31,3.01,0,0
2026-09-04 12:55:31,3.04,0,0
2026-09-04 12:55:31,3.09,0,0
2026-09-04 12:55:31,3.91,0,0
2026-09-04 12:55:31,3.92,0,0
2026-09-04 12:55:31,3.24,0,0
2026-09-04 12:55:31,3.55,0,0
2026-09-04 12:55:31,4.26,0,0
2026-09-04 12:55:32,4.35,0,0
2026-09-04 12:55:32,2.91,0,0
2026-09-04 12:55:32,3.04,0,0
2026-09-04 12:55:32,3.02,0,0
2026-09-04 12:55:32,4.74,0,0
2026-09-04 12:55:32,3.86,0,0
2026-09-04 12:55:32,2.66,0,0
2026-09-04 12:55:32,3.48,0,0
2026-09-04 12:55:32,3.36,0,0
2026-09-04 12:55:32,4.0,0,0
2026-09-04 12:55:33,3.21,0,0
2026-09-04 12:55:33,3.83,0,0
2026-09-04 12:55:33,2.99,0,0
2026-09-04 12:55:33,4.1,0,0
2026-09-04 12:55:33,3.42,0,0
2026-09-04 12:55:33,3.75,0,0
2026-09-04 12:55:33,4.15,0,0
2026-09-04 12:55:33,3.22,0,0
2026-09-04 12:55:33,3.62,0,0
2026-09-04 12:55:34,2.87,0,0
2026-09-04 12:55:34,3.67,0,0
2026-09-04 12:55:34,4.44,0,0
2026-09-04 12:55:34,2.97,0,0
2026-09-04 12:55:34,4.45,0,0
2026-09-04 12:55:34,3.1,0,0
2026-09-04 12:55:34,4.04,0,0
2026-09-04 12:55:34,3.96,0,0
2026-09-04 12:55:34,4.29,0,0
2026-09-04 12:55:34,3.3,0,0
2026-09-04 12:55:35,3.18,0,0
2026-09-04 12:55:35,2.5,0,0
2026-09-04 12:55:35,3.98,0,0
2026-09-04 12:55:35,3.47,0,0
2026-09-04 12:55:35,3.48,0,0
2026-09-04 12:55:35,2.52,0,0
2026-09-04 12:55:35,2.9,0,0
2026-09-04 12:55:35,3.61,0,0
2026-09-04 12:55:35,4.26,0,0
2026-09-04 12:55:36,2.85,0,0
2026-09-04 12:55:36,3.03,0,0
2026-09-04 12:55:36,3.0,0,0
2026-09-04 12:55:36,3.43,0,0
2026-09-04 12:55:36,3.17,0,0
2026-09-04 12:55:36,3.42,0,0
2026-09-04 12:55:36,2.73,0,0
2026-09-04 12:55:36,2.91,0,0
2026-09-04 12:55:36,3.12,0,0
2026-09-04 12:55:36,3.77,0,0
2026-09-04 12:55:37,3.08,0,0
2026-09-04 12:55:37,3.29,0,0
2026-09-04 12:55:37,3.5,0,0
2026-09-04 12:55:37,3.13,0,0
2026-09-04 12:55:37,3.28,0,0
2026-09-04 12:55:37,3.71,0,0
2026-09-04 12:55:37,3.65,0,0
2026-09-04 12:55:37,3.06,0,0
2026-09-04 12:55:37,3.33,0,0
2026-09-04 12:55:37,3.72,0,0
2026-09-04 12:55:38,3.8,0,0
2026-09-04 12:55:38,3.46,0,0
2026-09-04 12:55:38,3.73,0,0
2026-09-04 12:55:38,3.65,0,0
2026-09-04 12:55:38,3.09,0,0
2026-09-04 12:55:38,4.55,0,0
2026-09-04 12:55:38,4.16,0,0
2026-09-04 12:55:38,4.95,0,0
2026-09-04 12:55:38,3.28,0,0
2026-09-04 12:55:39,2.86,0,0
2026-09-04 12:55:39,4.13,0,0
2026-09-04 12:55:39,4.18,0,0
2026-09-04 12:55:39,3.45,0,0
2026-09-04 12:55:39,4.85,0,0
2026-09-04 12:55:39,3.28,0,0
2026-09-04 12:55:39,3.16,0,0
2026-09-04 12:55:39,3.51,0,0
2026-09-04 12:55:39,3.72,0,0
2026-09-04 12:55:39,3.53,0,0
2026-09-04 12:55:40,3.51,0,0
2026-09-04 12:55:40,3.23,0,0
2026-09-04 12:55:40,3.47,0,0
2026-09-04 12:55:40,4.39,0,0
2026-09-04 12:55:40,3.91,0,0
2026-09-04 12:55:40,2.49,0,0
2026-09-04 12:55:40,3.09,0,0
2026-09-04 12:55:40,2.91,0,0
2026-09-04 12:55:40,3.22,0,0
2026-09-04 12:55:41,2.96,0,0
2026-09-04 12:55:41,3.31,0,0
2026-09-04 12:55:41,3.72,0,0
2026-09-04 12:55:41,3.1,0,0
2026-09-04 12:55:41,2.97,0,0
2026-09-04 12:55:41,3.8,0,0
2026-09-04 12:55:41,2.83,0,0
2026-09-04 12:55:41,4.45,0,0
2026-09-04 12:55:41,3.24,0,0
2026-09-04 12:55:41,4.08,0,0
2026-09-04 12:55:42,3.34,0,0
2026-09-04 12:55:42,3.57,0,0
2026-09-04 12:55:42,3.06,0,0
2026-09-04 12:55:42,3.62,0,0
2026-09-04 12:55:42,3.86,0,0
2026-09-04 12:55:42,3.04,0,0
2026-09-04 12:55:42,4.18,0,0
2026-09-04 12:55:42,3.27,0,0
2026-09-04 12:55:42,3.02,0,0
2026-09-04 12:55:43,3.1,0,0
2026-09-04 12:55:43,3.34,0,0
2026-09-04 12:56:13,555.23,0,0
2026-09-04 12:56:13,2.7,0,0
2026-09-04 12:56:13,3.78,0,0
2026-09-04 12:56:13,3.05,0,0
2026-09-04 12:56:13,3.03,0,0
2026-09-04 12:56:14,3.43,0,0
2026-09-04 12:56:14,4.65,0,0
2026-09-04 12:56:14,4.48,0,0
2026-09-04 12:56:14,3.33,0,0
2026-09-04 12:56:14,3.1,0,0
2026-09-04 12:56:14,3.27,0,0
2026-09-04 12:56:14,3.34,0,0
2026-09-04 12:56:14,2.59,0,0
2026-09-04 12:56:14,3.91,0,0
2026-09-04 12:56:14,5.01,0,0
2026-09-04 12:56:15,5.56,0,0
2026-09-04 12:56:15,3.49,0,0
2026-09-04 12:56:15,3.18,0,0
2026-09-04 12:56:15,2.95,0,0
2026-09-04 12:56:15,3.38,0,0
2026-09-04 12:56:15,3.34,0,0
2026-09-04 12:56:15,3.51,0,0
2026-09-04 12:56:15,3.74,0,0
2026-09-04 12:56:15,3.18,0,0
2026-09-04 12:56:16,3.32,0,0
2026-09-04 12:56:16,3.47,0,0
2026-09-04 12:56:16,2.94,0,0
2026-09-04 12:56:16,3.04,0,0
2026-09-04 12:56:16,3.36,0,0
2026-09-04 12:56:16,4.03,0,0
2026-09-04 12:56:16,3.65,0,0
2026-09-04 12:56:16,3.31,0,0
2026-09-04 12:56:16,3.02,0,0
2026-09-04 12:56:16,3.43,0,0
2026-09-04 12:56:17,4.75,0,0
2026-09-04 12:56:17,3.37,0,0
2026-09-04 12:56:17,4.7,0,0
2026-09-04 12:56:17,3.69,0,0
2026-09-04 12:56:17,3.09,0,0
2026-09-04 12:56:17,2.68,0,0
2026-09-04 12:56:17,3.49,0,0
2026-09-04 12:56:17,4.82,0,0
2026-09-04 12:56:17,4.75,0,0
2026-09-04 12:56:18,4.23,0,0
2026-09-04 12:56:18,3.01,0,0
2026-09-04 12:56:18,3.04,0,0
2026-09-04 12:56:18,4.46,0,0
2026-09-04 12:56:18,4.33,0,0
2026-09-04 12:56:18,3.5,0,0
2026-09-04 12:56:18,3.15,0,0
2026-09-04 12:56:18,3.98,0,0
2026-09-04 12:56:18,3.3,0,0
2026-09-04 12:56:18,3.82,0,0
2026-09-04 12:56:19,6.82,0,0
2026-09-04 12:56:19,3.44,0,0
2026-09-04 12:56:19,3.93,0,0
2026-09-04 12:56:19,3.93,0,0
2026-09-04 12:56:19,2.93,0,0
2026-09-04 12:56:19,3.11,0,0
2026-09-04 12:56:19,4.18,0,0
2026-09-04 12:56:19,4.24,0,0
2026-09-04 12:56:19,3.11,0,0
2026-09-04 12:56:20,3.57,0,0
2026-09-04 12:56:20,3.75,0,0
2026-09-04 12:56:20,3.4,0,0
2026-09-04 12:56:20,3.67,0,0
2026-09-04 12:56:20,3.95,0,0
2026-09-04 12:56:20,3.03,0,0
2026-09-04 12:56:20,3.57,0,0
2026-09-04 12:56:20,3.8,0,0
2026-09-04 12:56:20,3.5,0,0
2026-09-04 12:56:20,3.42,0,0
2026-09-04 12:56:21,4.09,0,0
2026-09-04 12:56:21,2.98,0,0
2026-09-04 12:56:21,3.55,0,0
2026-09-04 12:56:21,3.2,0,0
2026-09-04 12:56:21,3.06,0,0
2026-09-04 12:56:21,4.58,0,0
2026-09-04 12:56:21,2.96,0,0
2026-09-04 12:56:21,3.71,0,0
2026-09-04 12:56:21,3.56,0,0
2026-09-04 12:56:22,3.6,0,0
2026-09-04 12:56:22,31.51,0,0
2026-09-04 12:56:22,31.19,0,0
2026-09-04 12:56:22,30.84,0,0
2026-09-04 12:56:22,30.33,0,0
2026-09-04 12:56:22,31.9,0,0
2026-09-04 12:56:22,31.61,0,0
2026-09-04 12:56:22,14.65,0,0
2026-09-04 12:56:23,15.41,0,0
2026-09-04 12:56:23,30.66,0,0
2026-09-04 12:56:23,31.11,0,0
2026-09-04 12:56:23,31.54,0,0
2026-09-04 12:56:23,31.06,0,0
2026-09-04 12:56:23,27.02,0,0
2026-09-04 12:56:23,25.52,0,0
2026-09-04 12:56:24,30.43,0,0
2026-09-04 12:56:24,31.24,0,0
2026-09-04 12:56:24,20.9,0,0
2026-09-04 12:56:24,31.47,0,0
2026-09-04 12:56:24,30.26,0,0
2026-09-04 12:56:24,33.0,0,0
2026-09-04 12:56:24,31.44,0,0
2026-09-04 12:56:25,31.12,0,0
2026-09-04 12:56:25,24.58,0,0
2026-09-04 12:56:25,15.33,0,0
2026-09-04 12:56:25,30.37,0,0
2026-09-04 12:56:25,30.57,0,0
2026-09-04 12:56:25,31.89,0,0
2026-09-04 12:56:25,31.01,0,0
2026-09-04 12:56:25,31.98,0,0
2026-09-04 12:56:26,32.19,0,0
2026-09-04 12:56:26,31.27,0,0
2026-09-04 12:56:26,14.63,0,0
2026-09-04 12:56:26,31.26,0,0
2026-09-04 12:56:26,32.14,0,0
2026-09-04 12:56:26,30.68,0,0
2026-09-04 12:56:26,31.85,0,0
2026-09-04 12:56:27,6.66,0,0
2026-09-04 12:56:27,16.57,0,0
2026-09-04 12:56:27,15.33,0,0
2026-09-04 12:56:27,15.26,0,0
2026-09-04 12:56:27,30.73,0,0
2026-09-04 12:56:27,14.98,0,0
2026-09-04 12:56:27,16.25,0,0
2026-09-04 12:56:27,31.91,0,0
2026-09-04 12:56:28,30.47,0,0
2026-09-04 12:56:28,30.8,0,0
2026-09-04 12:56:28,32.3,0,0
2026-09-04 12:56:28,29.95,0,0
2026-09-04 12:56:28,14.7,0,0
2026-09-04 12:56:28,32.64,0,0
2026-09-04 12:56:28,31.76,0,0
2026-09-04 12:56:29,16.18,0,0
2026-09-04 12:56:29,3.23,0,0
2026-09-04 12:56:29,32.15,0,0
2026-09-04 12:56:29,3.25,0,0
2026-09-04 12:56:29,33.79,0,0
2026-09-04 12:56:29,5.31,0,0
2026-09-04 12:56:29,15.83,0,0
2026-09-04 12:56:29,31.37,0,0
2026-09-04 12:56:30,31.93,0,0
2026-09-04 12:56:30,13.78,0,0
2026-09-04 12:56:30,31.41,0,0
2026-09-04 12:56:30,31.09,0,0
2026-09-04 12:56:30,5.27,0,0
2026-09-04 12:56:30,5.4,0,0
2026-09-04 12:56:30,11.12,0,0
2026-09-04 12:56:30,3.04,0,0
2026-09-04 12:56:30,28.36,0,0
2026-09-04 12:56:31,5.92,0,0
2026-09-04 12:56:31,16.73,0,0
2026-09-04 12:56:31,5.12,0,0
2026-09-04 12:56:31,5.64,0,0
2026-09-04 12:56:31,31.57,0,0
2026-09-04 12:56:31,4.23,0,0
2026-09-04 12:56:31,16.62,0,0
2026-09-04 12:56:31,15.71,0,0
2026-09-04 12:56:32,5.05,0,0
2026-09-04 12:56:32,15.61,0,0
2026-09-04 12:56:32,5.6,0,0
2026-09-04 12:56:32,5.04,0,0
2026-09-04 12:56:32,5.94,0,0
2026-09-04 12:56:32,32.84,0,0
2026-09-04 12:56:32,5.77,0,0
2026-09-04 12:56:32,3.76,0,0
2026-09-04 12:56:32,5.58,0,0
2026-09-04 12:56:33,4.12,0,0
2026-09-04 12:56:33,3.04,0,0
2026-09-04 12:56:33,30.99,0,0
2026-09-04 12:56:33,4.76,0,0
2026-09-04 12:56:33,15.6,0,0
2026-09-04 12:56:33,31.86,0,0
2026-09-04 12:56:33,31.74,0,0
2026-09-04 12:56:33,31.7,0,0
2026-09-04 12:56:34,31.86,0,0
2026-09-04 12:56:34,32.12,0,0
2026-09-04 12:56:34,31.31,0,0
2026-09-04 12:56:34,4.82,0,0
2026-09-04 12:56:34,31.11,0,0
2026-09-04 12:56:34,31.5,0,0
2026-09-04 12:56:34,31.91,0,0
2026-09-04 12:56:35,30.76,0,0
2026-09-04 12:56:35,31.9,0,0
2026-09-04 12:56:35,31.8,0,0
2026-09-04 12:56:35,15.33,0,0
2026-09-04 12:56:35,31.9,0,0
2026-09-04 12:56:35,8.43,0,0
2026-09-04 12:56:35,20.68,0,0
2026-09-04 12:56:35,15.7,0,0
2026-09-04 12:56:36,16.5,0,0
2026-09-04 12:56:36,5.87,0,0
2026-09-04 12:56:36,15.06,0,0
2026-09-04 12:56:36,31.71,0,0
2026-09-04 12:56:36,6.26,0,0
2026-09-04 12:56:36,30.29,0,0
2026-09-04 12:56:36,15.08,0,0
2026-09-04 12:56:36,16.38,0,0
2026-09-04 12:56:37,15.63,0,0
2026-09-04 12:56:37,4.85,0,0
2026-09-04 12:56:37,3.82,0,0
2026-09-04 12:56:37,5.4,0,0
2026-09-04 12:56:37,15.76,0,0
2026-09-04 12:56:37,5.49,0,0
2026-09-04 12:56:37,13.88,0,0
2026-09-04 12:56:37,15.39,0,0
2026-09-04 12:56:38,14.72,0,0
2026-09-04 12:56:38,16.52,0,0
2026-09-04 12:56:38,14.84,0,0
2026-09-04 12:56:38,15.99,0,0
2026-09-04 12:56:38,15.84,0,0
2026-09-04 12:56:38,15.91,0,0
2026-09-04 12:56:38,15.82,0,0
2026-09-04 12:56:38,16.26,0,0
2026-09-04 12:56:39,3.59,0,0
2026-09-04 12:56:39,16.21,0,0
2026-09-04 12:56:39,6.44,0,0
2026-09-04 12:56:39,4.08,0,0
2026-09-04 12:56:39,5.26,0,0
2026-09-04 12:56:39,32.44,0,0
2026-09-04 12:56:39,15.61,0,0
2026-09-04 12:56:39,15.07,0,0
2026-09-04 12:56:39,5.2,0,0
2026-09-04 12:56:40,15.5,0,0
2026-09-04 12:56:40,16.3,0,0
2026-09-04 12:56:40,5.84,0,0
2026-09-04 12:56:40,15.19,0,0
2026-09-04 12:56:40,3.8,0,0
2026-09-04 12:56:40,15.1,0,0
2026-09-04 12:56:40,4.5,0,0
2026-09-04 12:56:40,18.17,0,0
2026-09-04 12:56:41,16.4,0,0
2026-09-04 12:56:41,14.72,0,0
2026-09-04 12:56:41,15.55,0,0
2026-09-04 12:56:41,11.78,0,0
2026-09-04 12:56:41,6.15,0,0
2026-09-04 12:56:41,14.38,0,0
2026-09-04 12:56:41,3.34,0,0
2026-09-04 12:56:41,14.8,0,0
2026-09-04 12:56:41,16.26,0,0
2026-09-04 12:56:42,2.65,0,0
2026-09-04 12:56:42,14.61,0,0
2026-09-04 12:56:42,15.77,0,0
2026-09-04 12:56:42,4.33,0,0
2026-09-04 12:56:42,4.99,0,0
2026-09-04 12:56:42,15.34,0,0
2026-09-04 12:56:42,6.24,0,0
2026-09-04 12:56:42,15.62,0,0
2026-09-04 12:56:43,6.61,0,0
2026-09-04 12:56:43,15.21,0,0
2026-09-04 12:57:13,0.56,0,0
2026-09-04 12:57:13,3.68,0,0
2026-09-04 12:57:13,3.08,0,0
2026-09-04 12:57:13,3.45,0,0
2026-09-04 12:57:13,10.15,0,0
2026-09-04 12:57:13,32.14,0,0
2026-09-04 12:57:13,31.31,0,0
2026-09-04 12:57:14,15.02,0,0
2026-09-04 12:57:14,32.13,0,0
2026-09-04 12:57:14,32.81,0,0
2026-09-04 12:57:14,3.23,0,0
2026-09-04 12:57:14,3.15,0,0
2026-09-04 12:57:14,3.48,0,0
2026-09-04 12:57:14,3.66,0,0
2026-09-04 12:57:14,3.82,0,0
2026-09-04 12:57:14,2.87,0,0
2026-09-04 12:57:15,3.62,0,0
2026-09-04 12:57:15,3.3,0,0
2026-09-04 12:57:15,3.32,0,0
2026-09-04 12:57:15,3.68,0,0
2026-09-04 12:57:15,3.2,0,0
2026-09-04 12:57:15,3.13,0,0
2026-09-04 12:57:15,3.04,0,0
2026-09-04 12:57:15,3.68,0,0
2026-09-04 12:57:15,3.11,0,0
2026-09-04 12:57:16,2.31,0,0
2026-09-04 12:57:16,3.86,0,0
2026-09-04 12:57:16,3.1,0,0
2026-09-04 12:57:16,4.36,0,0
2026-09-04 12:57:16,3.49,0,0
2026-09-04 12:57:16,2.84,0,0
2026-09-04 12:57:16,3.18,0,0
2026-09-04 12:57:16,5.28,0,0
2026-09-04 12:57:16,2.71,0,0
2026-09-04 12:57:16,2.93,0,0
2026-09-04 12:57:17,3.37,0,0
2026-09-04 12:57:17,3.69,0,0
2026-09-04 12:57:17,3.17,0,0
2026-09-04 12:57:17,3.66,0,0
2026-09-04 12:57:17,3.68,0,0
2026-09-04 12:57:17,3.62,0,0
2026-09-04 12:57:17,3.63,0,0
2026-09-04 12:57:17,3.14,0,0
2026-09-04 12:57:17,4.25,0,0
2026-09-04 12:57:18,3.03,0,0
2026-09-04 12:57:18,2.96,0,0
2026-09-04 12:57:18,3.65,0,0
2026-09-04 12:57:18,3.48,0,0
2026-09-04 12:57:18,2.49,0,0
2026-09-04 12:57:18,3.96,0,0
2026-09-04 12:57:18,3.47,0,0
2026-09-04 12:57:18,3.49,0,0
2026-09-04 12:57:18,2.96,0,0
2026-09-04 12:57:18,2.69,0,0
2026-09-04 12:57:19,3.04,0,0
2026-09-04 12:57:19,2.94,0,0
2026-09-04 12:57:19,4.36,0,0
2026-09-04 12:57:19,3.66,0,0
2026-09-04 12:57:19,3.44,0,0
2026-09-04 12:57:19,3.83,0,0
2026-09-04 12:57:19,3.45,0,0
2026-09-04 12:57:19,3.35,0,0
2026-09-04 12:57:19,3.73,0,0
2026-09-04 12:57:20,3.75,0,0
2026-09-04 12:57:20,4.23,0,0
2026-09-04 12:57:20,3.28,0,0
2026-09-04 12:57:20,3.71,0,0
2026-09-04 12:57:20,3.55,0,0
2026-09-04 12:57:20,3.04,0,0
2026-09-04 12:57:20,4.03,0,0
2026-09-04 12:57:20,3.72,0,0
2026-09-04 12:57:20,3.37,0,0
2026-09-04 12:57:20,4.02,0,0
2026-09-04 12:57:21,2.39,0,0
2026-09-04 12:57:21,3.59,0,0
2026-09-04 12:57:21,3.24,0,0
2026-09-04 12:57:21,2.97,0,0
2026-09-04 12:57:21,4.06,0,0
2026-09-04 12:57:21,3.6,0,0
2026-09-04 12:57:21,3.25,0,0
2026-09-04 12:57:21,2.5,0,0
2026-09-04 12:57:21,4.03,0,0
2026-09-04 12:57:21,4.06,0,0
2026-09-04 12:57:22,3.0,0,0
2026-09-04 12:57:22,3.61,0,0
2026-09-04 12:57:22,3.55,0,0
2026-09-04 12:57:22,4.1,0,0
2026-09-04 12:57:22,4.79,0,0
2026-09-04 12:57:22,3.01,0,0
2026-09-04 12:57:22,4.85,0,0
2026-09-04 12:57:22,3.87,0,0
2026-09-04 12:57:22,3.8,0,0
2026-09-04 12:57:23,4.2,0,0
2026-09-04 12:57:23,3.63,0,0
2026-09-04 12:57:23,2.96,0,0
2026-09-04 12:57:23,3.25,0,0
2026-09-04 12:57:23,4.5,0,0
2026-09-04 12:57:23,3.67,0,0
2026-09-04 12:57:23,3.07,0,0
2026-09-04 12:57:23,4.51,0,0
2026-09-04 12:57:23,3.84,0,0
2026-09-04 12:57:23,3.08,0,0
2026-09-04 12:57:24,3.37,0,0
2026-09-04 12:57:24,3.04,0,0
2026-09-04 12:57:24,2.83,0,0
2026-09-04 12:57:24,3.95,0,0
2026-09-04 12:57:24,3.23,0,0
2026-09-04 12:57:24,2.99,0,0
2026-09-04 12:57:24,4.34,0,0
2026-09-04 12:57:24,3.96,0,0
2026-09-04 12:57:24,2.64,0,0
2026-09-04 12:57:25,3.63,0,0
2026-09-04 12:57:25,3.95,0,0
2026-09-04 12:57:25,3.86,0,0
2026-09-04 12:57:25,3.0,0,0
2026-09-04 12:57:25,3.11,0,0
2026-09-04 12:57:25,3.46,0,0
2026-09-04 12:57:25,3.29,0,0
2026-09-04 12:57:25,2.75,0,0
2026-09-04 12:57:25,3.07,0,0
2026-09-04 12:57:25,3.52,0,0
2026-09-04 12:57:26,3.57,0,0
2026-09-04 12:57:26,3.21,0,0
2026-09-04 12:57:26,3.42,0,0
2026-09-04 12:57:26,2.5,0,0
2026-09-04 12:57:26,2.95,0,0
2026-09-04 12:57:26,2.78,0,0
2026-09-04 12:57:26,4.31,0,0
2026-09-04 12:57:26,2.88,0,0
2026-09-04 12:57:26,3.74,0,0
2026-09-04 12:57:27,4.54,0,0
2026-09-04 12:57:27,3.4,0,0
2026-09-04 12:57:27,3.13,0,0
2026-09-04 12:57:27,3.18,0,0
2026-09-04 12:57:27,2.75,0,0
2026-09-04 12:57:27,3.98,0,0
2026-09-04 12:57:27,3.93,0,0
2026-09-04 12:57:27,3.24,0,0
2026-09-04 12:57:27,3.16,0,0
2026-09-04 12:57:27,5.74,0,0
2026-09-04 12:57:28,2.66,0,0
2026-09-04 12:57:28,3.74,0,0
2026-09-04 12:57:28,2.87,0,0
2026-09-04 12:57:28,3.19,0,0
2026-09-04 12:57:28,3.43,0,0
2026-09-04 12:57:28,3.1,0,0
2026-09-04 12:57:28,3.42,0,0
2026-09-04 12:57:28,3.43,0,0
2026-09-04 12:57:28,4.34,0,0
2026-09-04 12:57:28,3.72,0,0
2026-09-04 12:57:29,2.5,0,0
2026-09-04 12:57:29,3.19,0,0
2026-09-04 12:57:29,4.06,0,0
2026-09-04 12:57:29,3.37,0,0
2026-09-04 12:57:29,3.4,0,0
2026-09-04 12:57:29,3.25,0,0
2026-09-04 12:57:29,3.61,0,0
2026-09-04 12:57:29,3.14,0,0
2026-09-04 12:57:29,3.22,0,0
2026-09-04 12:57:30,3.14,0,0
2026-09-04 12:57:30,3.96,0,0
2026-09-04 12:57:30,2.82,0,0
2026-09-04 12:57:30,4.35,0,0
2026-09-04 12:57:30,3.66,0,0
2026-09-04 12:57:30,4.04,0,0
2026-09-04 12:57:30,3.88,0,0
2026-09-04 12:57:30,3.31,0,0
2026-09-04 12:57:30,3.1,0,0
2026-09-04 12:57:30,2.7,0,0
2026-09-04 12:57:31,3.84,0,0
2026-09-04 12:57:31,3.97,0,0
2026-09-04 12:57:31,3.64,0,0
2026-09-04 12:57:31,2.26,0,0
2026-09-04 12:57:31,2.39,0,0
2026-09-04 12:57:31,4.17,0,0
2026-09-04 12:57:31,2.81,0,0
2026-09-04 12:57:31,2.77,0,0
2026-09-04 12:57:31,3.88,0,0
2026-09-04 12:57:32,2.75,0,0
2026-09-04 12:57:32,3.21,0,0
2026-09-04 12:57:32,3.52,0,0
2026-09-04 12:57:32,2.97,0,0
2026-09-04 12:57:32,3.31,0,0
2026-09-04 12:57:32,3.75,0,0
2026-09-04 12:57:32,2.74,0,0
2026-09-04 12:57:32,3.6,0,0
2026-09-04 12:57:32,2.71,0,0
2026-09-04 12:57:32,3.14,0,0
2026-09-04 12:57:33,2.63,0,0
2026-09-04 12:57:33,3.25,0,0
2026-09-04 12:57:33,2.67,0,0
2026-09-04 12:57:33,3.43,0,0
2026-09-04 12:57:33,3.3,0,0
2026-09-04 12:57:33,16.11,0,0
2026-09-04 12:57:33,5.7,0,0
2026-09-04 12:57:33,18.84,0,0
2026-09-04 12:57:33,13.01,0,0
2026-09-04 12:57:34,15.72,0,0
2026-09-04 12:57:34,14.8,0,0
2026-09-04 12:57:34,15.7,0,0
2026-09-04 12:57:34,3.87,0,0
2026-09-04 12:57:34,15.06,0,0
2026-09-04 12:57:34,15.3,0,0
2026-09-04 12:57:34,14.46,0,0
2026-09-04 12:57:34,15.56,0,0
2026-09-04 12:57:35,15.14,0,0
2026-09-04 12:57:35,3.56,0,0
2026-09-04 12:57:35,4.77,0,0
2026-09-04 12:57:35,3.95,0,0
2026-09-04 12:57:35,14.41,0,0
2026-09-04 12:57:35,32.32,0,0
2026-09-04 12:57:35,15.16,0,0
2026-09-04 12:57:35,31.96,0,0
2026-09-04 12:57:36,16.17,0,0
2026-09-04 12:57:36,28.04,0,0
2026-09-04 12:57:36,26.4,0,0
2026-09-04 12:57:36,32.55,0,0
2026-09-04 12:57:36,20.95,0,0
2026-09-04 12:57:36,16.54,0,0
2026-09-04 12:57:36,31.18,0,0
2026-09-04 12:57:36,30.83,0,0
2026-09-04 12:57:37,30.69,0,0
2026-09-04 12:57:37,30.49,0,0
2026-09-04 12:57:37,31.92,0,0
2026-09-04 12:57:37,11.41,0,0
2026-09-04 12:57:37,30.95,0,0
2026-09-04 12:57:37,31.73,0,0
2026-09-04 12:57:37,20.0,0,0
2026-09-04 12:57:38,32.24,0,0
2026-09-04 12:57:38,16.12,0,0
2026-09-04 12:57:38,15.56,0,0
2026-09-04 12:57:38,3.97,0,0
2026-09-04 12:57:38,13.11,0,0
2026-09-04 12:57:38,10.1,0,0
2026-09-04 12:57:38,16.25,0,0
2026-09-04 12:57:38,15.78,0,0
2026-09-04 12:57:39,4.86,0,0
2026-09-04 12:57:39,14.13,0,0
2026-09-04 12:57:39,5.52,0,0
2026-09-04 12:57:39,16.05,0,0
2026-09-04 12:57:39,14.7,0,0
2026-09-04 12:57:39,15.31,0,0
2026-09-04 12:57:39,4.95,0,0
2026-09-04 12:57:39,30.78,0,0
2026-09-04 12:57:39,30.61,0,0
2026-09-04 12:57:40,32.53,0,0
2026-09-04 12:57:40,31.15,0,0
2026-09-04 12:57:40,31.64,0,0
2026-09-04 12:57:40,30.34,0,0
2026-09-04 12:57:40,19.65,0,0
2026-09-04 12:57:40,31.78,0,0
2026-09-04 12:57:40,32.24,0,0
2026-09-04 12:57:41,31.2,0,0
2026-09-04 12:57:41,31.34,0,0
2026-09-04 12:57:41,31.25,0,0
2026-09-04 12:57:41,31.83,0,0
2026-09-04 12:57:41,31.9,0,0
2026-09-04 12:57:41,32.46,0,0
2026-09-04 12:57:41,15.09,0,0
2026-09-04 12:57:42,31.47,0,0
2026-09-04 12:57:42,31.29,0,0
2026-09-04 12:57:42,14.44,0,0
2026-09-04 12:57:42,7.27,0,0
2026-09-04 12:57:42,21.77,0,0
2026-09-04 12:57:42,14.39,0,0
2026-09-04 12:57:42,15.96,0,0
2026-09-04 12:57:42,16.08,0,0
2026-09-04 12:57:43,10.19,0,0
2026-09-04 12:57:43,15.23,0,0
2026-09-04 12:58:03,998.1,0,0
2026-09-04 12:58:04,10.07,0,0
2026-09-04 12:58:04,13.97,0,0
2026-09-04 12:58:04,6.22,0,0
2026-09-04 12:58:04,16.33,0,0
2026-09-04 12:58:04,14.89,0,0
2026-09-04 12:58:04,16.15,0,0
2026-09-04 12:58:04,5.61,0,0
2026-09-04 12:58:04,16.07,0,0
2026-09-04 12:58:04,4.33,0,0
2026-09-04 12:58:05,15.6,0,0
2026-09-04 12:58:05,15.82,0,0
2026-09-04 12:58:05,16.81,0,0
2026-09-04 12:58:05,17.1,0,0
2026-09-04 12:58:05,15.31,0,0
2026-09-04 12:58:05,16.11,0,0
2026-09-04 12:58:05,14.72,0,0
2026-09-04 12:58:05,4.45,0,0
2026-09-04 12:58:06,4.52,0,0
2026-09-04 12:58:06,15.75,0,0
2026-09-04 12:58:06,16.45,0,0
2026-09-04 12:58:06,15.22,0,0
2026-09-04 12:58:06,15.85,0,0
2026-09-04 12:58:06,7.13,0,0
2026-09-04 12:58:06,6.92,0,0
2026-09-04 12:58:06,5.04,0,0
2026-09-04 12:58:07,16.24,0,0
2026-09-04 12:58:07,16.24,0,0
2026-09-04 12:58:07,15.9,0,0
2026-09-04 12:58:07,15.79,0,0
2026-09-04 12:58:07,10.36,0,0
2026-09-04 12:58:07,24.28,0,0
2026-09-04 12:58:07,7.18,0,0
2026-09-04 12:58:07,15.06,0,0
2026-09-04 12:58:07,6.56,0,0
2026-09-04 12:58:08,14.1,0,0
2026-09-04 12:58:08,15.4,0,0
2026-09-04 12:58:08,6.66,0,0
2026-09-04 12:58:08,15.13,0,0
2026-09-04 12:58:08,6.7,0,0
2026-09-04 12:58:08,7.52,0,0
2026-09-04 12:58:08,18.14,0,0
2026-09-04 12:58:08,6.0,0,0
2026-09-04 12:58:09,15.47,0,0
2026-09-04 12:58:09,3.81,0,0
2026-09-04 12:58:09,21.19,0,0
2026-09-04 12:58:09,16.14,0,0
2026-09-04 12:58:09,3.62,0,0
2026-09-04 12:58:09,3.58,0,0
2026-09-04 12:58:09,16.19,0,0
2026-09-04 12:58:09,5.22,0,0
2026-09-04 12:58:09,4.24,0,0
2026-09-04 12:58:10,4.28,0,0
2026-09-04 12:58:10,3.52,0,0
2026-09-04 12:58:10,30.8,0,0
2026-09-04 12:58:10,14.44,0,0
2026-09-04 12:58:10,3.8,0,0
2026-09-04 12:58:10,31.98,0,0
2026-09-04 12:58:10,3.58,0,0
2026-09-04 12:58:10,3.4,0,0
2026-09-04 12:58:11,4.99,0,0
2026-09-04 12:58:11,15.38,0,0
2026-09-04 12:58:11,31.8,0,0
2026-09-04 12:58:11,5.65,0,0
2026-09-04 12:58:11,5.4,0,0
2026-09-04 12:58:11,5.91,0,0
2026-09-04 12:58:11,15.55,0,0
2026-09-04 12:58:11,30.38,0,0
2026-09-04 12:58:11,15.89,0,0
2026-09-04 12:58:12,6.51,0,0
2026-09-04 12:58:12,16.18,0,0
2026-09-04 12:58:12,15.61,0,0
2026-09-04 12:58:12,16.13,0,0
2026-09-04 12:58:12,31.68,0,0
2026-09-04 12:58:12,21.29,0,0
2026-09-04 12:58:12,31.0,0,0
2026-09-04 12:58:12,15.39,0,0
2026-09-04 12:58:13,31.63,0,0
2026-09-04 12:58:13,31.32,0,0
2026-09-04 12:58:13,31.25,0,0
2026-09-04 12:58:13,31.84,0,0
2026-09-04 12:58:13,27.61,0,0
2026-09-04 12:58:13,32.01,0,0
2026-09-04 12:58:13,30.94,0,0
2026-09-04 12:58:14,30.71,0,0
2026-09-04 12:58:14,31.14,0,0
2026-09-04 12:58:14,30.81,0,0
2026-09-04 12:58:14,31.01,0,0
2026-09-04 12:58:14,31.09,0,0
2026-09-04 12:58:14,31.21,0,0
2026-09-04 12:58:14,14.87,0,0
2026-09-04 12:58:15,16.06,0,0
2026-09-04 12:58:15,15.59,0,0
2026-09-04 12:58:15,4.71,0,0
2026-09-04 12:58:15,15.93,0,0
2026-09-04 12:58:15,10.18,0,0
2026-09-04 12:58:15,2.85,0,0
2026-09-04 12:58:15,16.39,0,0
2026-09-04 12:58:15,32.04,0,0
2026-09-04 12:58:16,15.01,0,0
2026-09-04 12:58:16,31.38,0,0
2026-09-04 12:58:16,14.92,0,0
2026-09-04 12:58:16,15.32,0,0
2026-09-04 12:58:16,30.19,0,0
2026-09-04 12:58:16,31.13,0,0
2026-09-04 12:58:16,31.05,0,0
2026-09-04 12:58:16,31.42,0,0
2026-09-04 12:58:17,30.53,0,0
2026-09-04 12:58:17,18.37,0,0
2026-09-04 12:58:17,15.79,0,0
2026-09-04 12:58:17,10.44,0,0
2026-09-04 12:58:17,31.73,0,0
2026-09-04 12:58:17,31.8,0,0
2026-09-04 12:58:17,9.36,0,0
2026-09-04 12:58:17,23.24,0,0
2026-09-04 12:58:18,30.24,0,0
2026-09-04 12:58:18,31.18,0,0
2026-09-04 12:58:18,15.33,0,0
2026-09-04 12:58:18,32.33,0,0
2026-09-04 12:58:18,15.86,0,0
2026-09-04 12:58:18,16.12,0,0
2026-09-04 12:58:18,29.8,0,0
2026-09-04 12:58:19,31.14,0,0
2026-09-04 12:58:19,15.72,0,0
2026-09-04 12:58:19,15.2,0,0
2026-09-04 12:58:19,15.39,0,0
2026-09-04 12:58:19,14.65,0,0
2026-09-04 12:58:19,15.42,0,0
2026-09-04 12:58:19,15.54,0,0
2026-09-04 12:58:19,16.07,0,0
2026-09-04 12:58:20,16.16,0,0
2026-09-04 12:58:20,15.45,0,0
2026-09-04 12:58:20,16.05,0,0
2026-09-04 12:58:20,16.26,0,0
2026-09-04 12:58:20,31.13,0,0
2026-09-04 12:58:20,11.6,0,0
2026-09-04 12:58:20,15.6,0,0
2026-09-04 12:58:20,8.64,0,0
2026-09-04 12:58:21,15.63,0,0
2026-09-04 12:58:21,4.0,0,0
2026-09-04 12:58:21,15.45,0,0
2026-09-04 12:58:21,16.11,0,0
2026-09-04 12:58:21,15.45,0,0
2026-09-04 12:58:21,15.91,0,0
2026-09-04 12:58:21,31.85,0,0
2026-09-04 12:58:21,29.96,0,0
2026-09-04 12:58:22,16.36,0,0
2026-09-04 12:58:22,30.58,0,0
2026-09-04 12:58:22,31.74,0,0
2026-09-04 12:58:22,31.75,0,0
2026-09-04 12:58:22,31.95,0,0
2026-09-04 12:58:22,30.77,0,0
2026-09-04 12:58:22,4.65,0,0
2026-09-04 12:58:23,31.36,0,0
2026-09-04 12:58:23,31.87,0,0
2026-09-04 12:58:23,16.75,0,0
2026-09-04 12:58:23,3.35,0,0
2026-09-04 12:58:23,2.79,0,0
2026-09-04 12:58:23,16.21,0,0
2026-09-04 12:58:23,4.0,0,0
2026-09-04 12:58:23,15.67,0,0
2026-09-04 12:58:23,16.24,0,0
2026-09-04 12:58:24,15.38,0,0
2026-09-04 12:58:24,7.6,0,0
2026-09-04 12:58:24,31.0,0,0
2026-09-04 12:58:24,14.0,0,0
2026-09-04 12:58:24,15.41,0,0
2026-09-04 12:58:24,15.05,0,0
2026-09-04 12:58:24,19.29,0,0
2026-09-04 12:58:24,15.52,0,0
2026-09-04 12:58:25,14.25,0,0
2026-09-04 12:58:25,26.09,0,0
2026-09-04 12:58:25,28.21,0,0
2026-09-04 12:58:25,30.32,0,0
2026-09-04 12:58:25,15.86,0,0
2026-09-04 12:58:25,14.79,0,0
2026-09-04 12:58:25,31.56,0,0
2026-09-04 12:58:26,15.03,0,0
2026-09-04 12:58:26,14.52,0,0
2026-09-04 12:58:26,15.21,0,0
2026-09-04 12:58:26,5.12,0,0
2026-09-04 12:58:26,15.95,0,0
2026-09-04 12:58:26,15.65,0,0
2026-09-04 12:58:26,7.57,0,0
2026-09-04 12:58:26,20.76,0,0
2026-09-04 12:58:26,11.35,0,0
2026-09-04 12:58:27,30.65,0,0
2026-09-04 12:58:27,15.92,0,0
2026-09-04 12:58:27,27.91,0,0
2026-09-04 12:58:27,25.0,0,0
2026-09-04 12:58:27,33.47,0,0
2026-09-04 12:58:27,24.22,0,0
2026-09-04 12:58:27,30.92,0,0
2026-09-04 12:58:28,16.27,0,0
2026-09-04 12:58:28,15.75,0,0
2026-09-04 12:58:28,15.69,0,0
2026-09-04 12:58:28,5.87,0,0
2026-09-04 12:58:28,3.82,0,0
2026-09-04 12:58:28,5.15,0,0
2026-09-04 12:58:28,31.62,0,0
2026-09-04 12:58:28,15.02,0,0
2026-09-04 12:58:29,16.11,0,0
2026-09-04 12:58:29,11.54,0,0
2026-09-04 12:58:29,11.05,0,0
2026-09-04 12:58:29,15.54,0,0
2026-09-04 12:58:29,31.06,0,0
2026-09-04 12:58:29,18.39,0,0
2026-09-04 12:58:29,4.55,0,0
2026-09-04 12:58:29,3.19,0,0
2026-09-04 12:58:29,16.0,0,0
2026-09-04 12:58:30,14.96,0,0
2026-09-04 12:58:30,15.83,0,0
2026-09-04 12:58:30,14.87,0,0
2026-09-04 12:58:30,14.61,0,0
2026-09-04 12:58:30,15.02,0,0
2026-09-04 12:58:30,17.36,0,0
2026-09-04 12:58:30,16.28,0,0
2026-09-04 12:58:30,3.09,0,0
2026-09-04 12:58:31,4.6,0,0
2026-09-04 12:58:31,15.45,0,0
2026-09-04 12:58:31,31.89,0,0
2026-09-04 12:58:31,30.67,0,0
2026-09-04 12:58:31,15.44,0,0
2026-09-04 12:58:31,15.02,0,0
2026-09-04 12:58:31,31.66,0,0
2026-09-04 12:58:31,16.14,0,0
2026-09-04 12:58:32,15.29,0,0
2026-09-04 12:58:32,30.19,0,0
2026-09-04 12:58:32,16.47,0,0
2026-09-04 12:58:32,30.88,0,0
2026-09-04 12:58:32,16.87,0,0
2026-09-04 12:58:32,32.08,0,0
2026-09-04 12:58:32,32.33,0,0
2026-09-04 12:58:33,17.63,0,0
2026-09-04 12:58:33,15.5,0,0
2026-09-04 12:58:33,32.21,0,0
2026-09-04 12:59:03,719.36,0,0
2026-09-04 12:59:04,3.09,0,0
2026-09-04 12:59:04,3.65,0,0
2026-09-04 12:59:04,15.9,0,0
2026-09-04 12:59:04,15.99,0,0
2026-09-04 12:59:04,16.55,0,0
2026-09-04 12:59:04,16.57,0,0
2026-09-04 12:59:04,16.99,0,0
2026-09-04 12:59:04,15.69,0,0
2026-09-04 12:59:04,15.94,0,0
2026-09-04 12:59:05,4.54,0,0
2026-09-04 12:59:05,4.14,0,0
2026-09-04 12:59:05,5.25,0,0
2026-09-04 12:59:05,16.52,0,0
2026-09-04 12:59:05,4.38,0,0
2026-09-04 12:59:05,4.45,0,0
2026-09-04 12:59:05,16.49,0,0
2026-09-04 12:59:05,32.03,0,0
2026-09-04 12:59:06,16.84,0,0
2026-09-04 12:59:06,5.21,0,0
2026-09-04 12:59:06,18.45,0,0
2026-09-04 12:59:06,15.79,0,0
2026-09-04 12:59:06,16.73,0,0
2026-09-04 12:59:06,15.83,0,0
2026-09-04 12:59:06,15.92,0,0
2026-09-04 12:59:06,15.51,0,0
2026-09-04 12:59:07,4.16,0,0
2026-09-04 12:59:07,16.49,0,0
2026-09-04 12:59:07,32.22,0,0
2026-09-04 12:59:07,16.8,0,0
2026-09-04 12:59:07,15.89,0,0
2026-09-04 12:59:07,16.27,0,0
2026-09-04 12:59:07,16.3,0,0
2026-09-04 12:59:07,29.9,0,0
2026-09-04 12:59:08,16.36,0,0
2026-09-04 12:59:08,31.61,0,0
2026-09-04 12:59:08,15.7,0,0
2026-09-04 12:59:08,16.13,0,0
2026-09-04 12:59:08,31.44,0,0
2026-09-04 12:59:08,16.1,0,0
2026-09-04 12:59:08,30.57,0,0
2026-09-04 12:59:08,15.54,0,0
2026-09-04 12:59:09,15.46,0,0
2026-09-04 12:59:09,31.35,0,0
2026-09-04 12:59:09,16.13,0,0
2026-09-04 12:59:09,5.2,0,0
2026-09-04 12:59:09,16.72,0,0
2026-09-04 12:59:09,13.14,0,0
2026-09-04 12:59:09,16.64,0,0
2026-09-04 12:59:09,15.82,0,0
2026-09-04 12:59:10,32.13,0,0
2026-09-04 12:59:10,31.7,0,0
2026-09-04 12:59:10,31.03,0,0
2026-09-04 12:59:10,15.44,0,0
2026-09-04 12:59:10,15.49,0,0
2026-09-04 12:59:10,15.57,0,0
2026-09-04 12:59:10,6.7,0,0
2026-09-04 12:59:10,15.7,0,0
2026-09-04 12:59:11,16.7,0,0
2026-09-04 12:59:11,15.94,0,0
2026-09-04 12:59:11,15.88,0,0
2026-09-04 12:59:11,16.91,0,0
2026-09-04 12:59:11,27.41,0,0
2026-09-04 12:59:11,16.33,0,0
2026-09-04 12:59:11,16.13,0,0
2026-09-04 12:59:12,30.77,0,0
2026-09-04 12:59:12,16.33,0,0
2026-09-04 12:59:12,4.25,0,0
2026-09-04 12:59:12,16.7,0,0
2026-09-04 12:59:12,14.33,0,0
2026-09-04 12:59:12,30.99,0,0
2026-09-04 12:59:12,4.95,0,0
2026-09-04 12:59:12,4.18,0,0
2026-09-04 12:59:12,4.1,0,0
2026-09-04 12:59:13,3.17,0,0
2026-09-04 12:59:13,31.07,0,0
2026-09-04 12:59:13,17.82,0,0
2026-09-04 12:59:13,10.0,0,0
2026-09-04 12:59:13,14.51,0,0
2026-09-04 12:59:13,6.19,0,0
2026-09-04 12:59:13,15.75,0,0
2026-09-04 12:59:13,5.37,0,0
2026-09-04 12:59:14,5.69,0,0
2026-09-04 12:59:14,5.33,0,0
2026-09-04 12:59:14,31.24,0,0
2026-09-04 12:59:14,31.1,0,0
2026-09-04 12:59:14,15.58,0,0
2026-09-04 12:59:14,34.26,0,0
2026-09-04 12:59:14,32.17,0,0
2026-09-04 12:59:14,3.08,0,0
2026-09-04 12:59:15,31.29,0,0
2026-09-04 12:59:15,23.77,0,0
2026-09-04 12:59:15,31.48,0,0
2026-09-04 12:59:15,31.8,0,0
2026-09-04 12:59:15,4.29,0,0
2026-09-04 12:59:15,15.6,0,0
2026-09-04 12:59:15,30.46,0,0
2026-09-04 12:59:16,32.38,0,0
2026-09-04 12:59:16,19.03,0,0
2026-09-04 12:59:16,31.41,0,0
2026-09-04 12:59:16,32.5,0,0
2026-09-04 12:59:16,31.89,0,0
2026-09-04 12:59:16,31.8,0,0
2026-09-04 12:59:16,31.75,0,0
2026-09-04 12:59:16,16.72,0,0
2026-09-04 12:59:17,32.75,0,0
2026-09-04 12:59:17,32.39,0,0
2026-09-04 12:59:17,30.75,0,0
2026-09-04 12:59:17,3.56,0,0
2026-09-04 12:59:17,32.04,0,0
2026-09-04 12:59:17,31.79,0,0
2026-09-04 12:59:17,7.94,0,0
2026-09-04 12:59:18,30.39,0,0
2026-09-04 12:59:18,32.13,0,0
2026-09-04 12:59:18,31.22,0,0
2026-09-04 12:59:18,31.39,0,0
2026-09-04 12:59:18,31.03,0,0
2026-09-04 12:59:18,4.55,0,0
2026-09-04 12:59:18,32.78,0,0
2026-09-04 12:59:18,32.18,0,0
2026-09-04 12:59:19,21.65,0,0
2026-09-04 12:59:19,31.4,0,0
2026-09-04 12:59:19,15.45,0,0
2026-09-04 12:59:19,17.12,0,0
2026-09-04 12:59:19,15.6,0,0
2026-09-04 12:59:19,18.94,0,0
2026-09-04 12:59:19,16.42,0,0
2026-09-04 12:59:19,15.97,0,0
2026-09-04 12:59:20,16.63,0,0
2026-09-04 12:59:20,15.25,0,0
2026-09-04 12:59:20,17.02,0,0
2026-09-04 12:59:20,15.87,0,0
2026-09-04 12:59:20,16.14,0,0
2026-09-04 12:59:20,16.19,0,0
2026-09-04 12:59:20,15.71,0,0
2026-09-04 12:59:20,16.74,0,0
2026-09-04 12:59:21,16.49,0,0
2026-09-04 12:59:21,16.97,0,0
2026-09-04 12:59:21,16.14,0,0
2026-09-04 12:59:21,19.42,0,0
2026-09-04 12:59:21,31.85,0,0
2026-09-04 12:59:21,29.44,0,0
2026-09-04 12:59:21,34.23,0,0
2026-09-04 12:59:22,32.6,0,0
2026-09-04 12:59:22,19.17,0,0
2026-09-04 12:59:22,14.03,0,0
2026-09-04 12:59:22,32.3,0,0
2026-09-04 12:59:22,32.57,0,0
2026-09-04 12:59:22,11.33,0,0
2026-09-04 12:59:22,19.43,0,0
2026-09-04 12:59:22,31.47,0,0
2026-09-04 12:59:23,31.2,0,0
2026-09-04 12:59:23,22.72,0,0
2026-09-04 12:59:23,31.55,0,0
2026-09-04 12:59:23,32.19,0,0
2026-09-04 12:59:23,4.43,0,0
2026-09-04 12:59:23,20.0,0,0
2026-09-04 12:59:23,16.54,0,0
2026-09-04 12:59:23,32.06,0,0
2026-09-04 12:59:24,31.42,0,0
2026-09-04 12:59:24,32.11,0,0
2026-09-04 12:59:24,13.72,0,0
2026-09-04 12:59:24,17.04,0,0
2026-09-04 12:59:24,18.65,0,0
2026-09-04 12:59:24,15.46,0,0
2026-09-04 12:59:24,15.92,0,0
2026-09-04 12:59:25,15.19,0,0
2026-09-04 12:59:25,30.18,0,0
2026-09-04 12:59:25,31.22,0,0
2026-09-04 12:59:25,33.87,0,0
2026-09-04 12:59:25,31.63,0,0
2026-09-04 12:59:25,18.09,0,0
2026-09-04 12:59:25,31.12,0,0
2026-09-04 12:59:25,5.03,0,0
2026-09-04 12:59:26,15.63,0,0
2026-09-04 12:59:26,31.76,0,0
2026-09-04 12:59:26,14.97,0,0
2026-09-04 12:59:26,14.8,0,0
2026-09-04 12:59:26,19.23,0,0
2026-09-04 12:59:26,6.76,0,0
2026-09-04 12:59:26,15.34,0,0
2026-09-04 12:59:26,32.62,0,0
2026-09-04 12:59:27,14.4,0,0
2026-09-04 12:59:27,15.95,0,0
2026-09-04 12:59:27,15.05,0,0
2026-09-04 12:59:27,33.63,0,0
2026-09-04 12:59:27,16.79,0,0
2026-09-04 12:59:27,22.15,0,0
2026-09-04 12:59:27,16.55,0,0
2026-09-04 12:59:27,14.93,0,0
2026-09-04 12:59:28,15.67,0,0
2026-09-04 12:59:28,5.3,0,0
2026-09-04 12:59:28,16.1,0,0
2026-09-04 12:59:28,15.35,0,0
2026-09-04 12:59:28,16.49,0,0
2026-09-04 12:59:28,16.43,0,0
2026-09-04 12:59:28,15.77,0,0
2026-09-04 12:59:28,7.44,0,0
2026-09-04 12:59:29,16.12,0,0
2026-09-04 12:59:29,15.82,0,0
2026-09-04 12:59:29,16.23,0,0
2026-09-04 12:59:29,7.57,0,0
2026-09-04 12:59:29,15.61,0,0
2026-09-04 12:59:29,30.68,0,0
2026-09-04 12:59:29,16.0,0,0
2026-09-04 12:59:29,15.75,0,0
2026-09-04 12:59:30,14.81,0,0
2026-09-04 12:59:30,15.76,0,0
2026-09-04 12:59:30,30.85,0,0
2026-09-04 12:59:30,15.05,0,0
2026-09-04 12:59:30,18.9,0,0
2026-09-04 12:59:30,15.6,0,0
2026-09-04 12:59:30,32.87,0,0
2026-09-04 12:59:30,20.58,0,0
2026-09-04 12:59:31,29.98,0,0
2026-09-04 12:59:31,16.06,0,0
2026-09-04 12:59:31,16.49,0,0
2026-09-04 12:59:31,6.37,0,0
2026-09-04 12:59:31,9.82,0,0
2026-09-04 12:59:31,9.52,0,0
2026-09-04 12:59:31,15.45,0,0
2026-09-04 12:59:31,31.88,0,0
2026-09-04 12:59:32,14.86,0,0
2026-09-04 12:59:32,3.9,0,0
2026-09-04 12:59:32,32.76,0,0
2026-09-04 12:59:32,35.04,0,0
2026-09-04 12:59:32,30.78,0,0
2026-09-04 12:59:32,31.62,0,0
2026-09-04 12:59:32,31.63,0,0
2026-09-04 12:59:33,30.77,0,0
2026-09-04 12:59:33,31.78,0,0
2026-09-04 12:59:33,19.89,0,0
2026-09-04 13:00:03,92.05,0,0
2026-09-04 13:00:03,30.75,0,0
2026-09-04 13:00:03,30.83,0,0
2026-09-04 13:00:03,19.7,0,0
2026-09-04 13:00:04,15.64,0,0
2026-09-04 13:00:04,32.37,0,0
2026-09-04 13:00:04,31.95,0,0
2026-09-04 13:00:04,32.44,0,0
2026-09-04 13:00:04,31.22,0,0
2026-09-04 13:00:04,32.0,0,0
2026-09-04 13:00:04,5.46,0,0
2026-09-04 13:00:05,32.13,0,0
2026-09-04 13:00:05,32.48,0,0
2026-09-04 13:00:05,30.86,0,0
2026-09-04 13:00:05,31.04,0,0
2026-09-04 13:00:05,31.73,0,0
2026-09-04 13:00:05,26.22,0,0
2026-09-04 13:00:05,30.62,0,0
2026-09-04 13:00:06,30.16,0,0
2026-09-04 13:00:06,31.76,0,0
2026-09-04 13:00:06,4.07,0,0
2026-09-04 13:00:06,15.81,0,0
2026-09-04 13:00:06,29.68,0,0
2026-09-04 13:00:06,33.13,0,0
2026-09-04 13:00:06,31.94,0,0
2026-09-04 13:00:06,33.49,0,0
2026-09-04 13:00:07,30.95,0,0
2026-09-04 13:00:07,31.53,0,0
2026-09-04 13:00:07,30.9,0,0
2026-09-04 13:00:07,31.85,0,0
2026-09-04 13:00:07,15.14,0,0
2026-09-04 13:00:07,31.88,0,0
2026-09-04 13:00:07,30.8,0,0
2026-09-04 13:00:08,31.34,0,0
2026-09-04 13:00:08,15.52,0,0
2026-09-04 13:00:08,15.47,0,0
2026-09-04 13:00:08,31.2,0,0
2026-09-04 13:00:08,19.58,0,0
2026-09-04 13:00:08,15.31,0,0
2026-09-04 13:00:08,13.36,0,0
2026-09-04 13:00:08,32.26,0,0
2026-09-04 13:00:09,31.09,0,0
2026-09-04 13:00:09,32.55,0,0
2026-09-04 13:00:09,26.63,0,0
2026-09-04 13:00:09,30.6,0,0
2026-09-04 13:00:09,32.17,0,0
2026-09-04 13:00:09,31.94,0,0
2026-09-04 13:00:09,31.18,0,0
2026-09-04 13:00:10,32.98,0,0
2026-09-04 13:00:10,30.65,0,0
2026-09-04 13:00:10,31.02,0,0
2026-09-04 13:00:10,31.78,0,0
2026-09-04 13:00:10,32.2,0,0
2026-09-04 13:00:10,31.04,0,0
2026-09-04 13:00:10,6.89,0,0
2026-09-04 13:00:11,15.98,0,0
2026-09-04 13:00:11,23.24,0,0
2026-09-04 13:00:11,30.76,0,0
2026-09-04 13:00:11,31.81,0,0
2026-09-04 13:00:11,30.9,0,0
2026-09-04 13:00:11,32.11,0,0
2026-09-04 13:00:11,15.58,0,0
2026-09-04 13:00:11,15.79,0,0
2026-09-04 13:00:12,14.98,0,0
2026-09-04 13:00:12,15.83,0,0
2026-09-04 13:00:12,30.59,0,0
2026-09-04 13:00:12,33.09,0,0
2026-09-04 13:00:12,29.45,0,0
2026-09-04 13:00:12,29.39,0,0
2026-09-04 13:00:12,30.99,0,0
2026-09-04 13:00:13,32.14,0,0
2026-09-04 13:00:13,32.88,0,0
2026-09-04 13:00:13,16.02,0,0
2026-09-04 13:00:13,15.63,0,0
2026-09-04 13:00:13,31.7,0,0
2026-09-04 13:00:13,30.91,0,0
2026-09-04 13:00:13,32.48,0,0
2026-09-04 13:00:13,31.64,0,0
2026-09-04 13:00:14,30.96,0,0
2026-09-04 13:00:14,31.94,0,0
2026-09-04 13:00:14,30.12,0,0
2026-09-04 13:00:14,15.5,0,0
2026-09-04 13:00:14,15.09,0,0
2026-09-04 13:00:14,15.83,0,0
2026-09-04 13:00:14,15.97,0,0
2026-09-04 13:00:15,4.49,0,0
2026-09-04 13:00:15,5.56,0,0
2026-09-04 13:00:15,5.1,0,0
2026-09-04 13:00:15,15.65,0,0
2026-09-04 13:00:15,3.86,0,0
2026-09-04 13:00:15,15.61,0,0
2026-09-04 13:00:15,16.83,0,0
2026-09-04 13:00:15,15.37,0,0
2026-09-04 13:00:15,16.44,0,0
2026-09-04 13:00:16,5.8,0,0
2026-09-04 13:00:16,16.16,0,0
2026-09-04 13:00:16,6.16,0,0
2026-09-04 13:00:16,6.03,0,0
2026-09-04 13:00:16,31.39,0,0
2026-09-04 13:00:16,31.68,0,0
2026-09-04 13:00:16,16.38,0,0
2026-09-04 13:00:16,15.06,0,0
2026-09-04 13:00:17,31.47,0,0
2026-09-04 13:00:17,16.33,0,0
2026-09-04 13:00:17,15.44,0,0
2026-09-04 13:00:17,32.99,0,0
2026-09-04 13:00:17,31.59,0,0
2026-09-04 13:00:17,5.83,0,0
2026-09-04 13:00:17,3.38,0,0
2026-09-04 13:00:17,3.6,0,0
2026-09-04 13:00:18,14.09,0,0
2026-09-04 13:00:18,13.85,0,0
2026-09-04 13:00:18,15.38,0,0
2026-09-04 13:00:18,14.8,0,0
2026-09-04 13:00:18,15.2,0,0
2026-09-04 13:00:18,15.85,0,0
2026-09-04 13:00:18,15.57,0,0
2026-09-04 13:00:18,15.97,0,0
2026-09-04 13:00:19,16.41,0,0
2026-09-04 13:00:19,16.96,0,0
2026-09-04 13:00:19,13.75,0,0
2026-09-04 13:00:19,31.51,0,0
2026-09-04 13:00:19,14.7,0,0
2026-09-04 13:00:19,15.9,0,0
2026-09-04 13:00:19,15.88,0,0
2026-09-04 13:00:19,16.96,0,0
2026-09-04 13:00:20,15.14,0,0
2026-09-04 13:00:20,16.64,0,0
2026-09-04 13:00:20,15.08,0,0
2026-09-04 13:00:20,10.73,0,0
2026-09-04 13:00:20,16.03,0,0
2026-09-04 13:00:20,30.59,0,0
2026-09-04 13:00:20,15.78,0,0
2026-09-04 13:00:20,32.02,0,0
2026-09-04 13:00:21,16.56,0,0
2026-09-04 13:00:21,16.32,0,0
2026-09-04 13:00:21,15.31,0,0
2026-09-04 13:00:21,14.7,0,0
2026-09-04 13:00:21,15.71,0,0
2026-09-04 13:00:21,15.87,0,0
2026-09-04 13:00:21,31.07,0,0
2026-09-04 13:00:21,3.53,0,0
2026-09-04 13:00:22,7.83,0,0
2026-09-04 13:00:22,15.8,0,0
2026-09-04 13:00:22,14.9,0,0
2026-09-04 13:00:22,16.13,0,0
2026-09-04 13:00:22,15.81,0,0
2026-09-04 13:00:22,16.66,0,0
2026-09-04 13:00:22,15.6,0,0
2026-09-04 13:00:22,14.78,0,0
2026-09-04 13:00:23,15.53,0,0
2026-09-04 13:00:23,15.86,0,0
2026-09-04 13:00:23,15.77,0,0
2026-09-04 13:00:23,3.82,0,0
2026-09-04 13:00:23,15.09,0,0
2026-09-04 13:00:23,15.78,0,0
2026-09-04 13:00:23,15.82,0,0
2026-09-04 13:00:23,12.76,0,0
2026-09-04 13:00:24,4.19,0,0
2026-09-04 13:00:24,11.51,0,0
2026-09-04 13:00:24,15.2,0,0
2026-09-04 13:00:24,16.11,0,0
2026-09-04 13:00:24,15.37,0,0
2026-09-04 13:00:24,31.97,0,0
2026-09-04 13:00:24,32.74,0,0
2026-09-04 13:00:24,31.58,0,0
2026-09-04 13:00:25,18.07,0,0
2026-09-04 13:00:25,14.78,0,0
2026-09-04 13:00:25,32.59,0,0
2026-09-04 13:00:25,32.86,0,0
2026-09-04 13:00:25,31.65,0,0
2026-09-04 13:00:25,32.54,0,0
2026-09-04 13:00:25,3.33,0,0
2026-09-04 13:00:25,16.23,0,0
2026-09-04 13:00:26,31.02,0,0
2026-09-04 13:00:26,31.3,0,0
2026-09-04 13:00:26,30.83,0,0
2026-09-04 13:00:26,31.86,0,0
2026-09-04 13:00:26,32.59,0,0
2026-09-04 13:00:26,32.24,0,0
2026-09-04 13:00:26,15.9,0,0
2026-09-04 13:00:27,32.11,0,0
2026-09-04 13:00:27,32.45,0,0
2026-09-04 13:00:27,30.71,0,0
2026-09-04 13:00:27,22.23,0,0
2026-09-04 13:00:27,31.6,0,0
2026-09-04 13:00:27,30.91,0,0
2026-09-04 13:00:27,31.23,0,0
2026-09-04 13:00:28,32.51,0,0
2026-09-04 13:00:28,32.21,0,0
2026-09-04 13:00:28,31.66,0,0
2026-09-04 13:00:28,33.01,0,0
2026-09-04 13:00:28,31.28,0,0
2026-09-04 13:00:28,15.57,0,0
2026-09-04 13:00:28,15.69,0,0
2026-09-04 13:00:28,16.52,0,0
2026-09-04 13:00:29,31.68,0,0
2026-09-04 13:00:29,21.2,0,0
2026-09-04 13:00:29,30.65,0,0
2026-09-04 13:00:30,9.06,0,0
2026-09-04 13:00:35,5000,1,0
2026-09-04 13:03:59,5000,1,0
2026-09-04 13:04:00,94.24,0,0
2026-09-04 13:04:00,31.66,0,0
2026-09-04 13:04:00,29.2,0,0
2026-09-04 13:04:00,15.88,0,0
2026-09-04 13:04:00,15.39,0,0
2026-09-04 13:04:00,16.21,0,0
2026-09-04 13:04:00,15.75,0,0
2026-09-04 13:04:01,15.97,0,0
2026-09-04 13:04:01,16.43,0,0
2026-09-04 13:04:01,15.47,0,0
2026-09-04 13:04:01,20.35,0,0
2026-09-04 13:04:01,16.38,0,0
2026-09-04 13:04:01,16.41,0,0
2026-09-04 13:04:01,5.27,0,0
2026-09-04 13:04:01,15.84,0,0
2026-09-04 13:04:01,6.26,0,0
2026-09-04 13:04:02,6.28,0,0
2026-09-04 13:04:02,17.32,0,0
2026-09-04 13:04:02,4.42,0,0
2026-09-04 13:04:02,31.11,0,0
2026-09-04 13:04:02,8.58,0,0
2026-09-04 13:04:02,29.98,0,0
2026-09-04 13:04:02,9.76,0,0
2026-09-04 13:04:02,17.15,0,0
2026-09-04 13:04:03,31.87,0,0
2026-09-04 13:04:03,27.74,0,0
2026-09-04 13:04:03,31.04,0,0
2026-09-04 13:04:03,30.27,0,0
2026-09-04 13:04:03,33.22,0,0
2026-09-04 13:04:03,30.62,0,0
2026-09-04 13:04:03,31.15,0,0
2026-09-04 13:04:04,32.52,0,0
2026-09-04 13:04:04,30.99,0,0
2026-09-04 13:04:04,15.99,0,0
2026-09-04 13:04:04,33.75,0,0
2026-09-04 13:04:04,16.47,0,0
2026-09-04 13:04:04,15.37,0,0
2026-09-04 13:04:04,14.82,0,0
2026-09-04 13:04:04,14.94,0,0
2026-09-04 13:04:05,18.89,0,0
2026-09-04 13:04:05,16.18,0,0
2026-09-04 13:04:05,16.08,0,0
2026-09-04 13:04:05,15.12,0,0
2026-09-04 13:04:05,5.88,0,0
2026-09-04 13:04:05,16.06,0,0
2026-09-04 13:04:05,15.84,0,0
2026-09-04 13:04:05,31.49,0,0
2026-09-04 13:04:06,12.5,0,0
2026-09-04 13:04:06,10.67,0,0
2026-09-04 13:04:06,18.24,0,0
2026-09-04 13:04:06,16.86,0,0
2026-09-04 13:04:06,16.6,0,0
2026-09-04 13:04:06,12.92,0,0
2026-09-04 13:04:06,6.24,0,0
2026-09-04 13:04:06,15.82,0,0
2026-09-04 13:04:07,5.4,0,0
2026-09-04 13:04:07,16.12,0,0
2026-09-04 13:04:07,15.93,0,0
2026-09-04 13:04:07,15.48,0,0
2026-09-04 13:04:07,16.91,0,0
2026-09-04 13:04:07,16.11,0,0
2026-09-04 13:04:07,16.24,0,0
2026-09-04 13:04:07,16.37,0,0
2026-09-04 13:04:08,16.15,0,0
2026-09-04 13:04:08,16.03,0,0
2026-09-04 13:04:08,15.86,0,0
2026-09-04 13:04:08,15.65,0,0
2026-09-04 13:04:08,26.32,0,0
2026-09-04 13:04:08,15.84,0,0
2026-09-04 13:04:08,15.69,0,0
2026-09-04 13:04:08,31.23,0,0
2026-09-04 13:04:09,15.36,0,0
2026-09-04 13:04:09,31.48,0,0
2026-09-04 13:04:09,32.01,0,0
2026-09-04 13:04:09,15.91,0,0
2026-09-04 13:04:09,5.65,0,0
2026-09-04 13:04:09,30.36,0,0
2026-09-04 13:04:09,18.33,0,0
2026-09-04 13:04:09,31.1,0,0
2026-09-04 13:04:10,32.16,0,0
2026-09-04 13:04:10,31.65,0,0
2026-09-04 13:04:10,30.67,0,0
2026-09-04 13:04:10,30.94,0,0
2026-09-04 13:04:10,31.26,0,0
2026-09-04 13:04:10,30.7,0,0
2026-09-04 13:04:10,31.24,0,0
2026-09-04 13:04:11,31.93,0,0
2026-09-04 13:04:11,15.72,0,0
2026-09-04 13:04:11,32.06,0,0
2026-09-04 13:04:11,31.09,0,0
2026-09-04 13:04:11,15.5,0,0
2026-09-04 13:04:11,8.06,0,0
2026-09-04 13:04:11,15.17,0,0
2026-09-04 13:04:12,31.18,0,0
2026-09-04 13:04:12,15.84,0,0
2026-09-04 13:04:12,4.37,0,0
2026-09-04 13:04:12,7.42,0,0
2026-09-04 13:04:12,16.12,0,0
2026-09-04 13:04:12,16.15,0,0
2026-09-04 13:04:12,10.34,0,0
2026-09-04 13:04:12,8.02,0,0
2026-09-04 13:04:12,21.83,0,0
2026-09-04 13:04:13,16.26,0,0
2026-09-04 13:04:13,7.95,0,0
2026-09-04 13:04:13,21.1,0,0
2026-09-04 13:04:13,7.09,0,0
2026-09-04 13:04:13,7.38,0,0
2026-09-04 13:04:13,3.91,0,0
2026-09-04 13:04:13,3.5,0,0
2026-09-04 13:04:13,15.11,0,0
2026-09-04 13:04:14,31.72,0,0
2026-09-04 13:04:14,31.13,0,0
2026-09-04 13:04:14,30.06,0,0
2026-09-04 13:04:14,31.03,0,0
2026-09-04 13:04:14,31.5,0,0
2026-09-04 13:04:14,31.77,0,0
2026-09-04 13:04:14,21.63,0,0
2026-09-04 13:04:14,15.41,0,0
2026-09-04 13:04:15,15.79,0,0
2026-09-04 13:04:15,5.54,0,0
2026-09-04 13:04:15,13.92,0,0
2026-09-04 13:04:15,18.67,0,0
2026-09-04 13:04:15,15.47,0,0
2026-09-04 13:04:15,6.77,0,0
2026-09-04 13:04:15,19.91,0,0
2026-09-04 13:04:15,15.4,0,0
2026-09-04 13:04:16,15.87,0,0
2026-09-04 13:04:16,15.65,0,0
2026-09-04 13:04:16,15.75,0,0
2026-09-04 13:04:16,15.86,0,0
2026-09-04 13:04:16,16.28,0,0
2026-09-04 13:04:16,16.59,0,0
2026-09-04 13:04:16,15.64,0,0
2026-09-04 13:04:16,19.99,0,0
2026-09-04 13:04:17,15.63,0,0
2026-09-04 13:04:17,11.55,0,0
2026-09-04 13:04:17,15.8,0,0
2026-09-04 13:04:17,8.82,0,0
2026-09-04 13:04:17,31.4,0,0
2026-09-04 13:04:17,32.35,0,0
2026-09-04 13:04:17,8.49,0,0
2026-09-04 13:04:17,30.69,0,0
2026-09-04 13:04:18,30.73,0,0
2026-09-04 13:04:18,31.37,0,0
2026-09-04 13:04:18,17.13,0,0
2026-09-04 13:04:18,7.45,0,0
2026-09-04 13:04:18,4.65,0,0
2026-09-04 13:04:18,30.62,0,0
2026-09-04 13:04:18,15.56,0,0
2026-09-04 13:04:18,16.51,0,0
2026-09-04 13:04:19,15.99,0,0
2026-09-04 13:04:19,31.48,0,0
2026-09-04 13:04:19,16.22,0,0
2026-09-04 13:04:19,15.58,0,0
2026-09-04 13:04:19,15.89,0,0
2026-09-04 13:04:19,31.57,0,0
2026-09-04 13:04:19,31.49,0,0
2026-09-04 13:04:20,15.92,0,0
2026-09-04 13:04:20,15.78,0,0
2026-09-04 13:04:20,31.35,0,0
2026-09-04 13:04:20,31.73,0,0
2026-09-04 13:04:20,15.88,0,0
2026-09-04 13:04:20,16.41,0,0
2026-09-04 13:04:20,16.12,0,0
2026-09-04 13:04:20,6.11,0,0
2026-09-04 13:04:21,3.93,0,0
2026-09-04 13:04:21,16.98,0,0
2026-09-04 13:04:21,16.33,0,0
2026-09-04 13:04:21,31.22,0,0
2026-09-04 13:04:21,26.54,0,0
2026-09-04 13:04:21,15.6,0,0
2026-09-04 13:04:21,25.43,0,0
2026-09-04 13:04:21,30.83,0,0
2026-09-04 13:04:22,15.94,0,0
2026-09-04 13:04:22,14.61,0,0
2026-09-04 13:04:22,20.79,0,0
2026-09-04 13:04:22,15.26,0,0
2026-09-04 13:04:22,15.16,0,0
2026-09-04 13:04:22,15.48,0,0
2026-09-04 13:04:22,14.79,0,0
2026-09-04 13:04:22,30.89,0,0
2026-09-04 13:04:23,15.08,0,0
2026-09-04 13:04:23,32.37,0,0
2026-09-04 13:04:23,31.96,0,0
2026-09-04 13:04:23,21.33,0,0
2026-09-04 13:04:23,15.13,0,0
2026-09-04 13:04:23,32.07,0,0
2026-09-04 13:04:23,30.88,0,0
2026-09-04 13:04:24,30.45,0,0
2026-09-04 13:04:24,30.91,0,0
2026-09-04 13:04:24,31.94,0,0
2026-09-04 13:04:24,31.14,0,0
2026-09-04 13:04:24,31.39,0,0
2026-09-04 13:04:24,15.33,0,0
2026-09-04 13:04:24,15.26,0,0
2026-09-04 13:04:24,31.22,0,0
2026-09-04 13:04:25,25.45,0,0
2026-09-04 13:04:25,27.67,0,0
2026-09-04 13:04:25,15.91,0,0
2026-09-04 13:04:25,31.88,0,0
2026-09-04 13:04:25,14.93,0,0
2026-09-04 13:04:25,32.46,0,0
2026-09-04 13:04:25,31.79,0,0
2026-09-04 13:04:26,16.12,0,0
2026-09-04 13:04:26,11.02,0,0
2026-09-04 13:04:26,5.72,0,0
2026-09-04 13:04:26,3.28,0,0
2026-09-04 13:04:26,8.07,0,0
2026-09-04 13:04:26,5.06,0,0
2026-09-04 13:04:26,7.22,0,0
2026-09-04 13:04:26,5.77,0,0
2026-09-04 13:04:26,3.56,0,0
2026-09-04 13:04:27,3.69,0,0
2026-09-04 13:04:27,3.69,0,0
2026-09-04 13:04:27,5.91,0,0
2026-09-04 13:04:27,3.43,0,0
2026-09-04 13:04:27,30.6,0,0
2026-09-04 13:04:27,31.83,0,0
2026-09-04 13:04:27,32.15,0,0
2026-09-04 13:04:27,31.6,0,0
2026-09-04 13:04:28,15.7,0,0
2026-09-04 13:04:28,5.29,0,0
2026-09-04 13:04:28,16.32,0,0
2026-09-04 13:04:28,16.84,0,0
2026-09-04 13:04:28,16.2,0,0
2026-09-04 13:04:28,3.9,0,0
2026-09-04 13:04:28,15.38,0,0
2026-09-04 13:04:28,29.79,0,0
2026-09-04 13:04:29,15.75,0,0
2026-09-04 13:04:29,15.61,0,0
2026-09-04 13:04:29,31.17,0,0
2026-09-04 13:04:29,17.72,0,0
2026-09-04 13:04:59,674.28,0,0
2026-09-04 13:04:59,9.24,0,0
2026-09-04 13:05:00,15.48,0,0
2026-09-04 13:05:00,14.71,0,0
2026-09-04 13:05:00,6.25,0,0
2026-09-04 13:05:00,16.06,0,0
2026-09-04 13:05:00,16.03,0,0
2026-09-04 13:05:00,14.97,0,0
2026-09-04 13:05:00,6.17,0,0
2026-09-04 13:05:00,6.09,0,0
2026-09-04 13:05:01,15.59,0,0
2026-09-04 13:05:01,5.79,0,0
2026-09-04 13:05:01,21.4,0,0
2026-09-04 13:05:01,7.73,0,0
2026-09-04 13:05:01,8.42,0,0
2026-09-04 13:05:01,9.03,0,0
2026-09-04 13:05:01,3.89,0,0
2026-09-04 13:05:01,6.78,0,0
2026-09-04 13:05:01,6.09,0,0
2026-09-04 13:05:02,15.27,0,0
2026-09-04 13:05:02,15.45,0,0
2026-09-04 13:05:02,3.12,0,0
2026-09-04 13:05:02,19.89,0,0
2026-09-04 13:05:02,4.97,0,0
2026-09-04 13:05:02,16.42,0,0
2026-09-04 13:05:02,4.28,0,0
2026-09-04 13:05:02,5.21,0,0
2026-09-04 13:05:03,15.89,0,0
2026-09-04 13:05:03,3.57,0,0
2026-09-04 13:05:03,3.86,0,0
2026-09-04 13:05:03,15.87,0,0
2026-09-04 13:05:03,4.26,0,0
2026-09-04 13:05:03,3.47,0,0
2026-09-04 13:05:03,3.65,0,0
2026-09-04 13:05:03,6.12,0,0
2026-09-04 13:05:03,2.91,0,0
2026-09-04 13:05:04,15.26,0,0
2026-09-04 13:05:04,15.61,0,0
2026-09-04 13:05:04,14.38,0,0
2026-09-04 13:05:04,5.16,0,0
2026-09-04 13:05:04,14.75,0,0
2026-09-04 13:05:04,9.4,0,0
2026-09-04 13:05:04,16.14,0,0
2026-09-04 13:05:04,15.43,0,0
2026-09-04 13:05:05,15.42,0,0
2026-09-04 13:05:05,3.1,0,0
2026-09-04 13:05:05,16.19,0,0
2026-09-04 13:05:05,3.9,0,0
2026-09-04 13:05:05,16.37,0,0
2026-09-04 13:05:05,3.36,0,0
2026-09-04 13:05:05,4.41,0,0
2026-09-04 13:05:05,24.85,0,0
2026-09-04 13:05:05,18.3,0,0
2026-09-04 13:05:06,32.06,0,0
2026-09-04 13:05:06,31.5,0,0
2026-09-04 13:05:06,30.69,0,0
2026-09-04 13:05:06,31.34,0,0
2026-09-04 13:05:06,31.7,0,0
2026-09-04 13:05:06,30.25,0,0
2026-09-04 13:05:06,16.26,0,0
2026-09-04 13:05:07,30.87,0,0
2026-09-04 13:05:07,31.34,0,0
2026-09-04 13:05:07,30.82,0,0
2026-09-04 13:05:07,31.76,0,0
2026-09-04 13:05:07,30.64,0,0
2026-09-04 13:05:07,19.08,0,0
2026-09-04 13:05:07,32.01,0,0
2026-09-04 13:05:08,27.37,0,0
2026-09-04 13:05:08,24.34,0,0
2026-09-04 13:05:08,31.0,0,0
2026-09-04 13:05:08,30.93,0,0
2026-09-04 13:05:08,15.46,0,0
2026-09-04 13:05:08,21.13,0,0
2026-09-04 13:05:08,15.51,0,0
2026-09-04 13:05:08,17.09,0,0
2026-09-04 13:05:09,19.91,0,0
2026-09-04 13:05:09,6.43,0,0
2026-09-04 13:05:09,6.57,0,0
2026-09-04 13:05:09,30.68,0,0
2026-09-04 13:05:09,3.2,0,0
2026-09-04 13:05:09,32.15,0,0
2026-09-04 13:05:09,15.63,0,0
2026-09-04 13:05:09,15.75,0,0
2026-09-04 13:05:10,15.88,0,0
2026-09-04 13:05:10,31.23,0,0
2026-09-04 13:05:10,16.03,0,0
2026-09-04 13:05:10,6.87,0,0
2026-09-04 13:05:10,14.67,0,0
2026-09-04 13:05:10,16.65,0,0
2026-09-04 13:05:10,15.55,0,0
2026-09-04 13:05:10,16.27,0,0
2026-09-04 13:05:11,31.46,0,0
2026-09-04 13:05:11,15.22,0,0
2026-09-04 13:05:11,31.08,0,0
2026-09-04 13:05:11,16.04,0,0
2026-09-04 13:05:11,15.63,0,0
2026-09-04 13:05:11,31.43,0,0
2026-09-04 13:05:11,32.07,0,0
2026-09-04 13:05:11,31.88,0,0
2026-09-04 13:05:12,31.25,0,0
2026-09-04 13:05:12,30.77,0,0
2026-09-04 13:05:12,31.52,0,0
2026-09-04 13:05:12,16.03,0,0
2026-09-04 13:05:12,31.57,0,0
2026-09-04 13:05:12,15.85,0,0
2026-09-04 13:05:12,15.42,0,0
2026-09-04 13:05:13,15.82,0,0
2026-09-04 13:05:13,3.37,0,0
2026-09-04 13:05:13,15.48,0,0
2026-09-04 13:05:13,16.0,0,0
2026-09-04 13:05:13,15.57,0,0
2026-09-04 13:05:13,15.97,0,0
2026-09-04 13:05:13,30.84,0,0
2026-09-04 13:05:13,16.03,0,0
2026-09-04 13:05:14,15.39,0,0
2026-09-04 13:05:14,24.62,0,0
2026-09-04 13:05:14,31.67,0,0
2026-09-04 13:05:14,4.67,0,0
2026-09-04 13:05:14,31.56,0,0
2026-09-04 13:05:14,32.22,0,0
2026-09-04 13:05:14,31.13,0,0
2026-09-04 13:05:14,32.08,0,0
2026-09-04 13:05:15,15.12,0,0
2026-09-04 13:05:15,31.43,0,0
2026-09-04 13:05:15,32.34,0,0
2026-09-04 13:05:15,4.39,0,0
2026-09-04 13:05:15,17.97,0,0
2026-09-04 13:05:15,32.05,0,0
2026-09-04 13:05:15,31.32,0,0
2026-09-04 13:05:16,2.94,0,0
2026-09-04 13:05:16,2.56,0,0
2026-09-04 13:05:16,16.21,0,0
2026-09-04 13:05:16,2.93,0,0
2026-09-04 13:05:16,31.42,0,0
2026-09-04 13:05:16,31.75,0,0
2026-09-04 13:05:16,22.5,0,0
2026-09-04 13:05:16,10.01,0,0
2026-09-04 13:05:16,31.09,0,0
2026-09-04 13:05:17,31.6,0,0
2026-09-04 13:05:17,31.18,0,0
2026-09-04 13:05:17,32.0,0,0
2026-09-04 13:05:17,30.08,0,0
2026-09-04 13:05:17,30.36,0,0
2026-09-04 13:05:17,14.75,0,0
2026-09-04 13:05:17,31.49,0,0
2026-09-04 13:05:18,31.31,0,0
2026-09-04 13:05:18,31.2,0,0
2026-09-04 13:05:18,31.99,0,0
2026-09-04 13:05:18,15.89,0,0
2026-09-04 13:05:18,15.74,0,0
2026-09-04 13:05:18,16.22,0,0
2026-09-04 13:05:18,15.49,0,0
2026-09-04 13:05:19,15.94,0,0
2026-09-04 13:05:19,31.96,0,0
2026-09-04 13:05:19,15.8,0,0
2026-09-04 13:05:19,32.92,0,0
2026-09-04 13:05:19,15.54,0,0
2026-09-04 13:05:19,31.98,0,0
2026-09-04 13:05:19,15.3,0,0
2026-09-04 13:05:19,15.25,0,0
2026-09-04 13:05:20,31.91,0,0
2026-09-04 13:05:20,21.84,0,0
2026-09-04 13:05:20,15.42,0,0
2026-09-04 13:05:20,16.14,0,0
2026-09-04 13:05:20,15.21,0,0
2026-09-04 13:05:20,16.49,0,0
2026-09-04 13:05:20,31.41,0,0
2026-09-04 13:05:20,32.4,0,0
2026-09-04 13:05:21,15.3,0,0
2026-09-04 13:05:21,3.95,0,0
2026-09-04 13:05:21,15.87,0,0
2026-09-04 13:05:21,31.59,0,0
2026-09-04 13:05:21,15.52,0,0
2026-09-04 13:05:21,30.88,0,0
2026-09-04 13:05:21,19.47,0,0
2026-09-04 13:05:21,15.89,0,0
2026-09-04 13:05:22,16.34,0,0
2026-09-04 13:05:22,7.44,0,0
2026-09-04 13:05:22,15.8,0,0
2026-09-04 13:05:22,31.4,0,0
2026-09-04 13:05:22,16.08,0,0
2026-09-04 13:05:22,16.47,0,0
2026-09-04 13:05:22,15.56,0,0
2026-09-04 13:05:22,8.17,0,0
2026-09-04 13:05:23,5.86,0,0
2026-09-04 13:05:23,32.07,0,0
2026-09-04 13:05:23,16.47,0,0
2026-09-04 13:05:23,15.78,0,0
2026-09-04 13:05:23,20.19,0,0
2026-09-04 13:05:23,31.57,0,0
2026-09-04 13:05:23,16.14,0,0
2026-09-04 13:05:23,16.16,0,0
2026-09-04 13:05:24,17.68,0,0
2026-09-04 13:05:24,14.73,0,0
2026-09-04 13:05:24,15.78,0,0
2026-09-04 13:05:24,30.79,0,0
2026-09-04 13:05:24,19.03,0,0
2026-09-04 13:05:24,32.12,0,0
2026-09-04 13:05:24,16.42,0,0
2026-09-04 13:05:25,16.03,0,0
2026-09-04 13:05:25,4.12,0,0
2026-09-04 13:05:25,32.42,0,0
2026-09-04 13:05:25,8.2,0,0
2026-09-04 13:05:25,31.14,0,0
2026-09-04 13:05:25,31.96,0,0
2026-09-04 13:05:25,32.65,0,0
2026-09-04 13:05:25,29.94,0,0
2026-09-04 13:05:26,3.52,0,0
2026-09-04 13:05:26,19.77,0,0
2026-09-04 13:05:26,18.99,0,0
2026-09-04 13:05:26,31.01,0,0
2026-09-04 13:05:26,15.8,0,0
2026-09-04 13:05:26,32.76,0,0
2026-09-04 13:05:26,31.56,0,0
2026-09-04 13:05:26,31.53,0,0
2026-09-04 13:05:27,30.62,0,0
2026-09-04 13:05:27,31.74,0,0
2026-09-04 13:05:27,15.12,0,0
2026-09-04 13:05:27,22.72,0,0
2026-09-04 13:05:27,31.79,0,0
2026-09-04 13:05:27,15.14,0,0
2026-09-04 13:05:27,31.61,0,0
2026-09-04 13:05:28,31.86,0,0
2026-09-04 13:05:28,16.19,0,0
2026-09-04 13:05:28,15.51,0,0
2026-09-04 13:05:28,31.68,0,0
2026-09-04 13:05:28,15.36,0,0
2026-09-04 13:05:28,15.9,0,0
2026-09-04 13:05:28,15.39,0,0
2026-09-04 13:05:28,32.06,0,0
2026-09-04 13:05:29,15.98,0,0
2026-09-04 13:05:29,31.52,0,0
2026-09-04 13:05:29,16.03,0,0
2026-09-04 13:05:29,31.55,0,0
2026-09-04 13:05:59,20.1,0,0
2026-09-04 13:05:59,10.66,0,0
2026-09-04 13:05:59,5.24,0,0
2026-09-04 13:05:59,10.89,0,0
2026-09-04 13:06:00,5.19,0,0
2026-09-04 13:06:00,7.76,0,0
2026-09-04 13:06:00,15.86,0,0
2026-09-04 13:06:00,3.92,0,0
2026-09-04 13:06:00,15.76,0,0
2026-09-04 13:06:00,4.17,0,0
2026-09-04 13:06:00,15.89,0,0
2026-09-04 13:06:00,26.55,0,0
2026-09-04 13:06:01,3.28,0,0
2026-09-04 13:06:01,16.81,0,0
2026-09-04 13:06:01,15.02,0,0
2026-09-04 13:06:01,31.13,0,0
2026-09-04 13:06:01,33.29,0,0
2026-09-04 13:06:01,31.3,0,0
2026-09-04 13:06:01,31.63,0,0
2026-09-04 13:06:01,7.64,0,0
2026-09-04 13:06:02,6.26,0,0
2026-09-04 13:06:02,30.75,0,0
2026-09-04 13:06:02,13.07,0,0
2026-09-04 13:06:02,23.96,0,0
2026-09-04 13:06:02,32.79,0,0
2026-09-04 13:06:02,15.83,0,0
2026-09-04 13:06:02,15.68,0,0
2026-09-04 13:06:02,16.04,0,0
2026-09-04 13:06:03,16.12,0,0
2026-09-04 13:06:03,16.52,0,0
2026-09-04 13:06:03,15.99,0,0
2026-09-04 13:06:03,16.05,0,0
2026-09-04 13:06:03,16.59,0,0
2026-09-04 13:06:03,16.03,0,0
2026-09-04 13:06:03,9.31,0,0
2026-09-04 13:06:03,15.61,0,0
2026-09-04 13:06:04,4.64,0,0
2026-09-04 13:06:04,5.48,0,0
2026-09-04 13:06:04,13.22,0,0
2026-09-04 13:06:04,4.11,0,0
2026-09-04 13:06:04,6.5,0,0
2026-09-04 13:06:04,3.77,0,0
2026-09-04 13:06:04,15.77,0,0
2026-09-04 13:06:04,6.09,0,0
2026-09-04 13:06:04,3.47,0,0
2026-09-04 13:06:05,8.43,0,0
2026-09-04 13:06:05,15.39,0,0
2026-09-04 13:06:05,15.86,0,0
2026-09-04 13:06:05,8.83,0,0
2026-09-04 13:06:05,31.33,0,0
2026-09-04 13:06:05,30.83,0,0
2026-09-04 13:06:05,30.76,0,0
2026-09-04 13:06:06,32.61,0,0
2026-09-04 13:06:06,5.4,0,0
2026-09-04 13:06:06,15.61,0,0
2026-09-04 13:06:06,31.56,0,0
2026-09-04 13:06:06,7.23,0,0
2026-09-04 13:06:06,15.51,0,0
2026-09-04 13:06:06,19.63,0,0
2026-09-04 13:06:06,15.74,0,0
2026-09-04 13:06:07,32.58,0,0
2026-09-04 13:06:07,30.95,0,0
2026-09-04 13:06:07,5.49,0,0
2026-09-04 13:06:07,16.17,0,0
2026-09-04 13:06:07,4.3,0,0
2026-09-04 13:06:07,6.21,0,0
2026-09-04 13:06:07,3.12,0,0
2026-09-04 13:06:07,14.91,0,0
2026-09-04 13:06:07,6.73,0,0
2026-09-04 13:06:08,5.91,0,0
2026-09-04 13:06:08,7.96,0,0
2026-09-04 13:06:08,5.5,0,0
2026-09-04 13:06:08,5.07,0,0
2026-09-04 13:06:08,7.38,0,0
2026-09-04 13:06:08,7.72,0,0
2026-09-04 13:06:08,3.58,0,0
2026-09-04 13:06:08,23.83,0,0
2026-09-04 13:06:08,14.14,0,0
2026-09-04 13:06:09,15.97,0,0
2026-09-04 13:06:09,13.78,0,0
2026-09-04 13:06:09,31.48,0,0
2026-09-04 13:06:09,11.7,0,0
2026-09-04 13:06:09,22.46,0,0
2026-09-04 13:06:09,30.93,0,0
2026-09-04 13:06:09,30.49,0,0
2026-09-04 13:06:10,31.31,0,0
2026-09-04 13:06:10,16.07,0,0
2026-09-04 13:06:10,16.52,0,0
2026-09-04 13:06:10,23.53,0,0
2026-09-04 13:06:10,7.15,0,0
2026-09-04 13:06:10,4.83,0,0
2026-09-04 13:06:10,4.17,0,0
2026-09-04 13:06:10,5.3,0,0
2026-09-04 13:06:10,5.52,0,0
2026-09-04 13:06:11,32.79,0,0
2026-09-04 13:06:11,6.64,0,0
2026-09-04 13:06:11,6.39,0,0
2026-09-04 13:06:11,3.78,0,0
2026-09-04 13:06:11,5.45,0,0
2026-09-04 13:06:11,15.74,0,0
2026-09-04 13:06:11,5.67,0,0
2026-09-04 13:06:11,4.45,0,0
2026-09-04 13:06:11,3.08,0,0
2026-09-04 13:06:12,21.47,0,0
2026-09-04 13:06:12,16.11,0,0
2026-09-04 13:06:12,31.29,0,0
2026-09-04 13:06:12,11.47,0,0
2026-09-04 13:06:12,4.63,0,0
2026-09-04 13:06:12,24.58,0,0
2026-09-04 13:06:12,15.76,0,0
2026-09-04 13:06:12,15.02,0,0
2026-09-04 13:06:13,6.1,0,0
2026-09-04 13:06:13,15.32,0,0
2026-09-04 13:06:13,4.48,0,0
2026-09-04 13:06:13,14.57,0,0
2026-09-04 13:06:13,15.81,0,0
2026-09-04 13:06:13,15.84,0,0
2026-09-04 13:06:13,5.17,0,0
2026-09-04 13:06:13,6.42,0,0
2026-09-04 13:06:14,7.89,0,0
2026-09-04 13:06:14,23.71,0,0
2026-09-04 13:06:14,8.11,0,0
2026-09-04 13:06:14,31.6,0,0
2026-09-04 13:06:14,17.9,0,0
2026-09-04 13:06:14,9.21,0,0
2026-09-04 13:06:14,8.31,0,0
2026-09-04 13:06:14,5.85,0,0
2026-09-04 13:06:14,4.1,0,0
2026-09-04 13:06:15,31.97,0,0
2026-09-04 13:06:15,16.28,0,0
2026-09-04 13:06:15,6.45,0,0
2026-09-04 13:06:15,31.88,0,0
2026-09-04 13:06:15,20.01,0,0
2026-09-04 13:06:15,16.09,0,0
2026-09-04 13:06:15,15.61,0,0
2026-09-04 13:06:15,16.8,0,0
2026-09-04 13:06:16,16.03,0,0
2026-09-04 13:06:16,16.07,0,0
2026-09-04 13:06:16,14.73,0,0
2026-09-04 13:06:16,16.36,0,0
2026-09-04 13:06:16,14.35,0,0
2026-09-04 13:06:16,14.39,0,0
2026-09-04 13:06:16,15.47,0,0
2026-09-04 13:06:16,30.94,0,0
2026-09-04 13:06:17,15.34,0,0
2026-09-04 13:06:17,15.42,0,0
2026-09-04 13:06:17,16.02,0,0
2026-09-04 13:06:17,31.54,0,0
2026-09-04 13:06:17,16.4,0,0
2026-09-04 13:06:17,5.58,0,0
2026-09-04 13:06:17,6.83,0,0
2026-09-04 13:06:17,6.21,0,0
2026-09-04 13:06:18,4.35,0,0
2026-09-04 13:06:18,15.37,0,0
2026-09-04 13:06:18,3.45,0,0
2026-09-04 13:06:18,7.57,0,0
2026-09-04 13:06:18,15.86,0,0
2026-09-04 13:06:18,4.46,0,0
2026-09-04 13:06:18,15.56,0,0
2026-09-04 13:06:18,5.43,0,0
2026-09-04 13:06:18,3.9,0,0
2026-09-04 13:06:19,23.06,0,0
2026-09-04 13:06:19,4.61,0,0
2026-09-04 13:06:19,5.97,0,0
2026-09-04 13:06:19,16.14,0,0
2026-09-04 13:06:19,5.76,0,0
2026-09-04 13:06:19,4.64,0,0
2026-09-04 13:06:19,5.09,0,0
2026-09-04 13:06:19,19.22,0,0
2026-09-04 13:06:20,16.43,0,0
2026-09-04 13:06:20,3.16,0,0
2026-09-04 13:06:20,7.96,0,0
2026-09-04 13:06:20,5.5,0,0
2026-09-04 13:06:20,4.24,0,0
2026-09-04 13:06:20,13.72,0,0
2026-09-04 13:06:20,22.44,0,0
2026-09-04 13:06:20,5.82,0,0
2026-09-04 13:06:20,17.96,0,0
2026-09-04 13:06:21,6.97,0,0
2026-09-04 13:06:21,4.86,0,0
2026-09-04 13:06:21,5.3,0,0
2026-09-04 13:06:21,5.39,0,0
2026-09-04 13:06:21,5.67,0,0
2026-09-04 13:06:21,4.35,0,0
2026-09-04 13:06:21,15.58,0,0
2026-09-04 13:06:21,21.02,0,0
2026-09-04 13:06:22,31.81,0,0
2026-09-04 13:06:22,14.94,0,0
2026-09-04 13:06:22,30.91,0,0
2026-09-04 13:06:22,15.68,0,0
2026-09-04 13:06:22,15.2,0,0
2026-09-04 13:06:22,6.09,0,0
2026-09-04 13:06:22,3.77,0,0
2026-09-04 13:06:22,4.34,0,0
2026-09-04 13:06:22,3.79,0,0
2026-09-04 13:06:23,3.26,0,0
2026-09-04 13:06:23,6.31,0,0
2026-09-04 13:06:23,3.44,0,0
2026-09-04 13:06:23,3.03,0,0
2026-09-04 13:06:23,13.24,0,0
2026-09-04 13:06:23,15.72,0,0
2026-09-04 13:06:23,30.5,0,0
2026-09-04 13:06:23,23.24,0,0
2026-09-04 13:06:24,16.13,0,0
2026-09-04 13:06:24,32.17,0,0
2026-09-04 13:06:24,31.69,0,0
2026-09-04 13:06:24,4.64,0,0
2026-09-04 13:06:24,14.42,0,0
2026-09-04 13:06:24,15.39,0,0
2026-09-04 13:06:24,28.29,0,0
2026-09-04 13:06:24,30.13,0,0
2026-09-04 13:06:25,31.12,0,0
2026-09-04 13:06:25,15.29,0,0
2026-09-04 13:06:25,6.16,0,0
2026-09-04 13:06:25,5.12,0,0
2026-09-04 13:06:25,14.45,0,0
2026-09-04 13:06:25,5.06,0,0
2026-09-04 13:06:25,15.89,0,0
2026-09-04 13:06:25,15.55,0,0
2026-09-04 13:06:26,15.65,0,0
2026-09-04 13:06:26,16.12,0,0
2026-09-04 13:06:26,4.17,0,0
2026-09-04 13:06:26,15.8,0,0
2026-09-04 13:06:26,8.22,0,0
2026-09-04 13:06:26,4.17,0,0
2026-09-04 13:06:26,15.1,0,0
2026-09-04 13:06:26,12.46,0,0
2026-09-04 13:06:27,12.51,0,0
2026-09-04 13:06:27,16.01,0,0
2026-09-04 13:06:27,16.56,0,0
2026-09-04 13:06:27,33.34,0,0
2026-09-04 13:06:27,15.69,0,0
2026-09-04 13:06:27,24.51,0,0
2026-09-04 13:06:27,15.76,0,0
2026-09-04 13:06:27,18.99,0,0
2026-09-04 13:06:28,32.48,0,0
2026-09-04 13:06:28,16.04,0,0
2026-09-04 13:06:28,8.73,0,0
2026-09-04 13:06:28,15.92,0,0
2026-09-04 13:06:28,31.39,0,0
2026-09-04 13:06:28,15.68,0,0
2026-09-04 13:06:28,16.97,0,0
2026-09-04 13:06:28,4.5,0,0
2026-09-04 13:06:29,15.68,0,0
2026-09-04 13:06:29,29.86,0,0
2026-09-04 13:06:29,5.82,0,0
2026-09-04 13:06:29,2.9,0,0
2026-09-04 13:06:29,15.89,0,0
2026-09-04 13:06:50,5000,1,0
2026-09-04 13:06:51,5000,1,0
2026-09-04 13:06:51,281.37,0,0
2026-09-04 13:06:51,16.43,0,0
2026-09-04 13:06:52,31.22,0,0
2026-09-04 13:06:52,31.04,0,0
2026-09-04 13:06:52,28.2,0,0
2026-09-04 13:06:52,21.4,0,0
2026-09-04 13:06:52,30.98,0,0
2026-09-04 13:06:52,31.02,0,0
2026-09-04 13:06:52,31.44,0,0
2026-09-04 13:06:53,32.21,0,0
2026-09-04 13:06:53,31.97,0,0
2026-09-04 13:06:53,18.11,0,0
2026-09-04 13:06:53,31.23,0,0
2026-09-04 13:06:53,31.54,0,0
2026-09-04 13:06:53,34.1,0,0
2026-09-04 13:06:53,31.79,0,0
2026-09-04 13:06:53,25.4,0,0
2026-09-04 13:06:54,9.65,0,0
2026-09-04 13:06:54,15.38,0,0
2026-09-04 13:06:54,31.7,0,0
2026-09-04 13:06:54,30.79,0,0
2026-09-04 13:06:54,30.74,0,0
2026-09-04 13:06:54,31.18,0,0
2026-09-04 13:06:54,19.73,0,0
2026-09-04 13:06:55,15.22,0,0
2026-09-04 13:06:55,31.03,0,0
2026-09-04 13:06:55,15.77,0,0
2026-09-04 13:06:55,14.66,0,0
2026-09-04 13:06:55,31.82,0,0
2026-09-04 13:06:55,16.49,0,0
2026-09-04 13:06:55,15.57,0,0
2026-09-04 13:06:55,17.24,0,0
2026-09-04 13:06:56,32.29,0,0
2026-09-04 13:06:56,15.2,0,0
2026-09-04 13:06:56,16.67,0,0
2026-09-04 13:06:56,11.71,0,0
2026-09-04 13:06:56,14.84,0,0
2026-09-04 13:06:56,16.26,0,0
2026-09-04 13:06:56,16.7,0,0
2026-09-04 13:06:56,15.5,0,0
2026-09-04 13:06:57,6.74,0,0
2026-09-04 13:06:57,15.12,0,0
2026-09-04 13:06:57,15.95,0,0
2026-09-04 13:06:57,15.65,0,0
2026-09-04 13:06:57,16.04,0,0
2026-09-04 13:06:57,11.62,0,0
2026-09-04 13:06:57,6.55,0,0
2026-09-04 13:06:57,15.35,0,0
2026-09-04 13:06:58,16.44,0,0
2026-09-04 13:06:58,15.13,0,0
2026-09-04 13:06:58,15.27,0,0
2026-09-04 13:06:58,31.86,0,0
2026-09-04 13:06:58,15.72,0,0
2026-09-04 13:06:58,13.72,0,0
2026-09-04 13:06:58,15.71,0,0
2026-09-04 13:06:58,16.5,0,0
2026-09-04 13:06:59,31.92,0,0
2026-09-04 13:06:59,32.66,0,0
2026-09-04 13:06:59,30.52,0,0
2026-09-04 13:06:59,30.92,0,0
2026-09-04 13:06:59,31.52,0,0
2026-09-04 13:06:59,31.97,0,0
2026-09-04 13:06:59,31.59,0,0
2026-09-04 13:07:00,8.43,0,0
2026-09-04 13:07:00,26.11,0,0
2026-09-04 13:07:00,33.42,0,0
2026-09-04 13:07:00,29.82,0,0
2026-09-04 13:07:00,31.24,0,0
2026-09-04 13:07:00,31.47,0,0
2026-09-04 13:07:00,19.07,0,0
2026-09-04 13:07:00,18.4,0,0
2026-09-04 13:07:01,32.48,0,0
2026-09-04 13:07:01,13.2,0,0
2026-09-04 13:07:01,16.5,0,0
2026-09-04 13:07:01,16.22,0,0
2026-09-04 13:07:01,16.0,0,0
2026-09-04 13:07:01,15.88,0,0
2026-09-04 13:07:01,16.29,0,0
2026-09-04 13:07:01,16.34,0,0
2026-09-04 13:07:02,16.19,0,0
2026-09-04 13:07:02,15.8,0,0
2026-09-04 13:07:02,16.05,0,0
2026-09-04 13:07:02,16.03,0,0
2026-09-04 13:07:02,15.9,0,0
2026-09-04 13:07:02,16.24,0,0
2026-09-04 13:07:02,15.0,0,0
2026-09-04 13:07:02,16.34,0,0
2026-09-04 13:07:03,15.63,0,0
2026-09-04 13:07:03,15.18,0,0
2026-09-04 13:07:03,15.87,0,0
2026-09-04 13:07:03,16.25,0,0
2026-09-04 13:07:03,15.04,0,0
2026-09-04 13:07:03,9.06,0,0
2026-09-04 13:07:03,3.95,0,0
2026-09-04 13:07:03,31.11,0,0
2026-09-04 13:07:04,15.0,0,0
2026-09-04 13:07:04,16.04,0,0
2026-09-04 13:07:04,5.91,0,0
2026-09-04 13:07:04,15.68,0,0
2026-09-04 13:07:04,16.62,0,0
2026-09-04 13:07:04,4.29,0,0
2026-09-04 13:07:04,31.5,0,0
2026-09-04 13:07:04,30.44,0,0
2026-09-04 13:07:05,34.98,0,0
2026-09-04 13:07:05,5.78,0,0
2026-09-04 13:07:05,24.06,0,0
2026-09-04 13:07:05,31.08,0,0
2026-09-04 13:07:05,30.43,0,0
2026-09-04 13:07:05,32.56,0,0
2026-09-04 13:07:05,31.44,0,0
2026-09-04 13:07:06,15.41,0,0
2026-09-04 13:07:06,30.96,0,0
2026-09-04 13:07:06,15.64,0,0
2026-09-04 13:07:06,3.55,0,0
2026-09-04 13:07:06,16.88,0,0
2026-09-04 13:07:06,30.05,0,0
2026-09-04 13:07:06,21.36,0,0
2026-09-04 13:07:06,13.24,0,0
2026-09-04 13:07:07,15.95,0,0
2026-09-04 13:07:07,5.3,0,0
2026-09-04 13:07:07,15.36,0,0
2026-09-04 13:07:07,4.99,0,0
2026-09-04 13:07:07,4.06,0,0
2026-09-04 13:07:07,15.49,0,0
2026-09-04 13:07:07,3.05,0,0
2026-09-04 13:07:07,3.94,0,0
2026-09-04 13:07:07,15.23,0,0
2026-09-04 13:07:08,5.54,0,0
2026-09-04 13:07:08,16.76,0,0
2026-09-04 13:07:08,4.75,0,0
2026-09-04 13:07:08,24.02,0,0
2026-09-04 13:07:08,5.68,0,0
2026-09-04 13:07:08,15.59,0,0
2026-09-04 13:07:08,8.5,0,0
2026-09-04 13:07:08,5.65,0,0
2026-09-04 13:07:09,7.73,0,0
2026-09-04 13:07:09,15.08,0,0
2026-09-04 13:07:09,5.3,0,0
2026-09-04 13:07:09,16.05,0,0
2026-09-04 13:07:09,6.33,0,0
2026-09-04 13:07:09,14.97,0,0
2026-09-04 13:07:09,15.14,0,0
2026-09-04 13:07:09,7.57,0,0
2026-09-04 13:07:09,15.24,0,0
2026-09-04 13:07:10,5.53,0,0
2026-09-04 13:07:10,15.69,0,0
2026-09-04 13:07:10,26.73,0,0
2026-09-04 13:07:10,18.24,0,0
2026-09-04 13:07:10,31.99,0,0
2026-09-04 13:07:10,27.22,0,0
2026-09-04 13:07:10,24.36,0,0
2026-09-04 13:07:11,31.35,0,0
2026-09-04 13:07:11,33.34,0,0
2026-09-04 13:07:11,16.67,0,0
2026-09-04 13:07:11,15.89,0,0
2026-09-04 13:07:11,31.62,0,0
2026-09-04 13:07:11,22.03,0,0
2026-09-04 13:07:11,15.07,0,0
2026-09-04 13:07:11,6.4,0,0
2026-09-04 13:07:12,32.0,0,0
2026-09-04 13:07:12,31.86,0,0
2026-09-04 13:07:12,29.65,0,0
2026-09-04 13:07:12,32.07,0,0
2026-09-04 13:07:12,30.79,0,0
2026-09-04 13:07:12,10.28,0,0
2026-09-04 13:07:12,4.98,0,0
2026-09-04 13:07:12,5.23,0,0
2026-09-04 13:07:13,32.0,0,0
2026-09-04 13:07:13,31.86,0,0
2026-09-04 13:07:13,15.12,0,0
2026-09-04 13:07:13,32.24,0,0
2026-09-04 13:07:13,32.27,0,0
2026-09-04 13:07:13,29.83,0,0
2026-09-04 13:07:13,30.35,0,0
2026-09-04 13:07:14,30.0,0,0
2026-09-04 13:07:14,4.93,0,0
2026-09-04 13:07:14,15.81,0,0
2026-09-04 13:07:14,32.94,0,0
2026-09-04 13:07:14,30.45,0,0
2026-09-04 13:07:14,31.44,0,0
2026-09-04 13:07:14,3.25,0,0
2026-09-04 13:07:14,6.85,0,0
2026-09-04 13:07:15,15.44,0,0
2026-09-04 13:07:15,32.6,0,0
2026-09-04 13:07:15,6.65,0,0
2026-09-04 13:07:15,16.21,0,0
2026-09-04 13:07:15,14.86,0,0
2026-09-04 13:07:15,14.85,0,0
2026-09-04 13:07:15,34.93,0,0
2026-09-04 13:07:15,8.45,0,0
2026-09-04 13:07:16,6.59,0,0
2026-09-04 13:07:16,7.94,0,0
2026-09-04 13:07:16,7.08,0,0
2026-09-04 13:07:16,4.81,0,0
2026-09-04 13:07:16,19.59,0,0
2026-09-04 13:07:16,5.49,0,0
2026-09-04 13:07:16,19.24,0,0
2026-09-04 13:07:16,31.41,0,0
2026-09-04 13:07:17,31.12,0,0
2026-09-04 13:07:17,3.4,0,0
2026-09-04 13:07:17,30.33,0,0
2026-09-04 13:07:17,4.49,0,0
2026-09-04 13:07:17,33.84,0,0
2026-09-04 13:07:17,6.09,0,0
2026-09-04 13:07:17,14.39,0,0
2026-09-04 13:07:17,6.22,0,0
2026-09-04 13:07:17,16.04,0,0
2026-09-04 13:07:18,31.96,0,0
2026-09-04 13:07:18,15.68,0,0
2026-09-04 13:07:18,16.26,0,0
2026-09-04 13:07:18,5.99,0,0
2026-09-04 13:07:18,16.78,0,0
2026-09-04 13:07:18,32.26,0,0
2026-09-04 13:07:18,20.08,0,0
2026-09-04 13:07:18,14.52,0,0
2026-09-04 13:07:19,32.11,0,0
2026-09-04 13:07:19,30.53,0,0
2026-09-04 13:07:19,31.2,0,0
2026-09-04 13:07:19,31.91,0,0
2026-09-04 13:07:19,17.14,0,0
2026-09-04 13:07:50,497.88,0,0
2026-09-04 13:07:50,30.3,0,0
2026-09-04 13:07:50,34.62,0,0
2026-09-04 13:07:50,6.78,0,0
2026-09-04 13:07:50,33.19,0,0
2026-09-04 13:07:50,31.0,0,0
2026-09-04 13:07:50,15.99,0,0
2026-09-04 13:07:51,10.1,0,0
2026-09-04 13:07:51,33.32,0,0
2026-09-04 13:07:51,32.52,0,0
2026-09-04 13:07:51,31.68,0,0
2026-09-04 13:07:51,32.98,0,0
2026-09-04 13:07:51,30.93,0,0
2026-09-04 13:07:51,21.38,0,0
2026-09-04 13:07:52,32.03,0,0
2026-09-04 13:07:52,13.54,0,0
2026-09-04 13:07:52,32.15,0,0
2026-09-04 13:07:52,30.77,0,0
2026-09-04 13:07:52,32.19,0,0
2026-09-04 13:07:52,6.39,0,0
2026-09-04 13:07:52,7.4,0,0
2026-09-04 13:07:52,32.22,0,0
2026-09-04 13:07:53,32.0,0,0
2026-09-04 13:07:53,30.23,0,0
2026-09-04 13:07:53,14.45,0,0
2026-09-04 13:07:53,31.9,0,0
2026-09-04 13:07:53,30.77,0,0
2026-09-04 13:07:53,24.6,0,0
2026-09-04 13:07:53,19.17,0,0
2026-09-04 13:07:54,33.11,0,0
2026-09-04 13:07:54,7.88,0,0
2026-09-04 13:07:54,30.27,0,0
2026-09-04 13:07:54,30.86,0,0
2026-09-04 13:07:54,30.38,0,0
2026-09-04 13:07:54,33.94,0,0
2026-09-04 13:07:54,32.86,0,0
2026-09-04 13:07:55,23.86,0,0
2026-09-04 13:07:55,31.04,0,0
2026-09-04 13:07:55,30.72,0,0
2026-09-04 13:07:55,31.63,0,0
2026-09-04 13:07:55,31.27,0,0
2026-09-04 13:07:55,32.24,0,0
2026-09-04 13:07:55,31.35,0,0
2026-09-04 13:07:55,32.07,0,0
2026-09-04 13:07:56,32.65,0,0
2026-09-04 13:07:56,28.64,0,0
2026-09-04 13:07:56,32.29,0,0
2026-09-04 13:07:56,4.07,0,0
2026-09-04 13:07:56,26.3,0,0
2026-09-04 13:07:56,31.92,0,0
2026-09-04 13:07:56,32.44,0,0
2026-09-04 13:07:57,16.37,0,0
2026-09-04 13:07:57,16.39,0,0
2026-09-04 13:07:57,16.25,0,0
2026-09-04 13:07:57,19.75,0,0
2026-09-04 13:07:57,8.76,0,0
2026-09-04 13:07:57,10.53,0,0
2026-09-04 13:07:57,30.79,0,0
2026-09-04 13:07:57,23.46,0,0
2026-09-04 13:07:58,8.29,0,0
2026-09-04 13:07:58,16.81,0,0
2026-09-04 13:07:58,6.14,0,0
2026-09-04 13:07:58,8.28,0,0
2026-09-04 13:07:58,31.29,0,0
2026-09-04 13:07:58,19.63,0,0
2026-09-04 13:07:58,31.67,0,0
2026-09-04 13:07:58,21.37,0,0
2026-09-04 13:07:59,32.19,0,0
2026-09-04 13:07:59,33.16,0,0
2026-09-04 13:07:59,32.96,0,0
2026-09-04 13:07:59,31.83,0,0
2026-09-04 13:07:59,20.49,0,0
2026-09-04 13:07:59,30.62,0,0
2026-09-04 13:07:59,33.22,0,0
2026-09-04 13:08:00,16.9,0,0
2026-09-04 13:08:00,9.72,0,0
2026-09-04 13:08:00,29.63,0,0
2026-09-04 13:08:00,32.69,0,0
2026-09-04 13:08:00,32.08,0,0
2026-09-04 13:08:00,33.13,0,0
2026-09-04 13:08:00,16.07,0,0
2026-09-04 13:08:00,21.47,0,0
2026-09-04 13:08:01,17.53,0,0
2026-09-04 13:08:01,30.37,0,0
2026-09-04 13:08:01,31.45,0,0
2026-09-04 13:08:01,26.05,0,0
2026-09-04 13:08:01,10.63,0,0
2026-09-04 13:08:01,10.47,0,0
2026-09-04 13:08:01,23.97,0,0
2026-09-04 13:08:01,8.49,0,0
2026-09-04 13:08:02,11.44,0,0
2026-09-04 13:08:02,24.58,0,0
2026-09-04 13:08:02,15.12,0,0
2026-09-04 13:08:02,31.95,0,0
2026-09-04 13:08:02,31.67,0,0
2026-09-04 13:08:02,34.63,0,0
2026-09-04 13:08:02,31.81,0,0
2026-09-04 13:08:02,6.08,0,0
2026-09-04 13:08:03,15.87,0,0
2026-09-04 13:08:03,30.88,0,0
2026-09-04 13:08:03,30.65,0,0
2026-09-04 13:08:03,24.0,0,0
2026-09-04 13:08:03,22.64,0,0
2026-09-04 13:08:03,31.48,0,0
2026-09-04 13:08:03,32.44,0,0
2026-09-04 13:08:04,30.68,0,0
2026-09-04 13:08:04,3.67,0,0
2026-09-04 13:08:04,33.55,0,0
2026-09-04 13:08:04,32.27,0,0
2026-09-04 13:08:04,24.5,0,0
2026-09-04 13:08:04,31.77,0,0
2026-09-04 13:08:04,32.83,0,0
2026-09-04 13:08:04,31.35,0,0
2026-09-04 13:08:05,31.4,0,0
2026-09-04 13:08:05,31.8,0,0
2026-09-04 13:08:05,33.19,0,0
2026-09-04 13:08:05,32.0,0,0
2026-09-04 13:08:05,30.03,0,0
2026-09-04 13:08:05,31.47,0,0
2026-09-04 13:08:05,23.23,0,0
2026-09-04 13:08:06,15.12,0,0
2026-09-04 13:08:06,32.58,0,0
2026-09-04 13:08:06,7.57,0,0
2026-09-04 13:08:06,4.24,0,0
2026-09-04 13:08:06,14.3,0,0
2026-09-04 13:08:06,31.4,0,0
2026-09-04 13:08:06,15.9,0,0
2026-09-04 13:08:06,30.97,0,0
2026-09-04 13:08:07,15.64,0,0
2026-09-04 13:08:07,18.93,0,0
2026-09-04 13:08:07,32.08,0,0
2026-09-04 13:08:07,15.69,0,0
2026-09-04 13:08:07,13.38,0,0
2026-09-04 13:08:07,8.85,0,0
2026-09-04 13:08:07,10.13,0,0
2026-09-04 13:08:07,4.11,0,0
2026-09-04 13:08:08,4.28,0,0
2026-09-04 13:08:08,17.61,0,0
2026-09-04 13:08:08,33.13,0,0
2026-09-04 13:08:08,16.5,0,0
2026-09-04 13:08:08,31.45,0,0
2026-09-04 13:08:08,31.19,0,0
2026-09-04 13:08:08,31.03,0,0
2026-09-04 13:08:08,31.93,0,0
2026-09-04 13:08:09,30.08,0,0
2026-09-04 13:08:09,23.69,0,0
2026-09-04 13:08:09,31.04,0,0
2026-09-04 13:08:09,32.73,0,0
2026-09-04 13:08:09,30.93,0,0
2026-09-04 13:08:09,31.71,0,0
2026-09-04 13:08:09,27.27,0,0
2026-09-04 13:08:10,19.39,0,0
2026-09-04 13:08:10,32.13,0,0
2026-09-04 13:08:10,33.28,0,0
2026-09-04 13:08:10,15.97,0,0
2026-09-04 13:08:10,31.6,0,0
2026-09-04 13:08:10,32.02,0,0
2026-09-04 13:08:10,21.54,0,0
2026-09-04 13:08:11,32.4,0,0
2026-09-04 13:08:11,31.5,0,0
2026-09-04 13:08:11,31.94,0,0
2026-09-04 13:08:11,20.21,0,0
2026-09-04 13:08:11,31.87,0,0
2026-09-04 13:08:11,27.46,0,0
2026-09-04 13:08:11,31.31,0,0
2026-09-04 13:08:11,31.87,0,0
2026-09-04 13:08:12,30.6,0,0
2026-09-04 13:08:12,31.16,0,0
2026-09-04 13:08:12,32.56,0,0
2026-09-04 13:08:12,31.04,0,0
2026-09-04 13:08:12,15.21,0,0
2026-09-04 13:08:12,31.78,0,0
2026-09-04 13:08:12,17.81,0,0
2026-09-04 13:08:13,31.65,0,0
2026-09-04 13:08:13,30.71,0,0
2026-09-04 13:08:13,31.0,0,0
2026-09-04 13:08:13,31.31,0,0
2026-09-04 13:08:13,31.59,0,0
2026-09-04 13:08:13,15.75,0,0
2026-09-04 13:08:13,31.18,0,0
2026-09-04 13:08:14,33.13,0,0
2026-09-04 13:08:14,31.31,0,0
2026-09-04 13:08:14,31.56,0,0
2026-09-04 13:08:14,31.08,0,0
2026-09-04 13:08:14,31.29,0,0
2026-09-04 13:08:14,33.56,0,0
2026-09-04 13:08:14,30.12,0,0
2026-09-04 13:08:15,31.04,0,0
2026-09-04 13:08:15,33.87,0,0
2026-09-04 13:08:15,31.34,0,0
2026-09-04 13:08:15,31.78,0,0
2026-09-04 13:08:15,30.17,0,0
2026-09-04 13:08:15,32.6,0,0
2026-09-04 13:08:15,31.83,0,0
2026-09-04 13:08:15,30.94,0,0
2026-09-04 13:08:16,31.23,0,0
2026-09-04 13:08:16,31.24,0,0
2026-09-04 13:08:16,27.72,0,0
2026-09-04 13:08:16,23.92,0,0
2026-09-04 13:08:16,32.76,0,0
2026-09-04 13:08:16,31.58,0,0
2026-09-04 13:08:16,15.34,0,0
2026-09-04 13:08:17,30.44,0,0
2026-09-04 13:08:17,27.9,0,0
2026-09-04 13:08:17,31.59,0,0
2026-09-04 13:08:17,31.21,0,0
2026-09-04 13:08:17,32.21,0,0
2026-09-04 13:08:17,30.74,0,0
2026-09-04 13:08:17,33.42,0,0
2026-09-04 13:08:18,31.39,0,0
2026-09-04 13:08:18,23.31,0,0
2026-09-04 13:08:18,33.24,0,0
2026-09-04 13:08:18,32.3,0,0
2026-09-04 13:08:18,31.02,0,0
2026-09-04 13:08:18,31.7,0,0
2026-09-04 13:08:18,22.23,0,0
2026-09-04 13:08:18,13.83,0,0
2026-09-04 13:08:19,18.74,0,0
2026-09-04 13:08:19,31.24,0,0
2026-09-04 13:08:19,27.06,0,0
2026-09-04 13:08:19,24.14,0,0
2026-09-04 13:08:19,32.33,0,0
2026-09-04 13:08:19,6.03,0,0
2026-09-04 13:08:49,974.33,0,0
2026-09-04 13:08:50,30.79,0,0
2026-09-04 13:08:50,14.89,0,0
2026-09-04 13:08:50,31.24,0,0
2026-09-04 13:08:50,31.33,0,0
2026-09-04 13:08:50,16.21,0,0
2026-09-04 13:08:50,30.75,0,0
2026-09-04 13:08:50,31.47,0,0
2026-09-04 13:08:51,15.82,0,0
2026-09-04 13:08:51,18.82,0,0
2026-09-04 13:08:51,31.5,0,0
2026-09-04 13:08:51,32.0,0,0
2026-09-04 13:08:51,20.86,0,0
2026-09-04 13:08:51,31.47,0,0
2026-09-04 13:08:51,31.63,0,0
2026-09-04 13:08:51,14.82,0,0
2026-09-04 13:08:52,31.88,0,0
2026-09-04 13:08:52,30.25,0,0
2026-09-04 13:08:52,15.92,0,0
2026-09-04 13:08:52,31.47,0,0
2026-09-04 13:08:52,31.72,0,0
2026-09-04 13:08:52,32.4,0,0
2026-09-04 13:08:52,31.43,0,0
2026-09-04 13:08:53,31.1,0,0
2026-09-04 13:08:53,32.06,0,0
2026-09-04 13:08:53,31.03,0,0
2026-09-04 13:08:53,30.08,0,0
2026-09-04 13:08:53,21.0,0,0
2026-09-04 13:08:53,30.93,0,0
2026-09-04 13:08:53,29.44,0,0
2026-09-04 13:08:54,19.94,0,0
2026-09-04 13:08:54,32.64,0,0
2026-09-04 13:08:54,32.23,0,0
2026-09-04 13:08:54,31.02,0,0
2026-09-04 13:08:54,33.19,0,0
2026-09-04 13:08:54,30.96,0,0
2026-09-04 13:08:54,31.53,0,0
2026-09-04 13:08:54,32.1,0,0
2026-09-04 13:08:55,33.7,0,0
2026-09-04 13:08:55,19.5,0,0
2026-09-04 13:08:55,29.9,0,0
2026-09-04 13:08:55,32.01,0,0
2026-09-04 13:08:55,31.54,0,0
2026-09-04 13:08:55,31.6,0,0
2026-09-04 13:08:55,16.12,0,0
2026-09-04 13:08:56,30.32,0,0
2026-09-04 13:08:56,31.51,0,0
2026-09-04 13:08:56,16.65,0,0
2026-09-04 13:08:56,31.3,0,0
2026-09-04 13:08:56,31.66,0,0
2026-09-04 13:08:56,29.91,0,0
2026-09-04 13:08:56,31.69,0,0
2026-09-04 13:08:57,14.94,0,0
2026-09-04 13:08:57,31.24,0,0
2026-09-04 13:08:57,32.11,0,0
2026-09-04 13:08:57,5.97,0,0
2026-09-04 13:08:57,25.74,0,0
2026-09-04 13:08:57,32.38,0,0
2026-09-04 13:08:57,8.33,0,0
2026-09-04 13:08:57,5.56,0,0
2026-09-04 13:08:58,18.46,0,0
2026-09-04 13:08:58,18.51,0,0
2026-09-04 13:08:58,31.17,0,0
2026-09-04 13:08:58,33.58,0,0
2026-09-04 13:08:58,31.69,0,0
2026-09-04 13:08:58,30.55,0,0
2026-09-04 13:08:58,31.88,0,0
2026-09-04 13:08:59,31.56,0,0
2026-09-04 13:08:59,31.99,0,0
2026-09-04 13:08:59,31.06,0,0
2026-09-04 13:08:59,31.65,0,0
2026-09-04 13:08:59,32.8,0,0
2026-09-04 13:08:59,32.24,0,0
2026-09-04 13:08:59,24.24,0,0
2026-09-04 13:08:59,22.13,0,0
2026-09-04 13:09:00,31.68,0,0
2026-09-04 13:09:00,31.69,0,0
2026-09-04 13:09:00,32.26,0,0
2026-09-04 13:09:00,31.55,0,0
2026-09-04 13:09:00,32.15,0,0
2026-09-04 13:09:00,34.54,0,0
2026-09-04 13:09:00,29.52,0,0
2026-09-04 13:09:01,31.68,0,0
2026-09-04 13:09:01,31.92,0,0
2026-09-04 13:09:01,29.22,0,0
2026-09-04 13:09:01,33.0,0,0
2026-09-04 13:09:01,33.46,0,0
2026-09-04 13:09:01,16.34,0,0
2026-09-04 13:09:01,30.66,0,0
2026-09-04 13:09:02,31.84,0,0
2026-09-04 13:09:02,31.02,0,0
2026-09-04 13:09:02,30.93,0,0
2026-09-04 13:09:02,31.39,0,0
2026-09-04 13:09:02,19.26,0,0
2026-09-04 13:09:02,32.49,0,0
2026-09-04 13:09:02,30.15,0,0
2026-09-04 13:09:03,16.08,0,0
2026-09-04 13:09:03,4.19,0,0
2026-09-04 13:09:03,4.07,0,0
2026-09-04 13:09:03,5.79,0,0
2026-09-04 13:09:03,9.15,0,0
2026-09-04 13:09:03,18.68,0,0
2026-09-04 13:09:03,33.42,0,0
2026-09-04 13:09:03,32.62,0,0
2026-09-04 13:09:03,7.92,0,0
2026-09-04 13:09:04,15.9,0,0
2026-09-04 13:09:04,16.59,0,0
2026-09-04 13:09:04,16.45,0,0
2026-09-04 13:09:04,3.3,0,0
2026-09-04 13:09:04,4.65,0,0
2026-09-04 13:09:04,20.22,0,0
2026-09-04 13:09:04,24.66,0,0
2026-09-04 13:09:04,8.7,0,0
2026-09-04 13:09:05,18.19,0,0
2026-09-04 13:09:05,3.71,0,0
2026-09-04 13:09:05,8.33,0,0
2026-09-04 13:09:05,16.17,0,0
2026-09-04 13:09:05,18.52,0,0
2026-09-04 13:09:05,30.63,0,0
2026-09-04 13:09:05,31.76,0,0
2026-09-04 13:09:05,30.77,0,0
2026-09-04 13:09:06,18.41,0,0
2026-09-04 13:09:06,6.69,0,0
2026-09-04 13:09:06,10.45,0,0
2026-09-04 13:09:06,13.77,0,0
2026-09-04 13:09:06,17.37,0,0
2026-09-04 13:09:06,26.9,0,0
2026-09-04 13:09:06,32.16,0,0
2026-09-04 13:09:06,30.73,0,0
2026-09-04 13:09:07,33.76,0,0
2026-09-04 13:09:07,30.92,0,0
2026-09-04 13:09:07,31.51,0,0
2026-09-04 13:09:07,16.78,0,0
2026-09-04 13:09:07,12.53,0,0
2026-09-04 13:09:07,15.08,0,0
2026-09-04 13:09:07,17.33,0,0
2026-09-04 13:09:07,18.64,0,0
2026-09-04 13:09:08,3.59,0,0
2026-09-04 13:09:08,4.22,0,0
2026-09-04 13:09:08,4.6,0,0
2026-09-04 13:09:08,31.01,0,0
2026-09-04 13:09:08,33.07,0,0
2026-09-04 13:09:08,19.96,0,0
2026-09-04 13:09:08,18.35,0,0
2026-09-04 13:09:08,7.95,0,0
2026-09-04 13:09:09,2.59,0,0
2026-09-04 13:09:09,3.49,0,0
2026-09-04 13:09:09,5.93,0,0
2026-09-04 13:09:09,3.98,0,0
2026-09-04 13:09:09,18.54,0,0
2026-09-04 13:09:09,4.59,0,0
2026-09-04 13:09:09,3.51,0,0
2026-09-04 13:09:09,30.91,0,0
2026-09-04 13:09:09,6.04,0,0
2026-09-04 13:09:10,32.61,0,0
2026-09-04 13:09:10,16.79,0,0
2026-09-04 13:09:10,31.47,0,0
2026-09-04 13:09:10,5.26,0,0
2026-09-04 13:09:10,15.36,0,0
2026-09-04 13:09:10,12.42,0,0
2026-09-04 13:09:10,10.4,0,0
2026-09-04 13:09:10,15.07,0,0
2026-09-04 13:09:11,21.13,0,0
2026-09-04 13:09:11,26.84,0,0
2026-09-04 13:09:11,16.9,0,0
2026-09-04 13:09:11,10.79,0,0
2026-09-04 13:09:11,10.59,0,0
2026-09-04 13:09:11,11.74,0,0
2026-09-04 13:09:11,13.23,0,0
2026-09-04 13:09:11,8.64,0,0
2026-09-04 13:09:12,16.56,0,0
2026-09-04 13:09:12,22.63,0,0
2026-09-04 13:09:12,11.26,0,0
2026-09-04 13:09:12,10.51,0,0
2026-09-04 13:09:12,10.74,0,0
2026-09-04 13:09:12,5.87,0,0
2026-09-04 13:09:12,5.89,0,0
2026-09-04 13:09:12,31.29,0,0
2026-09-04 13:09:12,4.21,0,0
2026-09-04 13:09:13,4.45,0,0
2026-09-04 13:09:13,4.03,0,0
2026-09-04 13:09:13,3.54,0,0
2026-09-04 13:09:13,4.35,0,0
2026-09-04 13:09:13,3.52,0,0
2026-09-04 13:09:13,6.45,0,0
2026-09-04 13:09:13,14.28,0,0
2026-09-04 13:09:13,30.85,0,0
2026-09-04 13:09:14,32.03,0,0
2026-09-04 13:09:14,25.1,0,0
2026-09-04 13:09:14,32.26,0,0
2026-09-04 13:09:14,31.68,0,0
2026-09-04 13:09:14,30.81,0,0
2026-09-04 13:09:14,32.8,0,0
2026-09-04 13:09:14,35.14,0,0
2026-09-04 13:09:15,33.45,0,0
2026-09-04 13:09:15,31.29,0,0
2026-09-04 13:09:15,23.97,0,0
2026-09-04 13:09:15,31.6,0,0
2026-09-04 13:09:15,5.81,0,0
2026-09-04 13:09:15,4.69,0,0
2026-09-04 13:09:15,6.96,0,0
2026-09-04 13:09:15,8.52,0,0
2026-09-04 13:09:15,8.18,0,0
2026-09-04 13:09:16,15.03,0,0
2026-09-04 13:09:16,6.97,0,0
2026-09-04 13:09:16,8.77,0,0
2026-09-04 13:09:16,23.83,0,0
2026-09-04 13:09:16,32.36,0,0
2026-09-04 13:09:16,7.83,0,0
2026-09-04 13:09:16,6.74,0,0
2026-09-04 13:09:16,3.76,0,0
2026-09-04 13:09:17,32.63,0,0
2026-09-04 13:09:17,31.7,0,0
2026-09-04 13:09:17,29.69,0,0
2026-09-04 13:09:17,5.31,0,0
2026-09-04 13:09:17,31.12,0,0
2026-09-04 13:09:17,31.98,0,0
2026-09-04 13:09:17,32.2,0,0
2026-09-04 13:09:18,30.73,0,0
2026-09-04 13:09:18,32.11,0,0
2026-09-04 13:09:18,30.03,0,0
2026-09-04 13:09:18,31.9,0,0
2026-09-04 13:09:18,17.18,0,0
2026-09-04 13:09:18,8.76,0,0
2026-09-04 13:09:18,25.49,0,0
2026-09-04 13:09:18,30.86,0,0
2026-09-04 13:09:19,30.66,0,0
2026-09-04 13:09:19,5.21,0,0
2026-09-04 13:09:19,31.61,0,0
2026-09-04 13:09:19,32.39,0,0
2026-09-04 13:09:19,18.26,0,0
2026-09-04 13:09:19,31.6,0,0
2026-09-04 13:09:40,5000,1,0
2026-09-04 13:09:41,5000,1,0
2026-09-04 13:09:42,5000,1,0
2026-09-04 13:09:43,640.73,0,0
2026-09-04 13:09:43,30.57,0,0
2026-09-04 13:09:43,31.19,0,0
2026-09-04 13:09:43,32.83,0,0
2026-09-04 13:09:43,28.66,0,0
2026-09-04 13:09:44,32.19,0,0
2026-09-04 13:09:44,30.31,0,0
2026-09-04 13:09:44,30.57,0,0
2026-09-04 13:09:44,32.34,0,0
2026-09-04 13:09:44,33.22,0,0
2026-09-04 13:09:44,32.95,0,0
2026-09-04 13:09:44,30.09,0,0
2026-09-04 13:09:45,31.19,0,0
2026-09-04 13:09:45,22.69,0,0
2026-09-04 13:09:45,32.39,0,0
2026-09-04 13:09:45,31.91,0,0
2026-09-04 13:09:45,30.6,0,0
2026-09-04 13:09:45,30.96,0,0
2026-09-04 13:09:45,31.89,0,0
2026-09-04 13:09:46,31.25,0,0
2026-09-04 13:09:46,31.47,0,0
2026-09-04 13:09:46,30.24,0,0
2026-09-04 13:09:46,31.67,0,0
2026-09-04 13:09:46,31.46,0,0
2026-09-04 13:09:46,31.38,0,0
2026-09-04 13:09:46,31.17,0,0
2026-09-04 13:09:47,31.84,0,0
2026-09-04 13:09:47,30.99,0,0
2026-09-04 13:09:47,30.88,0,0
2026-09-04 13:09:47,32.52,0,0
2026-09-04 13:09:47,16.16,0,0
2026-09-04 13:09:47,33.0,0,0
2026-09-04 13:09:47,31.97,0,0
2026-09-04 13:09:47,15.93,0,0
2026-09-04 13:09:48,31.79,0,0
2026-09-04 13:09:48,30.64,0,0
2026-09-04 13:09:48,32.46,0,0
2026-09-04 13:09:48,31.37,0,0
2026-09-04 13:09:48,15.16,0,0
2026-09-04 13:09:48,22.02,0,0
2026-09-04 13:09:48,18.28,0,0
2026-09-04 13:09:49,32.08,0,0
2026-09-04 13:09:49,31.62,0,0
2026-09-04 13:09:49,32.12,0,0
2026-09-04 13:09:49,31.28,0,0
2026-09-04 13:09:49,31.42,0,0
2026-09-04 13:09:49,31.16,0,0
2026-09-04 13:09:49,31.89,0,0
2026-09-04 13:09:50,31.6,0,0
2026-09-04 13:09:50,33.5,0,0
2026-09-04 13:09:50,32.26,0,0
2026-09-04 13:09:50,7.81,0,0
2026-09-04 13:09:50,31.47,0,0
2026-09-04 13:09:50,30.87,0,0
2026-09-04 13:09:50,17.16,0,0
2026-09-04 13:09:50,19.09,0,0
2026-09-04 13:09:51,31.95,0,0
2026-09-04 13:09:51,31.03,0,0
2026-09-04 13:09:51,31.23,0,0
2026-09-04 13:09:51,18.31,0,0
2026-09-04 13:09:51,32.32,0,0
2026-09-04 13:09:51,31.19,0,0
2026-09-04 13:09:51,31.26,0,0
2026-09-04 13:09:52,31.07,0,0
2026-09-04 13:09:52,32.22,0,0
2026-09-04 13:09:52,32.76,0,0
2026-09-04 13:09:52,31.2,0,0
2026-09-04 13:09:52,31.06,0,0
2026-09-04 13:09:52,30.26,0,0
2026-09-04 13:09:52,33.55,0,0
2026-09-04 13:09:53,31.36,0,0
2026-09-04 13:09:53,16.62,0,0
2026-09-04 13:09:53,20.89,0,0
2026-09-04 13:09:53,32.43,0,0
2026-09-04 13:09:53,30.51,0,0
2026-09-04 13:09:53,16.53,0,0
2026-09-04 13:09:53,33.9,0,0
2026-09-04 13:09:53,31.42,0,0
2026-09-04 13:09:54,31.22,0,0
2026-09-04 13:09:54,31.62,0,0
2026-09-04 13:09:54,31.49,0,0
2026-09-04 13:09:54,30.19,0,0
2026-09-04 13:09:54,32.82,0,0
2026-09-04 13:09:54,20.27,0,0
2026-09-04 13:09:54,20.69,0,0
2026-09-04 13:09:55,31.06,0,0
2026-09-04 13:09:55,32.2,0,0
2026-09-04 13:09:55,32.54,0,0
2026-09-04 13:09:55,31.77,0,0
2026-09-04 13:09:55,23.89,0,0
2026-09-04 13:09:55,31.56,0,0
2026-09-04 13:09:55,32.06,0,0
2026-09-04 13:09:56,21.15,0,0
2026-09-04 13:09:56,31.34,0,0
2026-09-04 13:09:56,32.33,0,0
2026-09-04 13:09:56,32.47,0,0
2026-09-04 13:09:56,31.46,0,0
2026-09-04 13:09:56,32.0,0,0
2026-09-04 13:09:56,18.92,0,0
2026-09-04 13:09:57,31.66,0,0
2026-09-04 13:09:57,32.0,0,0
2026-09-04 13:09:57,22.0,0,0
2026-09-04 13:09:57,33.76,0,0
2026-09-04 13:09:57,31.85,0,0
2026-09-04 13:09:57,17.28,0,0
2026-09-04 13:09:57,31.37,0,0
2026-09-04 13:09:57,32.09,0,0
2026-09-04 13:09:58,23.09,0,0
2026-09-04 13:09:58,20.37,0,0
2026-09-04 13:09:58,31.36,0,0
2026-09-04 13:09:58,30.57,0,0
2026-09-04 13:09:58,30.92,0,0
2026-09-04 13:09:58,32.5,0,0
2026-09-04 13:09:58,31.39,0,0
2026-09-04 13:09:59,17.96,0,0
2026-09-04 13:09:59,31.25,0,0
2026-09-04 13:09:59,31.65,0,0
2026-09-04 13:09:59,16.31,0,0
2026-09-04 13:09:59,33.36,0,0
2026-09-04 13:09:59,31.78,0,0
2026-09-04 13:09:59,14.82,0,0
2026-09-04 13:09:59,22.42,0,0
2026-09-04 13:10:00,31.57,0,0
2026-09-04 13:10:00,31.25,0,0
2026-09-04 13:10:00,32.16,0,0
2026-09-04 13:10:00,31.28,0,0
2026-09-04 13:10:00,19.21,0,0
2026-09-04 13:10:00,31.95,0,0
2026-09-04 13:10:00,30.88,0,0
2026-09-04 13:10:01,25.03,0,0
2026-09-04 13:10:01,32.03,0,0
2026-09-04 13:10:01,32.4,0,0
2026-09-04 13:10:01,24.2,0,0
2026-09-04 13:10:01,31.96,0,0
2026-09-04 13:10:01,33.13,0,0
2026-09-04 13:10:01,15.62,0,0
2026-09-04 13:10:02,32.84,0,0
2026-09-04 13:10:02,31.53,0,0
2026-09-04 13:10:02,30.85,0,0
2026-09-04 13:10:02,20.8,0,0
2026-09-04 13:10:02,31.36,0,0
2026-09-04 13:10:02,30.69,0,0
2026-09-04 13:10:02,31.57,0,0
2026-09-04 13:10:02,31.29,0,0
2026-09-04 13:10:03,30.46,0,0
2026-09-04 13:10:03,32.55,0,0
2026-09-04 13:10:03,31.7,0,0
2026-09-04 13:10:03,15.72,0,0
2026-09-04 13:10:03,31.48,0,0
2026-09-04 13:10:03,31.82,0,0
2026-09-04 13:10:03,31.71,0,0
2026-09-04 13:10:04,32.24,0,0
2026-09-04 13:10:04,31.15,0,0
2026-09-04 13:10:04,18.86,0,0
2026-09-04 13:10:04,31.92,0,0
2026-09-04 13:10:04,32.17,0,0
2026-09-04 13:10:04,7.08,0,0
2026-09-04 13:10:04,31.13,0,0
2026-09-04 13:10:05,33.7,0,0
2026-09-04 13:10:05,21.19,0,0
2026-09-04 13:10:05,32.8,0,0
2026-09-04 13:10:05,30.92,0,0
2026-09-04 13:10:05,27.41,0,0
2026-09-04 13:10:05,30.21,0,0
2026-09-04 13:10:05,33.05,0,0
2026-09-04 13:10:05,12.18,0,0
2026-09-04 13:10:06,20.69,0,0
2026-09-04 13:10:06,31.52,0,0
2026-09-04 13:10:06,33.21,0,0
2026-09-04 13:10:06,31.2,0,0
2026-09-04 13:10:06,31.95,0,0
2026-09-04 13:10:06,32.05,0,0
2026-09-04 13:10:06,18.82,0,0
2026-09-04 13:10:07,31.59,0,0
2026-09-04 13:10:07,32.15,0,0
2026-09-04 13:10:07,31.82,0,0
2026-09-04 13:10:07,32.43,0,0
2026-09-04 13:10:07,31.18,0,0
2026-09-04 13:10:07,30.34,0,0
2026-09-04 13:10:07,30.48,0,0
2026-09-04 13:10:08,16.05,0,0
2026-09-04 13:10:08,22.35,0,0
2026-09-04 13:10:08,31.05,0,0
2026-09-04 13:10:08,33.86,0,0
2026-09-04 13:10:08,31.72,0,0
2026-09-04 13:10:08,32.12,0,0
2026-09-04 13:10:08,30.03,0,0
2026-09-04 13:10:08,16.67,0,0
2026-09-04 13:10:09,32.21,0,0
2026-09-04 13:10:09,29.49,0,0
2026-09-04 13:10:09,30.33,0,0
2026-09-04 13:10:09,32.11,0,0
2026-09-04 13:10:09,21.3,0,0
2026-09-04 13:10:09,30.34,0,0
2026-09-04 13:10:09,31.65,0,0
2026-09-04 13:10:39,0.58,0,0
2026-09-04 13:10:40,31.21,0,0
2026-09-04 13:10:40,31.3,0,0
2026-09-04 13:10:40,15.29,0,0
2026-09-04 13:10:40,31.32,0,0
2026-09-04 13:10:40,32.92,0,0
2026-09-04 13:10:40,31.02,0,0
2026-09-04 13:10:40,31.93,0,0
2026-09-04 13:10:41,29.62,0,0
2026-09-04 13:10:41,31.08,0,0
2026-09-04 13:10:41,30.96,0,0
2026-09-04 13:10:41,31.4,0,0
2026-09-04 13:10:41,32.78,0,0
2026-09-04 13:10:41,32.8,0,0
2026-09-04 13:10:41,19.99,0,0
2026-09-04 13:10:42,31.79,0,0
2026-09-04 13:10:42,32.3,0,0
2026-09-04 13:10:42,32.27,0,0
2026-09-04 13:10:42,30.3,0,0
2026-09-04 13:10:42,30.97,0,0
2026-09-04 13:10:42,31.33,0,0
2026-09-04 13:10:42,6.72,0,0
2026-09-04 13:10:42,20.83,0,0
2026-09-04 13:10:43,32.08,0,0
2026-09-04 13:10:43,18.45,0,0
2026-09-04 13:10:43,31.86,0,0
2026-09-04 13:10:43,31.8,0,0
2026-09-04 13:10:43,32.37,0,0
2026-09-04 13:10:43,31.24,0,0
2026-09-04 13:10:43,31.76,0,0
2026-09-04 13:10:44,31.25,0,0
2026-09-04 13:10:44,31.32,0,0
2026-09-04 13:10:44,32.37,0,0
2026-09-04 13:10:44,15.36,0,0
2026-09-04 13:10:44,20.71,0,0
2026-09-04 13:10:44,30.77,0,0
2026-09-04 13:10:44,32.78,0,0
2026-09-04 13:10:45,31.74,0,0
2026-09-04 13:10:45,31.41,0,0
2026-09-04 13:10:45,32.98,0,0
2026-09-04 13:10:45,31.58,0,0
2026-09-04 13:10:45,32.44,0,0
2026-09-04 13:10:45,32.7,0,0
2026-09-04 13:10:45,31.25,0,0
2026-09-04 13:10:45,14.85,0,0
2026-09-04 13:10:46,31.16,0,0
2026-09-04 13:10:46,32.89,0,0
2026-09-04 13:10:46,31.79,0,0
2026-09-04 13:10:46,15.84,0,0
2026-09-04 13:10:46,31.72,0,0
2026-09-04 13:10:46,31.21,0,0
2026-09-04 13:10:46,16.13,0,0
2026-09-04 13:10:47,31.18,0,0
2026-09-04 13:10:47,33.42,0,0
2026-09-04 13:10:47,31.71,0,0
2026-09-04 13:10:47,31.43,0,0
2026-09-04 13:10:47,31.8,0,0
2026-09-04 13:10:47,31.51,0,0
2026-09-04 13:10:47,32.0,0,0
2026-09-04 13:10:48,30.22,0,0
2026-09-04 13:10:48,33.27,0,0
2026-09-04 13:10:48,31.66,0,0
2026-09-04 13:10:48,31.61,0,0
2026-09-04 13:10:48,32.82,0,0
2026-09-04 13:10:48,31.16,0,0
2026-09-04 13:10:48,31.6,0,0
2026-09-04 13:10:49,32.39,0,0
2026-09-04 13:10:49,31.51,0,0
2026-09-04 13:10:49,31.02,0,0
2026-09-04 13:10:49,32.04,0,0
2026-09-04 13:10:49,31.28,0,0
2026-09-04 13:10:49,31.28,0,0
2026-09-04 13:10:49,30.42,0,0
2026-09-04 13:10:50,34.93,0,0
2026-09-04 13:10:50,32.22,0,0
2026-09-04 13:10:50,32.14,0,0
2026-09-04 13:10:50,31.54,0,0
2026-09-04 13:10:50,32.69,0,0
2026-09-04 13:10:50,33.68,0,0
2026-09-04 13:10:50,31.88,0,0
2026-09-04 13:10:51,31.42,0,0
2026-09-04 13:10:51,29.98,0,0
2026-09-04 13:10:51,32.12,0,0
2026-09-04 13:10:51,31.29,0,0
2026-09-04 13:10:51,15.85,0,0
2026-09-04 13:10:51,31.02,0,0
2026-09-04 13:10:51,32.71,0,0
2026-09-04 13:10:51,31.24,0,0
2026-09-04 13:10:52,29.43,0,0
2026-09-04 13:10:52,33.34,0,0
2026-09-04 13:10:52,23.99,0,0
2026-09-04 13:10:52,33.73,0,0
2026-09-04 13:10:52,31.98,0,0
2026-09-04 13:10:52,33.2,0,0
2026-09-04 13:10:52,32.26,0,0
2026-09-04 13:10:53,31.74,0,0
2026-09-04 13:10:53,31.39,0,0
2026-09-04 13:10:53,32.82,0,0
2026-09-04 13:10:53,30.84,0,0
2026-09-04 13:10:53,31.44,0,0
2026-09-04 13:10:53,32.53,0,0
2026-09-04 13:10:53,31.45,0,0
2026-09-04 13:10:54,33.26,0,0
2026-09-04 13:10:54,30.31,0,0
2026-09-04 13:10:54,10.38,0,0
2026-09-04 13:10:54,31.33,0,0
2026-09-04 13:10:54,31.3,0,0
2026-09-04 13:10:54,15.0,0,0
2026-09-04 13:10:54,5.76,0,0
2026-09-04 13:10:54,31.25,0,0
2026-09-04 13:10:55,33.14,0,0
2026-09-04 13:10:55,18.93,0,0
2026-09-04 13:10:55,7.51,0,0
2026-09-04 13:10:55,16.22,0,0
2026-09-04 13:10:55,31.1,0,0
2026-09-04 13:10:55,31.2,0,0
2026-09-04 13:10:55,31.2,0,0
2026-09-04 13:10:56,23.58,0,0
2026-09-04 13:10:56,32.46,0,0
2026-09-04 13:10:56,20.6,0,0
2026-09-04 13:10:56,31.91,0,0
2026-09-04 13:10:56,31.94,0,0
2026-09-04 13:10:56,32.52,0,0
2026-09-04 13:10:56,31.55,0,0
2026-09-04 13:10:56,31.07,0,0
2026-09-04 13:10:57,30.55,0,0
2026-09-04 13:10:57,33.41,0,0
2026-09-04 13:10:57,32.09,0,0
2026-09-04 13:10:57,30.35,0,0
2026-09-04 13:10:57,30.87,0,0
2026-09-04 13:10:57,16.91,0,0
2026-09-04 13:10:57,31.17,0,0
2026-09-04 13:10:58,31.4,0,0
2026-09-04 13:10:58,32.17,0,0
2026-09-04 13:10:58,31.88,0,0
2026-09-04 13:10:58,32.27,0,0
2026-09-04 13:10:58,32.7,0,0
2026-09-04 13:10:58,31.59,0,0
2026-09-04 13:10:58,31.66,0,0
2026-09-04 13:10:59,3.36,0,0
2026-09-04 13:10:59,31.38,0,0
2026-09-04 13:10:59,31.34,0,0
2026-09-04 13:10:59,31.96,0,0
2026-09-04 13:10:59,31.62,0,0
2026-09-04 13:10:59,31.13,0,0
2026-09-04 13:10:59,30.79,0,0
2026-09-04 13:10:59,17.8,0,0
2026-09-04 13:11:00,31.77,0,0
2026-09-04 13:11:00,30.44,0,0
2026-09-04 13:11:00,30.99,0,0
2026-09-04 13:11:00,32.47,0,0
2026-09-04 13:11:00,31.0,0,0
2026-09-04 13:11:00,31.85,0,0
2026-09-04 13:11:00,32.82,0,0
2026-09-04 13:11:01,33.16,0,0
2026-09-04 13:11:01,31.06,0,0
2026-09-04 13:11:01,30.18,0,0
2026-09-04 13:11:01,31.04,0,0
2026-09-04 13:11:01,30.85,0,0
2026-09-04 13:11:01,17.19,0,0
2026-09-04 13:11:01,29.47,0,0
2026-09-04 13:11:02,30.87,0,0
2026-09-04 13:11:02,16.61,0,0
2026-09-04 13:11:02,31.67,0,0
2026-09-04 13:11:02,31.68,0,0
2026-09-04 13:11:02,15.82,0,0
2026-09-04 13:11:02,31.78,0,0
2026-09-04 13:11:02,32.34,0,0
2026-09-04 13:11:03,17.04,0,0
2026-09-04 13:11:03,30.17,0,0
2026-09-04 13:11:03,32.35,0,0
2026-09-04 13:11:03,32.48,0,0
2026-09-04 13:11:03,30.28,0,0
2026-09-04 13:11:03,31.58,0,0
2026-09-04 13:11:03,31.83,0,0
2026-09-04 13:11:03,32.21,0,0
2026-09-04 13:11:04,31.58,0,0
2026-09-04 13:11:04,30.91,0,0
2026-09-04 13:11:04,32.18,0,0
2026-09-04 13:11:04,31.74,0,0
2026-09-04 13:11:04,31.76,0,0
2026-09-04 13:11:04,31.97,0,0
2026-09-04 13:11:04,24.29,0,0
2026-09-04 13:11:05,30.96,0,0
2026-09-04 13:11:05,31.0,0,0
2026-09-04 13:11:05,20.49,0,0
2026-09-04 13:11:05,31.95,0,0
2026-09-04 13:11:05,30.77,0,0
2026-09-04 13:11:05,30.58,0,0
2026-09-04 13:11:05,32.16,0,0
2026-09-04 13:11:06,30.13,0,0
2026-09-04 13:11:06,16.23,0,0
2026-09-04 13:11:06,32.26,0,0
2026-09-04 13:11:06,30.94,0,0
2026-09-04 13:11:06,31.78,0,0
2026-09-04 13:11:06,32.01,0,0
2026-09-04 13:11:06,31.41,0,0
2026-09-04 13:11:07,21.35,0,0
2026-09-04 13:11:07,31.71,0,0
2026-09-04 13:11:07,32.27,0,0
2026-09-04 13:11:07,30.99,0,0
2026-09-04 13:11:07,31.79,0,0
2026-09-04 13:11:07,3.5,0,0
2026-09-04 13:11:07,4.69,0,0
2026-09-04 13:11:07,7.35,0,0
2026-09-04 13:11:08,18.01,0,0
2026-09-04 13:11:08,5.27,0,0
2026-09-04 13:11:08,5.58,0,0
2026-09-04 13:11:08,9.28,0,0
2026-09-04 13:11:08,4.64,0,0
2026-09-04 13:11:08,15.82,0,0
2026-09-04 13:11:08,15.25,0,0
2026-09-04 13:11:08,6.49,0,0
2026-09-04 13:11:08,10.53,0,0
2026-09-04 13:11:09,3.62,0,0
2026-09-04 13:11:09,16.83,0,0
2026-09-04 13:11:09,6.4,0,0
2026-09-04 13:11:09,6.94,0,0
2026-09-04 13:11:09,4.66,0,0
2026-09-04 13:11:09,6.26,0,0
2026-09-04 13:11:09,4.01,0,0
2026-09-04 13:11:09,3.71,0,0
2026-09-04 13:11:09,4.32,0,0
2026-09-04 13:11:40,30.93,0,0
2026-09-04 13:11:40,31.28,0,0
2026-09-04 13:11:40,30.96,0,0
2026-09-04 13:11:40,31.72,0,0
2026-09-04 13:11:40,30.87,0,0
2026-09-04 13:11:40,31.71,0,0
2026-09-04 13:11:40,31.2,0,0
2026-09-04 13:11:41,32.41,0,0
2026-09-04 13:11:41,31.7,0,0
2026-09-04 13:11:41,30.34,0,0
2026-09-04 13:11:41,31.92,0,0
2026-09-04 13:11:41,30.1,0,0
2026-09-04 13:11:41,29.95,0,0
2026-09-04 13:11:41,31.92,0,0
2026-09-04 13:11:42,32.01,0,0
2026-09-04 13:11:42,31.6,0,0
2026-09-04 13:11:42,31.68,0,0
2026-09-04 13:11:42,30.82,0,0
2026-09-04 13:11:42,31.69,0,0
2026-09-04 13:11:42,31.17,0,0
2026-09-04 13:11:42,30.78,0,0
2026-09-04 13:11:43,15.13,0,0
2026-09-04 13:11:43,30.61,0,0
2026-09-04 13:11:43,32.26,0,0
2026-09-04 13:11:43,30.61,0,0
2026-09-04 13:11:43,31.86,0,0
2026-09-04 13:11:43,31.64,0,0
2026-09-04 13:11:43,30.92,0,0
2026-09-04 13:11:44,17.13,0,0
2026-09-04 13:11:44,30.77,0,0
2026-09-04 13:11:44,28.56,0,0
2026-09-04 13:11:44,7.98,0,0
2026-09-04 13:11:44,16.11,0,0
2026-09-04 13:11:44,10.74,0,0
2026-09-04 13:11:44,12.9,0,0
2026-09-04 13:11:44,10.13,0,0
2026-09-04 13:11:45,8.77,0,0
2026-09-04 13:11:45,4.07,0,0
2026-09-04 13:11:45,7.93,0,0
2026-09-04 13:11:45,5.12,0,0
2026-09-04 13:11:45,8.02,0,0
2026-09-04 13:11:45,19.02,0,0
2026-09-04 13:11:45,14.34,0,0
2026-09-04 13:11:45,8.12,0,0
2026-09-04 13:11:45,5.47,0,0
2026-09-04 13:11:46,6.14,0,0
2026-09-04 13:11:46,25.29,0,0
2026-09-04 13:11:46,3.02,0,0
2026-09-04 13:11:46,13.97,0,0
2026-09-04 13:11:46,4.87,0,0
2026-09-04 13:11:46,6.23,0,0
2026-09-04 13:11:46,6.87,0,0
2026-09-04 13:11:46,15.75,0,0
2026-09-04 13:11:46,20.73,0,0
2026-09-04 13:11:47,9.09,0,0
2026-09-04 13:11:47,15.91,0,0
2026-09-04 13:11:47,32.07,0,0
2026-09-04 13:11:47,31.92,0,0
2026-09-04 13:11:47,31.26,0,0
2026-09-04 13:11:47,4.48,0,0
2026-09-04 13:11:47,8.63,0,0
2026-09-04 13:11:47,6.89,0,0
2026-09-04 13:11:48,8.3,0,0
2026-09-04 13:11:48,14.04,0,0
2026-09-04 13:11:48,8.48,0,0
2026-09-04 13:11:48,33.29,0,0
2026-09-04 13:11:48,3.9,0,0
2026-09-04 13:11:48,32.36,0,0
2026-09-04 13:11:48,25.36,0,0
2026-09-04 13:11:48,31.87,0,0
2026-09-04 13:11:49,31.08,0,0
2026-09-04 13:11:49,22.01,0,0
2026-09-04 13:11:49,31.58,0,0
2026-09-04 13:11:49,31.0,0,0
2026-09-04 13:11:49,32.09,0,0
2026-09-04 13:11:49,9.0,0,0
2026-09-04 13:11:49,34.36,0,0
2026-09-04 13:11:50,10.06,0,0
2026-09-04 13:11:50,31.59,0,0
2026-09-04 13:11:50,32.31,0,0
2026-09-04 13:11:50,11.99,0,0
2026-09-04 13:11:50,26.37,0,0
2026-09-04 13:11:50,31.82,0,0
2026-09-04 13:11:50,31.36,0,0
2026-09-04 13:11:50,3.76,0,0
2026-09-04 13:11:51,31.05,0,0
2026-09-04 13:11:51,18.99,0,0
2026-09-04 13:11:51,29.74,0,0
2026-09-04 13:11:51,19.79,0,0
2026-09-04 13:11:51,31.72,0,0
2026-09-04 13:11:51,31.91,0,0
2026-09-04 13:11:51,21.92,0,0
2026-09-04 13:11:52,24.94,0,0
2026-09-04 13:11:52,31.23,0,0
2026-09-04 13:11:52,31.27,0,0
2026-09-04 13:11:52,31.19,0,0
2026-09-04 13:11:52,29.09,0,0
2026-09-04 13:11:52,32.57,0,0
2026-09-04 13:11:52,32.91,0,0
2026-09-04 13:11:52,15.65,0,0
2026-09-04 13:11:53,30.54,0,0
2026-09-04 13:11:53,33.54,0,0
2026-09-04 13:11:53,30.59,0,0
2026-09-04 13:11:53,31.77,0,0
2026-09-04 13:11:53,32.15,0,0
2026-09-04 13:11:53,31.69,0,0
2026-09-04 13:11:53,32.69,0,0
2026-09-04 13:11:54,32.07,0,0
2026-09-04 13:11:54,31.44,0,0
2026-09-04 13:11:54,31.52,0,0
2026-09-04 13:11:54,26.51,0,0
2026-09-04 13:11:54,16.05,0,0
2026-09-04 13:11:54,11.54,0,0
2026-09-04 13:11:54,34.59,0,0
2026-09-04 13:11:55,15.91,0,0
2026-09-04 13:11:55,15.8,0,0
2026-09-04 13:11:55,17.6,0,0
2026-09-04 13:11:55,30.68,0,0
2026-09-04 13:11:55,33.2,0,0
2026-09-04 13:11:55,31.68,0,0
2026-09-04 13:11:55,31.04,0,0
2026-09-04 13:11:55,31.91,0,0
2026-09-04 13:11:56,30.9,0,0
2026-09-04 13:11:56,30.64,0,0
2026-09-04 13:11:56,15.8,0,0
2026-09-04 13:11:56,32.85,0,0
2026-09-04 13:11:56,32.35,0,0
2026-09-04 13:11:56,31.29,0,0
2026-09-04 13:11:56,16.31,0,0
2026-09-04 13:11:57,31.22,0,0
2026-09-04 13:11:57,21.58,0,0
2026-09-04 13:11:57,11.78,0,0
2026-09-04 13:11:57,12.78,0,0
2026-09-04 13:11:57,16.35,0,0
2026-09-04 13:11:57,11.52,0,0
2026-09-04 13:11:57,4.56,0,0
2026-09-04 13:11:57,15.4,0,0
2026-09-04 13:11:58,25.62,0,0
2026-09-04 13:11:58,31.14,0,0
2026-09-04 13:11:58,8.41,0,0
2026-09-04 13:11:58,14.09,0,0
2026-09-04 13:11:58,8.12,0,0
2026-09-04 13:11:58,16.0,0,0
2026-09-04 13:11:58,17.52,0,0
2026-09-04 13:11:58,32.3,0,0
2026-09-04 13:11:59,15.78,0,0
2026-09-04 13:11:59,31.46,0,0
2026-09-04 13:11:59,31.92,0,0
2026-09-04 13:11:59,31.88,0,0
2026-09-04 13:11:59,14.76,0,0
2026-09-04 13:11:59,31.87,0,0
2026-09-04 13:11:59,11.07,0,0
2026-09-04 13:11:59,15.99,0,0
2026-09-04 13:12:00,31.75,0,0
2026-09-04 13:12:00,31.92,0,0
2026-09-04 13:12:00,15.43,0,0
2026-09-04 13:12:00,4.96,0,0
2026-09-04 13:12:00,4.98,0,0
2026-09-04 13:12:00,5.73,0,0
2026-09-04 13:12:00,21.74,0,0
2026-09-04 13:12:00,16.48,0,0
2026-09-04 13:12:01,31.74,0,0
2026-09-04 13:12:01,8.52,0,0
2026-09-04 13:12:01,7.1,0,0
2026-09-04 13:12:01,14.96,0,0
2026-09-04 13:12:01,10.53,0,0
2026-09-04 13:12:01,16.54,0,0
2026-09-04 13:12:01,15.72,0,0
2026-09-04 13:12:01,3.56,0,0
2026-09-04 13:12:02,17.1,0,0
2026-09-04 13:12:02,31.75,0,0
2026-09-04 13:12:02,13.92,0,0
2026-09-04 13:12:02,10.34,0,0
2026-09-04 13:12:02,3.48,0,0
2026-09-04 13:12:02,16.77,0,0
2026-09-04 13:12:02,3.78,0,0
2026-09-04 13:12:02,6.49,0,0
2026-09-04 13:12:02,6.17,0,0
2026-09-04 13:12:03,12.44,0,0
2026-09-04 13:12:03,12.87,0,0
2026-09-04 13:12:03,15.92,0,0
2026-09-04 13:12:03,32.1,0,0
2026-09-04 13:12:03,31.66,0,0
2026-09-04 13:12:03,31.54,0,0
2026-09-04 13:12:03,10.39,0,0
2026-09-04 13:12:03,9.12,0,0
2026-09-04 13:12:04,16.53,0,0
2026-09-04 13:12:04,15.94,0,0
2026-09-04 13:12:04,24.39,0,0
2026-09-04 13:12:04,18.95,0,0
2026-09-04 13:12:04,16.11,0,0
2026-09-04 13:12:04,15.64,0,0
2026-09-04 13:12:04,12.37,0,0
2026-09-04 13:12:04,10.29,0,0
2026-09-04 13:12:05,12.05,0,0
2026-09-04 13:12:05,9.86,0,0
2026-09-04 13:12:05,16.89,0,0
2026-09-04 13:12:05,10.41,0,0
2026-09-04 13:12:05,9.21,0,0
2026-09-04 13:12:05,10.34,0,0
2026-09-04 13:12:05,9.89,0,0
2026-09-04 13:12:05,8.59,0,0
2026-09-04 13:12:05,15.44,0,0
2026-09-04 13:12:06,15.86,0,0
2026-09-04 13:12:06,16.54,0,0
2026-09-04 13:12:06,13.98,0,0
2026-09-04 13:12:06,8.15,0,0
2026-09-04 13:12:06,14.9,0,0
2026-09-04 13:12:06,8.45,0,0
2026-09-04 13:12:06,11.74,0,0
2026-09-04 13:12:06,8.16,0,0
2026-09-04 13:12:07,10.63,0,0
2026-09-04 13:12:07,8.94,0,0
2026-09-04 13:12:07,14.71,0,0
2026-09-04 13:12:07,7.96,0,0
2026-09-04 13:12:07,17.15,0,0
2026-09-04 13:12:07,7.21,0,0
2026-09-04 13:12:07,5.04,0,0
2026-09-04 13:12:07,5.51,0,0
2026-09-04 13:12:07,6.85,0,0
2026-09-04 13:12:08,6.05,0,0
2026-09-04 13:12:08,7.97,0,0
2026-09-04 13:12:08,6.33,0,0
2026-09-04 13:12:08,8.74,0,0
2026-09-04 13:12:08,6.76,0,0
2026-09-04 13:12:08,6.14,0,0
2026-09-04 13:12:08,14.0,0,0
2026-09-04 13:12:08,17.5,0,0
2026-09-04 13:12:08,16.19,0,0
2026-09-04 13:12:09,10.58,0,0
2026-09-04 13:12:09,14.22,0,0
2026-09-04 13:12:09,10.46,0,0
2026-09-04 13:12:09,15.26,0,0
2026-09-04 13:12:09,11.21,0,0
2026-09-04 13:12:09,15.72,0,0
2026-09-04 13:12:09,8.46,0,0
2026-09-04 13:12:09,13.59,0,0
2026-09-04 13:12:09,10.46,0,0
2026-09-04 13:12:30,5000,1,0
2026-09-04 13:12:31,5000,1,0
2026-09-04 13:12:32,5000,1,0
2026-09-04 13:12:34,5000,1,0
2026-09-04 13:12:35,5000,1,0
2026-09-04 13:12:36,5000,1,0
2026-09-04 13:12:37,5000,1,0
2026-09-04 13:12:38,5000,1,0
2026-09-04 13:12:39,5000,1,0
2026-09-04 13:12:40,5000,1,0
2026-09-04 13:12:41,5000,1,0
2026-09-04 13:12:43,962.39,0,0
2026-09-04 13:12:43,15.11,0,0
2026-09-04 13:12:43,13.21,0,0
2026-09-04 13:12:43,10.01,0,0
2026-09-04 13:12:43,18.31,0,0
2026-09-04 13:12:43,13.79,0,0
2026-09-04 13:12:43,31.69,0,0
2026-09-04 13:12:43,31.46,0,0
2026-09-04 13:12:44,17.01,0,0
2026-09-04 13:12:44,31.38,0,0
2026-09-04 13:12:44,16.26,0,0
2026-09-04 13:12:44,31.37,0,0
2026-09-04 13:12:44,33.89,0,0
2026-09-04 13:12:44,32.23,0,0
2026-09-04 13:12:44,31.86,0,0
2026-09-04 13:12:44,20.01,0,0
2026-09-04 13:12:45,32.1,0,0
2026-09-04 13:12:45,4.41,0,0
2026-09-04 13:12:45,4.54,0,0
2026-09-04 13:12:45,7.78,0,0
2026-09-04 13:12:45,14.47,0,0
2026-09-04 13:12:45,17.74,0,0
2026-09-04 13:12:45,15.06,0,0
2026-09-04 13:12:46,31.09,0,0
2026-09-04 13:12:46,17.48,0,0
2026-09-04 13:12:46,16.23,0,0
2026-09-04 13:12:46,31.39,0,0
2026-09-04 13:12:46,16.39,0,0
2026-09-04 13:12:46,15.37,0,0
2026-09-04 13:12:46,30.12,0,0
2026-09-04 13:12:47,10.61,0,0
2026-09-04 13:12:47,8.09,0,0
2026-09-04 13:12:47,17.06,0,0
2026-09-04 13:12:47,15.88,0,0
2026-09-04 13:12:47,12.1,0,0
2026-09-04 13:12:47,15.81,0,0
2026-09-04 13:12:47,31.82,0,0
2026-09-04 13:12:47,11.94,0,0
2026-09-04 13:12:47,8.04,0,0
2026-09-04 13:12:48,8.36,0,0
2026-09-04 13:12:48,11.77,0,0
2026-09-04 13:12:48,15.83,0,0
2026-09-04 13:12:48,7.17,0,0
2026-09-04 13:12:48,14.46,0,0
2026-09-04 13:12:48,8.75,0,0
2026-09-04 13:12:48,11.25,0,0
2026-09-04 13:12:48,8.75,0,0
2026-09-04 13:12:49,3.74,0,0
2026-09-04 13:12:49,5.54,0,0
2026-09-04 13:12:49,7.53,0,0
2026-09-04 13:12:49,9.56,0,0
2026-09-04 13:12:49,12.49,0,0
2026-09-04 13:12:49,8.4,0,0
2026-09-04 13:12:49,8.72,0,0
2026-09-04 13:12:49,5.66,0,0
2026-09-04 13:12:49,15.7,0,0
2026-09-04 13:12:50,9.91,0,0
2026-09-04 13:12:50,15.65,0,0
2026-09-04 13:12:50,10.71,0,0
2026-09-04 13:12:50,13.45,0,0
2026-09-04 13:12:50,20.6,0,0
2026-09-04 13:12:50,5.3,0,0
2026-09-04 13:12:50,1.82,0,0
2026-09-04 13:12:50,5.27,0,0
2026-09-04 13:12:50,12.53,0,0
2026-09-04 13:12:51,13.8,0,0
2026-09-04 13:12:51,5.36,0,0
2026-09-04 13:12:51,15.63,0,0
2026-09-04 13:12:51,31.11,0,0
2026-09-04 13:12:51,18.35,0,0
2026-09-04 13:12:51,3.2,0,0
2026-09-04 13:12:51,20.64,0,0
2026-09-04 13:12:51,10.18,0,0
2026-09-04 13:12:52,16.74,0,0
2026-09-04 13:12:52,31.68,0,0
2026-09-04 13:12:52,20.99,0,0
2026-09-04 13:12:52,30.37,0,0
2026-09-04 13:12:52,31.63,0,0
2026-09-04 13:12:52,22.59,0,0
2026-09-04 13:12:52,11.18,0,0
2026-09-04 13:12:52,29.97,0,0
2026-09-04 13:12:53,16.79,0,0
2026-09-04 13:12:53,32.08,0,0
2026-09-04 13:12:53,31.09,0,0
2026-09-04 13:12:53,16.41,0,0
2026-09-04 13:12:53,18.41,0,0
2026-09-04 13:12:53,3.89,0,0
2026-09-04 13:12:53,10.69,0,0
2026-09-04 13:12:53,31.27,0,0
2026-09-04 13:12:54,6.97,0,0
2026-09-04 13:12:54,33.4,0,0
2026-09-04 13:12:54,10.53,0,0
2026-09-04 13:12:54,10.89,0,0
2026-09-04 13:12:54,32.72,0,0
2026-09-04 13:12:54,5.41,0,0
2026-09-04 13:12:54,7.64,0,0
2026-09-04 13:12:54,15.38,0,0
2026-09-04 13:12:55,12.84,0,0
2026-09-04 13:12:55,10.71,0,0
2026-09-04 13:12:55,10.76,0,0
2026-09-04 13:12:55,7.36,0,0
2026-09-04 13:12:55,7.65,0,0
2026-09-04 13:12:55,10.47,0,0
2026-09-04 13:12:55,30.77,0,0
2026-09-04 13:12:55,31.47,0,0
2026-09-04 13:12:56,31.53,0,0
2026-09-04 13:12:56,22.85,0,0
2026-09-04 13:12:56,31.33,0,0
2026-09-04 13:12:56,31.35,0,0
2026-09-04 13:12:56,17.9,0,0
2026-09-04 13:12:56,17.66,0,0
2026-09-04 13:12:56,31.65,0,0
2026-09-04 13:12:56,27.35,0,0
2026-09-04 13:12:57,26.38,0,0
2026-09-04 13:12:57,31.67,0,0
2026-09-04 13:12:57,19.89,0,0
2026-09-04 13:12:57,3.69,0,0
2026-09-04 13:12:57,3.11,0,0
2026-09-04 13:12:57,32.75,0,0
2026-09-04 13:12:57,31.24,0,0
2026-09-04 13:12:58,26.45,0,0
2026-09-04 13:12:58,32.26,0,0
2026-09-04 13:12:58,31.77,0,0
2026-09-04 13:12:58,30.77,0,0
2026-09-04 13:12:58,31.55,0,0
2026-09-04 13:12:58,30.32,0,0
2026-09-04 13:12:58,15.37,0,0
2026-09-04 13:12:58,18.97,0,0
2026-09-04 13:12:59,16.88,0,0
2026-09-04 13:12:59,7.95,0,0
2026-09-04 13:12:59,13.82,0,0
2026-09-04 13:12:59,8.94,0,0
2026-09-04 13:12:59,11.37,0,0
2026-09-04 13:12:59,15.94,0,0
2026-09-04 13:12:59,16.18,0,0
2026-09-04 13:12:59,16.12,0,0
2026-09-04 13:13:00,17.12,0,0
2026-09-04 13:13:00,31.12,0,0
2026-09-04 13:13:30,497.13,0,0
2026-09-04 13:13:30,32.02,0,0
2026-09-04 13:13:30,31.88,0,0
2026-09-04 13:13:31,31.04,0,0
2026-09-04 13:13:31,31.01,0,0
2026-09-04 13:13:31,31.81,0,0
2026-09-04 13:13:31,32.92,0,0
2026-09-04 13:13:31,31.73,0,0
2026-09-04 13:13:31,30.2,0,0
2026-09-04 13:13:31,32.2,0,0
2026-09-04 13:13:32,29.96,0,0
2026-09-04 13:13:32,32.48,0,0
2026-09-04 13:13:32,32.47,0,0
2026-09-04 13:13:32,19.58,0,0
2026-09-04 13:13:32,29.96,0,0
2026-09-04 13:13:32,30.72,0,0
2026-09-04 13:13:32,32.78,0,0
2026-09-04 13:13:33,32.31,0,0
2026-09-04 13:13:33,18.13,0,0
2026-09-04 13:13:33,31.34,0,0
2026-09-04 13:13:33,32.66,0,0
2026-09-04 13:13:33,30.9,0,0
2026-09-04 13:13:33,31.16,0,0
2026-09-04 13:13:33,32.47,0,0
2026-09-04 13:13:34,31.76,0,0
2026-09-04 13:13:34,15.72,0,0
2026-09-04 13:13:34,31.89,0,0
2026-09-04 13:13:34,31.64,0,0
2026-09-04 13:13:34,31.85,0,0
2026-09-04 13:13:34,32.19,0,0
2026-09-04 13:13:34,32.73,0,0
2026-09-04 13:13:35,30.42,0,0
2026-09-04 13:13:35,30.88,0,0
2026-09-04 13:13:35,28.71,0,0
2026-09-04 13:13:35,31.64,0,0
2026-09-04 13:13:35,33.39,0,0
2026-09-04 13:13:35,14.86,0,0
2026-09-04 13:13:35,5.82,0,0
2026-09-04 13:13:35,31.81,0,0
2026-09-04 13:13:36,31.5,0,0
2026-09-04 13:13:36,15.8,0,0
2026-09-04 13:13:36,31.08,0,0
2026-09-04 13:13:36,31.82,0,0
2026-09-04 13:13:36,19.25,0,0
2026-09-04 13:13:36,7.0,0,0
2026-09-04 13:13:36,15.87,0,0
2026-09-04 13:13:36,31.42,0,0
2026-09-04 13:13:37,31.35,0,0
2026-09-04 13:13:37,15.18,0,0
2026-09-04 13:13:37,31.73,0,0
2026-09-04 13:13:37,31.4,0,0
2026-09-04 13:13:37,15.51,0,0
2026-09-04 13:13:37,23.31,0,0
2026-09-04 13:13:37,32.39,0,0
2026-09-04 13:13:38,32.16,0,0
2026-09-04 13:13:38,32.24,0,0
2026-09-04 13:13:38,31.81,0,0
2026-09-04 13:13:38,19.83,0,0
2026-09-04 13:13:38,16.14,0,0
2026-09-04 13:13:38,32.13,0,0
2026-09-04 13:13:38,28.84,0,0
2026-09-04 13:13:38,31.48,0,0
2026-09-04 13:13:39,30.96,0,0
2026-09-04 13:13:39,32.19,0,0
2026-09-04 13:13:39,32.18,0,0
2026-09-04 13:13:39,31.09,0,0
2026-09-04 13:13:39,31.06,0,0
2026-09-04 13:13:39,30.86,0,0
2026-09-04 13:13:39,15.15,0,0
2026-09-04 13:13:40,32.21,0,0
2026-09-04 13:13:40,30.86,0,0
2026-09-04 13:13:40,31.95,0,0
2026-09-04 13:13:40,31.51,0,0
2026-09-04 13:13:40,31.53,0,0
2026-09-04 13:13:40,31.6,0,0
2026-09-04 13:13:40,31.22,0,0
2026-09-04 13:13:41,31.72,0,0
2026-09-04 13:13:41,15.4,0,0
2026-09-04 13:13:41,31.19,0,0
2026-09-04 13:13:41,32.02,0,0
2026-09-04 13:13:41,31.77,0,0
2026-09-04 13:13:41,31.42,0,0
2026-09-04 13:13:41,30.97,0,0
2026-09-04 13:13:42,30.59,0,0
2026-09-04 13:13:42,32.03,0,0
2026-09-04 13:13:42,30.77,0,0
2026-09-04 13:13:42,30.74,0,0
2026-09-04 13:13:42,32.17,0,0
2026-09-04 13:13:42,31.98,0,0
2026-09-04 13:13:42,32.25,0,0
2026-09-04 13:13:43,31.3,0,0
2026-09-04 13:13:43,31.49,0,0
2026-09-04 13:13:43,23.5,0,0
2026-09-04 13:13:43,32.83,0,0
2026-09-04 13:13:43,30.71,0,0
2026-09-04 13:13:43,20.22,0,0
2026-09-04 13:13:43,32.75,0,0
2026-09-04 13:13:43,31.14,0,0
2026-09-04 13:13:44,30.24,0,0
2026-09-04 13:13:44,30.88,0,0
2026-09-04 13:13:44,32.22,0,0
2026-09-04 13:13:44,30.93,0,0
2026-09-04 13:13:44,33.07,0,0
2026-09-04 13:13:44,24.09,0,0
2026-09-04 13:13:44,31.65,0,0
2026-09-04 13:13:45,31.89,0,0
2026-09-04 13:13:45,14.94,0,0
2026-09-04 13:13:45,31.3,0,0
2026-09-04 13:13:45,32.3,0,0
2026-09-04 13:13:45,15.31,0,0
2026-09-04 13:13:45,32.32,0,0
2026-09-04 13:13:45,31.94,0,0
2026-09-04 13:13:46,31.66,0,0
2026-09-04 13:13:46,31.94,0,0
2026-09-04 13:13:46,32.65,0,0
2026-09-04 13:13:46,32.37,0,0
2026-09-04 13:13:46,31.7,0,0
2026-09-04 13:13:46,31.94,0,0
2026-09-04 13:13:46,32.27,0,0
2026-09-04 13:13:47,32.67,0,0
2026-09-04 13:13:47,32.29,0,0
2026-09-04 13:13:47,32.63,0,0
2026-09-04 13:13:47,32.57,0,0
2026-09-04 13:13:47,31.41,0,0
2026-09-04 13:13:47,32.64,0,0
2026-09-04 13:13:47,25.8,0,0
2026-09-04 13:13:48,31.44,0,0
2026-09-04 13:13:48,31.22,0,0
2026-09-04 13:13:48,31.07,0,0
2026-09-04 13:13:48,31.84,0,0
2026-09-04 13:13:48,32.94,0,0
2026-09-04 13:13:48,32.64,0,0
2026-09-04 13:13:48,32.0,0,0
2026-09-04 13:13:48,31.47,0,0
2026-09-04 13:13:49,31.03,0,0
2026-09-04 13:13:49,33.05,0,0
2026-09-04 13:13:49,30.74,0,0
2026-09-04 13:13:49,32.67,0,0
2026-09-04 13:13:49,32.85,0,0
2026-09-04 13:13:49,18.18,0,0
2026-09-04 13:13:49,30.47,0,0
2026-09-04 13:13:50,31.32,0,0
2026-09-04 13:13:50,17.96,0,0
2026-09-04 13:13:50,19.68,0,0
2026-09-04 13:13:50,32.31,0,0
2026-09-04 13:13:50,28.75,0,0
2026-09-04 13:13:50,32.37,0,0
2026-09-04 13:13:50,31.74,0,0
2026-09-04 13:13:51,20.61,0,0
2026-09-04 13:13:51,30.98,0,0
2026-09-04 13:13:51,31.9,0,0
2026-09-04 13:13:51,31.76,0,0
2026-09-04 13:13:51,33.99,0,0
2026-09-04 13:13:51,32.3,0,0
2026-09-04 13:13:51,19.42,0,0
2026-09-04 13:13:52,31.73,0,0
2026-09-04 13:13:52,31.09,0,0
2026-09-04 13:13:52,32.54,0,0
2026-09-04 13:13:52,31.64,0,0
2026-09-04 13:13:52,31.77,0,0
2026-09-04 13:13:52,30.8,0,0
2026-09-04 13:13:52,31.2,0,0
2026-09-04 13:13:52,30.6,0,0
2026-09-04 13:13:53,31.25,0,0
2026-09-04 13:13:53,31.94,0,0
2026-09-04 13:13:53,30.52,0,0
2026-09-04 13:13:53,31.86,0,0
2026-09-04 13:13:53,30.55,0,0
2026-09-04 13:13:53,32.78,0,0
2026-09-04 13:13:53,31.71,0,0
2026-09-04 13:13:54,31.41,0,0
2026-09-04 13:13:54,32.96,0,0
2026-09-04 13:13:54,12.43,0,0
2026-09-04 13:13:54,33.23,0,0
2026-09-04 13:13:54,22.97,0,0
2026-09-04 13:13:54,21.05,0,0
2026-09-04 13:13:54,9.24,0,0
2026-09-04 13:13:55,8.7,0,0
2026-09-04 13:13:55,10.14,0,0
2026-09-04 13:13:55,15.57,0,0
2026-09-04 13:13:55,20.93,0,0
2026-09-04 13:13:55,30.36,0,0
2026-09-04 13:13:55,32.47,0,0
2026-09-04 13:13:55,6.16,0,0
2026-09-04 13:13:55,15.54,0,0
2026-09-04 13:13:56,10.81,0,0
2026-09-04 13:13:56,10.39,0,0
2026-09-04 13:13:56,16.12,0,0
2026-09-04 13:13:56,20.38,0,0
2026-09-04 13:13:56,12.17,0,0
2026-09-04 13:13:56,31.34,0,0
2026-09-04 13:13:56,31.69,0,0
2026-09-04 13:13:56,31.23,0,0
2026-09-04 13:13:57,31.06,0,0
2026-09-04 13:13:57,16.49,0,0
2026-09-04 13:13:57,18.28,0,0
2026-09-04 13:13:57,21.34,0,0
2026-09-04 13:13:57,13.4,0,0
2026-09-04 13:13:57,15.51,0,0
2026-09-04 13:13:57,15.88,0,0
2026-09-04 13:13:57,13.01,0,0
2026-09-04 13:13:58,9.06,0,0
2026-09-04 13:13:58,8.22,0,0
2026-09-04 13:13:58,16.81,0,0
2026-09-04 13:13:58,9.28,0,0
2026-09-04 13:13:58,24.25,0,0
2026-09-04 13:13:58,14.78,0,0
2026-09-04 13:13:58,8.1,0,0
2026-09-04 13:13:58,16.71,0,0
2026-09-04 13:13:58,11.7,0,0
2026-09-04 13:13:59,21.35,0,0
2026-09-04 13:13:59,8.94,0,0
2026-09-04 13:13:59,15.77,0,0
2026-09-04 13:13:59,9.08,0,0
2026-09-04 13:13:59,32.6,0,0
2026-09-04 13:13:59,31.49,0,0
2026-09-04 13:13:59,32.03,0,0
2026-09-04 13:14:00,30.94,0,0
2026-09-04 13:14:00,33.7,0,0
2026-09-04 13:14:00,10.61,0,0
2026-09-04 13:14:30,89.3,0,0
2026-09-04 13:14:30,16.77,0,0
2026-09-04 13:14:30,7.89,0,0
2026-09-04 13:14:30,4.57,0,0
2026-09-04 13:14:30,19.27,0,0
2026-09-04 13:14:30,25.07,0,0
2026-09-04 13:14:31,9.65,0,0
2026-09-04 13:14:31,15.07,0,0
2026-09-04 13:14:31,4.43,0,0
2026-09-04 13:14:31,15.56,0,0
2026-09-04 13:14:31,4.85,0,0
2026-09-04 13:14:31,14.07,0,0
2026-09-04 13:14:31,19.59,0,0
2026-09-04 13:14:31,32.62,0,0
2026-09-04 13:14:32,10.12,0,0
2026-09-04 13:14:32,21.84,0,0
2026-09-04 13:14:32,5.42,0,0
2026-09-04 13:14:32,10.1,0,0
2026-09-04 13:14:32,16.49,0,0
2026-09-04 13:14:32,7.92,0,0
2026-09-04 13:14:32,15.39,0,0
2026-09-04 13:14:32,15.81,0,0
2026-09-04 13:14:32,4.92,0,0
2026-09-04 13:14:33,4.55,0,0
2026-09-04 13:14:33,16.5,0,0
2026-09-04 13:14:33,5.0,0,0
2026-09-04 13:14:33,6.21,0,0
2026-09-04 13:14:33,20.99,0,0
2026-09-04 13:14:33,31.47,0,0
2026-09-04 13:14:33,4.95,0,0
2026-09-04 13:14:33,6.47,0,0
2026-09-04 13:14:34,3.94,0,0
2026-09-04 13:14:34,10.38,0,0
2026-09-04 13:14:34,11.27,0,0
2026-09-04 13:14:34,5.44,0,0
2026-09-04 13:14:34,3.46,0,0
2026-09-04 13:14:34,15.1,0,0
2026-09-04 13:14:34,12.79,0,0
2026-09-04 13:14:34,5.58,0,0
2026-09-04 13:14:34,30.39,0,0
2026-09-04 13:14:35,26.9,0,0
2026-09-04 13:14:35,12.9,0,0
2026-09-04 13:14:35,24.38,0,0
2026-09-04 13:14:35,10.74,0,0
2026-09-04 13:14:35,10.26,0,0
2026-09-04 13:14:35,22.38,0,0
2026-09-04 13:14:35,4.68,0,0
2026-09-04 13:14:35,17.0,0,0
2026-09-04 13:14:36,31.13,0,0
2026-09-04 13:14:36,6.31,0,0
2026-09-04 13:14:36,9.31,0,0
2026-09-04 13:14:36,16.15,0,0
2026-09-04 13:14:36,18.27,0,0
2026-09-04 13:14:36,10.78,0,0
2026-09-04 13:14:36,15.41,0,0
2026-09-04 13:14:36,10.61,0,0
2026-09-04 13:14:37,5.92,0,0
2026-09-04 13:14:37,3.67,0,0
2026-09-04 13:14:37,5.65,0,0
2026-09-04 13:14:37,12.14,0,0
2026-09-04 13:14:37,15.64,0,0
2026-09-04 13:14:37,8.48,0,0
2026-09-04 13:14:37,8.23,0,0
2026-09-04 13:14:37,10.57,0,0
2026-09-04 13:14:37,10.63,0,0
2026-09-04 13:14:38,3.99,0,0
2026-09-04 13:14:38,4.17,0,0
2026-09-04 13:14:38,4.49,0,0
2026-09-04 13:14:38,16.09,0,0
2026-09-04 13:14:38,11.56,0,0
2026-09-04 13:14:38,8.67,0,0
2026-09-04 13:14:38,10.87,0,0
2026-09-04 13:14:38,9.38,0,0
2026-09-04 13:14:38,32.02,0,0
2026-09-04 13:14:39,12.36,0,0
2026-09-04 13:14:39,10.84,0,0
2026-09-04 13:14:39,12.48,0,0
2026-09-04 13:14:39,31.68,0,0
2026-09-04 13:14:39,7.6,0,0
2026-09-04 13:14:39,31.05,0,0
2026-09-04 13:14:39,11.27,0,0
2026-09-04 13:14:39,17.48,0,0
2026-09-04 13:14:40,14.87,0,0
2026-09-04 13:14:40,16.32,0,0
2026-09-04 13:14:40,31.64,0,0
2026-09-04 13:14:40,31.2,0,0
2026-09-04 13:14:40,18.69,0,0
2026-09-04 13:14:40,15.51,0,0
2026-09-04 13:14:40,27.05,0,0
2026-09-04 13:14:40,15.63,0,0
2026-09-04 13:14:41,32.78,0,0
2026-09-04 13:14:41,6.49,0,0
2026-09-04 13:14:41,14.51,0,0
2026-09-04 13:14:41,14.52,0,0
2026-09-04 13:14:41,14.03,0,0
2026-09-04 13:14:41,9.37,0,0
2026-09-04 13:14:41,8.22,0,0
2026-09-04 13:14:41,7.65,0,0
2026-09-04 13:14:42,18.35,0,0
2026-09-04 13:14:42,32.87,0,0
2026-09-04 13:14:42,30.37,0,0
2026-09-04 13:14:42,20.1,0,0
2026-09-04 13:14:42,30.84,0,0
2026-09-04 13:14:42,31.49,0,0
2026-09-04 13:14:42,31.51,0,0
2026-09-04 13:14:43,32.23,0,0
2026-09-04 13:14:43,27.83,0,0
2026-09-04 13:14:43,18.46,0,0
2026-09-04 13:14:43,9.5,0,0
2026-09-04 13:14:43,7.23,0,0
2026-09-04 13:14:43,16.52,0,0
2026-09-04 13:14:43,10.97,0,0
2026-09-04 13:14:43,15.88,0,0
2026-09-04 13:14:44,30.27,0,0
2026-09-04 13:14:44,28.47,0,0
2026-09-04 13:14:44,32.52,0,0
2026-09-04 13:14:44,31.56,0,0
2026-09-04 13:14:44,31.33,0,0
2026-09-04 13:14:44,7.48,0,0
2026-09-04 13:14:44,15.7,0,0
2026-09-04 13:14:44,3.93,0,0
2026-09-04 13:14:45,18.97,0,0
2026-09-04 13:14:45,32.25,0,0
2026-09-04 13:14:45,26.38,0,0
2026-09-04 13:14:45,5.79,0,0
2026-09-04 13:14:45,31.55,0,0
2026-09-04 13:14:45,9.69,0,0
2026-09-04 13:14:45,17.03,0,0
2026-09-04 13:14:45,3.1,0,0
2026-09-04 13:14:46,7.08,0,0
2026-09-04 13:14:46,17.55,0,0
2026-09-04 13:14:46,3.82,0,0
2026-09-04 13:14:46,10.31,0,0
2026-09-04 13:14:46,23.34,0,0
2026-09-04 13:14:46,11.13,0,0
2026-09-04 13:14:46,9.7,0,0
2026-09-04 13:14:46,14.31,0,0
2026-09-04 13:14:46,13.88,0,0
2026-09-04 13:14:47,5.9,0,0
2026-09-04 13:14:47,12.03,0,0
2026-09-04 13:14:47,26.7,0,0
2026-09-04 13:14:47,15.93,0,0
2026-09-04 13:14:47,10.59,0,0
2026-09-04 13:14:47,30.85,0,0
2026-09-04 13:14:47,17.17,0,0
2026-09-04 13:14:47,3.62,0,0
2026-09-04 13:14:48,12.32,0,0
2026-09-04 13:14:48,12.18,0,0
2026-09-04 13:14:48,8.45,0,0
2026-09-04 13:14:48,3.87,0,0
2026-09-04 13:14:48,11.53,0,0
2026-09-04 13:14:48,10.15,0,0
2026-09-04 13:14:48,6.79,0,0
2026-09-04 13:14:48,15.68,0,0
2026-09-04 13:14:49,16.66,0,0
2026-09-04 13:14:49,20.18,0,0
2026-09-04 13:14:49,12.72,0,0
2026-09-04 13:14:49,17.22,0,0
2026-09-04 13:14:49,15.78,0,0
2026-09-04 13:14:49,9.71,0,0
2026-09-04 13:14:49,13.63,0,0
2026-09-04 13:14:49,17.1,0,0
2026-09-04 13:14:49,17.62,0,0
2026-09-04 13:14:50,5.32,0,0
2026-09-04 13:14:50,6.28,0,0
2026-09-04 13:14:50,9.95,0,0
2026-09-04 13:14:50,15.79,0,0
2026-09-04 13:14:50,19.57,0,0
2026-09-04 13:14:50,15.81,0,0
2026-09-04 13:14:50,26.85,0,0
2026-09-04 13:14:50,12.05,0,0
2026-09-04 13:14:51,10.37,0,0
2026-09-04 13:14:51,3.91,0,0
2026-09-04 13:14:51,10.43,0,0
2026-09-04 13:14:51,15.24,0,0
2026-09-04 13:14:51,26.14,0,0
2026-09-04 13:14:51,10.62,0,0
2026-09-04 13:14:51,12.98,0,0
2026-09-04 13:14:51,21.67,0,0
2026-09-04 13:14:52,12.66,0,0
2026-09-04 13:14:52,16.61,0,0
2026-09-04 13:14:52,3.03,0,0
2026-09-04 13:14:52,32.78,0,0
2026-09-04 13:14:52,11.73,0,0
2026-09-04 13:14:52,30.86,0,0
2026-09-04 13:14:52,10.57,0,0
2026-09-04 13:14:52,5.93,0,0
2026-09-04 13:14:52,16.72,0,0
2026-09-04 13:14:53,16.26,0,0
2026-09-04 13:14:53,11.09,0,0
2026-09-04 13:14:53,11.26,0,0
2026-09-04 13:14:53,10.85,0,0
2026-09-04 13:14:53,2.96,0,0
2026-09-04 13:14:53,32.65,0,0
2026-09-04 13:14:53,15.53,0,0
2026-09-04 13:14:53,32.24,0,0
2026-09-04 13:14:54,31.33,0,0
2026-09-04 13:14:54,10.18,0,0
2026-09-04 13:14:54,24.34,0,0
2026-09-04 13:14:54,14.69,0,0
2026-09-04 13:14:54,10.61,0,0
2026-09-04 13:14:54,14.86,0,0
2026-09-04 13:14:54,9.08,0,0
2026-09-04 13:14:54,8.28,0,0
2026-09-04 13:14:55,3.63,0,0
2026-09-04 13:14:55,20.31,0,0
2026-09-04 13:14:55,21.97,0,0
2026-09-04 13:14:55,31.26,0,0
2026-09-04 13:14:55,15.87,0,0
2026-09-04 13:14:55,16.24,0,0
2026-09-04 13:14:55,7.77,0,0
2026-09-04 13:14:55,4.92,0,0
2026-09-04 13:14:56,5.11,0,0
2026-09-04 13:14:56,16.42,0,0
2026-09-04 13:14:56,8.34,0,0
2026-09-04 13:14:56,17.4,0,0
2026-09-04 13:14:56,14.92,0,0
2026-09-04 13:14:56,30.56,0,0
2026-09-04 13:14:56,31.86,0,0
2026-09-04 13:14:56,15.19,0,0
2026-09-04 13:14:57,20.43,0,0
2026-09-04 13:14:57,31.95,0,0
2026-09-04 13:14:57,28.49,0,0
2026-09-04 13:14:57,23.95,0,0
2026-09-04 13:14:57,9.73,0,0
2026-09-04 13:14:57,10.82,0,0
2026-09-04 13:14:57,8.7,0,0
2026-09-04 13:14:57,9.73,0,0
2026-09-04 13:14:58,15.71,0,0
2026-09-04 13:14:58,34.29,0,0
2026-09-04 13:14:58,28.98,0,0
2026-09-04 13:14:58,19.84,0,0
2026-09-04 13:14:58,8.71,0,0
2026-09-04 13:14:58,3.5,0,0
2026-09-04 13:14:58,3.49,0,0
2026-09-04 13:14:58,30.12,0,0
2026-09-04 13:14:58,8.98,0,0
2026-09-04 13:14:59,3.62,0,0
2026-09-04 13:14:59,21.08,0,0
2026-09-04 13:14:59,9.75,0,0
2026-09-04 13:14:59,15.68,0,0
2026-09-04 13:14:59,15.86,0,0
2026-09-04 13:14:59,16.82,0,0
2026-09-04 13:14:59,8.33,0,0
2026-09-04 13:14:59,16.15,0,0
2026-09-04 13:15:00,9.71,0,0
2026-09-04 13:15:00,31.31,0,0
2026-09-04 13:15:00,8.89,0,0
2026-09-04 13:15:20,5000,1,0
2026-09-04 13:15:21,698.47,0,0
2026-09-04 13:15:21,18.58,0,0
2026-09-04 13:15:21,19.71,0,0
2026-09-04 13:15:22,32.34,0,0
2026-09-04 13:15:22,5.52,0,0
2026-09-04 13:15:22,8.74,0,0
2026-09-04 13:15:22,9.75,0,0
2026-09-04 13:15:22,16.04,0,0
2026-09-04 13:15:22,30.28,0,0
2026-09-04 13:15:22,20.69,0,0
2026-09-04 13:15:22,11.37,0,0
2026-09-04 13:15:23,7.93,0,0
2026-09-04 13:15:23,6.09,0,0
2026-09-04 13:15:23,3.83,0,0
2026-09-04 13:15:23,31.54,0,0
2026-09-04 13:15:23,31.3,0,0
2026-09-04 13:15:23,29.76,0,0
2026-09-04 13:15:23,31.18,0,0
2026-09-04 13:15:23,10.13,0,0
2026-09-04 13:15:24,32.26,0,0
2026-09-04 13:15:24,10.01,0,0
2026-09-04 13:15:24,31.85,0,0
2026-09-04 13:15:24,14.71,0,0
2026-09-04 13:15:24,10.43,0,0
2026-09-04 13:15:24,13.2,0,0
2026-09-04 13:15:24,11.02,0,0
2026-09-04 13:15:24,15.31,0,0
2026-09-04 13:15:25,24.73,0,0
2026-09-04 13:15:25,5.64,0,0
2026-09-04 13:15:25,12.99,0,0
2026-09-04 13:15:25,27.66,0,0
2026-09-04 13:15:25,14.68,0,0
2026-09-04 13:15:25,7.8,0,0
2026-09-04 13:15:25,7.17,0,0
2026-09-04 13:15:25,5.34,0,0
2026-09-04 13:15:25,5.67,0,0
2026-09-04 13:15:26,10.49,0,0
2026-09-04 13:15:26,32.03,0,0
2026-09-04 13:15:26,22.5,0,0
2026-09-04 13:15:26,10.44,0,0
2026-09-04 13:15:26,4.0,0,0
2026-09-04 13:15:26,25.07,0,0
2026-09-04 13:15:26,7.77,0,0
2026-09-04 13:15:26,30.48,0,0
2026-09-04 13:15:27,30.86,0,0
2026-09-04 13:15:27,24.22,0,0
2026-09-04 13:15:27,6.8,0,0
2026-09-04 13:15:27,9.43,0,0
2026-09-04 13:15:27,5.58,0,0
2026-09-04 13:15:27,7.74,0,0
2026-09-04 13:15:27,32.24,0,0
2026-09-04 13:15:27,33.17,0,0
2026-09-04 13:15:28,18.38,0,0
2026-09-04 13:15:28,33.19,0,0
2026-09-04 13:15:28,31.2,0,0
2026-09-04 13:15:28,32.92,0,0
2026-09-04 13:15:28,21.66,0,0
2026-09-04 13:15:28,16.5,0,0
2026-09-04 13:15:28,31.47,0,0
2026-09-04 13:15:29,31.75,0,0
2026-09-04 13:15:29,16.05,0,0
2026-09-04 13:15:29,31.44,0,0
2026-09-04 13:15:29,30.7,0,0
2026-09-04 13:15:29,16.14,0,0
2026-09-04 13:15:29,32.16,0,0
2026-09-04 13:15:29,30.91,0,0
2026-09-04 13:15:29,21.89,0,0
2026-09-04 13:15:30,32.99,0,0
2026-09-04 13:15:30,20.03,0,0
2026-09-04 13:15:30,31.63,0,0
2026-09-04 13:15:30,18.81,0,0
2026-09-04 13:15:30,31.25,0,0
2026-09-04 13:15:30,26.83,0,0
2026-09-04 13:15:30,30.9,0,0
2026-09-04 13:15:31,16.59,0,0
2026-09-04 13:15:31,32.42,0,0
2026-09-04 13:15:31,31.65,0,0
2026-09-04 13:15:31,32.12,0,0
2026-09-04 13:15:31,17.91,0,0
2026-09-04 13:15:31,21.01,0,0
2026-09-04 13:15:31,32.44,0,0
2026-09-04 13:15:32,31.44,0,0
2026-09-04 13:15:32,32.49,0,0
2026-09-04 13:15:32,33.23,0,0
2026-09-04 13:15:32,26.53,0,0
2026-09-04 13:15:32,32.05,0,0
2026-09-04 13:15:32,30.85,0,0
2026-09-04 13:15:32,16.35,0,0
2026-09-04 13:15:32,4.66,0,0
2026-09-04 13:15:33,31.2,0,0
2026-09-04 13:15:33,34.0,0,0
2026-09-04 13:15:33,31.37,0,0
2026-09-04 13:15:33,31.3,0,0
2026-09-04 13:15:33,30.9,0,0
2026-09-04 13:15:33,16.3,0,0
2026-09-04 13:15:33,31.99,0,0
2026-09-04 13:15:34,30.71,0,0
2026-09-04 13:15:34,5.95,0,0
2026-09-04 13:15:34,31.75,0,0
2026-09-04 13:15:34,30.82,0,0
2026-09-04 13:15:34,30.05,0,0
2026-09-04 13:15:34,14.88,0,0
2026-09-04 13:15:34,15.54,0,0
2026-09-04 13:15:34,16.05,0,0
2026-09-04 13:15:35,16.78,0,0
2026-09-04 13:15:35,18.31,0,0
2026-09-04 13:15:35,26.17,0,0
2026-09-04 13:15:35,30.86,0,0
2026-09-04 13:15:35,17.75,0,0
2026-09-04 13:15:35,16.03,0,0
2026-09-04 13:15:35,19.79,0,0
2026-09-04 13:15:35,17.24,0,0
2026-09-04 13:15:36,31.93,0,0
2026-09-04 13:15:36,31.95,0,0
2026-09-04 13:15:36,32.65,0,0
2026-09-04 13:15:36,27.49,0,0
2026-09-04 13:15:36,31.25,0,0
2026-09-04 13:15:36,32.64,0,0
2026-09-04 13:15:36,26.14,0,0
2026-09-04 13:15:37,32.43,0,0
2026-09-04 13:15:37,34.26,0,0
2026-09-04 13:15:37,31.3,0,0
2026-09-04 13:15:37,30.52,0,0
2026-09-04 13:15:37,31.92,0,0
2026-09-04 13:15:37,32.83,0,0
2026-09-04 13:15:37,30.64,0,0
2026-09-04 13:15:38,29.75,0,0
2026-09-04 13:15:38,31.13,0,0
2026-09-04 13:15:38,16.12,0,0
2026-09-04 13:15:38,32.04,0,0
2026-09-04 13:15:38,31.45,0,0
2026-09-04 13:15:38,31.52,0,0
2026-09-04 13:15:38,31.5,0,0
2026-09-04 13:15:38,5.75,0,0
2026-09-04 13:15:39,16.65,0,0
2026-09-04 13:15:39,19.96,0,0
2026-09-04 13:15:39,31.73,0,0
2026-09-04 13:15:39,29.68,0,0
2026-09-04 13:15:39,31.41,0,0
2026-09-04 13:15:39,29.59,0,0
2026-09-04 13:15:39,32.21,0,0
2026-09-04 13:15:40,32.33,0,0
2026-09-04 13:15:40,19.78,0,0
2026-09-04 13:15:40,30.51,0,0
2026-09-04 13:15:40,31.91,0,0
2026-09-04 13:15:40,22.73,0,0
2026-09-04 13:15:40,29.36,0,0
2026-09-04 13:15:40,31.93,0,0
2026-09-04 13:15:41,32.42,0,0
2026-09-04 13:15:41,34.1,0,0
2026-09-04 13:15:41,31.76,0,0
2026-09-04 13:15:41,9.04,0,0
2026-09-04 13:15:41,17.97,0,0
2026-09-04 13:15:41,31.54,0,0
2026-09-04 13:15:41,32.27,0,0
2026-09-04 13:15:41,17.78,0,0
2026-09-04 13:15:42,30.3,0,0
2026-09-04 13:15:42,30.98,0,0
2026-09-04 13:15:42,32.97,0,0
2026-09-04 13:15:42,31.37,0,0
2026-09-04 13:15:42,5.51,0,0
2026-09-04 13:15:42,29.54,0,0
2026-09-04 13:15:42,21.73,0,0
2026-09-04 13:15:43,31.89,0,0
2026-09-04 13:15:43,32.17,0,0
2026-09-04 13:15:43,33.22,0,0
2026-09-04 13:15:43,31.48,0,0
2026-09-04 13:15:43,28.19,0,0
2026-09-04 13:15:43,31.5,0,0
2026-09-04 13:15:43,15.66,0,0
2026-09-04 13:15:44,30.75,0,0
2026-09-04 13:15:44,30.63,0,0
2026-09-04 13:15:44,15.65,0,0
2026-09-04 13:15:44,30.95,0,0
2026-09-04 13:15:44,15.68,0,0
2026-09-04 13:15:44,30.71,0,0
2026-09-04 13:15:44,31.46,0,0
2026-09-04 13:15:44,15.1,0,0
2026-09-04 13:15:45,21.06,0,0
2026-09-04 13:15:45,32.45,0,0
2026-09-04 13:15:45,30.06,0,0
2026-09-04 13:15:45,30.96,0,0
2026-09-04 13:15:45,30.91,0,0
2026-09-04 13:15:45,15.6,0,0
2026-09-04 13:15:45,23.3,0,0
2026-09-04 13:15:46,31.28,0,0
2026-09-04 13:15:46,32.41,0,0
2026-09-04 13:15:46,20.07,0,0
2026-09-04 13:15:46,32.59,0,0
2026-09-04 13:15:46,31.28,0,0
2026-09-04 13:15:46,31.45,0,0
2026-09-04 13:15:46,31.79,0,0
2026-09-04 13:15:46,29.0,0,0
2026-09-04 13:15:47,23.05,0,0
2026-09-04 13:15:47,31.4,0,0
2026-09-04 13:15:47,33.31,0,0
2026-09-04 13:15:47,29.79,0,0
2026-09-04 13:15:47,31.32,0,0
2026-09-04 13:15:47,30.58,0,0
2026-09-04 13:15:47,30.83,0,0
2026-09-04 13:15:48,32.76,0,0
2026-09-04 13:15:48,31.12,0,0
2026-09-04 13:15:48,30.73,0,0
2026-09-04 13:15:48,31.05,0,0
2026-09-04 13:15:48,31.97,0,0
2026-09-04 13:15:48,33.63,0,0
2026-09-04 13:15:48,29.28,0,0
2026-09-04 13:15:49,31.24,0,0
2026-09-04 13:15:49,31.65,0,0
2026-09-04 13:15:49,20.22,0,0
2026-09-04 13:15:49,16.4,0,0
2026-09-04 13:15:49,32.52,0,0
2026-09-04 13:15:49,33.68,0,0
2026-09-04 13:15:49,9.53,0,0
2026-09-04 13:15:49,19.76,0,0
2026-09-04 13:15:50,32.38,0,0
2026-09-04 13:15:50,22.0,0,0
2026-09-04 13:15:50,12.21,0,0
2026-09-04 13:15:50,5.35,0,0
2026-09-04 13:16:20,31.28,0,0
2026-09-04 13:16:20,31.61,0,0
2026-09-04 13:16:20,31.74,0,0
2026-09-04 13:16:20,33.59,0,0
2026-09-04 13:16:21,30.18,0,0
2026-09-04 13:16:21,15.58,0,0
2026-09-04 13:16:21,30.99,0,0
2026-09-04 13:16:21,31.6,0,0
2026-09-04 13:16:21,31.02,0,0
2026-09-04 13:16:21,32.88,0,0
2026-09-04 13:16:21,31.64,0,0
2026-09-04 13:16:22,32.24,0,0
2026-09-04 13:16:22,33.31,0,0
2026-09-04 13:16:22,16.33,0,0
2026-09-04 13:16:22,30.03,0,0
2026-09-04 13:16:22,5.12,0,0
2026-09-04 13:16:22,3.72,0,0
2026-09-04 13:16:22,7.59,0,0
2026-09-04 13:16:22,4.31,0,0
2026-09-04 13:16:23,2.93,0,0
2026-09-04 13:16:23,8.49,0,0
2026-09-04 13:16:23,16.38,0,0
2026-09-04 13:16:23,8.69,0,0
2026-09-04 13:16:23,7.14,0,0
2026-09-04 13:16:23,11.14,0,0
2026-09-04 13:16:23,22.58,0,0
2026-09-04 13:16:23,33.36,0,0
2026-09-04 13:16:24,15.5,0,0
2026-09-04 13:16:24,16.14,0,0
2026-09-04 13:16:24,31.09,0,0
2026-09-04 13:16:24,15.19,0,0
2026-09-04 13:16:24,9.38,0,0
2026-09-04 13:16:24,3.21,0,0
2026-09-04 13:16:24,13.73,0,0
2026-09-04 13:16:24,7.55,0,0
2026-09-04 13:16:24,12.43,0,0
2026-09-04 13:16:25,14.65,0,0
2026-09-04 13:16:25,15.31,0,0
2026-09-04 13:16:25,15.86,0,0
2026-09-04 13:16:25,17.67,0,0
2026-09-04 13:16:25,11.52,0,0
2026-09-04 13:16:25,15.48,0,0
2026-09-04 13:16:25,12.75,0,0
2026-09-04 13:16:25,16.5,0,0
2026-09-04 13:16:26,31.46,0,0
2026-09-04 13:16:26,29.64,0,0
2026-09-04 13:16:26,16.35,0,0
2026-09-04 13:16:26,31.69,0,0
2026-09-04 13:16:26,15.37,0,0
2026-09-04 13:16:26,32.12,0,0
2026-09-04 13:16:26,30.93,0,0
2026-09-04 13:16:27,15.99,0,0
2026-09-04 13:16:27,18.83,0,0
2026-09-04 13:16:27,4.24,0,0
2026-09-04 13:16:27,4.58,0,0
2026-09-04 13:16:27,4.15,0,0
2026-09-04 13:16:27,17.25,0,0
2026-09-04 13:16:27,20.26,0,0
2026-09-04 13:16:27,18.03,0,0
2026-09-04 13:16:27,32.08,0,0
2026-09-04 13:16:28,31.37,0,0
2026-09-04 13:16:28,32.31,0,0
2026-09-04 13:16:28,33.33,0,0
2026-09-04 13:16:28,17.76,0,0
2026-09-04 13:16:28,4.01,0,0
2026-09-04 13:16:28,16.18,0,0
2026-09-04 13:16:28,16.12,0,0
2026-09-04 13:16:29,31.82,0,0
2026-09-04 13:16:29,20.87,0,0
2026-09-04 13:16:29,15.92,0,0
2026-09-04 13:16:29,31.02,0,0
2026-09-04 13:16:29,31.19,0,0
2026-09-04 13:16:29,32.29,0,0
2026-09-04 13:16:29,31.94,0,0
2026-09-04 13:16:29,31.47,0,0
2026-09-04 13:16:30,20.28,0,0
2026-09-04 13:16:30,16.31,0,0
2026-09-04 13:16:30,32.98,0,0
2026-09-04 13:16:30,15.54,0,0
2026-09-04 13:16:30,31.67,0,0
2026-09-04 13:16:30,31.92,0,0
2026-09-04 13:16:30,23.89,0,0
2026-09-04 13:16:31,26.82,0,0
2026-09-04 13:16:31,33.78,0,0
2026-09-04 13:16:31,22.33,0,0
2026-09-04 13:16:31,15.31,0,0
2026-09-04 13:16:31,15.7,0,0
2026-09-04 13:16:31,4.24,0,0
2026-09-04 13:16:31,3.86,0,0
2026-09-04 13:16:31,16.64,0,0
2026-09-04 13:16:32,3.58,0,0
2026-09-04 13:16:32,6.05,0,0
2026-09-04 13:16:32,15.24,0,0
2026-09-04 13:16:32,33.62,0,0
2026-09-04 13:16:32,32.35,0,0
2026-09-04 13:16:32,21.49,0,0
2026-09-04 13:16:32,32.25,0,0
2026-09-04 13:16:32,31.81,0,0
2026-09-04 13:16:33,32.23,0,0
2026-09-04 13:16:33,31.6,0,0
2026-09-04 13:16:33,31.27,0,0
2026-09-04 13:16:33,16.14,0,0
2026-09-04 13:16:33,32.7,0,0
2026-09-04 13:16:33,32.16,0,0
2026-09-04 13:16:33,31.98,0,0
2026-09-04 13:16:34,32.38,0,0
2026-09-04 13:16:34,31.84,0,0
2026-09-04 13:16:34,12.87,0,0
2026-09-04 13:16:34,13.17,0,0
2026-09-04 13:16:34,32.86,0,0
2026-09-04 13:16:34,32.21,0,0
2026-09-04 13:16:34,31.21,0,0
2026-09-04 13:16:34,31.8,0,0
2026-09-04 13:16:35,30.23,0,0
2026-09-04 13:16:35,7.27,0,0
2026-09-04 13:16:35,30.4,0,0
2026-09-04 13:16:35,31.02,0,0
2026-09-04 13:16:35,31.01,0,0
2026-09-04 13:16:35,16.28,0,0
2026-09-04 13:16:35,31.31,0,0
2026-09-04 13:16:36,21.07,0,0
2026-09-04 13:16:36,30.81,0,0
2026-09-04 13:16:36,14.81,0,0
2026-09-04 13:16:36,31.54,0,0
2026-09-04 13:16:36,17.27,0,0
2026-09-04 13:16:36,32.75,0,0
2026-09-04 13:16:36,32.96,0,0
2026-09-04 13:16:36,15.59,0,0
2026-09-04 13:16:37,23.21,0,0
2026-09-04 13:16:37,31.12,0,0
2026-09-04 13:16:37,32.23,0,0
2026-09-04 13:16:37,32.18,0,0
2026-09-04 13:16:37,30.33,0,0
2026-09-04 13:16:37,19.56,0,0
2026-09-04 13:16:37,29.51,0,0
2026-09-04 13:16:38,32.37,0,0
2026-09-04 13:16:38,27.87,0,0
2026-09-04 13:16:38,26.17,0,0
2026-09-04 13:16:38,31.43,0,0
2026-09-04 13:16:38,18.47,0,0
2026-09-04 13:16:38,3.42,0,0
2026-09-04 13:16:38,18.25,0,0
2026-09-04 13:16:38,12.8,0,0
2026-09-04 13:16:39,3.37,0,0
2026-09-04 13:16:39,6.24,0,0
2026-09-04 13:16:39,6.3,0,0
2026-09-04 13:16:39,9.81,0,0
2026-09-04 13:16:39,5.85,0,0
2026-09-04 13:16:39,8.01,0,0
2026-09-04 13:16:39,3.15,0,0
2026-09-04 13:16:39,6.07,0,0
2026-09-04 13:16:39,3.86,0,0
2026-09-04 13:16:40,5.86,0,0
2026-09-04 13:16:40,9.61,0,0
2026-09-04 13:16:40,11.01,0,0
2026-09-04 13:16:40,24.71,0,0
2026-09-04 13:16:40,6.76,0,0
2026-09-04 13:16:40,9.98,0,0
2026-09-04 13:16:40,15.71,0,0
2026-09-04 13:16:40,16.35,0,0
2026-09-04 13:16:40,15.9,0,0
2026-09-04 13:16:41,16.44,0,0
2026-09-04 13:16:41,9.86,0,0
2026-09-04 13:16:41,32.12,0,0
2026-09-04 13:16:41,3.04,0,0
2026-09-04 13:16:41,16.57,0,0
2026-09-04 13:16:41,8.71,0,0
2026-09-04 13:16:41,14.8,0,0
2026-09-04 13:16:41,16.1,0,0
2026-09-04 13:16:42,31.93,0,0
2026-09-04 13:16:42,5.62,0,0
2026-09-04 13:16:42,10.5,0,0
2026-09-04 13:16:42,19.94,0,0
2026-09-04 13:16:42,25.48,0,0
2026-09-04 13:16:42,17.28,0,0
2026-09-04 13:16:42,31.8,0,0
2026-09-04 13:16:42,21.64,0,0
2026-09-04 13:16:43,9.13,0,0
2026-09-04 13:16:43,17.44,0,0
2026-09-04 13:16:43,11.71,0,0
2026-09-04 13:16:43,11.03,0,0
2026-09-04 13:16:43,13.32,0,0
2026-09-04 13:16:43,8.09,0,0
2026-09-04 13:16:43,21.37,0,0
2026-09-04 13:16:43,17.01,0,0
2026-09-04 13:16:44,18.71,0,0
2026-09-04 13:16:44,32.2,0,0
2026-09-04 13:16:44,21.13,0,0
2026-09-04 13:16:44,32.04,0,0
2026-09-04 13:16:44,31.25,0,0
2026-09-04 13:16:44,8.16,0,0
2026-09-04 13:16:44,4.22,0,0
2026-09-04 13:16:44,11.25,0,0
2026-09-04 13:16:45,15.18,0,0
2026-09-04 13:16:45,30.45,0,0
2026-09-04 13:16:45,30.8,0,0
2026-09-04 13:16:45,32.05,0,0
2026-09-04 13:16:45,15.19,0,0
2026-09-04 13:16:45,8.99,0,0
2026-09-04 13:16:45,30.51,0,0
2026-09-04 13:16:45,30.4,0,0
2026-09-04 13:16:46,7.79,0,0
2026-09-04 13:16:46,31.04,0,0
2026-09-04 13:16:46,32.1,0,0
2026-09-04 13:16:46,31.15,0,0
2026-09-04 13:16:46,31.89,0,0
2026-09-04 13:16:46,31.24,0,0
2026-09-04 13:16:46,30.82,0,0
2026-09-04 13:16:47,31.72,0,0
2026-09-04 13:16:47,32.51,0,0
2026-09-04 13:16:47,32.26,0,0
2026-09-04 13:16:47,31.38,0,0
2026-09-04 13:16:47,31.05,0,0
2026-09-04 13:16:47,31.29,0,0
2026-09-04 13:16:47,31.29,0,0
2026-09-04 13:16:48,31.75,0,0
2026-09-04 13:16:48,30.6,0,0
2026-09-04 13:16:48,18.92,0,0
2026-09-04 13:16:48,31.84,0,0
2026-09-04 13:16:48,32.17,0,0
2026-09-04 13:16:48,31.69,0,0
2026-09-04 13:16:48,31.98,0,0
2026-09-04 13:16:48,3.26,0,0
2026-09-04 13:16:49,31.31,0,0
2026-09-04 13:16:49,31.92,0,0
2026-09-04 13:16:49,31.88,0,0
2026-09-04 13:16:49,32.75,0,0
2026-09-04 13:16:49,30.91,0,0
2026-09-04 13:16:49,31.53,0,0
2026-09-04 13:16:49,31.02,0,0
2026-09-04 13:16:50,32.4,0,0
2026-09-04 13:16:50,31.94,0,0
2026-09-04 13:16:50,33.71,0,0
2026-09-04 13:16:50,21.9,0,0
2026-09-04 13:17:20,22.53,0,0
2026-09-04 13:17:20,31.53,0,0
2026-09-04 13:17:20,32.33,0,0
2026-09-04 13:17:21,7.41,0,0
2026-09-04 13:17:21,31.91,0,0
2026-09-04 13:17:21,32.16,0,0
2026-09-04 13:17:21,32.44,0,0
2026-09-04 13:17:21,6.53,0,0
2026-09-04 13:17:21,31.64,0,0
2026-09-04 13:17:21,31.84,0,0
2026-09-04 13:17:22,23.56,0,0
2026-09-04 13:17:22,31.1,0,0
2026-09-04 13:17:22,23.22,0,0
2026-09-04 13:17:22,14.09,0,0
2026-09-04 13:17:22,31.03,0,0
2026-09-04 13:17:22,32.21,0,0
2026-09-04 13:17:22,15.68,0,0
2026-09-04 13:17:22,32.02,0,0
2026-09-04 13:17:23,30.86,0,0
2026-09-04 13:17:23,25.19,0,0
2026-09-04 13:17:23,30.31,0,0
2026-09-04 13:17:23,16.32,0,0
2026-09-04 13:17:23,32.97,0,0
2026-09-04 13:17:23,17.29,0,0
2026-09-04 13:17:23,32.56,0,0
2026-09-04 13:17:24,18.58,0,0
2026-09-04 13:17:24,26.79,0,0
2026-09-04 13:17:24,19.14,0,0
2026-09-04 13:17:24,32.96,0,0
2026-09-04 13:17:24,31.95,0,0
2026-09-04 13:17:24,30.51,0,0
2026-09-04 13:17:24,32.97,0,0
2026-09-04 13:17:24,14.44,0,0
2026-09-04 13:17:25,31.2,0,0
2026-09-04 13:17:25,21.25,0,0
2026-09-04 13:17:25,32.26,0,0
2026-09-04 13:17:25,31.71,0,0
2026-09-04 13:17:25,31.54,0,0
2026-09-04 13:17:25,32.46,0,0
2026-09-04 13:17:25,32.51,0,0
2026-09-04 13:17:26,31.29,0,0
2026-09-04 13:17:26,15.62,0,0
2026-09-04 13:17:26,15.48,0,0
2026-09-04 13:17:26,11.22,0,0
2026-09-04 13:17:26,31.06,0,0
2026-09-04 13:17:26,32.08,0,0
2026-09-04 13:17:26,10.3,0,0
2026-09-04 13:17:26,10.47,0,0
2026-09-04 13:17:27,13.81,0,0
2026-09-04 13:17:27,15.4,0,0
2026-09-04 13:17:27,10.46,0,0
2026-09-04 13:17:27,31.32,0,0
2026-09-04 13:17:27,16.72,0,0
2026-09-04 13:17:27,10.08,0,0
2026-09-04 13:17:27,19.83,0,0
2026-09-04 13:17:27,22.48,0,0
2026-09-04 13:17:28,15.58,0,0
2026-09-04 13:17:28,15.4,0,0
2026-09-04 13:17:28,24.85,0,0
2026-09-04 13:17:28,19.58,0,0
2026-09-04 13:17:28,8.27,0,0
2026-09-04 13:17:28,31.81,0,0
2026-09-04 13:17:28,16.33,0,0
2026-09-04 13:17:28,8.03,0,0
2026-09-04 13:17:29,16.61,0,0
2026-09-04 13:17:29,15.97,0,0
2026-09-04 13:17:29,11.41,0,0
2026-09-04 13:17:29,16.58,0,0
2026-09-04 13:17:29,15.38,0,0
2026-09-04 13:17:29,10.67,0,0
2026-09-04 13:17:29,16.48,0,0
2026-09-04 13:17:29,31.54,0,0
2026-09-04 13:17:30,7.51,0,0
2026-09-04 13:17:30,9.45,0,0
2026-09-04 13:17:30,16.17,0,0
2026-09-04 13:17:30,32.24,0,0
2026-09-04 13:17:30,31.68,0,0
2026-09-04 13:17:30,32.57,0,0
2026-09-04 13:17:30,31.12,0,0
2026-09-04 13:17:30,30.9,0,0
2026-09-04 13:17:31,32.8,0,0
2026-09-04 13:17:31,31.61,0,0
2026-09-04 13:17:31,32.5,0,0
2026-09-04 13:17:31,31.08,0,0
2026-09-04 13:17:31,31.89,0,0
2026-09-04 13:17:31,30.6,0,0
2026-09-04 13:17:31,30.22,0,0
2026-09-04 13:17:32,30.83,0,0
2026-09-04 13:17:32,31.73,0,0
2026-09-04 13:17:32,26.64,0,0
2026-09-04 13:17:32,3.36,0,0
2026-09-04 13:17:32,30.68,0,0
2026-09-04 13:17:32,32.13,0,0
2026-09-04 13:17:32,16.04,0,0
2026-09-04 13:17:33,32.46,0,0
2026-09-04 13:17:33,32.48,0,0
2026-09-04 13:17:33,18.92,0,0
2026-09-04 13:17:33,32.18,0,0
2026-09-04 13:17:33,31.12,0,0
2026-09-04 13:17:33,31.89,0,0
2026-09-04 13:17:33,33.86,0,0
2026-09-04 13:17:33,34.77,0,0
2026-09-04 13:17:34,32.71,0,0
2026-09-04 13:17:34,30.85,0,0
2026-09-04 13:17:34,30.43,0,0
2026-09-04 13:17:34,31.78,0,0
2026-09-04 13:17:34,8.34,0,0
2026-09-04 13:17:34,30.77,0,0
2026-09-04 13:17:34,29.34,0,0
2026-09-04 13:17:35,19.19,0,0
2026-09-04 13:17:35,32.14,0,0
2026-09-04 13:17:35,31.93,0,0
2026-09-04 13:17:35,33.11,0,0
2026-09-04 13:17:35,31.93,0,0
2026-09-04 13:17:35,31.93,0,0
2026-09-04 13:17:35,31.48,0,0
2026-09-04 13:17:36,31.18,0,0
2026-09-04 13:17:36,32.37,0,0
2026-09-04 13:17:36,16.12,0,0
2026-09-04 13:17:36,31.8,0,0
2026-09-04 13:17:36,31.67,0,0
2026-09-04 13:17:36,31.52,0,0
2026-09-04 13:17:36,31.39,0,0
2026-09-04 13:17:36,30.76,0,0
2026-09-04 13:17:37,30.64,0,0
2026-09-04 13:17:37,33.02,0,0
2026-09-04 13:17:37,33.34,0,0
2026-09-04 13:17:37,31.01,0,0
2026-09-04 13:17:37,31.84,0,0
2026-09-04 13:17:37,31.31,0,0
2026-09-04 13:17:37,31.77,0,0
2026-09-04 13:17:38,31.54,0,0
2026-09-04 13:17:38,31.43,0,0
2026-09-04 13:17:38,31.6,0,0
2026-09-04 13:17:38,33.62,0,0
2026-09-04 13:17:38,32.73,0,0
2026-09-04 13:17:38,31.18,0,0
2026-09-04 13:17:38,31.18,0,0
2026-09-04 13:17:39,31.52,0,0
2026-09-04 13:17:39,18.99,0,0
2026-09-04 13:17:39,31.29,0,0
2026-09-04 13:17:39,31.23,0,0
2026-09-04 13:17:39,30.47,0,0
2026-09-04 13:17:39,31.7,0,0
2026-09-04 13:17:39,31.11,0,0
2026-09-04 13:17:40,31.76,0,0
2026-09-04 13:17:40,31.42,0,0
2026-09-04 13:17:40,16.17,0,0
2026-09-04 13:17:40,31.16,0,0
2026-09-04 13:17:40,32.55,0,0
2026-09-04 13:17:40,32.32,0,0
2026-09-04 13:17:40,30.84,0,0
2026-09-04 13:17:41,33.11,0,0
2026-09-04 13:17:41,31.33,0,0
2026-09-04 13:17:41,16.6,0,0
2026-09-04 13:17:41,32.95,0,0
2026-09-04 13:17:41,16.15,0,0
2026-09-04 13:17:41,32.96,0,0
2026-09-04 13:17:41,30.29,0,0
2026-09-04 13:17:41,30.84,0,0
2026-09-04 13:17:42,32.13,0,0
2026-09-04 13:17:42,30.93,0,0
2026-09-04 13:17:42,16.11,0,0
2026-09-04 13:17:42,31.54,0,0
2026-09-04 13:17:42,31.29,0,0
2026-09-04 13:17:42,32.94,0,0
2026-09-04 13:17:42,32.86,0,0
2026-09-04 13:17:43,32.36,0,0
2026-09-04 13:17:43,31.32,0,0
2026-09-04 13:17:43,10.41,0,0
2026-09-04 13:17:43,8.45,0,0
2026-09-04 13:17:43,17.46,0,0
2026-09-04 13:17:43,16.21,0,0
2026-09-04 13:17:43,10.82,0,0
2026-09-04 13:17:43,17.35,0,0
2026-09-04 13:17:44,11.69,0,0
2026-09-04 13:17:44,15.7,0,0
2026-09-04 13:17:44,21.48,0,0
2026-09-04 13:17:44,6.1,0,0
2026-09-04 13:17:44,6.06,0,0
2026-09-04 13:17:44,5.86,0,0
2026-09-04 13:17:44,9.83,0,0
2026-09-04 13:17:44,15.66,0,0
2026-09-04 13:17:44,10.67,0,0
2026-09-04 13:17:45,5.66,0,0
2026-09-04 13:17:45,10.74,0,0
2026-09-04 13:17:45,25.59,0,0
2026-09-04 13:17:45,9.75,0,0
2026-09-04 13:17:45,8.74,0,0
2026-09-04 13:17:45,12.4,0,0
2026-09-04 13:17:45,3.97,0,0
2026-09-04 13:17:45,31.47,0,0
2026-09-04 13:17:46,31.49,0,0
2026-09-04 13:17:46,32.53,0,0
2026-09-04 13:17:46,31.85,0,0
2026-09-04 13:17:46,31.9,0,0
2026-09-04 13:17:46,18.77,0,0
2026-09-04 13:17:46,32.19,0,0
2026-09-04 13:17:46,31.92,0,0
2026-09-04 13:17:47,30.21,0,0
2026-09-04 13:17:47,31.72,0,0
2026-09-04 13:17:47,30.38,0,0
2026-09-04 13:17:47,16.91,0,0
2026-09-04 13:17:47,32.48,0,0
2026-09-04 13:17:47,32.41,0,0
2026-09-04 13:17:47,31.04,0,0
2026-09-04 13:17:48,30.7,0,0
2026-09-04 13:17:48,15.94,0,0
2026-09-04 13:17:48,31.28,0,0
2026-09-04 13:17:48,32.26,0,0
2026-09-04 13:17:48,31.62,0,0
2026-09-04 13:17:48,31.16,0,0
2026-09-04 13:17:48,18.2,0,0
2026-09-04 13:17:48,32.3,0,0
2026-09-04 13:17:49,30.91,0,0
2026-09-04 13:17:49,31.79,0,0
2026-09-04 13:17:49,32.33,0,0
2026-09-04 13:17:49,31.53,0,0
2026-09-04 13:17:49,31.31,0,0
2026-09-04 13:17:49,32.29,0,0
2026-09-04 13:17:49,31.58,0,0
2026-09-04 13:17:50,20.25,0,0
2026-09-04 13:17:50,31.31,0,0
2026-09-04 13:17:50,32.09,0,0
2026-09-04 13:17:50,32.39,0,0
2026-09-04 13:18:11,5000,1,0
2026-09-04 13:18:11,33.96,0,0
2026-09-04 13:18:11,15.57,0,0
2026-09-04 13:18:11,32.1,0,0
2026-09-04 13:18:11,32.09,0,0
2026-09-04 13:18:11,31.73,0,0
2026-09-04 13:18:12,31.25,0,0
2026-09-04 13:18:12,33.14,0,0
2026-09-04 13:18:12,17.55,0,0
2026-09-04 13:18:12,32.29,0,0
2026-09-04 13:18:12,30.76,0,0
2026-09-04 13:18:12,16.57,0,0
2026-09-04 13:18:12,30.02,0,0
2026-09-04 13:18:12,33.57,0,0
2026-09-04 13:18:13,32.37,0,0
2026-09-04 13:18:13,31.25,0,0
2026-09-04 13:18:13,30.68,0,0
2026-09-04 13:18:13,21.1,0,0
2026-09-04 13:18:13,30.43,0,0
2026-09-04 13:18:13,32.15,0,0
2026-09-04 13:18:13,31.05,0,0
2026-09-04 13:18:14,32.21,0,0
2026-09-04 13:18:14,30.83,0,0
2026-09-04 13:18:14,31.2,0,0
2026-09-04 13:18:14,31.24,0,0
2026-09-04 13:18:14,22.43,0,0
2026-09-04 13:18:14,30.93,0,0
2026-09-04 13:18:14,31.06,0,0
2026-09-04 13:18:15,31.67,0,0
2026-09-04 13:18:15,32.62,0,0
2026-09-04 13:18:15,19.05,0,0
2026-09-04 13:18:15,32.14,0,0
2026-09-04 13:18:15,30.64,0,0
2026-09-04 13:18:15,32.06,0,0
2026-09-04 13:18:15,30.87,0,0
2026-09-04 13:18:16,32.96,0,0
2026-09-04 13:18:16,32.38,0,0
2026-09-04 13:18:16,27.58,0,0
2026-09-04 13:18:16,32.15,0,0
2026-09-04 13:18:16,26.78,0,0
2026-09-04 13:18:16,6.43,0,0
2026-09-04 13:18:16,30.78,0,0
2026-09-04 13:18:16,34.55,0,0
2026-09-04 13:18:17,14.97,0,0
2026-09-04 13:18:17,30.31,0,0
2026-09-04 13:18:17,31.72,0,0
2026-09-04 13:18:17,16.5,0,0
2026-09-04 13:18:17,23.59,0,0
2026-09-04 13:18:17,32.52,0,0
2026-09-04 13:18:17,31.46,0,0
2026-09-04 13:18:18,32.41,0,0
2026-09-04 13:18:18,31.96,0,0
2026-09-04 13:18:18,22.33,0,0
2026-09-04 13:18:18,31.85,0,0
2026-09-04 13:18:18,31.13,0,0
2026-09-04 13:18:18,31.7,0,0
2026-09-04 13:18:18,33.24,0,0
2026-09-04 13:18:19,31.72,0,0
2026-09-04 13:18:19,31.07,0,0
2026-09-04 13:18:19,30.63,0,0
2026-09-04 13:18:19,29.88,0,0
2026-09-04 13:18:19,31.25,0,0
2026-09-04 13:18:19,31.87,0,0
2026-09-04 13:18:19,30.95,0,0
2026-09-04 13:18:20,31.82,0,0
2026-09-04 13:18:20,31.58,0,0
2026-09-04 13:18:20,30.63,0,0
2026-09-04 13:18:20,32.61,0,0
2026-09-04 13:18:20,31.13,0,0
2026-09-04 13:18:20,31.89,0,0
2026-09-04 13:18:20,32.79,0,0
2026-09-04 13:18:20,32.03,0,0
2026-09-04 13:18:21,32.3,0,0
2026-09-04 13:18:21,31.64,0,0
2026-09-04 13:18:21,32.64,0,0
2026-09-04 13:18:21,31.86,0,0
2026-09-04 13:18:21,31.86,0,0
2026-09-04 13:18:21,16.57,0,0
2026-09-04 13:18:21,31.58,0,0
2026-09-04 13:18:22,30.68,0,0
2026-09-04 13:18:22,32.35,0,0
2026-09-04 13:18:22,31.78,0,0
2026-09-04 13:18:22,31.89,0,0
2026-09-04 13:18:22,22.98,0,0
2026-09-04 13:18:22,31.09,0,0
2026-09-04 13:18:22,33.12,0,0
2026-09-04 13:18:23,31.18,0,0
2026-09-04 13:18:23,31.58,0,0
2026-09-04 13:18:23,14.05,0,0
2026-09-04 13:18:23,32.9,0,0
2026-09-04 13:18:23,32.01,0,0
2026-09-04 13:18:23,30.97,0,0
2026-09-04 13:18:23,33.17,0,0
2026-09-04 13:18:24,31.4,0,0
2026-09-04 13:18:24,32.58,0,0
2026-09-04 13:18:24,26.67,0,0
2026-09-04 13:18:24,32.56,0,0
2026-09-04 13:18:24,32.6,0,0
2026-09-04 13:18:24,32.34,0,0
2026-09-04 13:18:24,31.8,0,0
2026-09-04 13:18:25,31.31,0,0
2026-09-04 13:18:25,31.49,0,0
2026-09-04 13:18:25,32.19,0,0
2026-09-04 13:18:25,31.0,0,0
2026-09-04 13:18:25,31.23,0,0
2026-09-04 13:18:25,15.97,0,0
2026-09-04 13:18:25,32.21,0,0
2026-09-04 13:18:25,31.9,0,0
2026-09-04 13:18:26,31.2,0,0
2026-09-04 13:18:26,30.69,0,0
2026-09-04 13:18:26,32.61,0,0
2026-09-04 13:18:26,30.73,0,0
2026-09-04 13:18:26,31.29,0,0
2026-09-04 13:18:26,31.75,0,0
2026-09-04 13:18:26,31.31,0,0
2026-09-04 13:18:27,29.97,0,0
2026-09-04 13:18:27,31.12,0,0
2026-09-04 13:18:27,32.02,0,0
2026-09-04 13:18:27,31.7,0,0
2026-09-04 13:18:27,30.66,0,0
2026-09-04 13:18:27,31.12,0,0
2026-09-04 13:18:27,30.77,0,0
2026-09-04 13:18:28,15.44,0,0
2026-09-04 13:18:28,30.97,0,0
2026-09-04 13:18:28,30.7,0,0
2026-09-04 13:18:28,14.91,0,0
2026-09-04 13:18:28,31.39,0,0
2026-09-04 13:18:28,31.45,0,0
2026-09-04 13:18:28,16.35,0,0
2026-09-04 13:18:28,13.94,0,0
2026-09-04 13:18:29,15.48,0,0
2026-09-04 13:18:29,15.96,0,0
2026-09-04 13:18:29,8.42,0,0
2026-09-04 13:18:29,9.57,0,0
2026-09-04 13:18:29,9.16,0,0
2026-09-04 13:18:29,6.41,0,0
2026-09-04 13:18:29,14.0,0,0
2026-09-04 13:18:29,10.2,0,0
2026-09-04 13:18:30,6.8,0,0
2026-09-04 13:18:30,4.84,0,0
2026-09-04 13:18:30,7.75,0,0
2026-09-04 13:18:30,4.08,0,0
2026-09-04 13:18:30,4.34,0,0
2026-09-04 13:18:30,5.69,0,0
2026-09-04 13:18:30,25.11,0,0
2026-09-04 13:18:30,30.44,0,0
2026-09-04 13:18:31,32.77,0,0
2026-09-04 13:18:31,9.47,0,0
2026-09-04 13:18:31,10.61,0,0
2026-09-04 13:18:31,10.94,0,0
2026-09-04 13:18:31,10.13,0,0
2026-09-04 13:18:31,2.85,0,0
2026-09-04 13:18:31,11.66,0,0
2026-09-04 13:18:31,18.22,0,0
2026-09-04 13:18:31,31.6,0,0
2026-09-04 13:18:32,17.06,0,0
2026-09-04 13:18:32,31.58,0,0
2026-09-04 13:18:32,30.6,0,0
2026-09-04 13:18:32,32.28,0,0
2026-09-04 13:18:32,15.46,0,0
2026-09-04 13:18:32,46.44,0,0
2026-09-04 13:18:32,32.13,0,0
2026-09-04 13:18:33,32.21,0,0
2026-09-04 13:18:33,16.26,0,0
2026-09-04 13:18:33,27.32,0,0
2026-09-04 13:18:33,31.79,0,0
2026-09-04 13:18:33,15.92,0,0
2026-09-04 13:18:33,32.23,0,0
2026-09-04 13:18:33,33.97,0,0
2026-09-04 13:18:34,31.46,0,0
2026-09-04 13:18:34,31.5,0,0
2026-09-04 13:18:34,31.26,0,0
2026-09-04 13:18:34,31.39,0,0
2026-09-04 13:18:34,17.25,0,0
2026-09-04 13:18:34,10.04,0,0
2026-09-04 13:18:34,20.32,0,0
2026-09-04 13:18:34,31.77,0,0
2026-09-04 13:18:35,32.58,0,0
2026-09-04 13:18:35,3.18,0,0
2026-09-04 13:18:35,21.39,0,0
2026-09-04 13:18:35,33.09,0,0
2026-09-04 13:18:35,31.74,0,0
2026-09-04 13:18:35,31.67,0,0
2026-09-04 13:18:35,32.25,0,0
2026-09-04 13:18:36,15.83,0,0
2026-09-04 13:18:36,33.81,0,0
2026-09-04 13:18:36,31.12,0,0
2026-09-04 13:18:36,29.77,0,0
2026-09-04 13:18:36,31.12,0,0
2026-09-04 13:18:36,30.86,0,0
2026-09-04 13:18:36,31.69,0,0
2026-09-04 13:18:36,31.67,0,0
2026-09-04 13:18:37,33.28,0,0
2026-09-04 13:18:37,29.64,0,0
2026-09-04 13:18:37,32.78,0,0
2026-09-04 13:18:37,32.28,0,0
2026-09-04 13:18:37,31.87,0,0
2026-09-04 13:18:37,33.05,0,0
2026-09-04 13:18:37,32.24,0,0
2026-09-04 13:18:38,30.99,0,0
2026-09-04 13:18:38,30.6,0,0
2026-09-04 13:18:38,30.87,0,0
2026-09-04 13:18:38,31.66,0,0
2026-09-04 13:18:38,31.92,0,0
2026-09-04 13:18:38,29.98,0,0
2026-09-04 13:18:38,33.27,0,0
2026-09-04 13:18:39,32.02,0,0
2026-09-04 13:18:39,22.27,0,0
2026-09-04 13:18:39,15.2,0,0
2026-09-04 13:18:39,31.6,0,0
2026-09-04 13:18:39,31.42,0,0
2026-09-04 13:18:39,32.21,0,0
2026-09-04 13:18:39,32.21,0,0
2026-09-04 13:18:40,21.04,0,0
2026-09-04 13:18:40,31.0,0,0
2026-09-04 13:18:40,32.3,0,0
2026-09-04 13:18:40,32.78,0,0
2026-09-04 13:18:40,30.64,0,0
2026-09-04 13:18:40,8.4,0,0
2026-09-04 13:19:10,31.27,0,0
2026-09-04 13:19:11,32.69,0,0
2026-09-04 13:19:11,31.86,0,0
2026-09-04 13:19:11,31.39,0,0
2026-09-04 13:19:11,30.89,0,0
2026-09-04 13:19:11,33.04,0,0
2026-09-04 13:19:11,8.55,0,0
2026-09-04 13:19:11,31.99,0,0
2026-09-04 13:19:11,31.69,0,0
2026-09-04 13:19:12,17.49,0,0
2026-09-04 13:19:12,15.89,0,0
2026-09-04 13:19:12,12.68,0,0
2026-09-04 13:19:12,12.96,0,0
2026-09-04 13:19:12,30.4,0,0
2026-09-04 13:19:12,15.64,0,0
2026-09-04 13:19:12,32.36,0,0
2026-09-04 13:19:12,31.52,0,0
2026-09-04 13:19:13,15.27,0,0
2026-09-04 13:19:13,10.42,0,0
2026-09-04 13:19:13,16.68,0,0
2026-09-04 13:19:13,3.88,0,0
2026-09-04 13:19:13,8.48,0,0
2026-09-04 13:19:13,11.32,0,0
2026-09-04 13:19:13,30.86,0,0
2026-09-04 13:19:13,19.8,0,0
2026-09-04 13:19:14,31.47,0,0
2026-09-04 13:19:14,29.83,0,0
2026-09-04 13:19:14,31.09,0,0
2026-09-04 13:19:14,30.89,0,0
2026-09-04 13:19:14,31.89,0,0
2026-09-04 13:19:14,31.16,0,0
2026-09-04 13:19:14,26.46,0,0
2026-09-04 13:19:15,22.99,0,0
2026-09-04 13:19:15,32.03,0,0
2026-09-04 13:19:15,16.82,0,0
2026-09-04 13:19:15,33.38,0,0
2026-09-04 13:19:15,31.87,0,0
2026-09-04 13:19:15,33.96,0,0
2026-09-04 13:19:15,31.58,0,0
2026-09-04 13:19:16,31.02,0,0
2026-09-04 13:19:16,28.2,0,0
2026-09-04 13:19:16,31.89,0,0
2026-09-04 13:19:16,31.8,0,0
2026-09-04 13:19:16,19.65,0,0
2026-09-04 13:19:16,30.79,0,0
2026-09-04 13:19:16,35.05,0,0
2026-09-04 13:19:17,29.94,0,0
2026-09-04 13:19:17,17.14,0,0
2026-09-04 13:19:17,17.68,0,0
2026-09-04 13:19:17,6.9,0,0
2026-09-04 13:19:17,18.42,0,0
2026-09-04 13:19:17,20.93,0,0
2026-09-04 13:19:17,30.95,0,0
2026-09-04 13:19:17,32.8,0,0
2026-09-04 13:19:18,32.62,0,0
2026-09-04 13:19:18,21.29,0,0
2026-09-04 13:19:18,31.84,0,0
2026-09-04 13:19:18,32.25,0,0
2026-09-04 13:19:18,31.88,0,0
2026-09-04 13:19:18,30.3,0,0
2026-09-04 13:19:18,30.17,0,0
2026-09-04 13:19:19,30.97,0,0
2026-09-04 13:19:19,31.06,0,0
2026-09-04 13:19:19,31.41,0,0
2026-09-04 13:19:19,30.39,0,0
2026-09-04 13:19:19,24.53,0,0
2026-09-04 13:19:19,4.68,0,0
2026-09-04 13:19:19,5.65,0,0
2026-09-04 13:19:19,10.77,0,0
2026-09-04 13:19:20,28.96,0,0
2026-09-04 13:19:20,18.88,0,0
2026-09-04 13:19:20,8.09,0,0
2026-09-04 13:19:20,8.06,0,0
2026-09-04 13:19:20,11.81,0,0
2026-09-04 13:19:20,15.66,0,0
2026-09-04 13:19:20,28.88,0,0
2026-09-04 13:19:20,20.61,0,0
2026-09-04 13:19:21,34.17,0,0
2026-09-04 13:19:21,30.52,0,0
2026-09-04 13:19:21,32.14,0,0
2026-09-04 13:19:21,32.44,0,0
2026-09-04 13:19:21,33.82,0,0
2026-09-04 13:19:21,14.37,0,0
2026-09-04 13:19:21,31.8,0,0
2026-09-04 13:19:21,30.83,0,0
2026-09-04 13:19:22,31.6,0,0
2026-09-04 13:19:22,30.99,0,0
2026-09-04 13:19:22,30.51,0,0
2026-09-04 13:19:22,11.74,0,0
2026-09-04 13:19:22,15.8,0,0
2026-09-04 13:19:22,16.92,0,0
2026-09-04 13:19:22,7.34,0,0
2026-09-04 13:19:23,31.38,0,0
2026-09-04 13:19:23,7.64,0,0
2026-09-04 13:19:23,15.95,0,0
2026-09-04 13:19:23,18.77,0,0
2026-09-04 13:19:23,12.98,0,0
2026-09-04 13:19:23,32.97,0,0
2026-09-04 13:19:23,5.37,0,0
2026-09-04 13:19:23,31.95,0,0
2026-09-04 13:19:24,31.8,0,0
2026-09-04 13:19:24,23.03,0,0
2026-09-04 13:19:24,30.53,0,0
2026-09-04 13:19:24,8.82,0,0
2026-09-04 13:19:24,19.64,0,0
2026-09-04 13:19:24,18.66,0,0
2026-09-04 13:19:24,9.04,0,0
2026-09-04 13:19:24,20.71,0,0
2026-09-04 13:19:25,16.97,0,0
2026-09-04 13:19:25,7.88,0,0
2026-09-04 13:19:25,10.67,0,0
2026-09-04 13:19:25,16.91,0,0
2026-09-04 13:19:25,16.36,0,0
2026-09-04 13:19:25,31.75,0,0
2026-09-04 13:19:25,33.81,0,0
2026-09-04 13:19:25,13.68,0,0
2026-09-04 13:19:26,16.88,0,0
2026-09-04 13:19:26,7.94,0,0
2026-09-04 13:19:26,9.33,0,0
2026-09-04 13:19:26,22.35,0,0
2026-09-04 13:19:26,24.04,0,0
2026-09-04 13:19:26,31.48,0,0
2026-09-04 13:19:26,32.05,0,0
2026-09-04 13:19:26,25.32,0,0
2026-09-04 13:19:27,16.87,0,0
2026-09-04 13:19:27,33.32,0,0
2026-09-04 13:19:27,31.99,0,0
2026-09-04 13:19:27,30.73,0,0
2026-09-04 13:19:27,31.64,0,0
2026-09-04 13:19:27,16.55,0,0
2026-09-04 13:19:27,31.18,0,0
2026-09-04 13:19:28,31.5,0,0
2026-09-04 13:19:28,20.25,0,0
2026-09-04 13:19:28,31.84,0,0
2026-09-04 13:19:28,31.78,0,0
2026-09-04 13:19:28,22.51,0,0
2026-09-04 13:19:28,30.47,0,0
2026-09-04 13:19:28,32.68,0,0
2026-09-04 13:19:29,33.29,0,0
2026-09-04 13:19:29,32.27,0,0
2026-09-04 13:19:29,30.94,0,0
2026-09-04 13:19:29,31.11,0,0
2026-09-04 13:19:29,31.87,0,0
2026-09-04 13:19:29,24.51,0,0
2026-09-04 13:19:29,32.16,0,0
2026-09-04 13:19:29,5.58,0,0
2026-09-04 13:19:30,32.59,0,0
2026-09-04 13:19:30,17.37,0,0
2026-09-04 13:19:30,16.84,0,0
2026-09-04 13:19:30,16.0,0,0
2026-09-04 13:19:30,15.24,0,0
2026-09-04 13:19:30,16.89,0,0
2026-09-04 13:19:30,9.99,0,0
2026-09-04 13:19:30,15.49,0,0
2026-09-04 13:19:31,8.82,0,0
2026-09-04 13:19:31,8.17,0,0
2026-09-04 13:19:31,15.88,0,0
2026-09-04 13:19:31,14.73,0,0
2026-09-04 13:19:31,15.28,0,0
2026-09-04 13:19:31,11.17,0,0
2026-09-04 13:19:31,6.16,0,0
2026-09-04 13:19:31,31.55,0,0
2026-09-04 13:19:32,10.51,0,0
2026-09-04 13:19:32,15.11,0,0
2026-09-04 13:19:32,10.44,0,0
2026-09-04 13:19:32,31.28,0,0
2026-09-04 13:19:32,16.88,0,0
2026-09-04 13:19:32,4.57,0,0
2026-09-04 13:19:32,10.85,0,0
2026-09-04 13:19:32,28.1,0,0
2026-09-04 13:19:32,7.42,0,0
2026-09-04 13:19:33,19.64,0,0
2026-09-04 13:19:33,15.7,0,0
2026-09-04 13:19:33,7.12,0,0
2026-09-04 13:19:33,11.98,0,0
2026-09-04 13:19:33,6.26,0,0
2026-09-04 13:19:33,16.59,0,0
2026-09-04 13:19:33,3.27,0,0
2026-09-04 13:19:33,30.92,0,0
2026-09-04 13:19:34,10.44,0,0
2026-09-04 13:19:34,16.96,0,0
2026-09-04 13:19:34,8.58,0,0
2026-09-04 13:19:34,20.21,0,0
2026-09-04 13:19:34,6.08,0,0
2026-09-04 13:19:34,31.48,0,0
2026-09-04 13:19:34,33.12,0,0
2026-09-04 13:19:34,15.04,0,0
2026-09-04 13:19:35,31.87,0,0
2026-09-04 13:19:35,32.1,0,0
2026-09-04 13:19:35,15.82,0,0
2026-09-04 13:19:35,8.27,0,0
2026-09-04 13:19:35,17.33,0,0
2026-09-04 13:19:35,30.73,0,0
2026-09-04 13:19:35,33.06,0,0
2026-09-04 13:19:35,30.72,0,0
2026-09-04 13:19:36,31.27,0,0
2026-09-04 13:19:36,31.26,0,0
2026-09-04 13:19:36,32.3,0,0
2026-09-04 13:19:36,32.46,0,0
2026-09-04 13:19:36,16.2,0,0
2026-09-04 13:19:36,20.48,0,0
2026-09-04 13:19:36,31.48,0,0
2026-09-04 13:19:37,29.49,0,0
2026-09-04 13:19:37,31.15,0,0
2026-09-04 13:19:37,14.62,0,0
2026-09-04 13:19:37,32.97,0,0
2026-09-04 13:19:37,19.01,0,0
2026-09-04 13:19:37,30.76,0,0
2026-09-04 13:19:37,31.59,0,0
2026-09-04 13:19:38,23.41,0,0
2026-09-04 13:19:38,30.5,0,0
2026-09-04 13:19:38,33.35,0,0
2026-09-04 13:19:38,29.57,0,0
2026-09-04 13:19:38,31.25,0,0
2026-09-04 13:19:38,18.17,0,0
2026-09-04 13:19:38,11.59,0,0
2026-09-04 13:19:38,32.83,0,0
2026-09-04 13:19:39,31.43,0,0
2026-09-04 13:19:39,32.49,0,0
2026-09-04 13:19:39,30.65,0,0
2026-09-04 13:19:39,30.17,0,0
2026-09-04 13:19:39,16.64,0,0
2026-09-04 13:19:39,33.27,0,0
2026-09-04 13:19:39,31.78,0,0
2026-09-04 13:19:40,32.35,0,0
2026-09-04 13:19:40,16.51,0,0
2026-09-04 13:19:40,30.84,0,0
2026-09-04 13:19:40,30.98,0,0
2026-09-04 13:19:40,34.29,0,0
2026-09-04 13:19:40,24.73,0,0
2026-09-04 13:20:10,280.16,0,0
2026-09-04 13:20:11,31.18,0,0
2026-09-04 13:20:11,31.62,0,0
2026-09-04 13:20:11,15.87,0,0
2026-09-04 13:20:11,5.75,0,0
2026-09-04 13:20:11,31.4,0,0
2026-09-04 13:20:11,32.01,0,0
2026-09-04 13:20:11,5.88,0,0
2026-09-04 13:20:11,7.67,0,0
2026-09-04 13:20:12,8.37,0,0
2026-09-04 13:20:12,6.69,0,0
2026-09-04 13:20:12,11.82,0,0
2026-09-04 13:20:12,10.46,0,0
2026-09-04 13:20:12,15.73,0,0
2026-09-04 13:20:12,15.17,0,0
2026-09-04 13:20:12,21.76,0,0
2026-09-04 13:20:12,31.08,0,0
2026-09-04 13:20:12,5.93,0,0
2026-09-04 13:20:13,4.7,0,0
2026-09-04 13:20:13,12.42,0,0
2026-09-04 13:20:13,32.12,0,0
2026-09-04 13:20:13,31.69,0,0
2026-09-04 13:20:13,23.44,0,0
2026-09-04 13:20:13,22.33,0,0
2026-09-04 13:20:13,20.27,0,0
2026-09-04 13:20:13,32.09,0,0
2026-09-04 13:20:14,10.47,0,0
2026-09-04 13:20:14,18.97,0,0
2026-09-04 13:20:14,16.37,0,0
2026-09-04 13:20:14,10.58,0,0
2026-09-04 13:20:14,32.13,0,0
2026-09-04 13:20:14,4.75,0,0
2026-09-04 13:20:14,8.61,0,0
2026-09-04 13:20:14,8.42,0,0
2026-09-04 13:20:15,10.13,0,0
2026-09-04 13:20:15,30.93,0,0
2026-09-04 13:20:15,18.51,0,0
2026-09-04 13:20:15,31.77,0,0
2026-09-04 13:20:15,32.02,0,0
2026-09-04 13:20:15,21.55,0,0
2026-09-04 13:20:15,31.3,0,0
2026-09-04 13:20:15,21.0,0,0
2026-09-04 13:20:16,30.06,0,0
2026-09-04 13:20:16,32.25,0,0
2026-09-04 13:20:16,31.65,0,0
2026-09-04 13:20:16,20.21,0,0
2026-09-04 13:20:16,30.85,0,0
2026-09-04 13:20:16,31.05,0,0
2026-09-04 13:20:16,31.73,0,0
2026-09-04 13:20:17,31.81,0,0
2026-09-04 13:20:17,31.06,0,0
2026-09-04 13:20:17,15.2,0,0
2026-09-04 13:20:17,31.3,0,0
2026-09-04 13:20:17,32.88,0,0
2026-09-04 13:20:17,22.19,0,0
2026-09-04 13:20:17,31.5,0,0
2026-09-04 13:20:18,30.53,0,0
2026-09-04 13:20:18,30.62,0,0
2026-09-04 13:20:18,31.58,0,0
2026-09-04 13:20:18,31.29,0,0
2026-09-04 13:20:18,22.33,0,0
2026-09-04 13:20:18,30.48,0,0
2026-09-04 13:20:18,27.15,0,0
2026-09-04 13:20:18,25.81,0,0
2026-09-04 13:20:19,30.89,0,0
2026-09-04 13:20:19,13.22,0,0
2026-09-04 13:20:19,21.11,0,0
2026-09-04 13:20:19,9.46,0,0
2026-09-04 13:20:19,8.77,0,0
2026-09-04 13:20:19,12.52,0,0
2026-09-04 13:20:19,11.19,0,0
2026-09-04 13:20:19,10.05,0,0
2026-09-04 13:20:20,11.85,0,0
2026-09-04 13:20:20,10.12,0,0
2026-09-04 13:20:20,9.91,0,0
2026-09-04 13:20:20,10.95,0,0
2026-09-04 13:20:20,31.32,0,0
2026-09-04 13:20:20,31.6,0,0
2026-09-04 13:20:20,31.92,0,0
2026-09-04 13:20:20,9.74,0,0
2026-09-04 13:20:21,24.29,0,0
2026-09-04 13:20:21,31.49,0,0
2026-09-04 13:20:21,31.64,0,0
2026-09-04 13:20:21,21.01,0,0
2026-09-04 13:20:21,16.78,0,0
2026-09-04 13:20:21,10.66,0,0
2026-09-04 13:20:21,31.16,0,0
2026-09-04 13:20:21,31.2,0,0
2026-09-04 13:20:22,31.78,0,0
2026-09-04 13:20:22,32.64,0,0
2026-09-04 13:20:22,30.24,0,0
2026-09-04 13:20:22,32.06,0,0
2026-09-04 13:20:22,30.85,0,0
2026-09-04 13:20:22,32.43,0,0
2026-09-04 13:20:22,30.46,0,0
2026-09-04 13:20:23,30.79,0,0
2026-09-04 13:20:23,15.51,0,0
2026-09-04 13:20:23,31.97,0,0
2026-09-04 13:20:23,32.15,0,0
2026-09-04 13:20:23,17.49,0,0
2026-09-04 13:20:23,29.9,0,0
2026-09-04 13:20:23,31.91,0,0
2026-09-04 13:20:24,31.45,0,0
2026-09-04 13:20:24,31.2,0,0
2026-09-04 13:20:24,6.45,0,0
2026-09-04 13:20:24,8.15,0,0
2026-09-04 13:20:24,30.81,0,0
2026-09-04 13:20:24,30.74,0,0
2026-09-04 13:20:24,31.58,0,0
2026-09-04 13:20:24,32.01,0,0
2026-09-04 13:20:25,23.2,0,0
2026-09-04 13:20:25,14.27,0,0
2026-09-04 13:20:25,19.01,0,0
2026-09-04 13:20:25,30.0,0,0
2026-09-04 13:20:25,28.64,0,0
2026-09-04 13:20:25,32.41,0,0
2026-09-04 13:20:25,32.19,0,0
2026-09-04 13:20:26,28.18,0,0
2026-09-04 13:20:26,31.64,0,0
2026-09-04 13:20:26,32.83,0,0
2026-09-04 13:20:26,30.48,0,0
2026-09-04 13:20:26,32.11,0,0
2026-09-04 13:20:26,31.58,0,0
2026-09-04 13:20:26,31.21,0,0
2026-09-04 13:20:27,33.06,0,0
2026-09-04 13:20:27,32.61,0,0
2026-09-04 13:20:27,32.75,0,0
2026-09-04 13:20:27,31.23,0,0
2026-09-04 13:20:27,33.48,0,0
2026-09-04 13:20:27,32.01,0,0
2026-09-04 13:20:27,30.24,0,0
2026-09-04 13:20:27,18.84,0,0
2026-09-04 13:20:28,32.17,0,0
2026-09-04 13:20:28,14.62,0,0
2026-09-04 13:20:28,31.36,0,0
2026-09-04 13:20:28,31.21,0,0
2026-09-04 13:20:28,31.81,0,0
2026-09-04 13:20:28,31.69,0,0
2026-09-04 13:20:28,32.02,0,0
2026-09-04 13:20:29,32.19,0,0
2026-09-04 13:20:29,32.5,0,0
2026-09-04 13:20:29,16.12,0,0
2026-09-04 13:20:29,31.88,0,0
2026-09-04 13:20:29,17.13,0,0
2026-09-04 13:20:29,10.42,0,0
2026-09-04 13:20:29,16.54,0,0
2026-09-04 13:20:29,21.58,0,0
2026-09-04 13:20:30,32.15,0,0
2026-09-04 13:20:30,15.45,0,0
2026-09-04 13:20:30,4.93,0,0
2026-09-04 13:20:30,25.48,0,0
2026-09-04 13:20:30,10.56,0,0
2026-09-04 13:20:30,28.62,0,0
2026-09-04 13:20:30,6.64,0,0
2026-09-04 13:20:30,13.96,0,0
2026-09-04 13:20:31,21.62,0,0
2026-09-04 13:20:31,31.13,0,0
2026-09-04 13:20:31,17.41,0,0
2026-09-04 13:20:31,30.72,0,0
2026-09-04 13:20:31,30.66,0,0
2026-09-04 13:20:31,31.51,0,0
2026-09-04 13:20:31,30.05,0,0
2026-09-04 13:20:32,32.04,0,0
2026-09-04 13:20:32,31.79,0,0
2026-09-04 13:20:32,31.39,0,0
2026-09-04 13:20:32,20.84,0,0
2026-09-04 13:20:32,31.52,0,0
2026-09-04 13:20:32,30.83,0,0
2026-09-04 13:20:32,16.13,0,0
2026-09-04 13:20:32,16.56,0,0
2026-09-04 13:20:33,10.15,0,0
2026-09-04 13:20:33,10.27,0,0
2026-09-04 13:20:33,9.25,0,0
2026-09-04 13:20:33,8.66,0,0
2026-09-04 13:20:33,16.52,0,0
2026-09-04 13:20:33,10.48,0,0
2026-09-04 13:20:33,5.55,0,0
2026-09-04 13:20:33,8.51,0,0
2026-09-04 13:20:34,30.62,0,0
2026-09-04 13:20:34,6.66,0,0
2026-09-04 13:20:34,32.64,0,0
2026-09-04 13:20:34,21.17,0,0
2026-09-04 13:20:34,31.15,0,0
2026-09-04 13:20:34,31.39,0,0
2026-09-04 13:20:34,21.77,0,0
2026-09-04 13:20:34,30.88,0,0
2026-09-04 13:20:35,31.91,0,0
2026-09-04 13:20:35,20.29,0,0
2026-09-04 13:20:35,16.3,0,0
2026-09-04 13:20:35,31.93,0,0
2026-09-04 13:20:35,31.53,0,0
2026-09-04 13:20:35,31.21,0,0
2026-09-04 13:20:35,32.04,0,0
2026-09-04 13:20:36,24.87,0,0
2026-09-04 13:20:36,30.54,0,0
2026-09-04 13:20:36,31.09,0,0
2026-09-04 13:20:36,31.0,0,0
2026-09-04 13:20:36,32.38,0,0
2026-09-04 13:20:36,31.01,0,0
2026-09-04 13:20:36,31.26,0,0
2026-09-04 13:20:37,31.41,0,0
2026-09-04 13:20:37,32.25,0,0
2026-09-04 13:20:37,18.07,0,0
2026-09-04 13:20:37,31.46,0,0
2026-09-04 13:20:37,31.4,0,0
2026-09-04 13:20:37,30.75,0,0
2026-09-04 13:20:37,31.92,0,0
2026-09-04 13:20:37,30.38,0,0
2026-09-04 13:20:38,31.09,0,0
2026-09-04 13:20:38,33.13,0,0
2026-09-04 13:20:38,4.75,0,0
2026-09-04 13:20:38,8.35,0,0
2026-09-04 13:20:38,16.34,0,0
2026-09-04 13:20:38,7.72,0,0
2026-09-04 13:20:38,12.35,0,0
2026-09-04 13:20:38,11.04,0,0
2026-09-04 13:20:39,32.68,0,0
2026-09-04 13:20:39,7.55,0,0
2026-09-04 13:20:39,16.59,0,0
2026-09-04 13:20:39,8.25,0,0
2026-09-04 13:20:39,10.29,0,0
2026-09-04 13:20:39,4.81,0,0
2026-09-04 13:20:39,32.28,0,0
2026-09-04 13:20:39,32.22,0,0
2026-09-04 13:20:40,31.22,0,0
2026-09-04 13:20:40,31.2,0,0
2026-09-04 13:20:40,21.39,0,0
2026-09-04 13:20:40,31.99,0,0
2026-09-04 13:20:40,32.6,0,0
2026-09-04 13:20:40,32.14,0,0
2026-09-04 13:21:01,5000,1,0
2026-09-04 13:21:02,5000,1,0
2026-09-04 13:21:03,5000,1,0
2026-09-04 13:21:04,5000,1,0
2026-09-04 13:21:05,5000,1,0
2026-09-04 13:21:06,5000,1,0
2026-09-04 13:21:08,5000,1,0
2026-09-04 13:21:09,5000,1,0
2026-09-04 13:21:10,5000,1,0
2026-09-04 13:21:11,5000,1,0
2026-09-04 13:21:12,5000,1,0
2026-09-04 13:21:13,5000,1,0
2026-09-04 13:21:14,5000,1,0
2026-09-04 13:21:15,730.04,0,0
2026-09-04 13:21:15,31.44,0,0
2026-09-04 13:21:15,31.18,0,0
2026-09-04 13:21:16,30.59,0,0
2026-09-04 13:21:16,32.13,0,0
2026-09-04 13:21:16,29.45,0,0
2026-09-04 13:21:16,33.07,0,0
2026-09-04 13:21:16,21.25,0,0
2026-09-04 13:21:16,30.24,0,0
2026-09-04 13:21:16,31.36,0,0
2026-09-04 13:21:16,31.92,0,0
2026-09-04 13:21:17,31.69,0,0
2026-09-04 13:21:17,32.13,0,0
2026-09-04 13:21:17,21.82,0,0
2026-09-04 13:21:17,31.25,0,0
2026-09-04 13:21:17,31.56,0,0
2026-09-04 13:21:17,32.38,0,0
2026-09-04 13:21:17,31.96,0,0
2026-09-04 13:21:18,31.9,0,0
2026-09-04 13:21:18,32.52,0,0
2026-09-04 13:21:18,32.69,0,0
2026-09-04 13:21:18,24.64,0,0
2026-09-04 13:21:18,27.19,0,0
2026-09-04 13:21:18,32.69,0,0
2026-09-04 13:21:18,32.52,0,0
2026-09-04 13:21:19,15.87,0,0
2026-09-04 13:21:19,19.66,0,0
2026-09-04 13:21:19,30.63,0,0
2026-09-04 13:21:19,30.87,0,0
2026-09-04 13:21:19,6.84,0,0
2026-09-04 13:21:19,29.37,0,0
2026-09-04 13:21:19,22.37,0,0
2026-09-04 13:21:19,16.08,0,0
2026-09-04 13:21:20,31.77,0,0
2026-09-04 13:21:20,32.36,0,0
2026-09-04 13:21:20,32.11,0,0
2026-09-04 13:21:20,31.0,0,0
2026-09-04 13:21:20,31.1,0,0
2026-09-04 13:21:20,29.72,0,0
2026-09-04 13:21:20,31.86,0,0
2026-09-04 13:21:21,30.89,0,0
2026-09-04 13:21:21,30.74,0,0
2026-09-04 13:21:21,23.99,0,0
2026-09-04 13:21:21,20.26,0,0
2026-09-04 13:21:21,19.04,0,0
2026-09-04 13:21:21,5.14,0,0
2026-09-04 13:21:21,31.98,0,0
2026-09-04 13:21:21,31.21,0,0
2026-09-04 13:21:22,8.45,0,0
2026-09-04 13:21:22,18.6,0,0
2026-09-04 13:21:22,19.29,0,0
2026-09-04 13:21:22,32.66,0,0
2026-09-04 13:21:22,18.53,0,0
2026-09-04 13:21:22,10.25,0,0
2026-09-04 13:21:22,14.89,0,0
2026-09-04 13:21:22,31.82,0,0
2026-09-04 13:21:23,16.58,0,0
2026-09-04 13:21:23,4.54,0,0
2026-09-04 13:21:23,14.64,0,0
2026-09-04 13:21:23,32.78,0,0
2026-09-04 13:21:23,26.23,0,0
2026-09-04 13:21:23,15.86,0,0
2026-09-04 13:21:23,24.61,0,0
2026-09-04 13:21:24,25.46,0,0
2026-09-04 13:21:24,31.13,0,0
2026-09-04 13:21:24,31.52,0,0
2026-09-04 13:21:24,30.06,0,0
2026-09-04 13:21:24,31.98,0,0
2026-09-04 13:21:24,31.86,0,0
2026-09-04 13:21:24,31.77,0,0
2026-09-04 13:21:24,31.77,0,0
2026-09-04 13:21:25,7.62,0,0
2026-09-04 13:21:25,30.79,0,0
2026-09-04 13:21:25,32.44,0,0
2026-09-04 13:21:25,31.3,0,0
2026-09-04 13:21:25,31.05,0,0
2026-09-04 13:21:25,31.57,0,0
2026-09-04 13:21:25,31.93,0,0
2026-09-04 13:21:26,31.0,0,0
2026-09-04 13:21:26,31.32,0,0
2026-09-04 13:21:26,30.82,0,0
2026-09-04 13:21:26,15.63,0,0
2026-09-04 13:21:26,31.15,0,0
2026-09-04 13:21:26,31.88,0,0
2026-09-04 13:21:26,24.26,0,0
2026-09-04 13:21:27,32.18,0,0
2026-09-04 13:21:27,31.58,0,0
2026-09-04 13:21:27,14.09,0,0
2026-09-04 13:21:27,30.33,0,0
2026-09-04 13:21:27,31.68,0,0
2026-09-04 13:21:27,32.84,0,0
2026-09-04 13:21:27,31.65,0,0
2026-09-04 13:21:27,32.03,0,0
2026-09-04 13:21:28,30.81,0,0
2026-09-04 13:21:28,32.48,0,0
2026-09-04 13:21:28,32.31,0,0
2026-09-04 13:21:28,31.4,0,0
2026-09-04 13:21:28,31.99,0,0
2026-09-04 13:21:28,32.63,0,0
2026-09-04 13:21:28,29.07,0,0
2026-09-04 13:21:29,31.53,0,0
2026-09-04 13:21:29,16.2,0,0
2026-09-04 13:21:29,30.59,0,0
2026-09-04 13:21:29,30.51,0,0
2026-09-04 13:21:29,20.34,0,0
2026-09-04 13:21:29,18.34,0,0
2026-09-04 13:21:29,12.29,0,0
2026-09-04 13:21:30,19.14,0,0
2026-09-04 13:21:30,31.08,0,0
2026-09-04 13:21:30,13.96,0,0
2026-09-04 13:21:30,15.0,0,0
2026-09-04 13:21:30,14.7,0,0
2026-09-04 13:21:30,17.02,0,0
2026-09-04 13:21:30,23.02,0,0
2026-09-04 13:21:30,20.63,0,0
2026-09-04 13:21:31,32.13,0,0
2026-09-04 13:22:01,5.57,0,0
2026-09-04 13:22:01,11.08,0,0
2026-09-04 13:22:01,30.94,0,0
2026-09-04 13:22:01,15.51,0,0
2026-09-04 13:22:01,10.87,0,0
2026-09-04 13:22:01,21.72,0,0
2026-09-04 13:22:01,31.47,0,0
2026-09-04 13:22:02,31.11,0,0
2026-09-04 13:22:02,14.97,0,0
2026-09-04 13:22:02,31.6,0,0
2026-09-04 13:22:02,23.79,0,0
2026-09-04 13:22:02,9.78,0,0
2026-09-04 13:22:02,31.53,0,0
2026-09-04 13:22:02,29.94,0,0
2026-09-04 13:22:03,23.14,0,0
2026-09-04 13:22:03,16.37,0,0
2026-09-04 13:22:03,15.98,0,0
2026-09-04 13:22:03,15.29,0,0
2026-09-04 13:22:03,27.35,0,0
2026-09-04 13:22:03,29.59,0,0
2026-09-04 13:22:03,31.84,0,0
2026-09-04 13:22:03,31.73,0,0
2026-09-04 13:22:04,29.47,0,0
2026-09-04 13:22:04,30.59,0,0
2026-09-04 13:22:04,4.55,0,0
2026-09-04 13:22:04,18.07,0,0
2026-09-04 13:22:04,16.72,0,0
2026-09-04 13:22:04,4.81,0,0
2026-09-04 13:22:04,5.47,0,0
2026-09-04 13:22:04,7.38,0,0
2026-09-04 13:22:05,6.4,0,0
2026-09-04 13:22:05,16.13,0,0
2026-09-04 13:22:05,31.34,0,0
2026-09-04 13:22:05,11.11,0,0
2026-09-04 13:22:05,32.03,0,0
2026-09-04 13:22:05,3.1,0,0
2026-09-04 13:22:06,6.91,0,0
2026-09-04 13:22:06,9.42,0,0
2026-09-04 13:22:06,14.34,0,0
2026-09-04 13:22:06,4.65,0,0
2026-09-04 13:22:06,23.52,0,0
2026-09-04 13:22:06,12.44,0,0
2026-09-04 13:22:06,32.12,0,0
2026-09-04 13:22:06,17.36,0,0
2026-09-04 13:22:07,12.21,0,0
2026-09-04 13:22:07,13.77,0,0
2026-09-04 13:22:07,29.91,0,0
2026-09-04 13:22:07,12.82,0,0
2026-09-04 13:22:07,5.09,0,0
2026-09-04 13:22:07,29.54,0,0
2026-09-04 13:22:07,37.14,0,0
2026-09-04 13:22:07,31.04,0,0
2026-09-04 13:22:08,30.67,0,0
2026-09-04 13:22:08,19.69,0,0
2026-09-04 13:22:08,31.49,0,0
2026-09-04 13:22:08,32.32,0,0
2026-09-04 13:22:08,31.86,0,0
2026-09-04 13:22:08,31.64,0,0
2026-09-04 13:22:08,16.26,0,0
2026-09-04 13:22:09,32.28,0,0
2026-09-04 13:22:09,32.35,0,0
2026-09-04 13:22:09,30.81,0,0
2026-09-04 13:22:09,30.59,0,0
2026-09-04 13:22:09,29.65,0,0
2026-09-04 13:22:09,32.3,0,0
2026-09-04 13:22:09,30.79,0,0
2026-09-04 13:22:10,10.59,0,0
2026-09-04 13:22:10,31.61,0,0
2026-09-04 13:22:10,32.88,0,0
2026-09-04 13:22:10,31.02,0,0
2026-09-04 13:22:10,31.11,0,0
2026-09-04 13:22:10,28.92,0,0
2026-09-04 13:22:10,34.07,0,0
2026-09-04 13:22:10,4.85,0,0
2026-09-04 13:22:11,26.19,0,0
2026-09-04 13:22:11,5.75,0,0
2026-09-04 13:22:11,13.69,0,0
2026-09-04 13:22:11,5.73,0,0
2026-09-04 13:22:11,18.7,0,0
2026-09-04 13:22:11,32.42,0,0
2026-09-04 13:22:11,30.75,0,0
2026-09-04 13:22:12,30.21,0,0
2026-09-04 13:22:12,31.08,0,0
2026-09-04 13:22:12,31.55,0,0
2026-09-04 13:22:12,15.36,0,0
2026-09-04 13:22:12,29.8,0,0
2026-09-04 13:22:12,31.9,0,0
2026-09-04 13:22:12,16.77,0,0
2026-09-04 13:22:12,15.81,0,0
2026-09-04 13:22:13,8.41,0,0
2026-09-04 13:22:13,6.94,0,0
2026-09-04 13:22:13,17.05,0,0
2026-09-04 13:22:13,4.49,0,0
2026-09-04 13:22:13,7.6,0,0
2026-09-04 13:22:13,5.78,0,0
2026-09-04 13:22:13,7.31,0,0
2026-09-04 13:22:13,21.73,0,0
2026-09-04 13:22:13,6.68,0,0
2026-09-04 13:22:14,32.01,0,0
2026-09-04 13:22:14,30.95,0,0
2026-09-04 13:22:14,15.72,0,0
2026-09-04 13:22:14,9.34,0,0
2026-09-04 13:22:14,4.06,0,0
2026-09-04 13:22:14,8.82,0,0
2026-09-04 13:22:14,28.92,0,0
2026-09-04 13:22:15,5.52,0,0
2026-09-04 13:22:15,15.77,0,0
2026-09-04 13:22:15,32.36,0,0
2026-09-04 13:22:15,14.63,0,0
2026-09-04 13:22:15,31.9,0,0
2026-09-04 13:22:15,30.3,0,0
2026-09-04 13:22:15,27.03,0,0
2026-09-04 13:22:15,12.99,0,0
2026-09-04 13:22:16,15.17,0,0
2026-09-04 13:22:16,31.02,0,0
2026-09-04 13:22:16,22.4,0,0
2026-09-04 13:22:16,7.99,0,0
2026-09-04 13:22:16,31.03,0,0
2026-09-04 13:22:16,32.44,0,0
2026-09-04 13:22:16,31.31,0,0
2026-09-04 13:22:16,15.57,0,0
2026-09-04 13:22:17,15.8,0,0
2026-09-04 13:22:17,30.38,0,0
2026-09-04 13:22:17,17.34,0,0
2026-09-04 13:22:17,4.45,0,0
2026-09-04 13:22:17,6.32,0,0
2026-09-04 13:22:17,16.69,0,0
2026-09-04 13:22:17,15.98,0,0
2026-09-04 13:22:17,30.68,0,0
2026-09-04 13:22:18,5.22,0,0
2026-09-04 13:22:18,32.11,0,0
2026-09-04 13:22:18,32.55,0,0
2026-09-04 13:22:18,15.27,0,0
2026-09-04 13:22:18,6.2,0,0
2026-09-04 13:22:18,15.31,0,0
2026-09-04 13:22:18,31.17,0,0
2026-09-04 13:22:18,31.23,0,0
2026-09-04 13:22:19,8.59,0,0
2026-09-04 13:22:19,8.89,0,0
2026-09-04 13:22:19,12.32,0,0
2026-09-04 13:22:19,15.98,0,0
2026-09-04 13:22:19,16.71,0,0
2026-09-04 13:22:19,15.62,0,0
2026-09-04 13:22:19,3.88,0,0
2026-09-04 13:22:19,19.82,0,0
2026-09-04 13:22:20,15.36,0,0
2026-09-04 13:22:20,31.67,0,0
2026-09-04 13:22:20,16.29,0,0
2026-09-04 13:22:20,31.23,0,0
2026-09-04 13:22:20,32.06,0,0
2026-09-04 13:22:20,17.16,0,0
2026-09-04 13:22:20,31.88,0,0
2026-09-04 13:22:21,30.65,0,0
2026-09-04 13:22:21,32.28,0,0
2026-09-04 13:22:21,31.22,0,0
2026-09-04 13:22:21,31.07,0,0
2026-09-04 13:22:21,30.93,0,0
2026-09-04 13:22:21,31.3,0,0
2026-09-04 13:22:21,31.11,0,0
2026-09-04 13:22:21,16.45,0,0
2026-09-04 13:22:22,30.18,0,0
2026-09-04 13:22:22,31.7,0,0
2026-09-04 13:22:22,30.86,0,0
2026-09-04 13:22:22,32.59,0,0
2026-09-04 13:22:22,31.14,0,0
2026-09-04 13:22:22,31.52,0,0
2026-09-04 13:22:22,31.23,0,0
2026-09-04 13:22:23,26.35,0,0
2026-09-04 13:22:23,30.76,0,0
2026-09-04 13:22:23,31.7,0,0
2026-09-04 13:22:23,31.04,0,0
2026-09-04 13:22:23,30.96,0,0
2026-09-04 13:22:23,15.91,0,0
2026-09-04 13:22:23,12.04,0,0
2026-09-04 13:22:24,5.96,0,0
2026-09-04 13:22:24,10.61,0,0
2026-09-04 13:22:24,8.54,0,0
2026-09-04 13:22:24,16.56,0,0
2026-09-04 13:22:24,3.98,0,0
2026-09-04 13:22:24,14.15,0,0
2026-09-04 13:22:24,3.72,0,0
2026-09-04 13:22:24,4.41,0,0
2026-09-04 13:22:24,2.99,0,0
2026-09-04 13:22:25,3.6,0,0
2026-09-04 13:22:25,19.16,0,0
2026-09-04 13:22:25,5.92,0,0
2026-09-04 13:22:25,3.82,0,0
2026-09-04 13:22:25,10.98,0,0
2026-09-04 13:22:25,10.62,0,0
2026-09-04 13:22:25,12.82,0,0
2026-09-04 13:22:25,8.18,0,0
2026-09-04 13:22:25,3.59,0,0
2026-09-04 13:22:26,4.93,0,0
2026-09-04 13:22:26,5.23,0,0
2026-09-04 13:22:26,15.77,0,0
2026-09-04 13:22:26,3.79,0,0
2026-09-04 13:22:26,9.36,0,0
2026-09-04 13:22:26,12.01,0,0
2026-09-04 13:22:26,11.74,0,0
2026-09-04 13:22:26,9.53,0,0
2026-09-04 13:22:26,15.6,0,0
2026-09-04 13:22:27,11.83,0,0
2026-09-04 13:22:27,11.3,0,0
2026-09-04 13:22:27,10.22,0,0
2026-09-04 13:22:27,32.21,0,0
2026-09-04 13:22:27,10.85,0,0
2026-09-04 13:22:27,9.74,0,0
2026-09-04 13:22:27,9.04,0,0
2026-09-04 13:22:27,5.51,0,0
2026-09-04 13:22:27,7.12,0,0
2026-09-04 13:22:28,3.12,0,0
2026-09-04 13:22:28,3.9,0,0
2026-09-04 13:22:28,8.03,0,0
2026-09-04 13:22:28,19.16,0,0
2026-09-04 13:22:28,8.29,0,0
2026-09-04 13:22:28,16.6,0,0
2026-09-04 13:22:28,8.25,0,0
2026-09-04 13:22:28,18.8,0,0
2026-09-04 13:22:29,10.6,0,0
2026-09-04 13:22:29,12.34,0,0
2026-09-04 13:22:29,15.61,0,0
2026-09-04 13:22:29,16.11,0,0
2026-09-04 13:22:29,12.91,0,0
2026-09-04 13:22:29,3.52,0,0
2026-09-04 13:22:29,3.63,0,0
2026-09-04 13:22:29,31.82,0,0
2026-09-04 13:22:29,15.17,0,0
2026-09-04 13:22:30,16.47,0,0
2026-09-04 13:22:30,16.28,0,0
2026-09-04 13:22:30,15.84,0,0
2026-09-04 13:22:30,31.45,0,0
2026-09-04 13:22:30,15.94,0,0
2026-09-04 13:22:30,30.77,0,0
2026-09-04 13:22:30,16.24,0,0
2026-09-04 13:22:31,31.08,0,0
2026-09-04 13:23:01,5000,1,0
2026-09-04 13:23:02,5000,1,0
2026-09-04 13:23:03,419.72,0,0
2026-09-04 13:23:03,30.56,0,0
2026-09-04 13:23:03,23.37,0,0
2026-09-04 13:23:03,15.29,0,0
2026-09-04 13:23:03,30.95,0,0
2026-09-04 13:23:03,23.29,0,0
2026-09-04 13:23:03,31.24,0,0
2026-09-04 13:23:04,29.91,0,0
2026-09-04 13:23:04,15.54,0,0
2026-09-04 13:23:04,15.82,0,0
2026-09-04 13:23:04,33.02,0,0
2026-09-04 13:23:04,32.77,0,0
2026-09-04 13:23:04,16.56,0,0
2026-09-04 13:23:04,32.89,0,0
2026-09-04 13:23:04,32.94,0,0
2026-09-04 13:23:05,14.96,0,0
2026-09-04 13:23:05,30.47,0,0
2026-09-04 13:23:05,30.96,0,0
2026-09-04 13:23:05,32.26,0,0
2026-09-04 13:23:05,31.59,0,0
2026-09-04 13:23:05,11.99,0,0
2026-09-04 13:23:05,15.74,0,0
2026-09-04 13:23:06,31.72,0,0
2026-09-04 13:23:06,32.22,0,0
2026-09-04 13:23:06,31.08,0,0
2026-09-04 13:23:06,31.92,0,0
2026-09-04 13:23:06,31.03,0,0
2026-09-04 13:23:06,7.32,0,0
2026-09-04 13:23:06,30.05,0,0
2026-09-04 13:23:06,30.43,0,0
2026-09-04 13:23:07,4.73,0,0
2026-09-04 13:23:07,31.72,0,0
2026-09-04 13:23:07,9.13,0,0
2026-09-04 13:23:07,6.78,0,0
2026-09-04 13:23:07,23.55,0,0
2026-09-04 13:23:07,10.47,0,0
2026-09-04 13:23:07,15.57,0,0
2026-09-04 13:23:07,8.81,0,0
2026-09-04 13:23:08,6.91,0,0
2026-09-04 13:23:08,16.34,0,0
2026-09-04 13:23:08,4.72,0,0
2026-09-04 13:23:08,4.83,0,0
2026-09-04 13:23:08,16.78,0,0
2026-09-04 13:23:08,16.56,0,0
2026-09-04 13:23:08,24.99,0,0
2026-09-04 13:23:08,4.97,0,0
2026-09-04 13:23:08,18.07,0,0
2026-09-04 13:23:09,3.5,0,0
2026-09-04 13:23:09,16.53,0,0
2026-09-04 13:23:09,11.55,0,0
2026-09-04 13:23:09,9.9,0,0
2026-09-04 13:23:09,23.99,0,0
2026-09-04 13:23:09,5.03,0,0
2026-09-04 13:23:09,34.25,0,0
2026-09-04 13:23:09,30.89,0,0
2026-09-04 13:23:10,21.19,0,0
2026-09-04 13:23:10,31.2,0,0
2026-09-04 13:23:10,31.27,0,0
2026-09-04 13:23:10,30.87,0,0
2026-09-04 13:23:10,32.03,0,0
2026-09-04 13:23:10,29.64,0,0
2026-09-04 13:23:10,11.46,0,0
2026-09-04 13:23:11,30.78,0,0
2026-09-04 13:23:11,6.41,0,0
2026-09-04 13:23:11,30.17,0,0
2026-09-04 13:23:11,10.7,0,0
2026-09-04 13:23:11,5.98,0,0
2026-09-04 13:23:11,15.03,0,0
2026-09-04 13:23:11,3.94,0,0
2026-09-04 13:23:11,10.24,0,0
2026-09-04 13:23:12,7.6,0,0
2026-09-04 13:23:12,5.54,0,0
2026-09-04 13:23:12,15.38,0,0
2026-09-04 13:23:12,6.73,0,0
2026-09-04 13:23:12,16.28,0,0
2026-09-04 13:23:12,14.81,0,0
2026-09-04 13:23:12,16.45,0,0
2026-09-04 13:23:12,15.07,0,0
2026-09-04 13:23:12,14.9,0,0
2026-09-04 13:23:13,14.94,0,0
2026-09-04 13:23:13,15.23,0,0
2026-09-04 13:23:13,18.87,0,0
2026-09-04 13:23:13,16.15,0,0
2026-09-04 13:23:13,4.46,0,0
2026-09-04 13:23:13,5.5,0,0
2026-09-04 13:23:13,5.85,0,0
2026-09-04 13:23:13,10.88,0,0
2026-09-04 13:23:14,33.03,0,0
2026-09-04 13:23:14,3.79,0,0
2026-09-04 13:23:14,15.72,0,0
2026-09-04 13:23:14,4.06,0,0
2026-09-04 13:23:14,16.2,0,0
2026-09-04 13:23:14,15.8,0,0
2026-09-04 13:23:14,4.55,0,0
2026-09-04 13:23:14,9.03,0,0
2026-09-04 13:23:15,20.35,0,0
2026-09-04 13:23:15,15.7,0,0
2026-09-04 13:23:15,8.25,0,0
2026-09-04 13:23:15,31.17,0,0
2026-09-04 13:23:15,31.15,0,0
2026-09-04 13:23:15,16.01,0,0
2026-09-04 13:23:15,30.93,0,0
2026-09-04 13:23:15,31.91,0,0
2026-09-04 13:23:16,32.3,0,0
2026-09-04 13:23:16,10.23,0,0
2026-09-04 13:23:16,14.43,0,0
2026-09-04 13:23:16,15.87,0,0
2026-09-04 13:23:16,5.97,0,0
2026-09-04 13:23:16,3.25,0,0
2026-09-04 13:23:16,30.81,0,0
2026-09-04 13:23:16,15.75,0,0
2026-09-04 13:23:17,8.76,0,0
2026-09-04 13:23:17,16.14,0,0
2026-09-04 13:23:17,15.65,0,0
2026-09-04 13:23:17,17.5,0,0
2026-09-04 13:23:17,31.91,0,0
2026-09-04 13:23:17,10.53,0,0
2026-09-04 13:23:17,8.31,0,0
2026-09-04 13:23:17,20.9,0,0
2026-09-04 13:23:17,6.0,0,0
2026-09-04 13:23:18,17.85,0,0
2026-09-04 13:23:18,31.8,0,0
2026-09-04 13:23:18,6.46,0,0
2026-09-04 13:23:18,10.72,0,0
2026-09-04 13:23:18,3.23,0,0
2026-09-04 13:23:18,4.87,0,0
2026-09-04 13:23:18,6.09,0,0
2026-09-04 13:23:18,9.67,0,0
2026-09-04 13:23:19,3.48,0,0
2026-09-04 13:23:19,31.31,0,0
2026-09-04 13:23:19,16.08,0,0
2026-09-04 13:23:19,30.15,0,0
2026-09-04 13:23:19,22.56,0,0
2026-09-04 13:23:19,31.22,0,0
2026-09-04 13:23:19,20.47,0,0
2026-09-04 13:23:19,23.19,0,0
2026-09-04 13:23:20,14.7,0,0
2026-09-04 13:23:20,29.65,0,0
2026-09-04 13:23:20,30.99,0,0
2026-09-04 13:23:20,30.91,0,0
2026-09-04 13:23:20,15.1,0,0
2026-09-04 13:23:20,31.6,0,0
2026-09-04 13:23:20,15.56,0,0
2026-09-04 13:23:21,30.67,0,0
2026-09-04 13:23:21,7.04,0,0
2026-09-04 13:23:21,16.95,0,0
2026-09-04 13:23:21,30.82,0,0
2026-09-04 13:23:21,33.02,0,0
2026-09-04 13:23:21,30.45,0,0
2026-09-04 13:23:21,33.31,0,0
2026-09-04 13:23:21,14.34,0,0
2026-09-04 13:23:22,5.27,0,0
2026-09-04 13:23:22,15.13,0,0
2026-09-04 13:23:22,17.27,0,0
2026-09-04 13:23:22,6.02,0,0
2026-09-04 13:23:22,15.46,0,0
2026-09-04 13:23:22,17.38,0,0
2026-09-04 13:23:22,15.47,0,0
2026-09-04 13:23:22,30.94,0,0
2026-09-04 13:23:23,15.67,0,0
2026-09-04 13:23:23,15.56,0,0
2026-09-04 13:23:23,15.19,0,0
2026-09-04 13:23:23,16.03,0,0
2026-09-04 13:23:23,32.47,0,0
2026-09-04 13:23:23,31.6,0,0
2026-09-04 13:23:23,16.7,0,0
2026-09-04 13:23:23,31.75,0,0
2026-09-04 13:23:24,15.16,0,0
2026-09-04 13:23:24,31.43,0,0
2026-09-04 13:23:24,16.67,0,0
2026-09-04 13:23:24,17.13,0,0
2026-09-04 13:23:24,34.27,0,0
2026-09-04 13:23:24,2.82,0,0
2026-09-04 13:23:24,16.49,0,0
2026-09-04 13:23:24,16.41,0,0
2026-09-04 13:23:25,15.89,0,0
2026-09-04 13:23:25,15.07,0,0
2026-09-04 13:23:25,18.11,0,0
2026-09-04 13:23:25,5.41,0,0
2026-09-04 13:23:25,15.55,0,0
2026-09-04 13:23:25,15.53,0,0
2026-09-04 13:23:25,16.58,0,0
2026-09-04 13:23:25,16.77,0,0
2026-09-04 13:23:26,32.84,0,0
2026-09-04 13:23:26,31.09,0,0
2026-09-04 13:23:26,30.94,0,0
2026-09-04 13:23:26,31.38,0,0
2026-09-04 13:23:26,30.4,0,0
2026-09-04 13:23:26,20.39,0,0
2026-09-04 13:23:26,31.02,0,0
2026-09-04 13:23:27,32.62,0,0
2026-09-04 13:23:27,9.48,0,0
2026-09-04 13:23:27,11.0,0,0
2026-09-04 13:23:27,10.14,0,0
2026-09-04 13:23:27,15.62,0,0
2026-09-04 13:23:27,31.97,0,0
2026-09-04 13:23:27,22.91,0,0
2026-09-04 13:23:27,32.13,0,0
2026-09-04 13:23:28,30.59,0,0
2026-09-04 13:23:28,30.63,0,0
2026-09-04 13:23:28,31.87,0,0
2026-09-04 13:23:28,31.38,0,0
2026-09-04 13:23:28,31.69,0,0
2026-09-04 13:23:28,31.23,0,0
2026-09-04 13:23:28,15.12,0,0
2026-09-04 13:23:29,3.91,0,0
2026-09-04 13:23:29,16.54,0,0
2026-09-04 13:23:29,30.73,0,0
2026-09-04 13:23:29,16.0,0,0
2026-09-04 13:23:29,16.38,0,0
2026-09-04 13:23:29,15.55,0,0
2026-09-04 13:23:29,31.55,0,0
2026-09-04 13:23:29,14.48,0,0
2026-09-04 13:23:30,14.74,0,0
2026-09-04 13:23:30,16.53,0,0
2026-09-04 13:23:30,15.58,0,0
2026-09-04 13:23:30,15.92,0,0
2026-09-04 13:23:30,30.75,0,0
2026-09-04 13:23:30,19.37,0,0
2026-09-04 13:23:30,30.92,0,0
2026-09-04 13:23:30,29.08,0,0
2026-09-04 13:23:31,3.69,0,0
2026-09-04 13:23:51,5000,1,0
2026-09-04 13:23:52,5000,1,0
2026-09-04 13:23:54,971.4,0,0
2026-09-04 13:23:54,10.56,0,0
2026-09-04 13:23:54,10.0,0,0
2026-09-04 13:23:54,3.79,0,0
2026-09-04 13:23:54,14.61,0,0
2026-09-04 13:23:54,24.15,0,0
2026-09-04 13:23:54,15.64,0,0
2026-09-04 13:23:54,9.67,0,0
2026-09-04 13:23:54,5.05,0,0
2026-09-04 13:23:55,16.89,0,0
2026-09-04 13:23:55,16.13,0,0
2026-09-04 13:23:55,9.94,0,0
2026-09-04 13:23:55,7.82,0,0
2026-09-04 13:23:55,9.99,0,0
2026-09-04 13:23:55,15.11,0,0
2026-09-04 13:23:55,12.73,0,0
2026-09-04 13:23:55,6.34,0,0
2026-09-04 13:23:56,18.57,0,0
2026-09-04 13:23:56,8.79,0,0
2026-09-04 13:23:56,5.02,0,0
2026-09-04 13:23:56,10.85,0,0
2026-09-04 13:23:56,10.49,0,0
2026-09-04 13:23:56,19.22,0,0
2026-09-04 13:23:56,10.25,0,0
2026-09-04 13:23:56,12.09,0,0
2026-09-04 13:23:56,5.66,0,0
2026-09-04 13:23:57,4.63,0,0
2026-09-04 13:23:57,7.48,0,0
2026-09-04 13:23:57,10.49,0,0
2026-09-04 13:23:57,7.06,0,0
2026-09-04 13:23:57,7.41,0,0
2026-09-04 13:23:57,10.97,0,0
2026-09-04 13:23:57,18.73,0,0
2026-09-04 13:23:57,7.99,0,0
2026-09-04 13:23:57,4.02,0,0
2026-09-04 13:23:58,9.34,0,0
2026-09-04 13:23:58,10.75,0,0
2026-09-04 13:23:58,5.09,0,0
2026-09-04 13:23:58,8.01,0,0
2026-09-04 13:23:58,4.18,0,0
2026-09-04 13:23:58,15.41,0,0
2026-09-04 13:23:58,6.92,0,0
2026-09-04 13:23:58,24.05,0,0
2026-09-04 13:23:59,31.71,0,0
2026-09-04 13:23:59,23.55,0,0
2026-09-04 13:23:59,10.0,0,0
2026-09-04 13:23:59,25.87,0,0
2026-09-04 13:23:59,12.83,0,0
2026-09-04 13:23:59,15.99,0,0
2026-09-04 13:23:59,5.89,0,0
2026-09-04 13:23:59,33.19,0,0
2026-09-04 13:24:00,16.26,0,0
2026-09-04 13:24:00,21.91,0,0
2026-09-04 13:24:00,15.6,0,0
2026-09-04 13:24:00,31.45,0,0
2026-09-04 13:24:00,32.0,0,0
2026-09-04 13:24:00,16.74,0,0
2026-09-04 13:24:00,5.05,0,0
2026-09-04 13:24:00,16.43,0,0
2026-09-04 13:24:01,15.77,0,0
2026-09-04 13:24:01,26.73,0,0
2026-09-04 13:24:01,10.5,0,0
2026-09-04 13:24:01,15.79,0,0
2026-09-04 13:24:01,7.61,0,0
2026-09-04 13:24:01,15.79,0,0
2026-09-04 13:24:01,15.59,0,0
2026-09-04 13:24:01,4.74,0,0
2026-09-04 13:24:02,5.31,0,0
2026-09-04 13:24:02,10.61,0,0
2026-09-04 13:24:02,16.48,0,0
2026-09-04 13:24:02,15.58,0,0
2026-09-04 13:24:02,19.34,0,0
2026-09-04 13:24:02,6.32,0,0
2026-09-04 13:24:02,12.15,0,0
2026-09-04 13:24:02,2.68,0,0
2026-09-04 13:24:02,20.46,0,0
2026-09-04 13:24:03,3.89,0,0
2026-09-04 13:24:03,6.35,0,0
2026-09-04 13:24:03,6.63,0,0
2026-09-04 13:24:03,6.54,0,0
2026-09-04 13:24:03,15.19,0,0
2026-09-04 13:24:03,20.69,0,0
2026-09-04 13:24:03,16.27,0,0
2026-09-04 13:24:03,12.01,0,0
2026-09-04 13:24:03,5.7,0,0
2026-09-04 13:24:04,3.73,0,0
2026-09-04 13:24:04,5.13,0,0
2026-09-04 13:24:04,5.34,0,0
2026-09-04 13:24:04,3.45,0,0
2026-09-04 13:24:04,12.42,0,0
2026-09-04 13:24:04,4.33,0,0
2026-09-04 13:24:04,22.95,0,0
2026-09-04 13:24:04,7.54,0,0
2026-09-04 13:24:05,3.86,0,0
2026-09-04 13:24:05,4.32,0,0
2026-09-04 13:24:05,5.71,0,0
2026-09-04 13:24:05,6.36,0,0
2026-09-04 13:24:05,8.51,0,0
2026-09-04 13:24:05,4.0,0,0
2026-09-04 13:24:05,3.59,0,0
2026-09-04 13:24:05,3.2,0,0
2026-09-04 13:24:05,4.02,0,0
2026-09-04 13:24:05,5.79,0,0
2026-09-04 13:24:06,3.47,0,0
2026-09-04 13:24:06,4.28,0,0
2026-09-04 13:24:06,3.92,0,0
2026-09-04 13:24:06,3.83,0,0
2026-09-04 13:24:06,15.59,0,0
2026-09-04 13:24:06,14.29,0,0
2026-09-04 13:24:06,3.02,0,0
2026-09-04 13:24:06,10.61,0,0
2026-09-04 13:24:06,3.83,0,0
2026-09-04 13:24:07,8.13,0,0
2026-09-04 13:24:07,15.18,0,0
2026-09-04 13:24:07,5.85,0,0
2026-09-04 13:24:07,15.8,0,0
2026-09-04 13:24:07,3.58,0,0
2026-09-04 13:24:07,4.98,0,0
2026-09-04 13:24:07,15.85,0,0
2026-09-04 13:24:07,15.75,0,0
2026-09-04 13:24:08,16.46,0,0
2026-09-04 13:24:08,14.6,0,0
2026-09-04 13:24:08,7.25,0,0
2026-09-04 13:24:08,15.35,0,0
2026-09-04 13:24:08,7.71,0,0
2026-09-04 13:24:08,18.25,0,0
2026-09-04 13:24:08,15.25,0,0
2026-09-04 13:24:08,15.07,0,0
2026-09-04 13:24:09,31.46,0,0
2026-09-04 13:24:09,16.23,0,0
2026-09-04 13:24:09,4.15,0,0
2026-09-04 13:24:09,5.42,0,0
2026-09-04 13:24:09,15.74,0,0
2026-09-04 13:24:09,16.54,0,0
2026-09-04 13:24:09,8.41,0,0
2026-09-04 13:24:09,3.55,0,0
2026-09-04 13:24:09,4.09,0,0
2026-09-04 13:24:10,4.0,0,0
2026-09-04 13:24:10,6.7,0,0
2026-09-04 13:24:10,3.7,0,0
2026-09-04 13:24:10,16.31,0,0
2026-09-04 13:24:10,4.93,0,0
2026-09-04 13:24:10,31.29,0,0
2026-09-04 13:24:10,9.3,0,0
2026-09-04 13:24:10,3.56,0,0
2026-09-04 13:24:10,16.61,0,0
2026-09-04 13:24:11,6.77,0,0
2026-09-04 13:24:11,3.78,0,0
2026-09-04 13:24:11,4.53,0,0
2026-09-04 13:24:11,5.0,0,0
2026-09-04 13:24:11,5.49,0,0
2026-09-04 13:24:11,5.08,0,0
2026-09-04 13:24:11,17.02,0,0
2026-09-04 13:24:11,3.25,0,0
2026-09-04 13:24:11,3.33,0,0
2026-09-04 13:24:12,3.49,0,0
2026-09-04 13:24:12,2.74,0,0
2026-09-04 13:24:12,3.87,0,0
2026-09-04 13:24:12,4.3,0,0
2026-09-04 13:24:12,4.49,0,0
2026-09-04 13:24:12,7.3,0,0
2026-09-04 13:24:12,4.59,0,0
2026-09-04 13:24:12,11.56,0,0
2026-09-04 13:24:12,4.01,0,0
2026-09-04 13:24:13,7.31,0,0
2026-09-04 13:24:13,8.98,0,0
2026-09-04 13:24:13,4.61,0,0
2026-09-04 13:24:13,8.55,0,0
2026-09-04 13:24:13,14.53,0,0
2026-09-04 13:24:13,15.55,0,0
2026-09-04 13:24:13,5.02,0,0
2026-09-04 13:24:13,9.06,0,0
2026-09-04 13:24:13,16.25,0,0
2026-09-04 13:24:14,8.73,0,0
2026-09-04 13:24:14,31.17,0,0
2026-09-04 13:24:14,7.24,0,0
2026-09-04 13:24:14,21.33,0,0
2026-09-04 13:24:14,20.2,0,0
2026-09-04 13:24:14,6.86,0,0
2026-09-04 13:24:14,10.87,0,0
2026-09-04 13:24:14,6.55,0,0
2026-09-04 13:24:15,6.08,0,0
2026-09-04 13:24:15,3.43,0,0
2026-09-04 13:24:15,2.83,0,0
2026-09-04 13:24:15,16.95,0,0
2026-09-04 13:24:15,5.0,0,0
2026-09-04 13:24:15,16.03,0,0
2026-09-04 13:24:15,19.7,0,0
2026-09-04 13:24:15,16.45,0,0
2026-09-04 13:24:16,31.29,0,0
2026-09-04 13:24:16,4.67,0,0
2026-09-04 13:24:16,6.79,0,0
2026-09-04 13:24:16,6.39,0,0
2026-09-04 13:24:16,22.37,0,0
2026-09-04 13:24:16,8.93,0,0
2026-09-04 13:24:16,6.38,0,0
2026-09-04 13:24:16,15.12,0,0
2026-09-04 13:24:16,3.3,0,0
2026-09-04 13:24:17,25.82,0,0
2026-09-04 13:24:17,15.41,0,0
2026-09-04 13:24:17,13.0,0,0
2026-09-04 13:24:17,4.03,0,0
2026-09-04 13:24:17,7.82,0,0
2026-09-04 13:24:17,16.07,0,0
2026-09-04 13:24:17,10.31,0,0
2026-09-04 13:24:17,14.23,0,0
2026-09-04 13:24:17,7.9,0,0
2026-09-04 13:24:18,8.51,0,0
2026-09-04 13:24:18,5.0,0,0
2026-09-04 13:24:18,11.64,0,0
2026-09-04 13:24:18,9.14,0,0
2026-09-04 13:24:18,12.09,0,0
2026-09-04 13:24:18,10.09,0,0
2026-09-04 13:24:18,22.29,0,0
2026-09-04 13:24:18,32.49,0,0
2026-09-04 13:24:19,17.47,0,0
2026-09-04 13:24:19,10.88,0,0
2026-09-04 13:24:19,5.72,0,0
2026-09-04 13:24:19,10.3,0,0
2026-09-04 13:24:19,15.18,0,0
2026-09-04 13:24:19,5.26,0,0
2026-09-04 13:24:19,15.41,0,0
2026-09-04 13:24:19,6.28,0,0
2026-09-04 13:24:19,8.8,0,0
2026-09-04 13:24:20,16.03,0,0
2026-09-04 13:24:20,15.51,0,0
2026-09-04 13:24:20,3.65,0,0
2026-09-04 13:24:20,3.52,0,0
2026-09-04 13:24:20,5.56,0,0
2026-09-04 13:24:20,15.59,0,0
2026-09-04 13:24:20,30.72,0,0
2026-09-04 13:24:20,18.63,0,0
2026-09-04 13:24:21,13.28,0,0
2026-09-04 13:24:21,11.05,0,0
2026-09-04 13:24:21,16.17,0,0
2026-09-04 13:24:51,15.06,0,0
2026-09-04 13:24:51,14.52,0,0
2026-09-04 13:24:51,32.24,0,0
2026-09-04 13:24:51,18.11,0,0
2026-09-04 13:24:51,32.4,0,0
2026-09-04 13:24:52,30.82,0,0
2026-09-04 13:24:52,28.66,0,0
2026-09-04 13:24:52,19.09,0,0
2026-09-04 13:24:52,31.73,0,0
2026-09-04 13:24:52,31.72,0,0
2026-09-04 13:24:52,15.25,0,0
2026-09-04 13:24:52,19.72,0,0
2026-09-04 13:24:53,31.43,0,0
2026-09-04 13:24:53,23.61,0,0
2026-09-04 13:24:53,11.12,0,0
2026-09-04 13:24:53,31.22,0,0
2026-09-04 13:24:53,31.66,0,0
2026-09-04 13:24:53,11.05,0,0
2026-09-04 13:24:53,31.14,0,0
2026-09-04 13:24:53,30.41,0,0
2026-09-04 13:24:54,15.99,0,0
2026-09-04 13:24:54,30.62,0,0
2026-09-04 13:24:54,30.95,0,0
2026-09-04 13:24:54,18.81,0,0
2026-09-04 13:24:54,16.95,0,0
2026-09-04 13:24:54,30.01,0,0
2026-09-04 13:24:54,31.69,0,0
2026-09-04 13:24:55,31.95,0,0
2026-09-04 13:24:55,33.93,0,0
2026-09-04 13:24:55,16.41,0,0
2026-09-04 13:24:55,31.53,0,0
2026-09-04 13:24:55,31.42,0,0
2026-09-04 13:24:55,24.21,0,0
2026-09-04 13:24:55,15.23,0,0
2026-09-04 13:24:56,31.55,0,0
2026-09-04 13:24:56,30.26,0,0
2026-09-04 13:24:56,16.11,0,0
2026-09-04 13:24:56,9.59,0,0
2026-09-04 13:24:56,16.68,0,0
2026-09-04 13:24:56,4.24,0,0
2026-09-04 13:24:56,4.41,0,0
2026-09-04 13:24:56,7.49,0,0
2026-09-04 13:24:56,21.57,0,0
2026-09-04 13:24:57,17.92,0,0
2026-09-04 13:24:57,10.4,0,0
2026-09-04 13:24:57,15.94,0,0
2026-09-04 13:24:57,29.03,0,0
2026-09-04 13:24:57,18.65,0,0
2026-09-04 13:24:57,31.29,0,0
2026-09-04 13:24:57,32.26,0,0
2026-09-04 13:24:58,32.11,0,0
2026-09-04 13:24:58,31.77,0,0
2026-09-04 13:24:58,32.39,0,0
2026-09-04 13:24:58,6.4,0,0
2026-09-04 13:24:58,14.37,0,0
2026-09-04 13:24:58,28.79,0,0
2026-09-04 13:24:58,31.51,0,0
2026-09-04 13:24:58,15.89,0,0
2026-09-04 13:24:59,16.79,0,0
2026-09-04 13:24:59,31.49,0,0
2026-09-04 13:24:59,16.6,0,0
2026-09-04 13:24:59,15.88,0,0
2026-09-04 13:24:59,15.69,0,0
2026-09-04 13:24:59,3.77,0,0
2026-09-04 13:24:59,16.25,0,0
2026-09-04 13:24:59,28.59,0,0
2026-09-04 13:25:00,31.28,0,0
2026-09-04 13:25:00,32.06,0,0
2026-09-04 13:25:00,30.85,0,0
2026-09-04 13:25:00,31.77,0,0
2026-09-04 13:25:00,31.39,0,0
2026-09-04 13:25:00,31.09,0,0
2026-09-04 13:25:00,32.07,0,0
2026-09-04 13:25:01,31.34,0,0
2026-09-04 13:25:01,15.27,0,0
2026-09-04 13:25:01,15.86,0,0
2026-09-04 13:25:01,26.97,0,0
2026-09-04 13:25:01,16.26,0,0
2026-09-04 13:25:01,5.86,0,0
2026-09-04 13:25:01,15.8,0,0
2026-09-04 13:25:01,15.11,0,0
2026-09-04 13:25:02,32.19,0,0
2026-09-04 13:25:02,31.07,0,0
2026-09-04 13:25:02,15.89,0,0
2026-09-04 13:25:02,16.33,0,0
2026-09-04 13:25:02,31.54,0,0
2026-09-04 13:25:02,16.5,0,0
2026-09-04 13:25:02,15.21,0,0
2026-09-04 13:25:03,31.28,0,0
2026-09-04 13:25:03,15.99,0,0
2026-09-04 13:25:03,31.62,0,0
2026-09-04 13:25:03,31.15,0,0
2026-09-04 13:25:03,31.93,0,0
2026-09-04 13:25:03,32.16,0,0
2026-09-04 13:25:03,31.72,0,0
2026-09-04 13:25:03,15.97,0,0
2026-09-04 13:25:04,32.05,0,0
2026-09-04 13:25:04,31.62,0,0
2026-09-04 13:25:04,5.33,0,0
2026-09-04 13:25:04,14.45,0,0
2026-09-04 13:25:04,14.88,0,0
2026-09-04 13:25:04,31.1,0,0
2026-09-04 13:25:04,26.0,0,0
2026-09-04 13:25:04,16.36,0,0
2026-09-04 13:25:05,31.36,0,0
2026-09-04 13:25:05,30.61,0,0
2026-09-04 13:25:05,31.58,0,0
2026-09-04 13:25:05,31.97,0,0
2026-09-04 13:25:05,32.01,0,0
2026-09-04 13:25:05,3.92,0,0
2026-09-04 13:25:05,15.2,0,0
2026-09-04 13:25:06,3.36,0,0
2026-09-04 13:25:06,14.41,0,0
2026-09-04 13:25:06,15.26,0,0
2026-09-04 13:25:06,3.51,0,0
2026-09-04 13:25:06,16.28,0,0
2026-09-04 13:25:06,4.29,0,0
2026-09-04 13:25:06,4.48,0,0
2026-09-04 13:25:06,30.75,0,0
2026-09-04 13:25:06,5.35,0,0
2026-09-04 13:25:07,15.26,0,0
2026-09-04 13:25:07,13.53,0,0
2026-09-04 13:25:07,4.39,0,0
2026-09-04 13:25:07,4.12,0,0
2026-09-04 13:25:07,5.52,0,0
2026-09-04 13:25:07,14.92,0,0
2026-09-04 13:25:07,16.76,0,0
2026-09-04 13:25:07,15.98,0,0
2026-09-04 13:25:08,15.5,0,0
2026-09-04 13:25:08,5.65,0,0
2026-09-04 13:25:08,6.52,0,0
2026-09-04 13:25:08,18.87,0,0
2026-09-04 13:25:08,8.29,0,0
2026-09-04 13:25:08,16.44,0,0
2026-09-04 13:25:08,15.73,0,0
2026-09-04 13:25:08,16.13,0,0
2026-09-04 13:25:08,6.83,0,0
2026-09-04 13:25:09,14.79,0,0
2026-09-04 13:25:09,15.46,0,0
2026-09-04 13:25:09,16.6,0,0
2026-09-04 13:25:09,5.68,0,0
2026-09-04 13:25:09,16.04,0,0
2026-09-04 13:25:09,14.83,0,0
2026-09-04 13:25:09,16.05,0,0
2026-09-04 13:25:09,16.18,0,0
2026-09-04 13:25:10,16.6,0,0
2026-09-04 13:25:10,16.47,0,0
2026-09-04 13:25:10,13.49,0,0
2026-09-04 13:25:10,16.48,0,0
2026-09-04 13:25:10,16.93,0,0
2026-09-04 13:25:10,11.11,0,0
2026-09-04 13:25:10,16.58,0,0
2026-09-04 13:25:10,15.99,0,0
2026-09-04 13:25:11,15.53,0,0
2026-09-04 13:25:11,8.63,0,0
2026-09-04 13:25:11,18.13,0,0
2026-09-04 13:25:11,4.77,0,0
2026-09-04 13:25:11,15.9,0,0
2026-09-04 13:25:11,15.97,0,0
2026-09-04 13:25:11,15.34,0,0
2026-09-04 13:25:11,9.65,0,0
2026-09-04 13:25:12,31.91,0,0
2026-09-04 13:25:12,31.61,0,0
2026-09-04 13:25:12,15.29,0,0
2026-09-04 13:25:12,31.79,0,0
2026-09-04 13:25:12,15.56,0,0
2026-09-04 13:25:12,32.16,0,0
2026-09-04 13:25:12,31.05,0,0
2026-09-04 13:25:13,31.54,0,0
2026-09-04 13:25:13,29.91,0,0
2026-09-04 13:25:13,33.81,0,0
2026-09-04 13:25:13,15.69,0,0
2026-09-04 13:25:13,15.86,0,0
2026-09-04 13:25:13,15.38,0,0
2026-09-04 13:25:13,16.19,0,0
2026-09-04 13:25:13,31.2,0,0
2026-09-04 13:25:14,26.89,0,0
2026-09-04 13:25:14,32.11,0,0
2026-09-04 13:25:14,4.22,0,0
2026-09-04 13:25:14,15.67,0,0
2026-09-04 13:25:14,15.63,0,0
2026-09-04 13:25:14,14.17,0,0
2026-09-04 13:25:14,31.58,0,0
2026-09-04 13:25:14,30.85,0,0
2026-09-04 13:25:15,32.12,0,0
2026-09-04 13:25:15,15.67,0,0
2026-09-04 13:25:15,16.58,0,0
2026-09-04 13:25:15,31.97,0,0
2026-09-04 13:25:15,14.7,0,0
2026-09-04 13:25:15,6.86,0,0
2026-09-04 13:25:15,14.87,0,0
2026-09-04 13:25:15,14.52,0,0
2026-09-04 13:25:16,3.74,0,0
2026-09-04 13:25:16,3.47,0,0
2026-09-04 13:25:16,4.15,0,0
2026-09-04 13:25:16,15.77,0,0
2026-09-04 13:25:16,15.67,0,0
2026-09-04 13:25:16,4.32,0,0
2026-09-04 13:25:16,17.44,0,0
2026-09-04 13:25:16,3.97,0,0
2026-09-04 13:25:17,4.17,0,0
2026-09-04 13:25:17,5.96,0,0
2026-09-04 13:25:17,16.13,0,0
2026-09-04 13:25:17,4.35,0,0
2026-09-04 13:25:17,3.77,0,0
2026-09-04 13:25:17,5.01,0,0
2026-09-04 13:25:17,7.96,0,0
2026-09-04 13:25:17,7.4,0,0
2026-09-04 13:25:17,4.71,0,0
2026-09-04 13:25:18,16.38,0,0
2026-09-04 13:25:18,3.98,0,0
2026-09-04 13:25:18,4.12,0,0
2026-09-04 13:25:18,3.31,0,0
2026-09-04 13:25:18,15.55,0,0
2026-09-04 13:25:18,7.0,0,0
2026-09-04 13:25:18,14.81,0,0
2026-09-04 13:25:18,6.18,0,0
2026-09-04 13:25:18,5.25,0,0
2026-09-04 13:25:19,6.63,0,0
2026-09-04 13:25:19,4.6,0,0
2026-09-04 13:25:19,15.84,0,0
2026-09-04 13:25:19,3.89,0,0
2026-09-04 13:25:19,4.5,0,0
2026-09-04 13:25:19,15.4,0,0
2026-09-04 13:25:19,16.81,0,0
2026-09-04 13:25:19,16.34,0,0
2026-09-04 13:25:20,4.66,0,0
2026-09-04 13:25:20,15.91,0,0
2026-09-04 13:25:20,16.01,0,0
2026-09-04 13:25:20,32.12,0,0
2026-09-04 13:25:20,31.52,0,0
2026-09-04 13:25:20,29.96,0,0
2026-09-04 13:25:20,32.11,0,0
2026-09-04 13:25:20,31.06,0,0
2026-09-04 13:25:21,6.46,0,0
2026-09-04 13:25:21,31.46,0,0
2026-09-04 13:25:21,18.64,0,0
2026-09-04 13:25:51,5000,1,0
2026-09-04 13:25:52,5000,1,0
2026-09-04 13:25:53,329.07,0,0
2026-09-04 13:25:53,32.0,0,0
2026-09-04 13:25:53,7.59,0,0
2026-09-04 13:25:53,31.82,0,0
2026-09-04 13:25:53,15.29,0,0
2026-09-04 13:25:54,15.55,0,0
2026-09-04 13:25:54,14.31,0,0
2026-09-04 13:25:54,14.05,0,0
2026-09-04 13:25:54,5.53,0,0
2026-09-04 13:25:54,31.06,0,0
2026-09-04 13:25:54,15.68,0,0
2026-09-04 13:25:54,5.6,0,0
2026-09-04 13:25:54,14.87,0,0
2026-09-04 13:25:55,15.56,0,0
2026-09-04 13:25:55,15.38,0,0
2026-09-04 13:25:55,15.83,0,0
2026-09-04 13:25:55,16.21,0,0
2026-09-04 13:25:55,15.27,0,0
2026-09-04 13:25:55,15.25,0,0
2026-09-04 13:25:55,15.45,0,0
2026-09-04 13:25:55,30.35,0,0
2026-09-04 13:25:56,15.94,0,0
2026-09-04 13:25:56,32.55,0,0
2026-09-04 13:25:56,29.33,0,0
2026-09-04 13:25:56,31.88,0,0
2026-09-04 13:25:56,16.01,0,0
2026-09-04 13:25:56,17.24,0,0
2026-09-04 13:25:56,15.72,0,0
2026-09-04 13:25:56,32.5,0,0
2026-09-04 13:25:57,31.59,0,0
2026-09-04 13:25:57,16.0,0,0
2026-09-04 13:25:57,31.28,0,0
2026-09-04 13:25:57,31.19,0,0
2026-09-04 13:25:57,31.04,0,0
2026-09-04 13:25:57,31.14,0,0
2026-09-04 13:25:57,31.92,0,0
2026-09-04 13:25:58,31.84,0,0
2026-09-04 13:25:58,30.53,0,0
2026-09-04 13:25:58,20.89,0,0
2026-09-04 13:25:58,16.48,0,0
2026-09-04 13:25:58,16.0,0,0
2026-09-04 13:25:58,16.75,0,0
2026-09-04 13:25:58,15.06,0,0
2026-09-04 13:25:58,31.7,0,0
2026-09-04 13:25:59,4.17,0,0
2026-09-04 13:25:59,3.32,0,0
2026-09-04 13:25:59,15.54,0,0
2026-09-04 13:25:59,5.53,0,0
2026-09-04 13:25:59,15.89,0,0
2026-09-04 13:25:59,16.06,0,0
2026-09-04 13:25:59,3.21,0,0
2026-09-04 13:25:59,15.39,0,0
2026-09-04 13:26:00,6.65,0,0
2026-09-04 13:26:00,15.14,0,0
2026-09-04 13:26:00,10.18,0,0
2026-09-04 13:26:00,14.03,0,0
2026-09-04 13:26:00,31.77,0,0
2026-09-04 13:26:00,4.57,0,0
2026-09-04 13:26:00,14.51,0,0
2026-09-04 13:26:00,13.76,0,0
2026-09-04 13:26:00,14.88,0,0
2026-09-04 13:26:01,16.44,0,0
2026-09-04 13:26:01,15.82,0,0
2026-09-04 13:26:01,16.91,0,0
2026-09-04 13:26:01,7.89,0,0
2026-09-04 13:26:01,15.41,0,0
2026-09-04 13:26:01,31.09,0,0
2026-09-04 13:26:01,15.56,0,0
2026-09-04 13:26:01,4.47,0,0
2026-09-04 13:26:02,4.17,0,0
2026-09-04 13:26:02,15.65,0,0
2026-09-04 13:26:02,3.43,0,0
2026-09-04 13:26:02,15.91,0,0
2026-09-04 13:26:02,16.64,0,0
2026-09-04 13:26:02,32.01,0,0
2026-09-04 13:26:02,16.0,0,0
2026-09-04 13:26:02,31.96,0,0
2026-09-04 13:26:03,15.0,0,0
2026-09-04 13:26:03,15.99,0,0
2026-09-04 13:26:03,31.89,0,0
2026-09-04 13:26:03,15.46,0,0
2026-09-04 13:26:03,15.42,0,0
2026-09-04 13:26:03,3.77,0,0
2026-09-04 13:26:03,31.42,0,0
2026-09-04 13:26:04,31.74,0,0
2026-09-04 13:26:04,5.44,0,0
2026-09-04 13:26:04,24.46,0,0
2026-09-04 13:26:04,33.47,0,0
2026-09-04 13:26:04,14.75,0,0
2026-09-04 13:26:04,15.46,0,0
2026-09-04 13:26:04,3.39,0,0
2026-09-04 13:26:04,7.13,0,0
2026-09-04 13:26:05,18.48,0,0
2026-09-04 13:26:05,5.1,0,0
2026-09-04 13:26:05,15.45,0,0
2026-09-04 13:26:05,16.34,0,0
2026-09-04 13:26:05,5.58,0,0
2026-09-04 13:26:05,10.0,0,0
2026-09-04 13:26:05,13.74,0,0
2026-09-04 13:26:05,4.25,0,0
2026-09-04 13:26:05,15.88,0,0
2026-09-04 13:26:06,16.19,0,0
2026-09-04 13:26:06,7.59,0,0
2026-09-04 13:26:06,17.82,0,0
2026-09-04 13:26:06,15.82,0,0
2026-09-04 13:26:06,8.68,0,0
2026-09-04 13:26:06,31.13,0,0
2026-09-04 13:26:06,15.39,0,0
2026-09-04 13:26:06,17.54,0,0
2026-09-04 13:26:07,15.22,0,0
2026-09-04 13:26:07,16.0,0,0
2026-09-04 13:26:07,31.52,0,0
2026-09-04 13:26:07,24.84,0,0
2026-09-04 13:26:07,29.87,0,0
2026-09-04 13:26:07,32.29,0,0
2026-09-04 13:26:07,15.56,0,0
2026-09-04 13:26:07,3.82,0,0
2026-09-04 13:26:08,31.92,0,0
2026-09-04 13:26:08,31.86,0,0
2026-09-04 13:26:08,19.7,0,0
2026-09-04 13:26:08,31.05,0,0
2026-09-04 13:26:08,31.84,0,0
2026-09-04 13:26:08,32.39,0,0
2026-09-04 13:26:08,31.88,0,0
2026-09-04 13:26:09,32.0,0,0
2026-09-04 13:26:09,32.02,0,0
2026-09-04 13:26:09,31.41,0,0
2026-09-04 13:26:09,15.55,0,0
2026-09-04 13:26:09,12.77,0,0
2026-09-04 13:26:09,15.66,0,0
2026-09-04 13:26:09,15.58,0,0
2026-09-04 13:26:09,16.31,0,0
2026-09-04 13:26:10,16.34,0,0
2026-09-04 13:26:10,5.84,0,0
2026-09-04 13:26:10,15.77,0,0
2026-09-04 13:26:10,15.01,0,0
2026-09-04 13:26:10,33.61,0,0
2026-09-04 13:26:10,15.34,0,0
2026-09-04 13:26:10,17.3,0,0
2026-09-04 13:26:10,16.03,0,0
2026-09-04 13:26:11,15.77,0,0
2026-09-04 13:26:11,14.2,0,0
2026-09-04 13:26:11,14.78,0,0
2026-09-04 13:26:11,15.15,0,0
2026-09-04 13:26:11,16.58,0,0
2026-09-04 13:26:11,15.38,0,0
2026-09-04 13:26:11,15.48,0,0
2026-09-04 13:26:11,16.26,0,0
2026-09-04 13:26:12,32.0,0,0
2026-09-04 13:26:12,15.63,0,0
2026-09-04 13:26:12,16.65,0,0
2026-09-04 13:26:12,31.7,0,0
2026-09-04 13:26:12,31.61,0,0
2026-09-04 13:26:12,14.87,0,0
2026-09-04 13:26:12,5.15,0,0
2026-09-04 13:26:12,4.62,0,0
2026-09-04 13:26:13,3.0,0,0
2026-09-04 13:26:13,16.59,0,0
2026-09-04 13:26:13,30.03,0,0
2026-09-04 13:26:13,14.41,0,0
2026-09-04 13:26:13,15.02,0,0
2026-09-04 13:26:13,14.99,0,0
2026-09-04 13:26:13,16.03,0,0
2026-09-04 13:26:13,15.97,0,0
2026-09-04 13:26:14,16.12,0,0
2026-09-04 13:26:14,4.28,0,0
2026-09-04 13:26:14,10.5,0,0
2026-09-04 13:26:14,16.82,0,0
2026-09-04 13:26:14,15.24,0,0
2026-09-04 13:26:14,16.54,0,0
2026-09-04 13:26:14,5.6,0,0
2026-09-04 13:26:14,16.21,0,0
2026-09-04 13:26:15,15.23,0,0
2026-09-04 13:26:15,16.91,0,0
2026-09-04 13:26:15,14.71,0,0
2026-09-04 13:26:15,6.31,0,0
2026-09-04 13:26:15,14.53,0,0
2026-09-04 13:26:15,15.22,0,0
2026-09-04 13:26:15,4.48,0,0
2026-09-04 13:26:15,16.64,0,0
2026-09-04 13:26:16,14.99,0,0
2026-09-04 13:26:16,33.03,0,0
2026-09-04 13:26:16,32.52,0,0
2026-09-04 13:26:16,16.29,0,0
2026-09-04 13:26:16,13.51,0,0
2026-09-04 13:26:16,16.26,0,0
2026-09-04 13:26:16,15.55,0,0
2026-09-04 13:26:16,16.01,0,0
2026-09-04 13:26:17,28.51,0,0
2026-09-04 13:26:17,7.52,0,0
2026-09-04 13:26:17,32.54,0,0
2026-09-04 13:26:17,6.01,0,0
2026-09-04 13:26:17,7.67,0,0
2026-09-04 13:26:17,6.77,0,0
2026-09-04 13:26:17,5.47,0,0
2026-09-04 13:26:17,15.28,0,0
2026-09-04 13:26:17,14.49,0,0
2026-09-04 13:26:18,5.25,0,0
2026-09-04 13:26:18,15.51,0,0
2026-09-04 13:26:18,4.33,0,0
2026-09-04 13:26:18,17.72,0,0
2026-09-04 13:26:18,15.11,0,0
2026-09-04 13:26:18,6.45,0,0
2026-09-04 13:26:18,15.2,0,0
2026-09-04 13:26:18,3.95,0,0
2026-09-04 13:26:19,16.68,0,0
2026-09-04 13:26:19,16.2,0,0
2026-09-04 13:26:19,15.95,0,0
2026-09-04 13:26:19,3.89,0,0
2026-09-04 13:26:19,4.39,0,0
2026-09-04 13:26:19,15.26,0,0
2026-09-04 13:26:19,15.56,0,0
2026-09-04 13:26:19,15.41,0,0
2026-09-04 13:26:20,14.56,0,0
2026-09-04 13:26:20,7.6,0,0
2026-09-04 13:26:20,4.96,0,0
2026-09-04 13:26:20,16.46,0,0
2026-09-04 13:26:20,6.9,0,0
2026-09-04 13:26:20,15.28,0,0
2026-09-04 13:26:20,8.99,0,0
2026-09-04 13:26:20,5.19,0,0
2026-09-04 13:26:20,15.74,0,0
2026-09-04 13:26:21,16.77,0,0
2026-09-04 13:26:21,15.71,0,0
2026-09-04 13:26:21,14.27,0,0
2026-09-04 13:26:21,30.15,0,0
2026-09-04 13:26:42,5000,1,0
2026-09-04 13:26:43,878.1,0,0
2026-09-04 13:26:43,5.77,0,0
2026-09-04 13:26:43,14.67,0,0
2026-09-04 13:26:43,4.19,0,0
2026-09-04 13:26:43,15.01,0,0
2026-09-04 13:26:43,4.94,0,0
2026-09-04 13:26:43,4.72,0,0
2026-09-04 13:26:44,16.12,0,0
2026-09-04 13:26:44,16.38,0,0
2026-09-04 13:26:44,13.99,0,0
2026-09-04 13:26:44,6.78,0,0
2026-09-04 13:26:44,15.98,0,0
2026-09-04 13:26:44,31.04,0,0
2026-09-04 13:26:44,31.36,0,0
2026-09-04 13:26:44,5.57,0,0
2026-09-04 13:26:45,14.56,0,0
2026-09-04 13:26:45,6.15,0,0
2026-09-04 13:26:45,16.03,0,0
2026-09-04 13:26:45,15.98,0,0
2026-09-04 13:26:45,7.1,0,0
2026-09-04 13:26:45,3.72,0,0
2026-09-04 13:26:45,15.88,0,0
2026-09-04 13:26:45,14.89,0,0
2026-09-04 13:26:45,5.11,0,0
2026-09-04 13:26:46,15.6,0,0
2026-09-04 13:26:46,15.71,0,0
2026-09-04 13:26:46,14.77,0,0
2026-09-04 13:26:46,16.16,0,0
2026-09-04 13:26:46,6.17,0,0
2026-09-04 13:26:46,15.92,0,0
2026-09-04 13:26:46,29.37,0,0
2026-09-04 13:26:46,4.89,0,0
2026-09-04 13:26:47,16.37,0,0
2026-09-04 13:26:47,15.69,0,0
2026-09-04 13:26:47,30.8,0,0
2026-09-04 13:26:47,8.99,0,0
2026-09-04 13:26:47,5.51,0,0
2026-09-04 13:26:47,16.81,0,0
2026-09-04 13:26:47,6.12,0,0
2026-09-04 13:26:47,30.97,0,0
2026-09-04 13:26:48,31.96,0,0
2026-09-04 13:26:48,31.64,0,0
2026-09-04 13:26:48,31.18,0,0
2026-09-04 13:26:48,31.9,0,0
2026-09-04 13:26:48,31.95,0,0
2026-09-04 13:26:48,31.0,0,0
2026-09-04 13:26:48,19.72,0,0
2026-09-04 13:26:49,31.82,0,0
2026-09-04 13:26:49,31.35,0,0
2026-09-04 13:26:49,31.26,0,0
2026-09-04 13:26:49,32.96,0,0
2026-09-04 13:26:49,31.71,0,0
2026-09-04 13:26:49,31.52,0,0
2026-09-04 13:26:49,31.61,0,0
2026-09-04 13:26:50,15.79,0,0
2026-09-04 13:26:50,32.31,0,0
2026-09-04 13:26:50,5.3,0,0
2026-09-04 13:26:50,32.04,0,0
2026-09-04 13:26:50,15.17,0,0
2026-09-04 13:26:50,31.86,0,0
2026-09-04 13:26:50,4.92,0,0
2026-09-04 13:26:50,31.66,0,0
2026-09-04 13:26:51,31.46,0,0
2026-09-04 13:26:51,30.43,0,0
2026-09-04 13:26:51,32.26,0,0
2026-09-04 13:26:51,31.57,0,0
2026-09-04 13:26:51,31.66,0,0
2026-09-04 13:26:51,14.99,0,0
2026-09-04 13:26:51,5.46,0,0
2026-09-04 13:26:51,33.09,0,0
2026-09-04 13:26:52,15.84,0,0
2026-09-04 13:26:52,16.1,0,0
2026-09-04 13:26:52,15.84,0,0
2026-09-04 13:26:52,12.89,0,0
2026-09-04 13:26:52,7.38,0,0
2026-09-04 13:26:52,32.58,0,0
2026-09-04 13:26:52,30.37,0,0
2026-09-04 13:26:53,31.52,0,0
2026-09-04 13:26:53,31.44,0,0
2026-09-04 13:26:53,33.75,0,0
2026-09-04 13:26:53,5.15,0,0
2026-09-04 13:26:53,15.81,0,0
2026-09-04 13:26:53,32.39,0,0
2026-09-04 13:26:53,30.13,0,0
2026-09-04 13:26:53,6.66,0,0
2026-09-04 13:26:54,31.72,0,0
2026-09-04 13:26:54,16.54,0,0
2026-09-04 13:26:54,14.98,0,0
2026-09-04 13:26:54,31.62,0,0
2026-09-04 13:26:54,29.44,0,0
2026-09-04 13:26:54,16.3,0,0
2026-09-04 13:26:54,15.7,0,0
2026-09-04 13:26:54,5.84,0,0
2026-09-04 13:26:55,15.75,0,0
2026-09-04 13:26:55,31.37,0,0
2026-09-04 13:26:55,15.35,0,0
2026-09-04 13:26:55,32.47,0,0
2026-09-04 13:26:55,32.18,0,0
2026-09-04 13:26:55,32.3,0,0
2026-09-04 13:26:55,7.79,0,0
2026-09-04 13:26:55,15.5,0,0
2026-09-04 13:26:56,32.14,0,0
2026-09-04 13:26:56,31.26,0,0
2026-09-04 13:26:56,31.38,0,0
2026-09-04 13:26:56,30.68,0,0
2026-09-04 13:26:56,13.16,0,0
2026-09-04 13:26:56,6.31,0,0
2026-09-04 13:26:56,2.73,0,0
2026-09-04 13:26:57,4.41,0,0
2026-09-04 13:26:57,31.87,0,0
2026-09-04 13:26:57,15.53,0,0
2026-09-04 13:26:57,21.04,0,0
2026-09-04 13:26:57,2.85,0,0
2026-09-04 13:26:57,32.26,0,0
2026-09-04 13:26:57,6.02,0,0
2026-09-04 13:26:57,15.71,0,0
2026-09-04 13:26:57,24.92,0,0
2026-09-04 13:26:58,15.95,0,0
2026-09-04 13:26:58,15.51,0,0
2026-09-04 13:26:58,8.48,0,0
2026-09-04 13:26:58,31.98,0,0
2026-09-04 13:26:58,15.21,0,0
2026-09-04 13:26:58,29.36,0,0
2026-09-04 13:26:58,10.08,0,0
2026-09-04 13:26:59,31.64,0,0
2026-09-04 13:26:59,4.66,0,0
2026-09-04 13:26:59,6.9,0,0
2026-09-04 13:26:59,4.45,0,0
2026-09-04 13:26:59,15.58,0,0
2026-09-04 13:26:59,31.07,0,0
2026-09-04 13:26:59,15.13,0,0
2026-09-04 13:26:59,20.98,0,0
2026-09-04 13:27:00,32.25,0,0
2026-09-04 13:27:00,4.75,0,0
2026-09-04 13:27:00,4.34,0,0
2026-09-04 13:27:00,5.43,0,0
2026-09-04 13:27:00,5.18,0,0
2026-09-04 13:27:00,15.98,0,0
2026-09-04 13:27:00,31.52,0,0
2026-09-04 13:27:00,31.32,0,0
2026-09-04 13:27:00,26.15,0,0
2026-09-04 13:27:01,32.02,0,0
2026-09-04 13:27:01,32.07,0,0
2026-09-04 13:27:01,16.16,0,0
2026-09-04 13:27:01,31.46,0,0
2026-09-04 13:27:01,32.1,0,0
2026-09-04 13:27:01,31.1,0,0
2026-09-04 13:27:01,30.22,0,0
2026-09-04 13:27:02,33.59,0,0
2026-09-04 13:27:02,11.58,0,0
2026-09-04 13:27:02,25.21,0,0
2026-09-04 13:27:02,32.15,0,0
2026-09-04 13:27:02,31.05,0,0
2026-09-04 13:27:02,9.14,0,0
2026-09-04 13:27:02,3.95,0,0
2026-09-04 13:27:02,32.22,0,0
2026-09-04 13:27:03,32.4,0,0
2026-09-04 13:27:03,32.71,0,0
2026-09-04 13:27:03,8.04,0,0
2026-09-04 13:27:03,30.63,0,0
2026-09-04 13:27:03,26.81,0,0
2026-09-04 13:27:03,3.17,0,0
2026-09-04 13:27:03,16.17,0,0
2026-09-04 13:27:03,5.59,0,0
2026-09-04 13:27:04,29.22,0,0
2026-09-04 13:27:04,31.74,0,0
2026-09-04 13:27:04,32.53,0,0
2026-09-04 13:27:04,32.42,0,0
2026-09-04 13:27:04,32.07,0,0
2026-09-04 13:27:04,30.86,0,0
2026-09-04 13:27:04,29.99,0,0
2026-09-04 13:27:05,16.38,0,0
2026-09-04 13:27:05,15.69,0,0
2026-09-04 13:27:05,29.85,0,0
2026-09-04 13:27:05,19.6,0,0
2026-09-04 13:27:05,32.36,0,0
2026-09-04 13:27:05,31.87,0,0
2026-09-04 13:27:05,20.48,0,0
2026-09-04 13:27:06,29.86,0,0
2026-09-04 13:27:06,31.16,0,0
2026-09-04 13:27:06,31.44,0,0
2026-09-04 13:27:06,6.08,0,0
2026-09-04 13:27:06,11.44,0,0
2026-09-04 13:27:06,10.13,0,0
2026-09-04 13:27:06,15.53,0,0
2026-09-04 13:27:06,4.5,0,0
2026-09-04 13:27:06,22.0,0,0
2026-09-04 13:27:07,5.25,0,0
2026-09-04 13:27:07,10.47,0,0
2026-09-04 13:27:07,8.31,0,0
2026-09-04 13:27:07,32.14,0,0
2026-09-04 13:27:07,31.67,0,0
2026-09-04 13:27:07,16.6,0,0
2026-09-04 13:27:07,16.62,0,0
2026-09-04 13:27:07,17.79,0,0
2026-09-04 13:27:08,15.96,0,0
2026-09-04 13:27:08,15.32,0,0
2026-09-04 13:27:08,6.78,0,0
2026-09-04 13:27:08,15.89,0,0
2026-09-04 13:27:08,16.16,0,0
2026-09-04 13:27:08,8.24,0,0
2026-09-04 13:27:08,2.85,0,0
2026-09-04 13:27:08,10.45,0,0
2026-09-04 13:27:09,8.66,0,0
2026-09-04 13:27:09,7.86,0,0
2026-09-04 13:27:09,5.07,0,0
2026-09-04 13:27:09,3.44,0,0
2026-09-04 13:27:09,5.09,0,0
2026-09-04 13:27:09,20.64,0,0
2026-09-04 13:27:09,11.2,0,0
2026-09-04 13:27:09,7.76,0,0
2026-09-04 13:27:09,16.71,0,0
2026-09-04 13:27:10,3.71,0,0
2026-09-04 13:27:10,15.66,0,0
2026-09-04 13:27:10,16.66,0,0
2026-09-04 13:27:10,31.2,0,0
2026-09-04 13:27:10,6.63,0,0
2026-09-04 13:27:10,3.42,0,0
2026-09-04 13:27:10,8.87,0,0
2026-09-04 13:27:10,3.98,0,0
2026-09-04 13:27:11,7.07,0,0
2026-09-04 13:27:11,5.61,0,0
2026-09-04 13:27:11,7.73,0,0
2026-09-04 13:27:11,6.64,0,0
2026-09-04 13:27:11,7.86,0,0
2026-09-04 13:27:11,7.47,0,0
2026-09-04 13:27:11,4.14,0,0
2026-09-04 13:27:41,541.95,0,0
2026-09-04 13:27:42,6.21,0,0
2026-09-04 13:27:42,16.38,0,0
2026-09-04 13:27:42,7.04,0,0
2026-09-04 13:27:42,5.33,0,0
2026-09-04 13:27:42,15.9,0,0
2026-09-04 13:27:42,4.59,0,0
2026-09-04 13:27:42,10.18,0,0
2026-09-04 13:27:42,8.88,0,0
2026-09-04 13:27:42,5.1,0,0
2026-09-04 13:27:43,3.79,0,0
2026-09-04 13:27:43,7.64,0,0
2026-09-04 13:27:43,4.23,0,0
2026-09-04 13:27:43,3.95,0,0
2026-09-04 13:27:43,7.76,0,0
2026-09-04 13:27:43,15.2,0,0
2026-09-04 13:27:43,7.0,0,0
2026-09-04 13:27:43,8.82,0,0
2026-09-04 13:27:44,26.11,0,0
2026-09-04 13:27:44,14.68,0,0
2026-09-04 13:27:44,17.27,0,0
2026-09-04 13:27:44,16.17,0,0
2026-09-04 13:27:44,7.4,0,0
2026-09-04 13:27:44,9.22,0,0
2026-09-04 13:27:44,3.58,0,0
2026-09-04 13:27:44,16.46,0,0
2026-09-04 13:27:44,10.15,0,0
2026-09-04 13:27:45,15.4,0,0
2026-09-04 13:27:45,4.26,0,0
2026-09-04 13:27:45,7.86,0,0
2026-09-04 13:27:45,8.8,0,0
2026-09-04 13:27:45,13.88,0,0
2026-09-04 13:27:45,11.27,0,0
2026-09-04 13:27:45,16.03,0,0
2026-09-04 13:27:45,4.94,0,0
2026-09-04 13:27:46,15.2,0,0
2026-09-04 13:27:46,16.88,0,0
2026-09-04 13:27:46,4.28,0,0
2026-09-04 13:27:46,5.83,0,0
2026-09-04 13:27:46,4.3,0,0
2026-09-04 13:27:46,4.48,0,0
2026-09-04 13:27:46,4.03,0,0
2026-09-04 13:27:46,16.48,0,0
2026-09-04 13:27:46,16.13,0,0
2026-09-04 13:27:47,14.74,0,0
2026-09-04 13:27:47,23.22,0,0
2026-09-04 13:27:47,6.56,0,0
2026-09-04 13:27:47,4.75,0,0
2026-09-04 13:27:47,8.55,0,0
2026-09-04 13:27:47,10.35,0,0
2026-09-04 13:27:47,3.22,0,0
2026-09-04 13:27:47,16.49,0,0
2026-09-04 13:27:47,17.5,0,0
2026-09-04 13:27:48,4.41,0,0
2026-09-04 13:27:48,16.21,0,0
2026-09-04 13:27:48,4.9,0,0
2026-09-04 13:27:48,5.54,0,0
2026-09-04 13:27:48,6.51,0,0
2026-09-04 13:27:48,3.67,0,0
2026-09-04 13:27:48,3.47,0,0
2026-09-04 13:27:48,5.85,0,0
2026-09-04 13:27:48,8.14,0,0
2026-09-04 13:27:49,5.05,0,0
2026-09-04 13:27:49,4.23,0,0
2026-09-04 13:27:49,7.53,0,0
2026-09-04 13:27:49,19.59,0,0
2026-09-04 13:27:49,7.49,0,0
2026-09-04 13:27:49,6.59,0,0
2026-09-04 13:27:49,3.74,0,0
2026-09-04 13:27:49,16.03,0,0
2026-09-04 13:27:49,3.69,0,0
2026-09-04 13:27:50,3.4,0,0
2026-09-04 13:27:50,5.94,0,0
2026-09-04 13:27:50,3.33,0,0
2026-09-04 13:27:50,9.63,0,0
2026-09-04 13:27:50,5.64,0,0
2026-09-04 13:27:50,13.65,0,0
2026-09-04 13:27:50,7.31,0,0
2026-09-04 13:27:50,9.05,0,0
2026-09-04 13:27:50,10.89,0,0
2026-09-04 13:27:51,9.96,0,0
2026-09-04 13:27:51,12.19,0,0
2026-09-04 13:27:51,3.97,0,0
2026-09-04 13:27:51,4.88,0,0
2026-09-04 13:27:51,16.43,0,0
2026-09-04 13:27:51,5.56,0,0
2026-09-04 13:27:51,20.2,0,0
2026-09-04 13:27:51,3.14,0,0
2026-09-04 13:27:51,10.95,0,0
2026-09-04 13:27:52,17.08,0,0
2026-09-04 13:27:52,14.02,0,0
2026-09-04 13:27:52,2.65,0,0
2026-09-04 13:27:52,4.42,0,0
2026-09-04 13:27:52,2.5,0,0
2026-09-04 13:27:52,8.04,0,0
2026-09-04 13:27:52,11.46,0,0
2026-09-04 13:27:52,11.68,0,0
2026-09-04 13:27:53,6.33,0,0
2026-09-04 13:27:53,4.56,0,0
2026-09-04 13:27:53,15.97,0,0
2026-09-04 13:27:53,3.23,0,0
2026-09-04 13:27:53,4.38,0,0
2026-09-04 13:27:53,4.47,0,0
2026-09-04 13:27:53,7.54,0,0
2026-09-04 13:27:53,5.39,0,0
2026-09-04 13:27:53,31.45,0,0
2026-09-04 13:27:54,31.49,0,0
2026-09-04 13:27:54,15.67,0,0
2026-09-04 13:27:54,16.34,0,0
2026-09-04 13:27:54,16.41,0,0
2026-09-04 13:27:54,16.44,0,0
2026-09-04 13:27:54,31.32,0,0
2026-09-04 13:27:54,5.14,0,0
2026-09-04 13:27:54,31.37,0,0
2026-09-04 13:27:55,15.67,0,0
2026-09-04 13:27:55,16.76,0,0
2026-09-04 13:27:55,3.94,0,0
2026-09-04 13:27:55,15.73,0,0
2026-09-04 13:27:55,3.64,0,0
2026-09-04 13:27:55,15.66,0,0
2026-09-04 13:27:55,3.98,0,0
2026-09-04 13:27:55,7.64,0,0
2026-09-04 13:27:56,6.36,0,0
2026-09-04 13:27:56,21.4,0,0
2026-09-04 13:27:56,6.88,0,0
2026-09-04 13:27:56,17.96,0,0
2026-09-04 13:27:56,33.36,0,0
2026-09-04 13:27:56,30.79,0,0
2026-09-04 13:27:56,6.42,0,0
2026-09-04 13:27:56,5.03,0,0
2026-09-04 13:27:56,16.69,0,0
2026-09-04 13:27:57,32.16,0,0
2026-09-04 13:27:57,16.47,0,0
2026-09-04 13:27:57,15.88,0,0
2026-09-04 13:27:57,31.56,0,0
2026-09-04 13:27:57,15.74,0,0
2026-09-04 13:27:57,15.85,0,0
2026-09-04 13:27:57,29.3,0,0
2026-09-04 13:27:58,32.18,0,0
2026-09-04 13:27:58,15.49,0,0
2026-09-04 13:27:58,16.21,0,0
2026-09-04 13:27:58,6.6,0,0
2026-09-04 13:27:58,3.59,0,0
2026-09-04 13:27:58,5.15,0,0
2026-09-04 13:27:58,3.96,0,0
2026-09-04 13:27:58,12.03,0,0
2026-09-04 13:27:58,3.8,0,0
2026-09-04 13:27:59,6.12,0,0
2026-09-04 13:27:59,4.08,0,0
2026-09-04 13:27:59,5.08,0,0
2026-09-04 13:27:59,4.48,0,0
2026-09-04 13:27:59,6.88,0,0
2026-09-04 13:27:59,3.39,0,0
2026-09-04 13:27:59,7.85,0,0
2026-09-04 13:27:59,3.63,0,0
2026-09-04 13:27:59,7.94,0,0
2026-09-04 13:28:00,3.2,0,0
2026-09-04 13:28:00,15.82,0,0
2026-09-04 13:28:00,10.41,0,0
2026-09-04 13:28:00,15.82,0,0
2026-09-04 13:28:00,6.96,0,0
2026-09-04 13:28:00,5.29,0,0
2026-09-04 13:28:00,5.23,0,0
2026-09-04 13:28:00,8.91,0,0
2026-09-04 13:28:00,8.43,0,0
2026-09-04 13:28:01,17.63,0,0
2026-09-04 13:28:01,20.15,0,0
2026-09-04 13:28:01,18.49,0,0
2026-09-04 13:28:01,6.14,0,0
2026-09-04 13:28:01,7.56,0,0
2026-09-04 13:28:01,15.7,0,0
2026-09-04 13:28:01,2.66,0,0
2026-09-04 13:28:01,5.29,0,0
2026-09-04 13:28:02,4.5,0,0
2026-09-04 13:28:02,3.38,0,0
2026-09-04 13:28:02,10.83,0,0
2026-09-04 13:28:02,4.61,0,0
2026-09-04 13:28:02,7.9,0,0
2026-09-04 13:28:02,22.34,0,0
2026-09-04 13:28:02,6.41,0,0
