timestamp,rtt,loss_flag,jitter,label,retrans_segs,out_segs
2026-10-09 18:43:28,2.04,0,0.0,2,0,8
2026-10-09 18:43:28,0.54,0,1.5,2,0,7
2026-10-09 18:43:29,0.57,0,0.03,2,0,7
2026-10-09 18:43:29,1.17,0,0.59,2,0,5
2026-10-09 18:43:29,0.73,0,0.44,2,0,7
2026-10-09 18:43:29,0.75,0,0.03,2,0,7
2026-10-09 18:43:29,1.23,0,0.48,2,0,7
2026-10-09 18:43:29,1.62,0,0.39,2,0,5
2026-10-09 18:43:29,0.87,0,0.75,2,0,4
2026-10-09 18:43:29,0.5,0,0.38,2,0,4
2026-10-09 18:43:29,0.82,0,0.33,2,0,7
2026-10-09 18:43:29,0.63,0,0.2,2,0,7
2026-10-09 18:43:30,0.96,0,0.34,2,0,7
2026-10-09 18:43:30,0.99,0,0.02,2,0,4
2026-10-09 18:43:30,0.67,0,0.31,2,0,4
2026-10-09 18:43:30,0.64,0,0.03,2,0,4
2026-10-09 18:43:30,0.97,0,0.33,2,0,4
2026-10-09 18:43:30,0.51,0,0.46,2,0,7
2026-10-09 18:43:30,1.16,0,0.66,2,0,4
2026-10-09 18:43:30,0.81,0,0.35,2,0,7
2026-10-09 18:43:30,0.54,0,0.27,2,0,7
2026-10-09 18:43:30,0.54,0,0.01,2,0,7
2026-10-09 18:43:31,0.73,0,0.19,2,0,6
2026-10-09 18:43:31,3.64,0,2.91,2,0,6
2026-10-09 18:43:31,1.51,0,2.13,2,0,6
2026-10-09 18:43:31,2.01,0,0.51,2,0,6
2026-10-09 18:43:31,0.77,0,1.25,2,0,6
2026-10-09 18:43:31,1.57,0,0.8,2,0,6
2026-10-09 18:43:31,1.19,0,0.38,2,0,6
2026-10-09 18:43:31,1.39,0,0.2,2,0,6
2026-10-09 18:43:31,1.03,0,0.36,2,0,6
2026-10-09 18:43:31,1.06,0,0.04,2,0,6
2026-10-09 18:43:32,1.09,0,0.02,2,0,6
2026-10-09 18:43:32,1.08,0,0.01,2,0,6
2026-10-09 18:43:32,0.98,0,0.1,2,0,6
2026-10-09 18:43:32,0.96,0,0.02,2,0,6
2026-10-09 18:43:32,1.27,0,0.32,2,0,7
2026-10-09 18:43:32,0.89,0,0.39,2,0,6
2026-10-09 18:43:32,0.83,0,0.05,2,0,6
2026-10-09 18:43:32,1.17,0,0.34,2,0,6
2026-10-09 18:43:32,1.32,0,0.15,2,0,6
2026-10-09 18:43:33,1.69,0,0.37,2,0,6
2026-10-09 18:43:33,1.67,0,0.02,2,0,6
2026-10-09 18:43:33,2.77,0,1.11,2,0,7
2026-10-09 18:43:33,3.82,0,1.05,2,0,4
2026-10-09 18:43:33,1.53,0,2.29,2,0,6
2026-10-09 18:43:33,2.11,0,0.58,2,0,6
2026-10-09 18:43:33,1.66,0,0.45,2,0,5
2026-10-09 18:43:33,1.55,0,0.11,2,0,6
2026-10-09 18:43:33,1.64,0,0.09,2,0,6
2026-10-09 18:43:34,3.31,0,1.67,2,0,7
2026-10-09 18:43:34,1.23,0,2.08,2,0,7
2026-10-09 18:43:34,1.61,0,0.38,2,0,7
2026-10-09 18:43:34,1.36,0,0.25,2,0,7
2026-10-09 18:43:34,1.9,0,0.54,2,0,7
2026-10-09 18:43:34,1.78,0,0.12,2,0,6
2026-10-09 18:43:34,1.65,0,0.12,2,0,7
2026-10-09 18:43:34,1.24,0,0.41,2,0,6
2026-10-09 18:43:35,1.51,0,0.27,2,0,6
2026-10-09 18:43:35,1.7,0,0.19,2,0,6
2026-10-09 18:43:35,1.77,0,0.07,2,0,6
2026-10-09 18:43:35,2.31,0,0.55,2,0,7
2026-10-09 18:43:35,1.84,0,0.47,2,0,7
2026-10-09 18:43:35,2.11,0,0.27,2,0,5
2026-10-09 18:43:35,1.14,0,0.97,2,0,6
2026-10-09 18:43:35,1.44,0,0.3,2,0,6
2026-10-09 18:43:35,1.25,0,0.19,2,0,6
2026-10-09 18:43:36,1.02,0,0.23,2,0,6
2026-10-09 18:43:36,1.21,0,0.19,2,0,6
2026-10-09 18:43:36,2.34,0,1.14,2,0,6
2026-10-09 18:43:36,0.94,0,1.4,2,0,6
2026-10-09 18:43:36,0.9,0,0.04,2,0,7
2026-10-09 18:43:36,0.91,0,0.01,2,0,7
2026-10-09 18:43:36,1.37,0,0.46,2,0,4
2026-10-09 18:43:36,1.89,0,0.52,2,0,4
2026-10-09 18:43:36,2.37,0,0.49,2,0,4
2026-10-09 18:43:36,1.11,0,1.26,2,0,6
2026-10-09 18:43:37,0.8,0,0.31,2,0,5
2026-10-09 18:43:37,0.79,0,0.01,2,0,6
2026-10-09 18:43:37,0.75,0,0.04,2,0,6
2026-10-09 18:43:37,1.39,0,0.64,2,0,6
2026-10-09 18:43:37,1.22,0,0.17,2,0,6
2026-10-09 18:43:37,0.84,0,0.38,2,0,6
2026-10-09 18:43:37,0.66,0,0.19,2,0,6
2026-10-09 18:43:37,1.71,0,1.06,2,0,6
2026-10-09 18:43:37,0.71,0,1.0,2,0,6
2026-10-09 18:43:37,1.39,0,0.68,2,0,6
2026-10-09 18:43:38,1.27,0,0.12,2,0,6
2026-10-09 18:43:38,1.39,0,0.12,2,0,6
2026-10-09 18:43:38,0.71,0,0.69,2,0,6
2026-10-09 18:43:38,1.3,0,0.59,2,0,6
2026-10-09 18:43:38,1.01,0,0.29,2,0,6
2026-10-09 18:43:38,1.25,0,0.24,2,0,6
2026-10-09 18:43:38,0.6,0,0.65,2,0,6
2026-10-09 18:43:38,0.73,0,0.13,2,0,6
2026-10-09 18:43:38,1.19,0,0.46,2,0,6
2026-10-09 18:43:38,0.62,0,0.57,2,0,6
2026-10-09 18:43:39,0.57,0,0.05,2,0,6
2026-10-09 18:43:39,0.63,0,0.06,2,0,6
2026-10-09 18:43:39,0.68,0,0.05,2,0,6
2026-10-09 18:43:39,0.54,0,0.14,2,0,6
2026-10-09 18:43:39,1.37,0,0.83,2,0,6
2026-10-09 18:43:39,0.54,0,0.83,2,0,7
2026-10-09 18:43:39,0.63,0,0.09,2,0,4
2026-10-09 18:43:39,0.6,0,0.03,2,0,4
2026-10-09 18:43:39,0.53,0,0.07,2,0,4
2026-10-09 18:43:40,0.67,0,0.13,2,0,4
2026-10-09 18:43:40,0.96,0,0.29,2,0,7
2026-10-09 18:43:40,1.66,0,0.7,2,0,7
2026-10-09 18:43:40,0.95,0,0.7,2,0,6
2026-10-09 18:43:40,0.61,0,0.34,2,0,6
2026-10-09 18:43:40,1.72,0,1.1,2,0,6
2026-10-09 18:43:40,0.81,0,0.91,2,0,6
2026-10-09 18:43:40,0.78,0,0.04,2,0,6
2026-10-09 18:43:40,0.94,0,0.17,2,0,6
2026-10-09 18:43:40,0.69,0,0.25,2,0,6
2026-10-09 18:43:41,0.56,0,0.13,2,0,6
2026-10-09 18:43:41,1.13,0,0.57,2,0,6
2026-10-09 18:43:41,1.12,0,0.01,2,0,6
2026-10-09 18:43:41,0.88,0,0.24,2,0,6
2026-10-09 18:43:41,0.76,0,0.12,2,0,6
2026-10-09 18:43:41,1.25,0,0.49,2,0,7
2026-10-09 18:43:41,0.54,0,0.7,2,0,7
2026-10-09 18:43:41,1.14,0,0.6,2,0,7
2026-10-09 18:43:41,0.59,0,0.55,2,0,4
2026-10-09 18:43:41,0.48,0,0.11,2,0,7
2026-10-09 18:43:42,1.11,0,0.63,2,0,6
2026-10-09 18:43:42,0.63,0,0.49,2,0,4
2026-10-09 18:43:42,0.73,0,0.11,2,0,4
2026-10-09 18:43:42,1.17,0,0.43,2,0,4
2026-10-09 18:43:42,0.58,0,0.58,2,0,7
2026-10-09 18:43:42,0.76,0,0.18,2,0,4
2026-10-09 18:43:42,1.1,0,0.34,2,0,4
2026-10-09 18:43:42,0.91,0,0.2,2,0,4
2026-10-09 18:43:42,0.97,0,0.07,2,0,7
2026-10-09 18:43:42,1.06,0,0.09,2,0,4
2026-10-09 18:43:43,0.95,0,0.11,2,0,4
2026-10-09 18:43:43,0.76,0,0.2,2,0,4
2026-10-09 18:43:43,0.58,0,0.18,2,0,4
2026-10-09 18:43:43,0.72,0,0.13,2,0,4
2026-10-09 18:43:43,0.7,0,0.01,2,0,4
2026-10-09 18:43:43,0.48,0,0.22,2,0,4
2026-10-09 18:43:43,0.79,0,0.31,2,0,4
2026-10-09 18:43:43,1.18,0,0.39,2,0,4
2026-10-09 18:43:43,0.48,0,0.7,2,0,7
2026-10-09 18:43:43,0.79,0,0.31,2,0,7
2026-10-09 18:43:44,0.79,0,0.0,2,0,4
2026-10-09 18:43:44,0.49,0,0.3,2,0,4
2026-10-09 18:43:44,0.73,0,0.24,2,0,4
2026-10-09 18:43:44,0.85,0,0.12,2,0,4
2026-10-09 18:43:44,2.51,0,1.65,2,0,4
2026-10-09 18:43:44,0.91,0,1.6,2,0,6
2026-10-09 18:43:44,0.73,0,0.18,2,0,6
2026-10-09 18:43:44,0.93,0,0.21,2,0,6
2026-10-09 18:43:44,0.91,0,0.02,2,0,4
2026-10-09 18:43:45,1.09,0,0.18,2,0,7
2026-10-09 18:43:45,1.48,0,0.39,2,0,4
2026-10-09 18:43:45,0.9,0,0.58,2,0,5
2026-10-09 18:43:45,1.3,0,0.4,2,0,4
2026-10-09 18:43:45,0.86,0,0.44,2,0,6
2026-10-09 18:43:45,0.62,0,0.23,2,0,6
2026-10-09 18:43:45,0.68,0,0.06,2,0,6
2026-10-09 18:43:45,0.81,0,0.13,2,0,6
2026-10-09 18:43:45,0.75,0,0.06,2,0,6
2026-10-09 18:43:45,0.6,0,0.15,2,0,6
2026-10-09 18:43:46,0.62,0,0.02,2,0,6
2026-10-09 18:43:46,1.11,0,0.49,2,0,6
2026-10-09 18:43:46,0.52,0,0.59,2,0,6
2026-10-09 18:43:46,1.1,0,0.59,2,0,6
2026-10-09 18:43:46,0.91,0,0.2,2,0,7
2026-10-09 18:43:46,0.68,0,0.23,2,0,5
2026-10-09 18:43:46,1.07,0,0.39,2,0,6
2026-10-09 18:43:46,0.78,0,0.29,2,0,6
2026-10-09 18:43:46,0.73,0,0.04,2,0,6
2026-10-09 18:43:46,0.74,0,0.01,2,0,4
2026-10-09 18:43:47,0.89,0,0.15,2,0,4
2026-10-09 18:43:47,0.98,0,0.09,2,0,4
2026-10-09 18:43:47,1.07,0,0.09,2,0,7
2026-10-09 18:43:47,1.27,0,0.2,2,0,4
2026-10-09 18:43:47,0.7,0,0.57,2,0,7
2026-10-09 18:43:47,0.95,0,0.24,2,0,4
2026-10-09 18:43:47,0.66,0,0.29,2,0,4
2026-10-09 18:43:47,1.38,0,0.72,2,0,4
2026-10-09 18:43:47,1.04,0,0.35,2,0,4
2026-10-09 18:43:47,0.75,0,0.29,2,0,4
2026-10-09 18:43:48,0.62,0,0.12,2,0,4
2026-10-09 18:43:48,0.57,0,0.06,2,0,4
2026-10-09 18:43:48,0.74,0,0.17,2,0,4
2026-10-09 18:43:48,0.86,0,0.13,2,0,4
2026-10-09 18:43:48,1.07,0,0.21,2,0,4
2026-10-09 18:43:48,0.68,0,0.38,2,0,4
2026-10-09 18:43:48,2.89,0,2.2,2,0,4
2026-10-09 18:43:48,0.62,0,2.27,2,0,4
2026-10-09 18:43:48,0.86,0,0.24,2,0,4
2026-10-09 18:43:49,1.05,0,0.19,2,0,4
2026-10-09 18:43:49,0.97,0,0.09,2,0,4
2026-10-09 18:43:49,0.61,0,0.35,2,0,4
2026-10-09 18:43:49,0.81,0,0.2,2,0,4
2026-10-09 18:43:49,0.66,0,0.14,2,0,4
2026-10-09 18:43:49,0.9,0,0.24,2,0,4
2026-10-09 18:43:49,0.82,0,0.08,2,0,4
2026-10-09 18:43:49,0.79,0,0.03,2,0,4
2026-10-09 18:43:49,0.87,0,0.08,2,0,4
2026-10-09 18:43:49,0.84,0,0.04,2,0,4
2026-10-09 18:43:50,0.71,0,0.13,2,0,4
2026-10-09 18:43:50,0.82,0,0.11,2,0,4
2026-10-09 18:43:50,1.15,0,0.33,2,0,7
2026-10-09 18:43:50,0.74,0,0.42,2,0,4
2026-10-09 18:43:50,0.92,0,0.19,2,0,4
2026-10-09 18:43:50,0.81,0,0.11,2,0,7
2026-10-09 18:43:50,0.94,0,0.13,2,0,4
2026-10-09 18:43:50,0.59,0,0.35,2,0,4
2026-10-09 18:43:50,0.64,0,0.06,2,0,4
2026-10-09 18:43:50,0.68,0,0.04,2,0,4
2026-10-09 18:43:51,0.79,0,0.11,2,0,4
2026-10-09 18:43:51,0.94,0,0.15,2,0,4
2026-10-09 18:43:51,0.7,0,0.24,2,0,4
2026-10-09 18:43:51,0.7,0,0.01,2,0,4
2026-10-09 18:43:51,1.56,0,0.87,2,0,4
2026-10-09 18:43:51,0.92,0,0.64,2,0,4
2026-10-09 18:43:51,0.78,0,0.14,2,0,4
2026-10-09 18:43:51,0.86,0,0.07,2,0,4
2026-10-09 18:43:51,0.91,0,0.05,2,0,7
2026-10-09 18:43:51,0.78,0,0.13,2,0,4
2026-10-09 18:43:52,0.53,0,0.25,2,0,7
2026-10-09 18:43:52,0.79,0,0.26,2,0,7
2026-10-09 18:43:52,1.84,0,1.06,2,0,4
2026-10-09 18:43:52,0.8,0,1.04,2,0,7
2026-10-09 18:43:52,1.01,0,0.21,2,0,4
2026-10-09 18:43:52,0.52,0,0.49,2,0,4
2026-10-09 18:43:52,5.87,0,5.36,2,0,5
2026-10-09 18:43:52,0.84,0,5.04,2,0,6
2026-10-09 18:43:52,0.81,0,0.03,2,0,6
2026-10-09 18:43:52,0.94,0,0.13,2,0,6
2026-10-09 18:43:53,0.92,0,0.02,2,0,6
2026-10-09 18:43:53,1.01,0,0.09,2,0,6
2026-10-09 18:43:53,1.28,0,0.28,2,0,7
2026-10-09 18:43:53,0.81,0,0.47,2,0,6
2026-10-09 18:43:53,0.72,0,0.09,2,0,6
2026-10-09 18:43:53,0.61,0,0.11,2,0,6
2026-10-09 18:43:53,1.12,0,0.51,2,0,6
2026-10-09 18:43:53,1.27,0,0.16,2,0,7
2026-10-09 18:43:53,3.69,0,2.42,0,1,8
2026-10-09 18:43:54,3.07,0,0.62,0,0,7
2026-10-09 18:43:54,3.43,0,0.36,0,1,9
2026-10-09 18:43:54,3.63,0,0.2,0,1,9
2026-10-09 18:43:54,4.15,0,0.52,0,1,9
2026-10-09 18:43:54,3.59,0,0.56,0,0,9
2026-10-09 18:43:54,3.58,0,0.01,0,0,7
2026-10-09 18:43:54,3.12,0,0.45,0,0,6
2026-10-09 18:43:54,3.46,0,0.33,0,0,7
2026-10-09 18:43:54,2.76,0,0.7,0,0,7
2026-10-09 18:43:54,2.86,0,0.1,0,0,6
2026-10-09 18:43:55,4.22,0,1.36,0,1,6
2026-10-09 18:43:55,3.48,0,0.73,0,0,9
2026-10-09 18:43:55,3.09,0,0.39,0,1,8
2026-10-09 18:43:55,4.05,0,0.96,0,1,9
2026-10-09 18:43:55,3.72,0,0.34,0,0,8
2026-10-09 18:43:55,4.43,0,0.72,0,1,9
2026-10-09 18:43:55,3.93,0,0.51,0,1,9
2026-10-09 18:43:55,3.25,0,0.68,0,0,8
2026-10-09 18:43:55,3.79,0,0.54,0,1,7
2026-10-09 18:43:56,2.93,0,0.86,0,0,6
2026-10-09 18:43:56,4.12,0,1.18,0,0,6
2026-10-09 18:43:56,4.14,0,0.02,0,1,8
2026-10-09 18:43:56,4.32,0,0.18,0,0,6
2026-10-09 18:43:56,3.98,0,0.34,0,0,8
2026-10-09 18:43:56,3.46,0,0.52,0,0,8
2026-10-09 18:43:56,2.79,0,0.67,0,1,8
2026-10-09 18:43:56,4.44,0,1.65,0,0,8
2026-10-09 18:43:56,4.27,0,0.17,0,0,6
2026-10-09 18:43:56,4.02,0,0.24,0,1,6
2026-10-09 18:43:57,3.59,0,0.43,0,0,6
2026-10-09 18:43:57,3.83,0,0.25,0,0,6
2026-10-09 18:43:57,4.15,0,0.31,0,0,7
2026-10-09 18:43:57,3.79,0,0.36,0,0,6
2026-10-09 18:43:57,4.42,0,0.64,0,1,7
2026-10-09 18:43:57,3.64,0,0.78,0,0,6
2026-10-09 18:43:57,5.51,0,1.86,0,0,6
2026-10-09 18:43:57,3.34,0,2.17,0,0,8
2026-10-09 18:43:57,4.02,0,0.68,0,0,8
2026-10-09 18:43:58,4.22,0,0.21,0,0,6
2026-10-09 18:43:58,3.21,0,1.01,0,0,6
2026-10-09 18:43:58,4.38,0,1.16,0,0,8
2026-10-09 18:43:58,3.15,0,1.22,0,1,8
2026-10-09 18:43:58,4.14,0,0.98,0,1,9
2026-10-09 18:43:58,3.53,0,0.6,0,0,8
2026-10-09 18:43:58,3.19,0,0.34,0,0,7
2026-10-09 18:43:58,4.11,0,0.92,0,0,7
2026-10-09 18:43:58,3.33,0,0.78,0,1,8
2026-10-09 18:43:58,3.01,0,0.32,0,0,7
2026-10-09 18:43:59,3.74,0,0.74,0,1,9
2026-10-09 18:43:59,3.64,0,0.11,0,1,9
2026-10-09 18:43:59,6.7,0,3.06,0,0,8
2026-10-09 18:43:59,4.02,0,2.68,0,0,7
2026-10-09 18:43:59,3.33,0,0.69,0,1,6
2026-10-09 18:43:59,3.91,0,0.58,0,0,6
2026-10-09 18:43:59,3.7,0,0.22,0,0,9
2026-10-09 18:43:59,3.59,0,0.11,0,1,9
2026-10-09 18:43:59,3.59,0,0.0,0,1,8
2026-10-09 18:44:00,4.5,0,0.92,0,1,8
2026-10-09 18:44:00,4.3,0,0.2,0,0,8
2026-10-09 18:44:00,4.28,0,0.02,0,0,6
2026-10-09 18:44:00,4.05,0,0.22,0,0,7
2026-10-09 18:44:00,3.83,0,0.23,0,1,9
2026-10-09 18:44:00,4.82,0,0.99,0,1,8
2026-10-09 18:44:00,7.79,0,2.97,0,1,8
2026-10-09 18:44:00,6.36,0,1.44,0,0,8
2026-10-09 18:44:00,4.1,0,2.26,0,1,8
2026-10-09 18:44:00,3.67,0,0.43,0,1,7
2026-10-09 18:44:01,3.77,0,0.1,0,0,6
2026-10-09 18:44:01,7.34,0,3.58,0,2,9
2026-10-09 18:44:01,4.55,0,2.8,0,0,8
2026-10-09 18:44:01,4.55,0,0.0,0,1,9
2026-10-09 18:44:01,3.89,0,0.66,0,0,8
2026-10-09 18:44:01,3.87,0,0.02,0,0,7
2026-10-09 18:44:01,3.5,0,0.37,0,0,8
2026-10-09 18:44:01,3.92,0,0.42,0,0,6
2026-10-09 18:44:01,4.85,0,0.93,0,1,8
2026-10-09 18:44:02,3.09,0,1.77,0,0,6
2026-10-09 18:44:02,3.85,0,0.77,0,0,8
2026-10-09 18:44:02,3.57,0,0.28,0,0,7
2026-10-09 18:44:02,3.45,0,0.12,0,1,8
2026-10-09 18:44:02,4.25,0,0.8,0,0,8
2026-10-09 18:44:02,3.49,0,0.76,0,0,6
2026-10-09 18:44:02,2.85,0,0.63,0,0,6
2026-10-09 18:44:02,2.96,0,0.11,0,1,8
2026-10-09 18:44:02,4.8,0,1.84,0,1,9
2026-10-09 18:44:02,3.6,0,1.2,0,0,7
2026-10-09 18:44:03,3.65,0,0.05,0,0,9
2026-10-09 18:44:03,3.95,0,0.3,0,0,8
2026-10-09 18:44:03,4.13,0,0.18,0,0,8
2026-10-09 18:44:03,5.69,0,1.56,0,1,8
2026-10-09 18:44:03,3.18,0,2.51,0,0,7
2026-10-09 18:44:03,4.17,0,0.99,0,1,9
2026-10-09 18:44:03,3.83,0,0.34,0,1,9
2026-10-09 18:44:03,3.4,0,0.43,0,0,6
2026-10-09 18:44:03,3.59,0,0.19,0,0,8
2026-10-09 18:44:04,4.15,0,0.56,0,1,7
2026-10-09 18:44:04,3.81,0,0.34,0,0,7
2026-10-09 18:44:04,4.24,0,0.43,0,0,6
2026-10-09 18:44:04,3.85,0,0.39,0,0,8
2026-10-09 18:44:04,4.09,0,0.24,0,0,7
2026-10-09 18:44:04,4.77,0,0.68,0,1,7
2026-10-09 18:44:04,3.32,0,1.45,0,0,8
2026-10-09 18:44:04,4.64,0,1.32,0,0,7
2026-10-09 18:44:04,4.42,0,0.22,0,0,6
2026-10-09 18:44:05,4.79,0,0.37,0,1,9
2026-10-09 18:44:05,4.01,0,0.78,0,0,8
2026-10-09 18:44:05,3.11,0,0.9,0,0,6
2026-10-09 18:44:05,4.33,0,1.23,0,1,9
2026-10-09 18:44:05,4.39,0,0.05,0,1,9
2026-10-09 18:44:05,3.69,0,0.7,0,1,7
2026-10-09 18:44:05,4.61,0,0.92,0,1,8
2026-10-09 18:44:05,2.9,0,1.71,0,0,9
2026-10-09 18:44:05,3.37,0,0.47,0,0,8
2026-10-09 18:44:05,3.57,0,0.2,0,0,7
2026-10-09 18:44:06,3.86,0,0.29,0,0,8
2026-10-09 18:44:06,4.69,0,0.83,0,1,9
2026-10-09 18:44:06,3.67,0,1.02,0,0,8
2026-10-09 18:44:06,3.83,0,0.16,0,0,7
2026-10-09 18:44:06,3.98,0,0.14,0,0,7
2026-10-09 18:44:06,3.94,0,0.03,0,0,8
2026-10-09 18:44:06,3.83,0,0.11,0,0,7
2026-10-09 18:44:06,3.51,0,0.32,0,1,8
2026-10-09 18:44:06,3.81,0,0.3,0,0,7
2026-10-09 18:44:07,3.86,0,0.05,0,0,6
2026-10-09 18:44:07,3.48,0,0.38,0,0,6
2026-10-09 18:44:07,4.28,0,0.8,0,1,9
2026-10-09 18:44:07,3.82,0,0.45,0,1,9
2026-10-09 18:44:07,3.86,0,0.03,0,0,7
2026-10-09 18:44:07,4.83,0,0.97,0,0,8
2026-10-09 18:44:07,3.82,0,1.01,0,0,7
2026-10-09 18:44:07,3.96,0,0.13,0,1,8
2026-10-09 18:44:07,4.12,0,0.16,0,2,8
2026-10-09 18:44:07,3.86,0,0.26,0,0,8
2026-10-09 18:44:08,3.64,0,0.22,0,0,7
2026-10-09 18:44:08,4.0,0,0.36,0,1,10
2026-10-09 18:44:08,3.44,0,0.56,0,0,8
2026-10-09 18:44:08,3.81,0,0.37,0,1,8
2026-10-09 18:44:08,3.57,0,0.24,0,0,8
2026-10-09 18:44:08,3.95,0,0.37,0,1,8
2026-10-09 18:44:08,4.07,0,0.12,0,0,8
2026-10-09 18:44:08,3.49,0,0.57,0,0,8
2026-10-09 18:44:08,4.29,0,0.79,0,1,9
2026-10-09 18:44:09,3.46,0,0.83,0,0,8
2026-10-09 18:44:09,3.95,0,0.49,0,0,7
2026-10-09 18:44:09,4.87,0,0.92,0,1,9
2026-10-09 18:44:09,3.45,0,1.42,0,0,8
2026-10-09 18:44:09,4.34,0,0.89,0,0,6
2026-10-09 18:44:09,4.19,0,0.15,0,0,7
2026-10-09 18:44:09,3.66,0,0.53,0,1,8
2026-10-09 18:44:09,3.66,0,0.0,0,1,8
2026-10-09 18:44:09,4.59,0,0.93,0,0,6
2026-10-09 18:44:09,4.18,0,0.41,0,1,8
2026-10-09 18:44:10,5.44,0,1.26,0,0,6
2026-10-09 18:44:10,3.59,0,1.85,0,0,8
2026-10-09 18:44:10,4.77,0,1.18,0,0,6
2026-10-09 18:44:10,9.45,0,4.67,0,1,8
2026-10-09 18:44:10,5.22,0,4.22,0,0,8
2026-10-09 18:44:10,4.25,0,0.98,0,0,8
2026-10-09 18:44:10,4.03,0,0.21,0,0,8
2026-10-09 18:44:10,3.71,0,0.32,0,0,6
2026-10-09 18:44:10,5.42,0,1.71,0,0,7
2026-10-09 18:44:11,5.55,0,0.13,0,1,9
2026-10-09 18:44:11,8.14,0,2.59,0,1,8
2026-10-09 18:44:11,3.96,0,4.18,0,0,7
2026-10-09 18:44:11,4.17,0,0.21,0,0,7
2026-10-09 18:44:11,5.67,0,1.5,0,0,8
2026-10-09 18:44:11,6.53,0,0.86,0,0,6
2026-10-09 18:44:11,3.21,0,3.32,0,0,7
2026-10-09 18:44:11,4.59,0,1.38,0,1,7
2026-10-09 18:44:11,3.45,0,1.14,0,0,7
2026-10-09 18:44:12,5.12,0,1.67,0,1,7
2026-10-09 18:44:12,4.38,0,0.74,0,0,7
2026-10-09 18:44:12,4.87,0,0.48,0,1,6
2026-10-09 18:44:12,4.96,0,0.09,0,1,8
2026-10-09 18:44:12,4.76,0,0.2,0,0,9
2026-10-09 18:44:12,3.46,0,1.3,0,0,7
2026-10-09 18:44:12,2.88,0,0.58,0,0,7
2026-10-09 18:44:12,5.08,0,2.2,0,0,8
2026-10-09 18:44:12,4.2,0,0.88,0,0,6
2026-10-09 18:44:12,3.5,0,0.7,0,0,6
2026-10-09 18:44:13,3.13,0,0.36,0,1,8
2026-10-09 18:44:13,3.1,0,0.04,0,0,8
2026-10-09 18:44:13,4.16,0,1.06,0,1,8
2026-10-09 18:44:13,4.25,0,0.09,0,0,8
2026-10-09 18:44:13,5.62,0,1.37,0,1,9
2026-10-09 18:44:13,4.63,0,0.99,0,0,8
2026-10-09 18:44:13,3.84,0,0.78,0,0,6
2026-10-09 18:44:13,3.39,0,0.45,0,1,10
2026-10-09 18:44:13,3.8,0,0.41,0,1,9
2026-10-09 18:44:14,3.28,0,0.52,0,0,7
2026-10-09 18:44:14,3.6,0,0.32,0,1,9
2026-10-09 18:44:14,3.87,0,0.28,0,1,8
2026-10-09 18:44:14,3.35,0,0.53,0,0,6
2026-10-09 18:44:14,3.78,0,0.43,0,0,7
2026-10-09 18:44:14,4.36,0,0.59,0,1,9
2026-10-09 18:44:14,4.36,0,0.01,0,0,6
2026-10-09 18:44:14,4.68,0,0.33,0,0,7
2026-10-09 18:44:14,3.31,0,1.37,0,0,8
2026-10-09 18:44:14,4.13,0,0.82,0,1,7
2026-10-09 18:44:15,3.67,0,0.47,0,0,7
2026-10-09 18:44:15,4.91,0,1.25,0,0,7
2026-10-09 18:44:15,4.76,0,0.16,0,0,7
2026-10-09 18:44:15,4.27,0,0.48,0,0,6
2026-10-09 18:44:15,3.42,0,0.85,0,0,8
2026-10-09 18:44:15,3.86,0,0.44,0,0,8
2026-10-09 18:44:15,3.9,0,0.04,0,0,7
2026-10-09 18:44:15,4.86,0,0.95,0,1,9
2026-10-09 18:44:15,3.35,0,1.51,0,0,7
2026-10-09 18:44:16,2.96,0,0.39,0,0,7
2026-10-09 18:44:16,4.16,0,1.2,0,1,9
2026-10-09 18:44:16,4.25,0,0.09,0,0,7
2026-10-09 18:44:16,3.98,0,0.27,0,0,6
2026-10-09 18:44:16,3.5,0,0.49,0,0,7
2026-10-09 18:44:16,4.47,0,0.98,0,0,8
2026-10-09 18:44:16,3.33,0,1.15,0,1,8
2026-10-09 18:44:16,4.48,0,1.15,0,1,9
2026-10-09 18:44:16,4.4,0,0.07,0,2,9
2026-10-09 18:44:16,4.19,0,0.22,0,0,7
2026-10-09 18:44:17,4.19,0,0.0,0,1,10
2026-10-09 18:44:17,3.76,0,0.42,0,0,8
2026-10-09 18:44:17,3.86,0,0.1,0,0,6
2026-10-09 18:44:17,4.98,0,1.12,0,1,7
2026-10-09 18:44:17,4.35,0,0.63,0,0,6
2026-10-09 18:44:17,3.9,0,0.45,0,0,8
2026-10-09 18:44:17,3.6,0,0.3,0,0,7
2026-10-09 18:44:17,3.52,0,0.08,0,0,7
2026-10-09 18:44:17,2.74,0,0.77,0,0,6
2026-10-09 18:44:18,4.68,0,1.94,0,2,9
2026-10-09 18:44:18,3.78,0,0.9,0,0,7
2026-10-09 18:44:18,2.91,0,0.88,0,0,7
2026-10-09 18:44:18,3.71,0,0.81,0,1,10
2026-10-09 18:44:18,2.95,0,0.77,0,0,8
2026-10-09 18:44:18,3.66,0,0.72,0,0,6
2026-10-09 18:44:18,3.25,0,0.41,0,0,6
2026-10-09 18:44:18,2.88,0,0.37,0,0,6
2026-10-09 18:44:18,3.16,0,0.28,0,0,6
2026-10-09 18:44:18,3.72,0,0.56,0,1,8
2026-10-09 18:44:19,3.57,0,0.16,0,0,9
2026-10-09 18:44:19,3.23,0,0.33,0,0,7
2026-10-09 18:44:19,3.63,0,0.4,0,0,7
2026-10-09 18:44:19,4.11,0,0.48,0,0,7
2026-10-09 18:44:19,3.9,0,0.21,0,0,6
2026-10-09 18:44:19,3.08,0,0.81,0,0,8
2026-10-09 18:44:19,2.75,0,0.34,0,0,6
2026-10-09 18:44:19,4.48,0,1.73,0,0,7
2026-10-09 18:44:19,3.47,0,1.01,0,1,8
2026-10-09 18:44:20,2.68,0,0.78,0,0,8
2026-10-09 18:44:20,4.07,0,1.39,0,0,7
2026-10-09 18:44:20,3.17,0,0.89,0,1,8
2026-10-09 18:44:20,2.47,0,0.7,0,0,8
2026-10-09 18:44:20,3.2,0,0.72,0,0,6
2026-10-09 18:44:20,3.16,0,0.03,0,2,9
2026-10-09 18:44:20,3.7,0,0.54,0,0,6
2026-10-09 18:44:20,4.2,0,0.51,0,1,8
2026-10-09 18:44:20,3.34,0,0.86,0,1,8
2026-10-09 18:44:20,4.14,0,0.8,0,1,9
2026-10-09 18:44:21,3.4,0,0.74,0,0,8
2026-10-09 18:44:21,3.62,0,0.21,0,0,6
2026-10-09 18:44:21,3.56,0,0.05,0,0,7
2026-10-09 18:44:21,4.25,0,0.69,0,0,7
2026-10-09 18:44:21,4.28,0,0.03,0,0,7
2026-10-09 18:44:21,4.97,0,0.69,0,0,6
2026-10-09 18:44:21,3.35,0,1.62,0,0,7
2026-10-09 18:44:21,2.97,0,0.37,0,0,9
2026-10-09 18:44:21,3.83,0,0.85,0,0,6
2026-10-09 18:44:22,3.2,0,0.63,0,0,6
2026-10-09 18:44:22,2.72,0,0.48,0,0,6
2026-10-09 18:44:22,3.07,0,0.35,0,0,8
2026-10-09 18:44:22,3.86,0,0.79,0,0,8
2026-10-09 18:44:22,3.8,0,0.05,0,0,5
2026-10-09 18:44:22,3.7,0,0.1,0,0,5
2026-10-09 18:44:22,2.85,0,0.85,0,0,6
2026-10-09 18:44:22,2.98,0,0.13,0,0,7
2026-10-09 18:44:22,4.03,0,1.05,0,0,9
2026-10-09 18:44:22,2.73,0,1.3,0,0,6
2026-10-09 18:44:23,3.4,0,0.66,0,0,7
2026-10-09 18:44:23,3.0,0,0.39,0,0,8
2026-10-09 18:44:23,3.57,0,0.57,0,1,8
2026-10-09 18:44:23,3.07,0,0.5,0,0,9
2026-10-09 18:44:23,3.85,0,0.78,0,0,8
2026-10-09 18:44:23,4.34,0,0.49,0,1,9
2026-10-09 18:44:23,2.98,0,1.36,0,1,8
2026-10-09 18:44:23,2.79,0,0.19,0,1,9
2026-10-09 18:44:24,285.05,0,282.26,1,1,8
2026-10-09 18:44:24,305.66,0,20.61,1,0,8
2026-10-09 18:44:24,272.07,0,33.59,1,0,6
2026-10-09 18:44:25,349.23,0,77.16,1,1,7
2026-10-09 18:44:25,243.32,0,105.91,1,1,9
2026-10-09 18:44:26,394.89,0,151.56,1,0,8
2026-10-09 18:44:26,283.88,0,111.01,1,0,6
2026-10-09 18:44:26,222.85,0,61.03,1,1,7
2026-10-09 18:44:27,393.7,0,170.84,1,1,7
2026-10-09 18:44:27,278.54,0,115.16,1,1,9
2026-10-09 18:44:28,364.1,0,85.56,1,1,8
2026-10-09 18:44:28,242.61,0,121.48,1,0,8
2026-10-09 18:44:29,294.29,0,51.68,1,0,7
2026-10-09 18:44:29,246.89,0,47.39,1,1,8
2026-10-09 18:44:29,269.44,0,22.54,1,0,8
2026-10-09 18:44:30,246.45,0,22.99,1,0,9
2026-10-09 18:44:30,250.28,0,3.83,1,0,8
2026-10-09 18:44:30,124.7,0,125.58,1,0,7
2026-10-09 18:44:31,381.39,0,256.69,1,1,11
2026-10-09 18:44:31,283.07,0,98.32,1,0,8
2026-10-09 18:44:31,330.72,0,47.65,1,0,7
2026-10-09 18:44:32,274.46,0,56.26,1,0,9
2026-10-09 18:44:32,228.79,0,45.67,1,1,9
2026-10-09 18:44:33,296.79,0,68.01,1,1,9
2026-10-09 18:44:33,252.66,0,44.14,1,0,8
2026-10-09 18:44:33,265.79,0,13.13,1,0,9
2026-10-09 18:44:34,276.07,0,10.28,1,0,7
2026-10-09 18:44:34,276.16,0,0.09,1,0,6
2026-10-09 18:44:34,262.39,0,13.77,1,1,8
2026-10-09 18:44:35,371.37,0,108.97,1,0,8
2026-10-09 18:44:35,302.8,0,68.57,1,0,6
2026-10-09 18:44:36,392.12,0,89.32,1,1,8
2026-10-09 18:44:36,310.97,0,81.16,1,0,8
2026-10-09 18:44:37,273.3,0,37.67,1,0,8
2026-10-09 18:44:37,275.44,0,2.14,1,0,6
2026-10-09 18:44:37,298.1,0,22.66,1,0,8
2026-10-09 18:44:38,344.91,0,46.81,1,1,9
2026-10-09 18:44:38,280.84,0,64.07,1,0,7
2026-10-09 18:44:39,324.05,0,43.21,1,1,11
2026-10-09 18:44:39,274.07,0,49.98,1,0,7
2026-10-09 18:44:39,205.36,0,68.7,1,0,10
2026-10-09 18:44:40,250.6,0,45.24,1,0,6
2026-10-09 18:44:40,294.67,0,44.07,1,0,9
2026-10-09 18:44:40,275.59,0,19.08,1,0,7
2026-10-09 18:44:41,311.5,0,35.91,1,0,7
2026-10-09 18:44:41,299.08,0,12.42,1,1,8
2026-10-09 18:44:42,233.71,0,65.37,1,0,8
2026-10-09 18:44:42,297.48,0,63.77,1,0,8
2026-10-09 18:44:42,263.75,0,33.73,1,1,10
2026-10-09 18:44:43,291.46,0,27.71,1,1,8
2026-10-09 18:44:43,256.7,0,34.76,1,0,8
2026-10-09 18:44:44,298.96,0,42.26,1,1,10
2026-10-09 18:44:44,194.12,0,104.84,1,0,7
2026-10-09 18:44:44,237.62,0,43.5,1,0,7
2026-10-09 18:44:45,269.83,0,32.21,1,0,9
2026-10-09 18:44:45,338.77,0,68.94,1,1,9
2026-10-09 18:44:45,263.24,0,75.54,1,0,8
2026-10-09 18:44:46,283.22,0,19.98,1,0,6
2026-10-09 18:44:46,282.36,0,0.86,1,0,9
2026-10-09 18:44:46,291.24,0,8.88,1,1,8
2026-10-09 18:44:47,315.19,0,23.95,1,0,8
2026-10-09 18:44:47,289.91,0,25.28,1,1,8
2026-10-09 18:44:48,248.3,0,41.61,1,1,9
2026-10-09 18:44:48,270.27,0,21.97,1,1,8
2026-10-09 18:44:48,257.9,0,12.37,1,0,7
2026-10-09 18:44:49,276.64,0,18.73,1,0,6
2026-10-09 18:44:49,292.91,0,16.28,1,0,7
2026-10-09 18:44:50,305.75,0,12.84,1,0,6
2026-10-09 18:44:50,273.84,0,31.91,1,0,6
2026-10-09 18:44:50,394.56,0,120.72,1,0,9
2026-10-09 18:44:51,303.81,0,90.75,1,0,6
2026-10-09 18:44:51,227.88,0,75.93,1,0,10
2026-10-09 18:44:52,298.96,0,71.08,1,0,9
2026-10-09 18:44:52,235.69,0,63.27,1,0,6
2026-10-09 18:44:52,272.11,0,36.41,1,0,6
2026-10-09 18:44:53,320.88,0,48.78,1,0,6
2026-10-09 18:44:53,255.92,0,64.97,1,0,6
2026-10-09 18:44:54,5000.0,1,4744.08,0,1,6
2026-10-09 18:44:54,7.18,0,4992.82,0,1,9
2026-10-09 18:44:54,4.53,0,2.65,0,0,9
2026-10-09 18:44:54,4.19,0,0.34,0,0,8
2026-10-09 18:44:55,3.25,0,0.94,0,0,8
2026-10-09 18:44:55,3.01,0,0.24,0,0,8
2026-10-09 18:44:55,4.01,0,1.0,0,1,9
2026-10-09 18:44:55,3.11,0,0.9,0,0,8
2026-10-09 18:44:55,3.71,0,0.6,0,1,9
2026-10-09 18:44:55,3.02,0,0.69,0,0,9
2026-10-09 18:44:55,3.58,0,0.57,0,1,9
2026-10-09 18:44:55,3.21,0,0.37,0,0,8
2026-10-09 18:44:55,3.76,0,0.54,0,1,8
2026-10-09 18:44:56,3.35,0,0.4,0,0,8
2026-10-09 18:44:56,3.85,0,0.5,0,0,6
2026-10-09 18:44:56,3.95,0,0.1,0,0,8
2026-10-09 18:44:56,3.57,0,0.38,0,0,8
2026-10-09 18:44:56,4.04,0,0.47,0,1,9
2026-10-09 18:44:56,3.58,0,0.46,0,0,7
2026-10-09 18:44:56,2.92,0,0.66,0,0,7
2026-10-09 18:44:56,3.11,0,0.19,0,0,8
2026-10-09 18:44:56,2.8,0,0.31,0,0,7
2026-10-09 18:44:56,3.01,0,0.21,0,1,8
2026-10-09 18:44:57,4.34,0,1.32,0,0,7
2026-10-09 18:44:57,3.36,0,0.98,0,1,8
2026-10-09 18:44:57,3.9,0,0.54,0,0,8
2026-10-09 18:44:57,3.04,0,0.86,0,0,6
2026-10-09 18:44:57,2.55,0,0.5,0,0,7
2026-10-09 18:44:57,3.57,0,1.02,0,0,7
2026-10-09 18:44:57,3.52,0,0.05,0,0,7
2026-10-09 18:44:57,3.09,0,0.43,0,1,8
2026-10-09 18:44:57,3.22,0,0.13,0,1,8
2026-10-09 18:44:58,3.63,0,0.41,0,1,8
2026-10-09 18:44:58,3.95,0,0.31,0,1,9
2026-10-09 18:44:58,3.89,0,0.06,0,0,8
2026-10-09 18:44:58,2.67,0,1.22,0,0,8
2026-10-09 18:44:58,3.71,0,1.04,0,1,9
2026-10-09 18:44:58,3.21,0,0.5,0,0,8
2026-10-09 18:44:58,3.42,0,0.21,0,0,10
2026-10-09 18:44:58,3.78,0,0.36,0,0,7
2026-10-09 18:44:58,3.05,0,0.73,0,1,8
2026-10-09 18:44:58,3.65,0,0.61,0,0,8
2026-10-09 18:44:59,2.86,0,0.79,0,0,6
2026-10-09 18:44:59,3.03,0,0.17,0,0,6
2026-10-09 18:44:59,2.97,0,0.06,0,1,9
2026-10-09 18:44:59,3.48,0,0.51,0,0,8
2026-10-09 18:44:59,2.77,0,0.7,0,0,6
2026-10-09 18:44:59,3.89,0,1.12,0,0,6
2026-10-09 18:44:59,3.21,0,0.69,0,1,9
2026-10-09 18:44:59,2.89,0,0.32,0,1,8
2026-10-09 18:44:59,4.56,0,1.68,0,0,8
2026-10-09 18:44:59,4.41,0,0.16,0,2,9
2026-10-09 18:45:00,2.63,0,1.77,0,0,9
2026-10-09 18:45:00,2.85,0,0.22,0,0,7
2026-10-09 18:45:00,4.42,0,1.57,0,1,9
2026-10-09 18:45:00,3.25,0,1.17,0,0,8
2026-10-09 18:45:00,3.88,0,0.63,0,0,6
2026-10-09 18:45:00,3.94,0,0.06,0,1,8
2026-10-09 18:45:00,4.23,0,0.29,0,0,6
2026-10-09 18:45:00,3.42,0,0.81,0,1,8
2026-10-09 18:45:00,3.89,0,0.47,0,0,7
2026-10-09 18:45:01,4.4,0,0.51,0,0,6
2026-10-09 18:45:01,3.63,0,0.77,0,0,7
2026-10-09 18:45:01,4.03,0,0.41,0,1,9
2026-10-09 18:45:01,3.94,0,0.1,0,0,8
2026-10-09 18:45:01,3.85,0,0.09,0,0,7
2026-10-09 18:45:01,3.29,0,0.56,0,0,6
2026-10-09 18:45:01,4.36,0,1.07,0,1,9
2026-10-09 18:45:01,3.13,0,1.23,0,0,8
2026-10-09 18:45:01,3.52,0,0.4,0,0,6
2026-10-09 18:45:01,3.23,0,0.3,0,0,6
2026-10-09 18:45:02,3.46,0,0.23,0,0,6
2026-10-09 18:45:02,4.19,0,0.73,0,0,7
2026-10-09 18:45:02,3.69,0,0.5,0,1,9
2026-10-09 18:45:02,3.6,0,0.09,0,1,8
2026-10-09 18:45:02,3.15,0,0.44,0,1,9
2026-10-09 18:45:02,3.57,0,0.42,0,0,8
2026-10-09 18:45:02,3.29,0,0.28,0,0,6
2026-10-09 18:45:02,3.5,0,0.21,0,0,8
2026-10-09 18:45:02,4.04,0,0.54,0,1,8
2026-10-09 18:45:03,4.43,0,0.39,0,0,7
2026-10-09 18:45:03,2.41,0,2.02,0,0,6
2026-10-09 18:45:03,3.82,0,1.41,0,0,6
2026-10-09 18:45:03,3.24,0,0.58,0,0,6
2026-10-09 18:45:03,2.99,0,0.24,0,1,8
2026-10-09 18:45:03,2.68,0,0.31,0,0,8
2026-10-09 18:45:03,3.96,0,1.28,0,0,7
2026-10-09 18:45:03,3.66,0,0.3,0,0,6
2026-10-09 18:45:03,3.07,0,0.6,0,0,6
2026-10-09 18:45:03,3.06,0,0.01,0,0,8
2026-10-09 18:45:04,3.62,0,0.57,0,1,7
2026-10-09 18:45:04,3.88,0,0.25,0,1,7
2026-10-09 18:45:04,3.79,0,0.09,0,0,9
2026-10-09 18:45:04,4.12,0,0.33,0,0,7
2026-10-09 18:45:04,3.85,0,0.27,0,1,9
2026-10-09 18:45:04,4.07,0,0.23,0,1,8
2026-10-09 18:45:04,4.03,0,0.04,0,0,7
2026-10-09 18:45:04,4.58,0,0.55,0,0,7
2026-10-09 18:45:04,3.76,0,0.82,0,0,8
2026-10-09 18:45:05,5.1,0,1.34,0,0,8
2026-10-09 18:45:05,5.22,0,0.11,0,0,8
2026-10-09 18:45:05,3.64,0,1.58,0,0,7
2026-10-09 18:45:05,3.03,0,0.61,0,0,6
2026-10-09 18:45:05,3.91,0,0.88,0,0,6
2026-10-09 18:45:05,3.55,0,0.36,0,0,6
2026-10-09 18:45:05,3.76,0,0.21,0,0,9
2026-10-09 18:45:05,3.9,0,0.14,0,0,7
2026-10-09 18:45:05,4.41,0,0.51,0,1,9
2026-10-09 18:45:05,3.74,0,0.67,0,1,9
2026-10-09 18:45:06,4.02,0,0.28,0,1,9
2026-10-09 18:45:06,3.74,0,0.28,0,1,9
2026-10-09 18:45:06,3.77,0,0.03,0,1,8
2026-10-09 18:45:06,4.17,0,0.4,0,1,8
2026-10-09 18:45:06,5.66,0,1.49,0,1,9
2026-10-09 18:45:06,4.32,0,1.34,0,0,7
2026-10-09 18:45:06,3.81,0,0.51,0,0,7
2026-10-09 18:45:06,3.7,0,0.1,0,1,8
2026-10-09 18:45:06,3.62,0,0.08,0,0,7
2026-10-09 18:45:07,3.15,0,0.47,0,0,8
2026-10-09 18:45:07,3.68,0,0.53,0,0,6
2026-10-09 18:45:07,3.64,0,0.05,0,0,9
2026-10-09 18:45:07,3.63,0,0.01,0,1,9
2026-10-09 18:45:07,3.89,0,0.26,0,1,9
2026-10-09 18:45:07,3.08,0,0.8,0,0,7
2026-10-09 18:45:07,3.27,0,0.19,0,0,8
2026-10-09 18:45:07,3.7,0,0.43,0,0,6
2026-10-09 18:45:07,3.45,0,0.25,0,0,8
2026-10-09 18:45:07,4.28,0,0.83,0,1,9
2026-10-09 18:45:08,3.48,0,0.81,0,0,9
2026-10-09 18:45:08,3.78,0,0.31,0,2,9
2026-10-09 18:45:08,3.38,0,0.4,0,0,7
2026-10-09 18:45:08,4.18,0,0.8,0,0,6
2026-10-09 18:45:08,3.11,0,1.07,0,0,6
2026-10-09 18:45:08,4.14,0,1.03,0,0,6
2026-10-09 18:45:08,3.34,0,0.81,0,0,9
2026-10-09 18:45:08,3.87,0,0.53,0,0,6
2026-10-09 18:45:08,4.07,0,0.2,0,0,8
2026-10-09 18:45:09,4.63,0,0.56,0,0,8
2026-10-09 18:45:09,3.02,0,1.6,0,0,7
2026-10-09 18:45:09,3.24,0,0.22,0,0,5
2026-10-09 18:45:09,4.47,0,1.23,0,1,9
2026-10-09 18:45:09,3.9,0,0.57,0,0,8
2026-10-09 18:45:09,3.52,0,0.38,0,0,7
2026-10-09 18:45:09,4.03,0,0.51,0,1,8
2026-10-09 18:45:09,3.55,0,0.48,0,0,8
2026-10-09 18:45:09,3.04,0,0.51,0,0,7
2026-10-09 18:45:09,3.57,0,0.53,0,0,7
2026-10-09 18:45:10,3.87,0,0.3,0,0,8
2026-10-09 18:45:10,4.67,0,0.8,0,0,8
2026-10-09 18:45:10,3.51,0,1.16,0,0,7
2026-10-09 18:45:10,3.03,0,0.48,0,0,6
2026-10-09 18:45:10,3.7,0,0.67,0,0,7
2026-10-09 18:45:10,2.54,0,1.16,0,0,6
2026-10-09 18:45:10,3.99,0,1.45,0,1,9
2026-10-09 18:45:10,3.33,0,0.66,0,0,9
2026-10-09 18:45:10,3.21,0,0.13,0,0,6
2026-10-09 18:45:11,3.46,0,0.25,0,0,7
2026-10-09 18:45:11,3.82,0,0.36,0,0,6
2026-10-09 18:45:11,3.28,0,0.54,0,0,5
2026-10-09 18:45:11,3.39,0,0.11,0,0,6
2026-10-09 18:45:11,4.17,0,0.78,0,0,7
2026-10-09 18:45:11,3.45,0,0.71,0,0,6
2026-10-09 18:45:11,3.63,0,0.17,0,0,6
2026-10-09 18:45:11,3.34,0,0.28,0,0,5
2026-10-09 18:45:11,3.06,0,0.28,0,0,5
2026-10-09 18:45:11,3.99,0,0.93,0,0,6
2026-10-09 18:45:12,4.96,0,0.97,0,0,6
2026-10-09 18:45:12,3.28,0,1.68,0,0,8
2026-10-09 18:45:12,3.97,0,0.69,0,0,7
2026-10-09 18:45:12,3.14,0,0.83,0,0,8
2026-10-09 18:45:12,3.51,0,0.37,0,1,6
2026-10-09 18:45:12,3.54,0,0.03,0,0,8
2026-10-09 18:45:12,4.01,0,0.47,0,0,8
2026-10-09 18:45:12,3.44,0,0.56,0,0,8
2026-10-09 18:45:12,3.35,0,0.1,0,0,8
2026-10-09 18:45:13,4.03,0,0.68,0,0,6
2026-10-09 18:45:13,2.95,0,1.08,0,0,7
2026-10-09 18:45:13,4.57,0,1.61,0,0,8
2026-10-09 18:45:13,4.2,0,0.37,0,0,6
2026-10-09 18:45:13,3.33,0,0.87,0,0,9
2026-10-09 18:45:13,3.79,0,0.46,0,0,6
2026-10-09 18:45:13,3.42,0,0.36,0,0,6
2026-10-09 18:45:13,3.58,0,0.16,0,0,7
2026-10-09 18:45:13,4.91,0,1.33,0,0,6
2026-10-09 18:45:13,3.86,0,1.06,0,0,6
2026-10-09 18:45:14,3.69,0,0.16,0,0,8
2026-10-09 18:45:14,4.01,0,0.32,0,0,8
2026-10-09 18:45:14,3.34,0,0.67,0,0,7
2026-10-09 18:45:14,3.64,0,0.29,0,0,6
2026-10-09 18:45:14,3.38,0,0.25,0,0,8
2026-10-09 18:45:14,4.85,0,1.46,0,1,6
2026-10-09 18:45:14,10.1,0,5.25,0,0,6
2026-10-09 18:45:14,3.09,0,7.0,0,1,8
2026-10-09 18:45:14,2.8,0,0.29,0,0,7
2026-10-09 18:45:15,3.49,0,0.69,0,0,8
2026-10-09 18:45:15,3.02,0,0.47,0,0,6
2026-10-09 18:45:15,4.35,0,1.33,0,1,8
2026-10-09 18:45:15,3.47,0,0.88,0,0,9
2026-10-09 18:45:15,3.43,0,0.04,0,0,8
2026-10-09 18:45:15,3.1,0,0.33,0,0,7
2026-10-09 18:45:15,3.62,0,0.52,0,0,7
2026-10-09 18:45:15,3.24,0,0.37,0,0,8
2026-10-09 18:45:15,3.2,0,0.04,0,0,9
2026-10-09 18:45:15,3.3,0,0.1,0,0,7
2026-10-09 18:45:16,2.98,0,0.32,0,0,6
2026-10-09 18:45:16,3.97,0,0.99,0,0,8
2026-10-09 18:45:16,3.01,0,0.96,0,0,8
2026-10-09 18:45:16,3.93,0,0.92,0,1,9
2026-10-09 18:45:16,3.77,0,0.16,0,0,7
2026-10-09 18:45:16,3.8,0,0.04,0,0,9
2026-10-09 18:45:16,4.27,0,0.47,0,0,6
2026-10-09 18:45:16,2.66,0,1.61,0,0,8
2026-10-09 18:45:16,3.39,0,0.73,0,0,6
2026-10-09 18:45:17,4.23,0,0.83,0,0,8
2026-10-09 18:45:17,3.23,0,1.0,0,0,7
2026-10-09 18:45:17,3.36,0,0.13,0,0,8
2026-10-09 18:45:17,2.78,0,0.58,0,1,9
2026-10-09 18:45:17,4.18,0,1.4,0,1,9
2026-10-09 18:45:17,2.97,0,1.21,0,0,8
2026-10-09 18:45:17,3.92,0,0.95,0,0,6
2026-10-09 18:45:17,3.48,0,0.44,0,0,8
2026-10-09 18:45:17,4.12,0,0.64,0,0,6
2026-10-09 18:45:17,4.33,0,0.21,0,1,9
2026-10-09 18:45:18,4.25,0,0.08,0,1,8
2026-10-09 18:45:18,4.07,0,0.18,0,0,8
2026-10-09 18:45:18,3.78,0,0.28,0,0,8
2026-10-09 18:45:18,4.08,0,0.3,0,0,8
2026-10-09 18:45:18,3.79,0,0.29,0,0,7
2026-10-09 18:45:18,3.3,0,0.49,0,0,7
2026-10-09 18:45:18,3.22,0,0.07,0,0,9
2026-10-09 18:45:18,4.18,0,0.96,0,0,7
2026-10-09 18:45:18,3.41,0,0.77,0,0,8
2026-10-09 18:45:19,3.01,0,0.4,0,0,6
2026-10-09 18:45:19,3.0,0,0.01,0,0,8
2026-10-09 18:45:19,2.9,0,0.1,0,0,7
2026-10-09 18:45:19,3.44,0,0.54,0,0,6
2026-10-09 18:45:19,4.03,0,0.59,0,0,8
2026-10-09 18:45:19,3.57,0,0.46,0,0,7
2026-10-09 18:45:19,3.15,0,0.42,0,0,8
2026-10-09 18:45:19,3.33,0,0.18,0,0,8
2026-10-09 18:45:19,4.01,0,0.68,0,0,8
2026-10-09 18:45:19,4.18,0,0.17,0,0,6
2026-10-09 18:45:20,3.3,0,0.88,0,0,8
2026-10-09 18:45:20,3.43,0,0.13,0,0,8
2026-10-09 18:45:20,3.1,0,0.33,0,0,7
2026-10-09 18:45:20,3.51,0,0.41,0,0,6
2026-10-09 18:45:20,3.25,0,0.26,0,0,7
2026-10-09 18:45:20,3.02,0,0.23,0,0,8
2026-10-09 18:45:20,2.91,0,0.11,0,0,8
2026-10-09 18:45:20,3.3,0,0.39,0,0,8
2026-10-09 18:45:20,3.4,0,0.1,0,0,8
2026-10-09 18:45:21,3.26,0,0.14,0,0,6
2026-10-09 18:45:21,3.66,0,0.4,0,0,8
2026-10-09 18:45:21,3.6,0,0.06,0,0,8
2026-10-09 18:45:21,3.84,0,0.24,0,0,8
2026-10-09 18:45:21,3.5,0,0.34,0,0,8
2026-10-09 18:45:21,3.52,0,0.02,0,0,8
2026-10-09 18:45:21,4.31,0,0.79,0,0,8
2026-10-09 18:45:21,1.9,0,2.41,0,0,5
2026-10-09 18:45:21,3.56,0,1.66,0,0,7
2026-10-09 18:45:21,3.48,0,0.07,0,0,7
2026-10-09 18:45:22,3.02,0,0.46,0,0,5
2026-10-09 18:45:22,2.92,0,0.11,0,0,5
2026-10-09 18:45:22,3.23,0,0.32,0,0,8
2026-10-09 18:45:22,3.26,0,0.03,0,0,9
2026-10-09 18:45:22,3.13,0,0.14,0,0,6
2026-10-09 18:45:22,3.96,0,0.83,0,0,8
2026-10-09 18:45:22,3.3,0,0.65,0,0,7
2026-10-09 18:45:22,4.5,0,1.2,0,0,6
2026-10-09 18:45:22,3.91,0,0.6,0,0,8
2026-10-09 18:45:22,3.39,0,0.52,0,0,8
2026-10-09 18:45:23,4.35,0,0.96,0,1,8
2026-10-09 18:45:23,4.12,0,0.23,0,0,7
2026-10-09 18:45:23,4.45,0,0.33,0,0,8
2026-10-09 18:45:23,3.51,0,0.93,0,1,9
2026-10-09 18:45:23,3.72,0,0.2,0,0,7
2026-10-09 18:45:23,3.89,0,0.18,0,0,7
2026-10-09 18:45:23,3.22,0,0.67,0,0,7
2026-10-09 18:45:23,2.92,0,0.3,0,0,6
2026-10-09 18:45:23,5.37,0,2.44,2,0,7
2026-10-09 18:45:24,5.26,0,0.1,2,0,6
2026-10-09 18:45:24,5.43,0,0.17,2,0,6
2026-10-09 18:45:24,5.48,0,0.05,2,0,6
2026-10-09 18:45:24,20.43,0,14.95,2,2,7
2026-10-09 18:45:24,21.8,0,1.37,2,2,7
2026-10-09 18:45:24,4.99,0,16.81,2,0,6
2026-10-09 18:45:24,23.07,0,18.08,2,3,7
2026-10-09 18:45:25,5000.0,1,4976.93,2,2,2
2026-10-09 18:45:26,394.58,0,4605.42,2,1,6
2026-10-09 18:45:26,244.23,0,150.35,2,4,7
2026-10-09 18:45:26,6.66,0,237.57,2,0,8
2026-10-09 18:45:26,5.95,0,0.71,2,0,7
2026-10-09 18:45:27,5.48,0,0.47,2,0,7
2026-10-09 18:45:27,6.68,0,1.2,2,0,7
2026-10-09 18:45:27,5.22,0,1.45,2,0,7
2026-10-09 18:45:27,234.06,0,228.84,2,4,7
2026-10-09 18:45:27,218.91,0,15.15,2,1,7
2026-10-09 18:45:27,4.93,0,213.98,2,0,7
2026-10-09 18:45:28,5.62,0,0.69,2,0,7
2026-10-09 18:45:28,5.35,0,0.27,2,0,7
2026-10-09 18:45:28,5.81,0,0.45,2,0,7
2026-10-09 18:45:28,5.49,0,0.32,2,0,7
2026-10-09 18:45:28,5.52,0,0.03,2,0,7
2026-10-09 18:45:28,5.18,0,0.34,2,0,7
2026-10-09 18:45:28,5.24,0,0.06,2,0,7
2026-10-09 18:45:28,4.79,0,0.44,2,0,6
2026-10-09 18:45:28,16.07,0,11.28,2,1,7
2026-10-09 18:45:29,5.23,0,10.84,2,0,6
2026-10-09 18:45:29,4.8,0,0.43,2,0,7
2026-10-09 18:45:29,218.33,0,213.54,2,2,7
2026-10-09 18:45:29,5.47,0,212.87,2,0,7
2026-10-09 18:45:29,14.43,0,8.96,2,1,7
2026-10-09 18:45:29,5.71,0,8.72,2,0,7
2026-10-09 18:45:29,6.1,0,0.39,2,0,7
2026-10-09 18:45:30,6.21,0,0.11,2,0,7
2026-10-09 18:45:30,5.33,0,0.88,2,0,7
2026-10-09 18:45:30,6.1,0,0.77,2,0,7
2026-10-09 18:45:30,5.32,0,0.78,2,0,7
2026-10-09 18:45:30,5.4,0,0.07,2,0,6
2026-10-09 18:45:30,19.09,0,13.69,2,1,7
2026-10-09 18:45:30,4.96,0,14.13,2,0,5
2026-10-09 18:45:30,5.58,0,0.62,2,0,6
2026-10-09 18:45:30,5.44,0,0.14,2,0,6
2026-10-09 18:45:31,5.56,0,0.12,2,0,6
2026-10-09 18:45:31,5.05,0,0.5,2,0,6
2026-10-09 18:45:31,5.33,0,0.28,2,0,6
2026-10-09 18:45:31,4.94,0,0.4,2,0,5
2026-10-09 18:45:31,5.57,0,0.63,2,0,7
2026-10-09 18:45:31,5.68,0,0.11,2,0,6
2026-10-09 18:45:32,478.31,0,472.63,2,3,6
2026-10-09 18:45:32,5.41,0,472.9,2,0,7
2026-10-09 18:45:32,5.41,0,0.0,2,0,7
2026-10-09 18:45:32,5.87,0,0.46,2,0,7
2026-10-09 18:45:32,5.27,0,0.6,2,0,7
2026-10-09 18:45:32,5.16,0,0.11,2,0,7
2026-10-09 18:45:32,5.26,0,0.1,2,0,7
2026-10-09 18:45:32,5.24,0,0.02,2,0,7
2026-10-09 18:45:32,5.86,0,0.63,2,0,6
2026-10-09 18:45:33,4.61,0,1.25,2,0,6
2026-10-09 18:45:33,5.53,0,0.91,2,0,6
2026-10-09 18:45:33,5.51,0,0.01,2,0,6
2026-10-09 18:45:33,5.04,0,0.47,2,0,6
2026-10-09 18:45:33,4.79,0,0.25,2,0,6
2026-10-09 18:45:33,5.09,0,0.31,2,0,5
2026-10-09 18:45:33,5.64,0,0.55,2,0,6
2026-10-09 18:45:33,5.06,0,0.58,2,0,6
2026-10-09 18:45:33,5.02,0,0.04,2,0,6
2026-10-09 18:45:34,5.69,0,0.66,2,0,6
2026-10-09 18:45:34,5.24,0,0.45,2,0,6
2026-10-09 18:45:34,5.37,0,0.13,2,0,6
2026-10-09 18:45:34,5.2,0,0.16,2,0,6
2026-10-09 18:45:34,5.06,0,0.14,2,0,6
2026-10-09 18:45:34,5.93,0,0.87,2,0,6
2026-10-09 18:45:34,5.3,0,0.62,2,0,6
2026-10-09 18:45:34,22.65,0,17.35,2,2,8
2026-10-09 18:45:34,12.78,0,9.87,2,1,7
2026-10-09 18:45:35,5.57,0,7.2,2,0,6
2026-10-09 18:45:35,5.73,0,0.15,2,0,6
2026-10-09 18:45:35,5.11,0,0.62,2,0,5
2026-10-09 18:45:35,13.9,0,8.79,2,1,7
2026-10-09 18:45:36,5000.0,1,4986.1,2,3,5
2026-10-09 18:45:36,396.18,0,4603.82,2,2,7
2026-10-09 18:45:37,6.23,0,389.94,2,0,7
2026-10-09 18:45:37,5.44,0,0.79,2,0,6
2026-10-09 18:45:37,6.28,0,0.84,2,0,7
2026-10-09 18:45:37,6.05,0,0.22,2,0,7
2026-10-09 18:45:37,5.91,0,0.14,2,0,7
2026-10-09 18:45:37,8.74,0,2.83,2,0,7
2026-10-09 18:45:37,6.04,0,2.7,2,0,7
2026-10-09 18:45:37,7.83,0,1.78,2,0,6
2026-10-09 18:45:37,6.74,0,1.08,2,0,6
2026-10-09 18:45:38,7.29,0,0.55,2,0,6
2026-10-09 18:45:38,5.44,0,1.85,2,0,6
2026-10-09 18:45:38,224.58,0,219.14,2,1,7
2026-10-09 18:45:38,5.76,0,218.81,2,0,7
2026-10-09 18:45:38,222.61,0,216.84,2,1,7
2026-10-09 18:45:39,6.42,0,216.19,2,0,7
2026-10-09 18:45:39,7.58,0,1.16,2,0,7
2026-10-09 18:45:39,6.6,0,0.98,2,0,7
2026-10-09 18:45:39,5.8,0,0.8,2,0,7
2026-10-09 18:45:39,7.19,0,1.39,2,0,7
2026-10-09 18:45:39,442.51,0,435.32,2,3,6
2026-10-09 18:45:40,6.39,0,436.12,2,0,7
2026-10-09 18:45:40,6.23,0,0.16,2,0,7
2026-10-09 18:45:40,6.26,0,0.03,2,0,7
2026-10-09 18:45:40,11.98,0,5.72,2,1,8
2026-10-09 18:45:40,7.73,0,4.25,2,0,7
2026-10-09 18:45:40,7.02,0,0.71,2,0,7
2026-10-09 18:45:40,5.69,0,1.33,2,0,7
2026-10-09 18:45:40,7.47,0,1.78,2,0,7
2026-10-09 18:45:40,6.2,0,1.27,2,0,6
2026-10-09 18:45:41,228.74,0,222.54,2,1,6
2026-10-09 18:45:41,226.17,0,2.57,2,1,8
2026-10-09 18:45:41,14.1,0,212.07,2,1,8
2026-10-09 18:45:41,5.3,0,8.8,2,0,7
2026-10-09 18:45:41,6.57,0,1.26,2,0,7
2026-10-09 18:45:42,7.6,0,1.04,2,0,7
2026-10-09 18:45:42,6.34,0,1.26,2,0,7
2026-10-09 18:45:42,9.77,0,3.42,2,1,8
2026-10-09 18:45:42,15.4,0,5.63,2,2,8
2026-10-09 18:45:42,6.26,0,9.14,2,0,6
2026-10-09 18:45:42,5.62,0,0.64,2,0,6
2026-10-09 18:45:42,6.59,0,0.97,2,0,6
2026-10-09 18:45:42,6.13,0,0.46,2,0,6
2026-10-09 18:45:42,6.18,0,0.05,2,0,6
2026-10-09 18:45:43,5.38,0,0.8,2,0,7
2026-10-09 18:45:43,5.39,0,0.01,2,0,6
2026-10-09 18:45:43,5.74,0,0.36,2,0,6
2026-10-09 18:45:43,25.85,0,20.11,2,2,7
2026-10-09 18:45:43,6.48,0,19.37,2,0,6
2026-10-09 18:45:43,6.43,0,0.05,2,0,6
2026-10-09 18:45:43,5.75,0,0.68,2,0,6
2026-10-09 18:45:43,5.72,0,0.02,2,0,6
2026-10-09 18:45:43,22.79,0,17.07,2,2,7
2026-10-09 18:45:44,24.53,0,1.74,2,2,7
2026-10-09 18:45:44,5.14,0,19.39,2,0,6
2026-10-09 18:45:44,6.47,0,1.32,2,0,6
2026-10-09 18:45:44,24.72,0,18.25,2,2,7
2026-10-09 18:45:44,24.17,0,0.55,2,3,8
2026-10-09 18:45:44,5.58,0,18.6,2,0,6
2026-10-09 18:45:44,5.23,0,0.35,2,0,6
2026-10-09 18:45:44,5.02,0,0.21,2,0,6
2026-10-09 18:45:44,24.13,0,19.11,2,2,7
2026-10-09 18:45:45,4.92,0,19.2,2,0,6
2026-10-09 18:45:45,5.21,0,0.29,2,0,7
2026-10-09 18:45:45,23.02,0,17.8,2,3,8
2026-10-09 18:45:45,4.99,0,18.03,2,0,7
2026-10-09 18:45:45,5.32,0,0.34,2,0,7
2026-10-09 18:45:45,5.13,0,0.19,2,0,7
2026-10-09 18:45:45,22.67,0,17.54,2,2,6
2026-10-09 18:45:45,5.06,0,17.61,2,0,7
2026-10-09 18:45:46,448.15,0,443.09,2,3,7
2026-10-09 18:45:46,5.61,0,442.54,2,0,7
2026-10-09 18:45:46,216.61,0,211.0,2,1,6
2026-10-09 18:45:46,5.15,0,211.46,2,0,7
2026-10-09 18:45:47,4.87,0,0.27,2,0,7
2026-10-09 18:45:47,5.84,0,0.97,2,0,7
2026-10-09 18:45:47,5.45,0,0.4,2,0,7
2026-10-09 18:45:47,5.76,0,0.32,2,0,7
2026-10-09 18:45:47,5.25,0,0.52,2,0,7
2026-10-09 18:45:47,15.4,0,10.15,2,1,8
2026-10-09 18:45:47,22.38,0,6.98,2,2,9
2026-10-09 18:45:48,5.81,0,16.57,2,0,7
2026-10-09 18:45:48,4.86,0,0.95,2,0,6
2026-10-09 18:45:48,5.09,0,0.24,2,0,7
2026-10-09 18:45:48,10.4,0,5.31,2,1,7
2026-10-09 18:45:48,5.32,0,5.09,2,0,6
2026-10-09 18:45:48,5.92,0,0.6,2,0,6
2026-10-09 18:45:48,5.91,0,0.01,2,0,6
2026-10-09 18:45:48,5.79,0,0.13,2,0,6
2026-10-09 18:45:48,14.16,0,8.37,2,1,7
2026-10-09 18:45:48,6.14,0,8.02,2,0,6
2026-10-09 18:45:49,5.66,0,0.48,2,0,6
2026-10-09 18:45:49,6.78,0,1.11,2,0,6
2026-10-09 18:45:49,5.33,0,1.45,2,0,6
2026-10-09 18:45:49,5.39,0,0.06,2,0,6
2026-10-09 18:45:49,6.15,0,0.77,2,0,6
2026-10-09 18:45:49,5.13,0,1.02,2,0,5
2026-10-09 18:45:49,14.53,0,9.4,2,1,7
2026-10-09 18:45:49,6.6,0,7.93,2,0,6
2026-10-09 18:45:49,5.83,0,0.76,2,0,6
2026-10-09 18:45:50,5.41,0,0.43,2,0,6
2026-10-09 18:45:50,6.19,0,0.78,2,0,7
2026-10-09 18:45:50,5.51,0,0.68,2,0,6
2026-10-09 18:45:50,6.11,0,0.6,2,0,6
2026-10-09 18:45:50,11.28,0,5.17,2,1,7
2026-10-09 18:45:50,5.44,0,5.84,2,0,6
2026-10-09 18:45:50,5.36,0,0.08,2,0,6
2026-10-09 18:45:50,5.6,0,0.24,2,0,6
2026-10-09 18:45:50,5.37,0,0.23,2,0,6
2026-10-09 18:45:51,465.76,0,460.38,2,4,7
2026-10-09 18:45:51,5.69,0,460.07,2,0,7
2026-10-09 18:45:51,5.59,0,0.1,2,0,7
2026-10-09 18:45:52,281.8,0,276.21,2,2,6
2026-10-09 18:45:52,6.3,0,275.5,2,0,7
2026-10-09 18:45:52,5.94,0,0.36,2,0,7
2026-10-09 18:45:52,6.22,0,0.28,2,0,7
2026-10-09 18:45:52,5.47,0,0.75,2,0,7
2026-10-09 18:45:52,5.56,0,0.09,2,0,6
2026-10-09 18:45:52,5.49,0,0.07,2,0,6
2026-10-09 18:45:52,5.95,0,0.46,2,0,6
2026-10-09 18:45:52,6.0,0,0.05,2,0,6
2026-10-09 18:45:53,5.87,0,0.13,2,0,6
2026-10-09 18:45:53,6.13,0,0.26,2,0,6
2026-10-09 18:45:53,6.04,0,0.09,2,0,6
2026-10-09 18:45:53,6.52,0,0.49,2,0,6
2026-10-09 18:45:53,5.77,0,0.75,2,0,7
2026-10-09 18:45:53,6.05,0,0.28,2,0,7
2026-10-09 18:45:53,5.45,0,0.6,2,0,6
2026-10-09 18:45:53,6.7,0,1.25,2,0,6
2026-10-09 18:45:54,222.04,0,215.34,0,1,7
2026-10-09 18:45:54,3.57,0,218.47,0,0,6
2026-10-09 18:45:54,3.5,0,0.07,0,0,6
2026-10-09 18:45:54,3.57,0,0.07,0,0,6
2026-10-09 18:45:54,4.03,0,0.46,0,0,7
2026-10-09 18:45:54,4.34,0,0.31,0,0,7
2026-10-09 18:45:54,4.58,0,0.23,0,0,8
2026-10-09 18:45:54,4.32,0,0.25,0,0,8
2026-10-09 18:45:55,4.61,0,0.28,0,0,7
2026-10-09 18:45:55,3.36,0,1.24,0,0,6
2026-10-09 18:45:55,2.98,0,0.38,0,0,8
2026-10-09 18:45:55,4.9,0,1.92,0,1,7
2026-10-09 18:45:55,2.63,0,2.28,0,0,9
2026-10-09 18:45:55,4.04,0,1.42,0,0,7
2026-10-09 18:45:55,3.43,0,0.61,0,0,8
2026-10-09 18:45:55,3.27,0,0.16,0,0,6
2026-10-09 18:45:55,4.06,0,0.8,0,0,8
2026-10-09 18:45:55,3.67,0,0.39,0,0,6
2026-10-09 18:45:56,4.0,0,0.32,0,0,9
2026-10-09 18:45:56,3.75,0,0.24,0,0,8
2026-10-09 18:45:56,5.03,0,1.28,0,0,8
2026-10-09 18:45:56,3.87,0,1.16,0,0,7
2026-10-09 18:45:56,3.4,0,0.46,0,0,8
2026-10-09 18:45:56,3.42,0,0.02,0,1,8
2026-10-09 18:45:56,3.79,0,0.37,0,0,7
2026-10-09 18:45:56,3.66,0,0.14,0,1,6
2026-10-09 18:45:56,4.69,0,1.04,0,0,7
2026-10-09 18:45:57,4.11,0,0.58,0,0,7
2026-10-09 18:45:57,4.38,0,0.26,0,0,8
2026-10-09 18:45:57,4.09,0,0.29,0,0,9
2026-10-09 18:45:57,3.65,0,0.44,0,0,6
2026-10-09 18:45:57,3.57,0,0.08,0,0,6
2026-10-09 18:45:57,3.71,0,0.14,0,0,6
2026-10-09 18:45:57,5.59,0,1.88,0,2,9
2026-10-09 18:45:57,3.4,0,2.18,0,0,6
2026-10-09 18:45:57,3.49,0,0.08,0,0,9
2026-10-09 18:45:57,4.72,0,1.23,0,1,7
2026-10-09 18:45:58,3.0,0,1.72,0,0,7
2026-10-09 18:45:58,3.77,0,0.78,0,0,7
2026-10-09 18:45:58,4.62,0,0.84,0,0,7
2026-10-09 18:45:58,3.17,0,1.45,0,0,7
2026-10-09 18:45:58,4.09,0,0.92,0,0,6
2026-10-09 18:45:58,3.72,0,0.37,0,0,8
2026-10-09 18:45:58,6.91,0,3.19,0,0,7
2026-10-09 18:45:58,5.15,0,1.76,0,1,9
2026-10-09 18:45:58,3.48,0,1.68,0,0,9
2026-10-09 18:45:59,4.63,0,1.15,0,1,7
2026-10-09 18:45:59,3.83,0,0.8,0,1,9
2026-10-09 18:45:59,3.71,0,0.12,0,0,8
2026-10-09 18:45:59,3.78,0,0.07,0,0,8
2026-10-09 18:45:59,5.39,0,1.61,0,1,8
2026-10-09 18:45:59,4.7,0,0.7,0,0,8
2026-10-09 18:45:59,3.91,0,0.79,0,1,9
2026-10-09 18:45:59,3.78,0,0.13,0,0,9
2026-10-09 18:45:59,4.89,0,1.11,0,1,7
2026-10-09 18:45:59,3.62,0,1.28,0,0,8
2026-10-09 18:46:00,3.14,0,0.47,0,0,6
2026-10-09 18:46:00,3.19,0,0.05,0,0,6
2026-10-09 18:46:00,3.72,0,0.53,0,0,9
2026-10-09 18:46:00,3.97,0,0.25,0,1,7
2026-10-09 18:46:00,3.07,0,0.9,0,0,6
2026-10-09 18:46:00,3.21,0,0.14,0,0,7
2026-10-09 18:46:00,2.92,0,0.29,0,0,6
2026-10-09 18:46:00,3.27,0,0.36,0,0,9
2026-10-09 18:46:00,3.37,0,0.09,0,0,8
2026-10-09 18:46:01,2.96,0,0.41,0,0,6
2026-10-09 18:46:01,4.5,0,1.54,0,2,9
2026-10-09 18:46:01,3.7,0,0.8,0,0,6
2026-10-09 18:46:01,2.7,0,1.0,0,0,9
2026-10-09 18:46:01,2.64,0,0.06,0,0,6
2026-10-09 18:46:01,3.29,0,0.66,0,0,7
2026-10-09 18:46:01,2.98,0,0.31,0,0,6
2026-10-09 18:46:01,4.64,0,1.65,0,0,8
2026-10-09 18:46:01,3.4,0,1.24,0,0,6
2026-10-09 18:46:01,4.21,0,0.81,0,1,8
2026-10-09 18:46:02,4.09,0,0.11,0,0,8
2026-10-09 18:46:02,3.47,0,0.63,0,0,8
2026-10-09 18:46:02,3.5,0,0.03,0,0,7
2026-10-09 18:46:02,4.08,0,0.57,0,0,7
2026-10-09 18:46:02,3.4,0,0.67,0,0,6
2026-10-09 18:46:02,3.74,0,0.34,0,0,8
2026-10-09 18:46:02,3.5,0,0.24,0,0,9
2026-10-09 18:46:02,4.32,0,0.82,0,0,8
2026-10-09 18:46:02,4.02,0,0.3,0,0,7
2026-10-09 18:46:03,3.02,0,1.0,0,0,7
2026-10-09 18:46:03,3.59,0,0.56,0,0,6
2026-10-09 18:46:03,3.52,0,0.07,0,0,8
2026-10-09 18:46:03,3.22,0,0.29,0,0,6
2026-10-09 18:46:03,3.01,0,0.21,0,0,6
2026-10-09 18:46:03,3.44,0,0.43,0,0,8
2026-10-09 18:46:03,3.13,0,0.31,0,0,6
2026-10-09 18:46:03,2.68,0,0.44,0,0,6
2026-10-09 18:46:03,3.44,0,0.76,0,0,6
2026-10-09 18:46:03,2.91,0,0.53,0,0,8
2026-10-09 18:46:04,3.5,0,0.59,0,0,8
2026-10-09 18:46:04,2.31,0,1.19,0,0,6
2026-10-09 18:46:04,3.78,0,1.47,0,0,8
2026-10-09 18:46:04,3.32,0,0.47,0,0,6
2026-10-09 18:46:04,3.38,0,0.06,0,0,9
2026-10-09 18:46:04,4.37,0,0.99,0,0,7
2026-10-09 18:46:04,4.03,0,0.34,0,0,8
2026-10-09 18:46:04,3.38,0,0.65,0,0,7
2026-10-09 18:46:04,4.04,0,0.66,0,0,6
2026-10-09 18:46:05,2.97,0,1.07,0,0,7
2026-10-09 18:46:05,3.39,0,0.42,0,0,8
2026-10-09 18:46:05,2.94,0,0.45,0,0,6
2026-10-09 18:46:05,3.8,0,0.85,0,0,8
2026-10-09 18:46:05,2.86,0,0.94,0,0,8
2026-10-09 18:46:05,3.58,0,0.72,0,0,8
2026-10-09 18:46:05,2.34,0,1.24,0,0,8
2026-10-09 18:46:05,3.22,0,0.88,0,0,6
2026-10-09 18:46:05,4.69,0,1.47,0,0,6
2026-10-09 18:46:05,3.57,0,1.12,0,0,8
2026-10-09 18:46:06,3.7,0,0.14,0,0,8
2026-10-09 18:46:06,3.81,0,0.11,0,0,8
2026-10-09 18:46:06,2.98,0,0.83,0,0,8
2026-10-09 18:46:06,3.41,0,0.43,0,0,7
2026-10-09 18:46:06,4.21,0,0.8,0,0,6
2026-10-09 18:46:06,3.98,0,0.23,0,1,8
2026-10-09 18:46:06,2.81,0,1.17,0,0,9
2026-10-09 18:46:06,3.35,0,0.55,0,0,8
2026-10-09 18:46:06,3.61,0,0.25,0,0,6
2026-10-09 18:46:07,3.75,0,0.14,0,0,7
2026-10-09 18:46:07,3.51,0,0.24,0,0,8
2026-10-09 18:46:07,3.46,0,0.05,0,0,7
2026-10-09 18:46:07,2.57,0,0.89,0,0,8
2026-10-09 18:46:07,3.6,0,1.03,0,0,6
2026-10-09 18:46:07,3.28,0,0.32,0,0,8
2026-10-09 18:46:07,3.25,0,0.03,0,0,8
2026-10-09 18:46:07,4.67,0,1.42,0,0,7
2026-10-09 18:46:07,3.73,0,0.94,0,0,8
2026-10-09 18:46:07,2.78,0,0.95,0,0,6
2026-10-09 18:46:08,2.97,0,0.2,0,0,7
2026-10-09 18:46:08,3.14,0,0.17,0,0,6
2026-10-09 18:46:08,4.44,0,1.3,0,0,8
2026-10-09 18:46:08,3.39,0,1.05,0,0,7
2026-10-09 18:46:08,3.23,0,0.16,0,0,8
2026-10-09 18:46:08,3.13,0,0.1,0,0,8
2026-10-09 18:46:08,3.13,0,0.0,0,0,6
2026-10-09 18:46:08,3.18,0,0.05,0,0,8
2026-10-09 18:46:08,3.48,0,0.3,0,0,8
2026-10-09 18:46:08,3.53,0,0.05,0,0,8
2026-10-09 18:46:09,3.29,0,0.24,0,0,8
2026-10-09 18:46:09,2.93,0,0.36,0,0,9
2026-10-09 18:46:09,3.31,0,0.38,0,0,7
2026-10-09 18:46:09,3.9,0,0.59,0,0,8
2026-10-09 18:46:09,3.77,0,0.12,0,0,8
2026-10-09 18:46:09,4.05,0,0.28,0,0,8
2026-10-09 18:46:09,3.18,0,0.86,0,0,8
2026-10-09 18:46:09,3.46,0,0.28,0,0,8
2026-10-09 18:46:09,2.74,0,0.72,0,0,7
2026-10-09 18:46:10,4.07,0,1.33,0,0,8
2026-10-09 18:46:10,2.93,0,1.14,0,0,7
2026-10-09 18:46:10,3.38,0,0.45,0,0,7
2026-10-09 18:46:10,3.66,0,0.28,0,1,6
2026-10-09 18:46:10,2.8,0,0.86,0,0,8
2026-10-09 18:46:10,2.51,0,0.29,0,0,8
2026-10-09 18:46:10,2.85,0,0.34,0,0,8
2026-10-09 18:46:10,3.76,0,0.91,0,0,9
2026-10-09 18:46:10,4.17,0,0.4,0,0,8
2026-10-09 18:46:10,3.33,0,0.84,0,1,8
2026-10-09 18:46:11,3.8,0,0.48,0,0,8
2026-10-09 18:46:11,2.62,0,1.19,0,0,7
2026-10-09 18:46:11,5.25,0,2.63,0,1,9
2026-10-09 18:46:11,4.94,0,0.3,0,0,7
2026-10-09 18:46:11,3.82,0,1.12,0,1,9
2026-10-09 18:46:11,3.15,0,0.67,0,0,7
2026-10-09 18:46:11,3.97,0,0.82,0,0,6
2026-10-09 18:46:11,4.38,0,0.41,0,1,8
2026-10-09 18:46:11,4.74,0,0.36,0,0,8
2026-10-09 18:46:12,5.05,0,0.31,0,1,9
2026-10-09 18:46:12,5.4,0,0.35,0,0,8
2026-10-09 18:46:12,5.8,0,0.4,0,0,6
2026-10-09 18:46:12,4.59,0,1.21,0,1,8
2026-10-09 18:46:12,5.19,0,0.6,0,1,9
2026-10-09 18:46:12,4.96,0,0.24,0,0,8
2026-10-09 18:46:12,5.34,0,0.38,0,1,9
2026-10-09 18:46:12,4.53,0,0.8,0,0,8
2026-10-09 18:46:12,4.71,0,0.18,0,0,7
2026-10-09 18:46:13,4.31,0,0.4,0,1,8
2026-10-09 18:46:13,30.6,0,26.3,0,1,9
2026-10-09 18:46:13,30.97,0,0.36,0,1,9
2026-10-09 18:46:13,31.39,0,0.42,0,0,8
2026-10-09 18:46:13,30.45,0,0.94,0,1,10
2026-10-09 18:46:13,15.72,0,14.73,0,0,7
2026-10-09 18:46:13,30.14,0,14.42,0,2,8
2026-10-09 18:46:14,31.06,0,0.92,0,0,8
2026-10-09 18:46:14,31.02,0,0.04,0,0,8
2026-10-09 18:46:14,31.18,0,0.16,0,0,8
2026-10-09 18:46:14,30.32,0,0.86,0,0,7
2026-10-09 18:46:14,31.4,0,1.08,0,1,8
2026-10-09 18:46:14,30.14,0,1.26,0,1,9
2026-10-09 18:46:14,30.65,0,0.51,0,0,8
2026-10-09 18:46:14,29.85,0,0.8,0,0,7
2026-10-09 18:46:15,31.68,0,1.84,0,0,8
2026-10-09 18:46:15,31.72,0,0.04,0,0,8
2026-10-09 18:46:15,31.01,0,0.71,0,0,8
2026-10-09 18:46:15,10.48,0,20.53,0,0,6
2026-10-09 18:46:15,31.16,0,20.67,0,1,7
2026-10-09 18:46:15,31.06,0,0.09,0,1,9
2026-10-09 18:46:15,31.37,0,0.31,0,0,8
2026-10-09 18:46:16,29.04,0,2.33,0,0,7
2026-10-09 18:46:16,30.94,0,1.9,0,0,7
2026-10-09 18:46:16,30.84,0,0.09,0,0,8
2026-10-09 18:46:16,30.62,0,0.22,0,0,7
2026-10-09 18:46:16,30.8,0,0.18,0,0,7
2026-10-09 18:46:16,32.61,0,1.81,0,0,7
2026-10-09 18:46:16,15.36,0,17.25,0,0,5
2026-10-09 18:46:17,18.2,0,2.84,0,1,9
2026-10-09 18:46:17,17.72,0,0.48,0,0,9
2026-10-09 18:46:17,30.88,0,13.16,0,1,8
2026-10-09 18:46:17,17.86,0,13.02,0,0,8
2026-10-09 18:46:17,30.73,0,12.87,0,1,9
2026-10-09 18:46:17,30.74,0,0.0,0,0,7
2026-10-09 18:46:17,31.96,0,1.22,0,0,7
2026-10-09 18:46:17,13.1,0,18.86,0,1,6
2026-10-09 18:46:18,17.84,0,4.74,0,1,9
2026-10-09 18:46:18,30.53,0,12.69,0,0,8
2026-10-09 18:46:18,30.67,0,0.13,0,1,9
2026-10-09 18:46:18,31.99,0,1.32,0,1,9
2026-10-09 18:46:18,31.7,0,0.29,0,0,8
2026-10-09 18:46:18,31.94,0,0.23,0,0,7
2026-10-09 18:46:18,32.31,0,0.37,0,0,7
2026-10-09 18:46:19,31.59,0,0.71,0,0,7
2026-10-09 18:46:19,30.93,0,0.67,0,0,6
2026-10-09 18:46:19,33.14,0,2.21,0,0,6
2026-10-09 18:46:19,21.8,0,11.33,0,0,6
2026-10-09 18:46:19,31.02,0,9.21,0,1,9
2026-10-09 18:46:19,30.18,0,0.84,0,0,7
2026-10-09 18:46:19,31.25,0,1.07,0,0,7
2026-10-09 18:46:20,15.7,0,15.55,0,0,6
2026-10-09 18:46:20,31.84,0,16.14,0,0,8
2026-10-09 18:46:20,30.44,0,1.4,0,0,7
2026-10-09 18:46:20,31.88,0,1.44,0,0,7
2026-10-09 18:46:20,31.91,0,0.03,0,0,7
2026-10-09 18:46:20,24.94,0,6.96,0,0,8
2026-10-09 18:46:20,55.87,0,30.93,0,0,7
2026-10-09 18:46:21,31.16,0,24.71,0,1,9
2026-10-09 18:46:21,32.07,0,0.91,0,1,9
2026-10-09 18:46:21,29.74,0,2.32,0,1,8
2026-10-09 18:46:21,29.33,0,0.42,0,0,8
2026-10-09 18:46:21,30.47,0,1.14,0,0,6
2026-10-09 18:46:21,31.83,0,1.37,0,0,7
2026-10-09 18:46:21,30.18,0,1.65,0,0,8
2026-10-09 18:46:22,31.34,0,1.16,0,0,8
2026-10-09 18:46:22,31.42,0,0.08,0,1,8
2026-10-09 18:46:22,31.6,0,0.18,0,0,8
2026-10-09 18:46:22,30.73,0,0.87,0,0,8
2026-10-09 18:46:22,31.4,0,0.67,0,0,8
2026-10-09 18:46:22,30.67,0,0.73,0,0,8
2026-10-09 18:46:22,30.32,0,0.35,0,0,7
2026-10-09 18:46:22,30.57,0,0.25,0,0,7
2026-10-09 18:46:23,29.37,0,1.19,0,0,7
2026-10-09 18:46:23,30.51,0,1.13,0,0,8
2026-10-09 18:46:23,30.42,0,0.09,0,0,7
2026-10-09 18:46:23,29.73,0,0.68,0,0,8
2026-10-09 18:46:23,31.13,0,1.39,0,0,7
2026-10-09 18:46:23,31.14,0,0.02,0,0,8
2026-10-09 18:46:23,31.53,0,0.39,0,0,8
2026-10-09 18:46:24,18.01,0,13.52,3,0,7
2026-10-09 18:46:24,30.77,0,12.76,3,0,9
2026-10-09 18:46:24,29.89,0,0.88,3,0,7
2026-10-09 18:46:24,30.85,0,0.96,3,0,7
2026-10-09 18:46:24,30.57,0,0.28,3,0,8
2026-10-09 18:46:24,30.66,0,0.09,3,0,7
2026-10-09 18:46:24,30.35,0,0.31,3,0,7
2026-10-09 18:46:25,30.05,0,0.3,3,0,8
2026-10-09 18:46:25,31.11,0,1.06,3,0,6
2026-10-09 18:46:25,30.89,0,0.22,3,0,7
2026-10-09 18:46:25,30.68,0,0.21,3,0,9
2026-10-09 18:46:25,31.29,0,0.61,3,0,8
2026-10-09 18:46:25,31.91,0,0.62,3,0,8
2026-10-09 18:46:25,30.59,0,1.32,3,0,7
2026-10-09 18:46:26,31.63,0,1.04,3,0,8
2026-10-09 18:46:26,30.23,0,1.4,3,0,6
2026-10-09 18:46:26,30.43,0,0.2,3,0,6
2026-10-09 18:46:26,31.01,0,0.58,3,0,7
2026-10-09 18:46:26,30.01,0,1.01,3,0,8
2026-10-09 18:46:26,31.38,0,1.37,3,0,7
2026-10-09 18:46:26,30.49,0,0.88,3,0,8
2026-10-09 18:46:27,30.94,0,0.45,3,0,8
2026-10-09 18:46:27,30.34,0,0.6,3,0,8
2026-10-09 18:46:27,29.53,0,0.8,3,0,8
2026-10-09 18:46:27,30.15,0,0.62,3,0,7
2026-10-09 18:46:27,31.61,0,1.46,3,0,8
2026-10-09 18:46:27,30.93,0,0.68,3,0,9
2026-10-09 18:46:27,30.44,0,0.5,3,0,7
2026-10-09 18:46:27,30.69,0,0.26,3,0,7
2026-10-09 18:46:28,20.37,0,10.33,3,0,7
2026-10-09 18:46:28,29.82,0,9.46,3,0,7
2026-10-09 18:46:28,30.8,0,0.97,3,0,8
2026-10-09 18:46:28,31.76,0,0.96,3,0,7
2026-10-09 18:46:28,30.67,0,1.09,3,0,7
2026-10-09 18:46:28,30.24,0,0.43,3,0,7
2026-10-09 18:46:28,30.74,0,0.5,3,0,8
2026-10-09 18:46:29,0.49,0,30.25,3,0,5
2026-10-09 18:46:30,5000.0,1,4999.51,3,2,5
2026-10-09 18:46:31,5000.0,1,0.0,3,0,3
2026-10-09 18:46:32,5000.0,1,0.0,3,0,2
2026-10-09 18:46:33,5000.0,1,0.0,3,0,2
2026-10-09 18:46:34,5000.0,1,0.0,3,0,0
2026-10-09 18:46:35,5000.0,1,0.0,3,0,0
2026-10-09 18:46:36,5000.0,1,0.0,3,1,0
2026-10-09 18:46:37,5000.0,1,0.0,3,0,0
2026-10-09 18:46:39,5000.0,1,0.0,3,0,0
2026-10-09 18:46:40,5000.0,1,0.0,3,0,0
2026-10-09 18:46:41,5000.0,1,0.0,3,0,0
2026-10-09 18:46:42,5000.0,1,0.0,3,0,0
2026-10-09 18:46:43,5000.0,1,0.0,3,1,1
2026-10-09 18:46:44,5000.0,1,0.0,0,0,2
2026-10-09 18:46:44,171.38,0,4828.62,0,1,5
2026-10-09 18:46:45,30.72,0,140.66,0,0,8
2026-10-09 18:46:45,30.83,0,0.11,0,0,8
2026-10-09 18:46:45,30.19,0,0.64,0,0,7
2026-10-09 18:46:45,31.29,0,1.09,0,0,8
2026-10-09 18:46:45,30.49,0,0.79,0,0,8
2026-10-09 18:46:45,31.07,0,0.58,0,0,7
2026-10-09 18:46:45,31.06,0,0.01,0,0,7
2026-10-09 18:46:46,30.01,0,1.04,0,0,7
2026-10-09 18:46:46,30.64,0,0.63,0,0,7
2026-10-09 18:46:46,25.35,0,5.29,0,0,8
2026-10-09 18:46:46,30.86,0,5.51,0,0,7
2026-10-09 18:46:46,31.66,0,0.81,0,0,6
2026-10-09 18:46:46,30.56,0,1.11,0,0,6
2026-10-09 18:46:46,31.29,0,0.74,0,0,7
2026-10-09 18:46:47,30.49,0,0.8,0,0,6
2026-10-09 18:46:47,31.85,0,1.36,0,0,6
2026-10-09 18:46:47,31.51,0,0.34,0,0,7
2026-10-09 18:46:47,30.61,0,0.9,0,0,8
2026-10-09 18:46:47,30.71,0,0.1,0,0,7
2026-10-09 18:46:47,30.95,0,0.24,0,0,8
2026-10-09 18:46:47,30.7,0,0.25,0,0,8
2026-10-09 18:46:48,30.98,0,0.28,0,0,8
2026-10-09 18:46:48,31.69,0,0.71,0,0,7
2026-10-09 18:46:48,30.77,0,0.92,0,0,8
2026-10-09 18:46:48,31.3,0,0.53,0,0,9
2026-10-09 18:46:48,29.56,0,1.73,0,0,7
2026-10-09 18:46:48,31.04,0,1.48,0,0,7
2026-10-09 18:46:48,31.65,0,0.61,0,0,7
2026-10-09 18:46:48,31.02,0,0.64,0,0,6
2026-10-09 18:46:49,18.84,0,12.18,0,0,7
2026-10-09 18:46:49,31.44,0,12.6,0,0,9
2026-10-09 18:46:49,30.75,0,0.69,0,0,8
2026-10-09 18:46:49,30.65,0,0.09,0,0,7
2026-10-09 18:46:49,32.64,0,1.98,0,0,7
2026-10-09 18:46:49,29.88,0,2.75,0,0,8
2026-10-09 18:46:49,30.5,0,0.62,0,0,7
2026-10-09 18:46:50,15.55,0,14.95,0,0,8
2026-10-09 18:46:50,30.66,0,15.11,0,0,7
2026-10-09 18:46:50,31.38,0,0.72,0,0,7
2026-10-09 18:46:50,17.89,0,13.49,0,0,8
2026-10-09 18:46:50,19.99,0,2.1,0,0,7
2026-10-09 18:46:50,30.51,0,10.52,0,0,7
2026-10-09 18:46:50,32.07,0,1.55,0,0,8
2026-10-09 18:46:51,30.12,0,1.94,0,0,8
2026-10-09 18:46:51,30.37,0,0.25,0,0,7
2026-10-09 18:46:51,31.28,0,0.91,0,0,7
2026-10-09 18:46:51,30.86,0,0.41,0,0,8
2026-10-09 18:46:51,31.8,0,0.94,0,0,6
2026-10-09 18:46:51,30.91,0,0.89,0,0,7
2026-10-09 18:46:51,30.81,0,0.1,0,0,7
2026-10-09 18:46:51,31.22,0,0.41,0,0,6
2026-10-09 18:46:52,15.08,0,16.14,0,0,6
2026-10-09 18:46:52,30.43,0,15.35,0,0,9
2026-10-09 18:46:52,31.38,0,0.95,0,0,6
2026-10-09 18:46:52,30.59,0,0.79,0,0,8
2026-10-09 18:46:52,31.65,0,1.07,0,0,6
2026-10-09 18:46:52,30.58,0,1.07,0,0,6
2026-10-09 18:46:52,29.72,0,0.87,0,0,6
2026-10-09 18:46:53,30.97,0,1.25,0,0,6
2026-10-09 18:46:53,30.24,0,0.72,0,0,8
2026-10-09 18:46:53,31.07,0,0.82,0,0,7
2026-10-09 18:46:53,31.1,0,0.04,0,0,9
2026-10-09 18:46:53,30.43,0,0.68,0,0,7
2026-10-09 18:46:53,30.07,0,0.36,0,0,7
2026-10-09 18:46:53,31.66,0,1.59,0,0,8
2026-10-09 18:46:54,29.8,0,1.86,0,0,7
2026-10-09 18:46:54,30.42,0,0.62,0,0,6
2026-10-09 18:46:54,30.44,0,0.02,0,0,9
2026-10-09 18:46:54,31.16,0,0.72,0,0,6
2026-10-09 18:46:54,30.88,0,0.27,0,0,7
2026-10-09 18:46:54,30.8,0,0.08,0,0,7
2026-10-09 18:46:54,30.97,0,0.16,0,0,6
2026-10-09 18:46:55,31.19,0,0.23,0,0,8
2026-10-09 18:46:55,31.01,0,0.18,0,0,9
2026-10-09 18:46:55,30.38,0,0.64,0,0,7
2026-10-09 18:46:55,30.4,0,0.02,0,0,7
2026-10-09 18:46:55,30.74,0,0.34,0,0,6
2026-10-09 18:46:55,31.23,0,0.49,0,0,6
2026-10-09 18:46:55,31.08,0,0.15,0,0,8
2026-10-09 18:46:56,31.0,0,0.08,0,0,6
2026-10-09 18:46:56,31.12,0,0.12,0,0,7
2026-10-09 18:46:56,31.4,0,0.28,0,0,7
2026-10-09 18:46:56,30.24,0,1.16,0,0,7
2026-10-09 18:46:56,30.57,0,0.34,0,0,7
2026-10-09 18:46:56,30.96,0,0.39,0,0,7
2026-10-09 18:46:56,30.53,0,0.43,0,0,7
2026-10-09 18:46:56,30.64,0,0.11,0,0,6
2026-10-09 18:46:57,16.15,0,14.49,0,0,7
2026-10-09 18:46:57,30.88,0,14.73,0,0,7
2026-10-09 18:46:57,30.76,0,0.12,0,0,7
2026-10-09 18:46:57,31.04,0,0.29,0,0,8
2026-10-09 18:46:57,31.79,0,0.75,0,0,8
2026-10-09 18:46:57,30.53,0,1.26,0,0,7
2026-10-09 18:46:57,30.78,0,0.25,0,0,7
2026-10-09 18:46:58,31.47,0,0.69,0,0,8
2026-10-09 18:46:58,31.91,0,0.44,0,0,7
2026-10-09 18:46:58,30.87,0,1.04,0,0,6
2026-10-09 18:46:58,31.06,0,0.19,0,0,8
2026-10-09 18:46:58,29.85,0,1.21,0,0,7
2026-10-09 18:46:58,30.94,0,1.09,0,0,7
2026-10-09 18:46:58,30.99,0,0.05,0,0,7
2026-10-09 18:46:59,30.76,0,0.23,0,0,7
2026-10-09 18:46:59,30.97,0,0.21,0,0,9
2026-10-09 18:46:59,30.94,0,0.03,0,0,8
2026-10-09 18:46:59,30.5,0,0.45,0,0,8
2026-10-09 18:46:59,31.75,0,1.26,0,0,7
2026-10-09 18:46:59,31.43,0,0.33,0,0,8
2026-10-09 18:46:59,30.35,0,1.08,0,0,9
2026-10-09 18:47:00,15.48,0,14.87,0,0,7
2026-10-09 18:47:00,30.49,0,15.0,0,0,8
2026-10-09 18:47:00,30.3,0,0.19,0,0,8
2026-10-09 18:47:00,30.69,0,0.39,0,0,7
2026-10-09 18:47:00,30.34,0,0.34,0,0,7
2026-10-09 18:47:00,30.47,0,0.12,0,0,7
2026-10-09 18:47:00,30.9,0,0.43,0,0,7
2026-10-09 18:47:00,30.49,0,0.4,0,0,7
2026-10-09 18:47:01,16.11,0,14.38,0,0,6
2026-10-09 18:47:01,30.85,0,14.74,0,0,6
2026-10-09 18:47:01,30.41,0,0.44,0,0,7
2026-10-09 18:47:01,31.13,0,0.73,0,0,7
2026-10-09 18:47:01,30.98,0,0.16,0,0,8
2026-10-09 18:47:01,30.35,0,0.63,0,0,8
2026-10-09 18:47:01,18.94,0,11.41,0,0,7
2026-10-09 18:47:02,29.99,0,11.05,0,0,7
2026-10-09 18:47:02,30.2,0,0.21,0,0,7
2026-10-09 18:47:02,31.55,0,1.34,0,0,7
2026-10-09 18:47:02,30.87,0,0.67,0,0,6
2026-10-09 18:47:02,30.8,0,0.07,0,0,7
2026-10-09 18:47:02,31.22,0,0.42,0,0,6
2026-10-09 18:47:02,30.55,0,0.67,0,0,6
2026-10-09 18:47:03,31.47,0,0.92,0,0,8
2026-10-09 18:47:03,30.75,0,0.72,0,0,8
2026-10-09 18:47:03,30.74,0,0.01,0,0,7
2026-10-09 18:47:03,30.0,0,0.74,0,0,8
2026-10-09 18:47:03,30.7,0,0.71,0,0,8
2026-10-09 18:47:03,30.66,0,0.04,0,1,8
2026-10-09 18:47:03,31.39,0,0.73,0,0,9
2026-10-09 18:47:04,30.11,0,1.28,0,0,7
2026-10-09 18:47:04,32.09,0,1.98,0,0,8
2026-10-09 18:47:04,30.93,0,1.16,0,0,7
2026-10-09 18:47:04,31.11,0,0.18,0,0,8
2026-10-09 18:47:04,31.03,0,0.08,0,0,7
2026-10-09 18:47:04,31.26,0,0.23,0,0,8
2026-10-09 18:47:04,31.19,0,0.07,0,0,7
2026-10-09 18:47:05,31.02,0,0.17,0,0,7
2026-10-09 18:47:05,17.33,0,13.69,0,0,7
2026-10-09 18:47:05,30.45,0,13.13,0,0,7
2026-10-09 18:47:05,30.03,0,0.42,0,0,8
2026-10-09 18:47:05,30.8,0,0.77,0,0,9
2026-10-09 18:47:05,31.44,0,0.64,0,0,7
2026-10-09 18:47:05,31.47,0,0.02,0,0,8
2026-10-09 18:47:05,29.7,0,1.77,0,0,7
2026-10-09 18:47:06,30.24,0,0.54,0,0,7
2026-10-09 18:47:06,30.26,0,0.02,0,0,9
2026-10-09 18:47:06,32.2,0,1.94,0,0,8
2026-10-09 18:47:06,30.66,0,1.54,0,0,7
2026-10-09 18:47:06,31.82,0,1.16,0,0,8
2026-10-09 18:47:06,31.06,0,0.75,0,0,7
2026-10-09 18:47:06,30.98,0,0.09,0,0,9
2026-10-09 18:47:07,31.65,0,0.67,0,0,7
2026-10-09 18:47:07,30.5,0,1.15,0,0,8
2026-10-09 18:47:07,30.98,0,0.48,0,0,8
2026-10-09 18:47:07,30.39,0,0.58,0,0,7
2026-10-09 18:47:07,30.74,0,0.35,0,0,7
2026-10-09 18:47:07,30.82,0,0.07,0,0,7
2026-10-09 18:47:07,31.07,0,0.25,0,0,7
2026-10-09 18:47:08,31.04,0,0.03,0,0,8
2026-10-09 18:47:08,29.61,0,1.43,0,0,8
2026-10-09 18:47:08,31.77,0,2.16,0,0,7
2026-10-09 18:47:08,30.46,0,1.32,0,0,7
2026-10-09 18:47:08,31.09,0,0.64,0,0,9
2026-10-09 18:47:08,30.91,0,0.18,0,0,8
2026-10-09 18:47:08,30.49,0,0.42,0,0,8
2026-10-09 18:47:09,32.1,0,1.61,0,0,7
2026-10-09 18:47:09,30.52,0,1.58,0,0,7
2026-10-09 18:47:09,31.0,0,0.48,0,0,8
2026-10-09 18:47:09,30.14,0,0.86,0,0,7
2026-10-09 18:47:09,30.51,0,0.37,0,0,8
2026-10-09 18:47:09,30.58,0,0.07,0,0,6
2026-10-09 18:47:09,30.0,0,0.58,0,0,9
2026-10-09 18:47:09,14.87,0,15.14,0,0,8
2026-10-09 18:47:10,20.78,0,5.91,0,0,7
2026-10-09 18:47:10,29.98,0,9.21,0,0,7
2026-10-09 18:47:10,29.65,0,0.34,0,0,8
2026-10-09 18:47:10,30.72,0,1.07,0,0,8
2026-10-09 18:47:10,31.46,0,0.74,0,0,7
2026-10-09 18:47:10,30.28,0,1.18,0,0,7
2026-10-09 18:47:10,30.08,0,0.19,0,0,8
2026-10-09 18:47:11,30.74,0,0.65,0,0,7
2026-10-09 18:47:11,29.78,0,0.95,0,0,8
2026-10-09 18:47:11,30.46,0,0.67,0,0,7
2026-10-09 18:47:11,31.57,0,1.11,0,0,9
2026-10-09 18:47:11,30.84,0,0.73,0,0,7
2026-10-09 18:47:11,28.64,0,2.2,0,0,7
2026-10-09 18:47:11,30.6,0,1.96,0,0,7
2026-10-09 18:47:12,29.83,0,0.77,0,0,6
2026-10-09 18:47:12,30.14,0,0.31,0,1,7
2026-10-09 18:47:12,30.87,0,0.73,0,0,8
2026-10-09 18:47:12,31.05,0,0.17,0,0,7
2026-10-09 18:47:12,30.9,0,0.15,0,0,8
2026-10-09 18:47:12,30.85,0,0.05,0,0,6
2026-10-09 18:47:12,30.03,0,0.82,0,0,7
2026-10-09 18:47:13,19.41,0,10.62,0,0,7
2026-10-09 18:47:13,30.84,0,11.43,0,0,6
2026-10-09 18:47:13,31.21,0,0.38,0,0,9
2026-10-09 18:47:13,30.63,0,0.59,0,0,6
2026-10-09 18:47:13,31.62,0,0.99,0,0,7
2026-10-09 18:47:13,30.77,0,0.84,0,0,6
2026-10-09 18:47:13,30.78,0,0.0,0,1,8
2026-10-09 18:47:13,31.19,0,0.42,0,0,8
2026-10-09 18:47:14,21.12,0,10.07,0,0,7
2026-10-09 18:47:14,293.52,0,272.4,1,2,8
2026-10-09 18:47:14,279.4,0,14.12,1,2,7
2026-10-09 18:47:15,370.27,0,90.88,1,3,13
2026-10-09 18:47:15,280.36,0,89.92,1,0,9
2026-10-09 18:47:16,340.79,0,60.44,1,0,6
2026-10-09 18:47:16,339.95,0,0.85,1,1,8
2026-10-09 18:47:17,342.43,0,2.48,1,2,9
2026-10-09 18:47:17,294.93,0,47.5,1,0,10
2026-10-09 18:47:17,357.87,0,62.94,1,0,9
2026-10-09 18:47:18,247.75,0,110.12,1,0,6
2026-10-09 18:47:18,372.18,0,124.43,1,0,8
2026-10-09 18:47:19,294.75,0,77.43,1,1,10
2026-10-09 18:47:19,311.16,0,16.41,1,1,8
2026-10-09 18:47:20,314.18,0,3.03,1,0,10
2026-10-09 18:47:20,308.11,0,6.08,1,0,6
2026-10-09 18:47:20,171.49,0,136.61,1,0,9
2026-10-09 18:47:21,326.74,0,155.24,1,0,8
2026-10-09 18:47:21,169.7,0,157.04,1,1,9
2026-10-09 18:47:21,170.2,0,0.51,1,0,7
2026-10-09 18:47:22,230.55,0,60.34,1,0,7
2026-10-09 18:47:22,264.51,0,33.96,1,1,9
2026-10-09 18:47:22,324.14,0,59.63,1,0,8
2026-10-09 18:47:23,310.36,0,13.78,1,0,6
2026-10-09 18:47:23,264.46,0,45.9,1,0,7
2026-10-09 18:47:24,263.23,0,1.24,1,1,10
2026-10-09 18:47:24,279.02,0,15.79,1,0,8
2026-10-09 18:47:24,232.3,0,46.72,1,0,6
2026-10-09 18:47:25,359.84,0,127.54,1,1,8
2026-10-09 18:47:25,247.83,0,112.01,1,1,9
2026-10-09 18:47:26,309.12,0,61.28,1,0,7
2026-10-09 18:47:26,296.21,0,12.91,1,0,6
2026-10-09 18:47:26,309.57,0,13.36,1,1,9
2026-10-09 18:47:27,277.3,0,32.27,1,0,7
2026-10-09 18:47:27,324.21,0,46.91,1,0,8
2026-10-09 18:47:28,309.69,0,14.52,1,0,8
2026-10-09 18:47:28,216.96,0,92.73,1,0,7
2026-10-09 18:47:28,217.98,0,1.01,1,0,7
2026-10-09 18:47:29,278.78,0,60.8,1,0,9
2026-10-09 18:47:29,357.45,0,78.67,1,1,8
2026-10-09 18:47:30,327.99,0,29.46,1,0,9
2026-10-09 18:47:30,279.87,0,48.13,1,0,6
2026-10-09 18:47:30,373.17,0,93.3,1,1,9
2026-10-09 18:47:31,341.1,0,32.07,1,0,7
2026-10-09 18:47:31,313.02,0,28.08,1,0,9
2026-10-09 18:47:32,294.55,0,18.47,1,0,9
2026-10-09 18:47:32,307.94,0,13.39,1,1,8
2026-10-09 18:47:32,312.72,0,4.78,1,1,10
2026-10-09 18:47:33,250.3,0,62.41,1,0,7
2026-10-09 18:47:33,292.48,0,42.18,1,0,6
2026-10-09 18:47:34,292.69,0,0.21,1,1,9
2026-10-09 18:47:34,324.39,0,31.69,1,0,8
2026-10-09 18:47:34,262.19,0,62.2,1,0,6
2026-10-09 18:47:35,309.69,0,47.5,1,0,6
2026-10-09 18:47:35,339.68,0,29.98,1,0,6
2026-10-09 18:47:36,231.47,0,108.21,1,0,7
2026-10-09 18:47:36,296.22,0,64.75,1,0,8
2026-10-09 18:47:37,339.73,0,43.51,1,0,8
2026-10-09 18:47:37,296.08,0,43.65,1,0,6
2026-10-09 18:47:37,265.19,0,30.89,1,1,8
2026-10-09 18:47:38,313.14,0,47.95,1,0,7
2026-10-09 18:47:38,281.47,0,31.67,1,0,8
2026-10-09 18:47:38,231.99,0,49.48,1,0,8
2026-10-09 18:47:39,390.1,0,158.11,1,0,8
2026-10-09 18:47:39,280.21,0,109.89,1,1,8
2026-10-09 18:47:40,326.45,0,46.24,1,0,8
2026-10-09 18:47:40,139.46,0,186.99,1,0,6
2026-10-09 18:47:40,325.03,0,185.57,1,0,7
2026-10-09 18:47:41,327.54,0,2.51,1,0,6
2026-10-09 18:47:41,326.13,0,1.41,1,0,6
2026-10-09 18:47:42,312.1,0,14.03,1,0,7
2026-10-09 18:47:42,370.86,0,58.76,1,0,6
2026-10-09 18:47:43,280.51,0,90.35,1,1,9
2026-10-09 18:47:43,262.68,0,17.83,1,0,8
2026-10-09 18:47:43,279.19,0,16.51,1,0,6
2026-10-09 18:47:44,5000.0,1,4720.81,0,1,6
2026-10-09 18:47:45,61.82,0,4938.18,0,1,9
2026-10-09 18:47:45,30.79,0,31.03,0,0,8
2026-10-09 18:47:45,30.9,0,0.11,0,0,7
2026-10-09 18:47:45,32.2,0,1.3,0,0,7
2026-10-09 18:47:45,31.57,0,0.63,0,0,7
2026-10-09 18:47:45,31.58,0,0.02,0,0,9
2026-10-09 18:47:45,31.17,0,0.41,0,0,8
2026-10-09 18:47:46,30.82,0,0.34,0,0,7
2026-10-09 18:47:46,30.29,0,0.54,0,0,8
2026-10-09 18:47:46,31.52,0,1.24,0,0,7
2026-10-09 18:47:46,31.3,0,0.22,0,0,8
2026-10-09 18:47:46,31.14,0,0.16,0,0,7
2026-10-09 18:47:46,31.28,0,0.14,0,0,7
2026-10-09 18:47:46,30.91,0,0.38,0,0,7
2026-10-09 18:47:47,31.53,0,0.63,0,0,6
2026-10-09 18:47:47,30.82,0,0.71,0,0,9
2026-10-09 18:47:47,29.71,0,1.11,0,0,7
2026-10-09 18:47:47,31.15,0,1.45,0,0,7
2026-10-09 18:47:47,30.86,0,0.3,0,0,8
2026-10-09 18:47:47,31.17,0,0.32,0,0,7
2026-10-09 18:47:47,30.72,0,0.45,0,0,8
2026-10-09 18:47:48,30.99,0,0.27,0,0,8
2026-10-09 18:47:48,30.64,0,0.35,0,1,8
2026-10-09 18:47:48,30.87,0,0.23,0,0,8
2026-10-09 18:47:48,31.72,0,0.85,0,0,8
2026-10-09 18:47:48,30.98,0,0.74,0,0,7
2026-10-09 18:47:48,31.36,0,0.38,0,0,7
2026-10-09 18:47:48,31.01,0,0.35,0,0,7
2026-10-09 18:47:49,30.4,0,0.61,0,0,8
2026-10-09 18:47:49,15.52,0,14.88,0,0,6
2026-10-09 18:47:49,30.74,0,15.22,0,0,7
2026-10-09 18:47:49,30.2,0,0.54,0,0,9
2026-10-09 18:47:49,30.93,0,0.73,0,0,6
2026-10-09 18:47:49,30.56,0,0.37,0,0,6
2026-10-09 18:47:49,15.32,0,15.24,0,0,6
2026-10-09 18:47:50,30.48,0,15.17,0,0,7
2026-10-09 18:47:50,29.75,0,0.73,0,0,7
2026-10-09 18:47:50,31.39,0,1.64,0,0,7
2026-10-09 18:47:50,16.32,0,15.08,0,0,5
2026-10-09 18:47:50,31.37,0,15.06,0,0,7
2026-10-09 18:47:50,30.95,0,0.42,0,0,8
2026-10-09 18:47:50,19.35,0,11.61,0,0,6
2026-10-09 18:47:50,31.72,0,12.37,0,0,6
2026-10-09 18:47:51,29.86,0,1.86,0,0,6
2026-10-09 18:47:51,29.96,0,0.11,0,0,7
2026-10-09 18:47:51,31.35,0,1.39,0,0,7
2026-10-09 18:47:51,30.78,0,0.57,0,0,7
2026-10-09 18:47:51,3.54,0,27.24,0,0,6
2026-10-09 18:47:51,3.48,0,0.06,0,0,6
2026-10-09 18:47:51,3.8,0,0.32,0,0,7
2026-10-09 18:47:51,3.63,0,0.17,0,0,6
2026-10-09 18:47:52,3.08,0,0.55,0,0,6
2026-10-09 18:47:52,3.48,0,0.4,0,0,8
2026-10-09 18:47:52,2.88,0,0.6,0,0,6
2026-10-09 18:47:52,2.64,0,0.24,0,0,7
2026-10-09 18:47:52,3.14,0,0.5,0,0,6
2026-10-09 18:47:52,3.19,0,0.06,0,0,6
2026-10-09 18:47:52,3.69,0,0.49,0,0,7
2026-10-09 18:47:52,3.07,0,0.62,0,0,7
2026-10-09 18:47:52,2.85,0,0.22,0,0,7
2026-10-09 18:47:52,3.13,0,0.29,0,0,5
2026-10-09 18:47:53,3.71,0,0.58,0,0,8
2026-10-09 18:47:53,3.15,0,0.56,0,0,6
2026-10-09 18:47:53,3.27,0,0.11,0,0,8
2026-10-09 18:47:53,3.78,0,0.51,0,0,6
2026-10-09 18:47:53,3.3,0,0.48,0,0,8
2026-10-09 18:47:53,4.86,0,1.56,0,0,8
2026-10-09 18:47:53,3.68,0,1.18,0,0,8
2026-10-09 18:47:53,3.17,0,0.51,0,0,8
2026-10-09 18:47:53,3.42,0,0.25,0,0,6
2026-10-09 18:47:54,3.81,0,0.39,0,0,6
2026-10-09 18:47:54,2.46,0,1.35,0,0,7
2026-10-09 18:47:54,3.44,0,0.98,0,0,8
2026-10-09 18:47:54,2.98,0,0.46,0,0,8
2026-10-09 18:47:54,3.4,0,0.42,0,0,6
2026-10-09 18:47:54,3.34,0,0.06,0,0,8
2026-10-09 18:47:54,4.36,0,1.03,0,0,7
2026-10-09 18:47:54,3.85,0,0.51,0,0,6
2026-10-09 18:47:54,3.05,0,0.8,0,0,6
2026-10-09 18:47:54,3.29,0,0.24,0,0,6
2026-10-09 18:47:55,3.76,0,0.47,0,0,8
2026-10-09 18:47:55,3.82,0,0.06,0,0,7
2026-10-09 18:47:55,4.23,0,0.41,0,0,6
2026-10-09 18:47:55,3.3,0,0.92,0,0,8
2026-10-09 18:47:55,3.7,0,0.4,0,0,8
2026-10-09 18:47:55,3.1,0,0.6,0,0,7
2026-10-09 18:47:55,3.17,0,0.07,0,0,6
2026-10-09 18:47:55,3.63,0,0.45,0,0,6
2026-10-09 18:47:55,3.81,0,0.18,0,0,7
2026-10-09 18:47:56,3.19,0,0.62,0,0,7
2026-10-09 18:47:56,3.35,0,0.16,0,0,6
2026-10-09 18:47:56,3.4,0,0.05,0,0,8
2026-10-09 18:47:56,3.56,0,0.16,0,0,8
2026-10-09 18:47:56,3.52,0,0.04,0,0,7
2026-10-09 18:47:56,3.82,0,0.31,0,0,7
2026-10-09 18:47:56,5.32,0,1.49,0,0,6
2026-10-09 18:47:56,3.54,0,1.77,0,0,8
2026-10-09 18:47:56,3.52,0,0.02,0,0,7
2026-10-09 18:47:56,3.12,0,0.4,0,0,8
2026-10-09 18:47:57,3.36,0,0.23,0,0,6
2026-10-09 18:47:57,3.57,0,0.21,0,0,5
2026-10-09 18:47:57,3.08,0,0.49,0,0,8
2026-10-09 18:47:57,2.8,0,0.28,0,0,8
2026-10-09 18:47:57,3.82,0,1.02,0,0,8
2026-10-09 18:47:57,3.4,0,0.42,0,0,7
2026-10-09 18:47:57,4.15,0,0.74,0,0,8
2026-10-09 18:47:57,3.79,0,0.35,0,0,6
2026-10-09 18:47:57,2.04,0,1.75,0,0,6
2026-10-09 18:47:57,2.54,0,0.5,0,0,6
2026-10-09 18:47:58,3.22,0,0.68,0,0,6
2026-10-09 18:47:58,3.64,0,0.42,0,0,8
2026-10-09 18:47:58,2.72,0,0.92,0,0,7
2026-10-09 18:47:58,3.15,0,0.43,0,0,7
2026-10-09 18:47:58,4.21,0,1.06,0,0,6
2026-10-09 18:47:58,3.16,0,1.06,0,0,7
2026-10-09 18:47:58,2.27,0,0.89,0,0,6
2026-10-09 18:47:58,2.46,0,0.19,0,0,6
2026-10-09 18:47:58,3.17,0,0.71,0,0,7
2026-10-09 18:47:59,3.13,0,0.04,0,0,7
2026-10-09 18:47:59,3.8,0,0.67,0,0,7
2026-10-09 18:47:59,3.19,0,0.61,0,0,8
2026-10-09 18:47:59,3.96,0,0.77,0,0,8
2026-10-09 18:47:59,3.53,0,0.43,0,0,6
2026-10-09 18:47:59,4.75,0,1.22,0,0,8
2026-10-09 18:47:59,4.37,0,0.37,0,0,6
2026-10-09 18:47:59,2.96,0,1.41,0,0,8
2026-10-09 18:47:59,3.24,0,0.28,0,0,6
2026-10-09 18:47:59,3.18,0,0.06,0,0,8
2026-10-09 18:48:00,2.88,0,0.3,0,0,6
2026-10-09 18:48:00,3.74,0,0.86,0,0,8
2026-10-09 18:48:00,3.15,0,0.59,0,0,8
2026-10-09 18:48:00,3.17,0,0.02,0,0,8
2026-10-09 18:48:00,3.34,0,0.16,0,0,8
2026-10-09 18:48:00,2.59,0,0.74,0,0,7
2026-10-09 18:48:00,3.97,0,1.37,0,0,8
2026-10-09 18:48:00,3.1,0,0.87,0,0,6
2026-10-09 18:48:00,3.02,0,0.07,0,0,6
2026-10-09 18:48:01,4.25,0,1.23,0,0,8
2026-10-09 18:48:01,3.67,0,0.58,0,0,7
2026-10-09 18:48:01,3.61,0,0.06,0,0,7
2026-10-09 18:48:01,3.48,0,0.13,0,0,5
2026-10-09 18:48:01,4.47,0,0.99,0,0,9
2026-10-09 18:48:01,3.03,0,1.44,0,0,5
2026-10-09 18:48:01,4.28,0,1.25,0,0,6
2026-10-09 18:48:01,4.44,0,0.17,0,0,7
2026-10-09 18:48:01,3.55,0,0.9,0,0,8
2026-10-09 18:48:01,4.06,0,0.51,0,0,9
2026-10-09 18:48:02,2.99,0,1.07,0,0,8
2026-10-09 18:48:02,3.1,0,0.11,0,0,7
2026-10-09 18:48:02,3.01,0,0.09,0,0,8
2026-10-09 18:48:02,3.69,0,0.67,0,0,8
2026-10-09 18:48:02,4.43,0,0.75,0,0,8
2026-10-09 18:48:02,4.71,0,0.28,0,0,8
2026-10-09 18:48:02,3.31,0,1.4,0,0,8
2026-10-09 18:48:02,4.77,0,1.46,0,0,6
2026-10-09 18:48:02,4.42,0,0.35,0,0,6
2026-10-09 18:48:03,2.63,0,1.79,0,0,5
2026-10-09 18:48:03,3.4,0,0.77,0,0,7
2026-10-09 18:48:03,3.0,0,0.41,0,0,6
2026-10-09 18:48:03,4.73,0,1.73,0,0,7
2026-10-09 18:48:03,3.51,0,1.21,0,0,6
2026-10-09 18:48:03,3.39,0,0.13,0,0,7
2026-10-09 18:48:03,4.26,0,0.87,0,0,7
2026-10-09 18:48:03,3.16,0,1.1,0,0,7
2026-10-09 18:48:03,2.89,0,0.27,0,0,8
2026-10-09 18:48:03,4.0,0,1.11,0,0,6
2026-10-09 18:48:04,3.2,0,0.8,0,0,6
2026-10-09 18:48:04,4.43,0,1.23,0,0,8
2026-10-09 18:48:04,3.25,0,1.18,0,0,6
2026-10-09 18:48:04,3.34,0,0.09,0,0,6
2026-10-09 18:48:04,3.0,0,0.35,0,0,7
2026-10-09 18:48:04,3.45,0,0.46,0,0,8
2026-10-09 18:48:04,3.29,0,0.17,0,0,8
2026-10-09 18:48:04,3.82,0,0.53,0,0,8
2026-10-09 18:48:04,3.57,0,0.25,0,0,6
2026-10-09 18:48:04,3.34,0,0.23,0,0,6
2026-10-09 18:48:05,3.27,0,0.07,0,0,8
2026-10-09 18:48:05,3.31,0,0.04,0,0,6
2026-10-09 18:48:05,2.67,0,0.64,0,0,8
2026-10-09 18:48:05,3.42,0,0.75,0,0,8
2026-10-09 18:48:05,3.59,0,0.17,0,0,6
2026-10-09 18:48:05,3.52,0,0.06,0,0,8
2026-10-09 18:48:05,3.79,0,0.27,0,0,7
2026-10-09 18:48:05,2.09,0,1.7,0,0,6
2026-10-09 18:48:05,3.1,0,1.01,0,0,6
2026-10-09 18:48:06,2.97,0,0.13,0,0,7
2026-10-09 18:48:06,4.43,0,1.46,0,0,7
2026-10-09 18:48:06,3.87,0,0.56,0,0,7
2026-10-09 18:48:06,4.36,0,0.49,0,0,6
2026-10-09 18:48:06,2.9,0,1.46,0,0,8
2026-10-09 18:48:06,4.13,0,1.23,0,0,8
2026-10-09 18:48:06,31.29,0,27.16,0,1,8
2026-10-09 18:48:06,14.85,0,16.44,0,1,8
2026-10-09 18:48:06,31.55,0,16.7,0,2,7
2026-10-09 18:48:07,32.7,0,1.15,0,0,8
2026-10-09 18:48:07,16.61,0,16.08,0,0,7
2026-10-09 18:48:07,30.98,0,14.37,0,1,9
2026-10-09 18:48:07,30.75,0,0.24,0,0,7
2026-10-09 18:48:07,15.44,0,15.3,0,0,7
2026-10-09 18:48:07,31.56,0,16.12,0,0,6
2026-10-09 18:48:07,9.14,0,22.42,0,0,7
2026-10-09 18:48:08,24.22,0,15.08,0,0,8
2026-10-09 18:48:08,30.37,0,6.14,0,0,6
2026-10-09 18:48:08,15.93,0,14.43,0,0,6
2026-10-09 18:48:08,30.69,0,14.76,0,0,6
2026-10-09 18:48:08,15.74,0,14.95,0,0,7
2026-10-09 18:48:08,29.97,0,14.22,0,0,7
2026-10-09 18:48:08,15.58,0,14.38,0,0,7
2026-10-09 18:48:08,27.93,0,12.35,0,1,7
2026-10-09 18:48:09,29.38,0,1.45,0,1,8
2026-10-09 18:48:09,15.87,0,13.51,0,0,9
2026-10-09 18:48:09,25.71,0,9.83,0,0,7
2026-10-09 18:48:09,16.32,0,9.38,0,1,9
2026-10-09 18:48:09,31.03,0,14.71,0,0,8
2026-10-09 18:48:09,30.33,0,0.7,0,0,8
2026-10-09 18:48:09,14.99,0,15.34,0,0,8
2026-10-09 18:48:10,31.15,0,16.16,0,1,9
2026-10-09 18:48:10,14.83,0,16.32,0,0,8
2026-10-09 18:48:10,15.64,0,0.81,0,0,8
2026-10-09 18:48:10,15.91,0,0.27,0,0,7
2026-10-09 18:48:10,3.45,0,12.46,0,0,7
2026-10-09 18:48:10,4.53,0,1.08,0,0,7
2026-10-09 18:48:10,31.1,0,26.57,0,0,8
2026-10-09 18:48:10,28.01,0,3.09,0,0,8
2026-10-09 18:48:11,30.84,0,2.83,0,0,7
2026-10-09 18:48:11,30.14,0,0.69,0,0,8
2026-10-09 18:48:11,30.16,0,0.01,0,0,6
2026-10-09 18:48:11,5.34,0,24.82,0,0,9
2026-10-09 18:48:11,30.94,0,25.6,0,0,7
2026-10-09 18:48:11,15.41,0,15.53,0,0,8
2026-10-09 18:48:11,29.78,0,14.37,0,0,8
2026-10-09 18:48:11,31.46,0,1.67,0,1,7
2026-10-09 18:48:12,4.17,0,27.29,0,0,7
2026-10-09 18:48:12,30.35,0,26.18,0,1,9
2026-10-09 18:48:12,30.1,0,0.25,0,0,8
2026-10-09 18:48:12,14.88,0,15.22,0,0,8
2026-10-09 18:48:12,23.55,0,8.67,0,0,7
2026-10-09 18:48:12,32.44,0,8.89,0,0,7
2026-10-09 18:48:12,15.77,0,16.67,0,0,7
2026-10-09 18:48:13,29.52,0,13.74,0,0,7
2026-10-09 18:48:13,31.2,0,1.68,0,0,8
2026-10-09 18:48:13,30.63,0,0.56,0,0,9
2026-10-09 18:48:13,30.16,0,0.47,0,0,7
2026-10-09 18:48:13,14.94,0,15.22,0,0,7
2026-10-09 18:48:13,30.53,0,15.59,0,0,8
2026-10-09 18:48:13,26.77,0,3.77,0,0,7
2026-10-09 18:48:13,4.63,0,22.14,0,0,8
2026-10-09 18:48:14,30.61,0,25.98,0,1,9
2026-10-09 18:48:14,5.93,0,24.68,0,0,8
2026-10-09 18:48:14,30.47,0,24.54,2,0,6
2026-10-09 18:48:14,30.69,0,0.21,2,0,6
2026-10-09 18:48:14,76.86,0,46.17,2,1,7
2026-10-09 18:48:14,17.95,0,58.91,2,0,5
2026-10-09 18:48:14,31.25,0,13.31,2,0,6
2026-10-09 18:48:15,14.84,0,16.41,2,0,6
2026-10-09 18:48:15,62.26,0,47.41,2,1,7
2026-10-09 18:48:15,29.56,0,32.7,2,0,6
2026-10-09 18:48:15,76.49,0,46.93,2,1,7
2026-10-09 18:48:15,31.01,0,45.48,2,0,6
2026-10-09 18:48:15,62.3,0,31.3,2,1,7
2026-10-09 18:48:15,31.28,0,31.02,2,0,6
2026-10-09 18:48:16,16.03,0,15.25,2,0,6
2026-10-09 18:48:16,30.85,0,14.82,2,0,6
2026-10-09 18:48:16,76.16,0,45.3,2,1,7
2026-10-09 18:48:16,31.0,0,45.15,2,0,6
2026-10-09 18:48:16,30.85,0,0.15,2,0,6
2026-10-09 18:48:16,76.67,0,45.82,2,1,7
2026-10-09 18:48:17,62.3,0,14.37,2,1,7
2026-10-09 18:48:17,27.25,0,35.05,2,0,6
2026-10-09 18:48:17,30.65,0,3.41,2,0,6
2026-10-09 18:48:17,30.35,0,0.3,2,0,6
2026-10-09 18:48:17,15.52,0,14.83,2,0,6
2026-10-09 18:48:18,370.77,0,355.24,2,2,7
2026-10-09 18:48:18,294.11,0,76.66,2,1,6
2026-10-09 18:48:18,30.41,0,263.7,2,0,7
2026-10-09 18:48:19,307.29,0,276.88,2,1,7
2026-10-09 18:48:19,309.15,0,1.86,2,1,7
2026-10-09 18:48:19,296.45,0,12.7,2,1,6
2026-10-09 18:48:20,31.47,0,264.98,2,0,7
2026-10-09 18:48:20,31.39,0,0.08,2,0,7
2026-10-09 18:48:20,30.85,0,0.54,2,0,7
2026-10-09 18:48:20,31.52,0,0.67,2,0,7
2026-10-09 18:48:20,359.01,0,327.49,2,4,6
2026-10-09 18:48:21,31.79,0,327.22,2,0,7
2026-10-09 18:48:21,15.81,0,15.98,2,0,7
2026-10-09 18:48:21,30.18,0,14.37,2,0,7
2026-10-09 18:48:21,31.44,0,1.26,2,0,7
2026-10-09 18:48:21,30.61,0,0.83,2,0,7
2026-10-09 18:48:21,30.53,0,0.08,2,0,7
2026-10-09 18:48:22,311.15,0,280.62,2,1,7
2026-10-09 18:48:22,31.03,0,280.12,2,0,7
2026-10-09 18:48:22,30.24,0,0.79,2,0,7
2026-10-09 18:48:22,30.87,0,0.63,2,0,7
2026-10-09 18:48:22,31.4,0,0.53,2,0,7
2026-10-09 18:48:23,915.15,0,883.75,2,3,7
2026-10-09 18:48:23,30.35,0,884.79,2,0,7
2026-10-09 18:48:23,31.03,0,0.68,2,0,7
2026-10-09 18:48:24,30.47,0,0.55,2,0,7
2026-10-09 18:48:24,31.32,0,0.85,2,0,7
2026-10-09 18:48:24,30.71,0,0.61,2,0,7
2026-10-09 18:48:24,30.26,0,0.45,2,0,7
2026-10-09 18:48:24,30.02,0,0.24,2,0,7
2026-10-09 18:48:25,315.23,0,285.21,2,1,7
2026-10-09 18:48:25,30.55,0,284.67,2,0,7
2026-10-09 18:48:25,31.83,0,1.27,2,0,7
2026-10-09 18:48:25,77.3,0,45.48,2,1,8
2026-10-09 18:48:25,30.85,0,46.46,2,0,7
2026-10-09 18:48:25,29.25,0,1.6,2,0,7
2026-10-09 18:48:25,30.55,0,1.3,2,0,7
2026-10-09 18:48:26,30.18,0,0.36,2,0,7
2026-10-09 18:48:26,15.16,0,15.02,2,0,7
2026-10-09 18:48:26,31.25,0,16.09,2,0,6
2026-10-09 18:48:26,15.17,0,16.08,2,0,6
2026-10-09 18:48:26,15.71,0,0.54,2,0,6
2026-10-09 18:48:26,30.67,0,14.97,2,0,6
2026-10-09 18:48:26,30.84,0,0.16,2,0,6
2026-10-09 18:48:27,30.93,0,0.09,2,0,6
2026-10-09 18:48:27,31.68,0,0.75,2,0,6
2026-10-09 18:48:27,30.71,0,0.98,2,0,6
2026-10-09 18:48:27,30.26,0,0.44,2,0,6
2026-10-09 18:48:27,31.23,0,0.96,2,0,6
2026-10-09 18:48:27,31.1,0,0.13,2,0,6
2026-10-09 18:48:27,31.84,0,0.74,2,0,6
2026-10-09 18:48:28,15.45,0,16.39,2,0,5
2026-10-09 18:48:28,61.78,0,46.33,2,1,7
2026-10-09 18:48:28,15.08,0,46.7,2,0,6
2026-10-09 18:48:28,15.4,0,0.32,2,0,6
2026-10-09 18:48:28,15.83,0,0.43,2,0,6
2026-10-09 18:48:28,15.68,0,0.15,2,0,6
2026-10-09 18:48:28,30.94,0,15.26,2,0,6
2026-10-09 18:48:28,30.89,0,0.06,2,0,6
2026-10-09 18:48:29,293.81,0,262.92,2,1,7
2026-10-09 18:48:29,31.62,0,262.19,2,0,7
2026-10-09 18:48:29,30.09,0,1.53,2,0,7
2026-10-09 18:48:29,31.25,0,1.16,2,0,7
2026-10-09 18:48:29,30.4,0,0.84,2,0,7
2026-10-09 18:48:30,342.44,0,312.03,2,2,7
2026-10-09 18:48:30,31.31,0,311.13,2,0,7
2026-10-09 18:48:30,15.91,0,15.39,2,0,7
2026-10-09 18:48:30,92.26,0,76.35,2,1,7
2026-10-09 18:48:30,31.24,0,61.02,2,0,7
2026-10-09 18:48:31,277.72,0,246.47,2,1,6
2026-10-09 18:48:31,30.54,0,247.18,2,0,7
2026-10-09 18:48:31,20.75,0,9.79,2,0,7
2026-10-09 18:48:31,112.46,0,91.71,2,2,7
2026-10-09 18:48:31,15.9,0,96.56,2,0,6
2026-10-09 18:48:32,30.23,0,14.33,2,0,7
2026-10-09 18:48:32,29.82,0,0.41,2,0,7
2026-10-09 18:48:32,15.76,0,14.06,2,0,7
2026-10-09 18:48:32,323.81,0,308.05,2,2,7
2026-10-09 18:48:32,30.71,0,293.09,2,0,7
2026-10-09 18:48:33,321.82,0,291.1,2,2,6
2026-10-09 18:48:33,15.03,0,306.79,2,0,7
2026-10-09 18:48:33,75.97,0,60.94,2,1,7
2026-10-09 18:48:33,16.2,0,59.77,2,0,7
2026-10-09 18:48:33,16.0,0,0.2,2,0,7
2026-10-09 18:48:34,30.62,0,14.62,2,0,7
2026-10-09 18:48:34,29.75,0,0.87,2,0,7
2026-10-09 18:48:34,31.08,0,1.33,2,0,6
2026-10-09 18:48:34,32.23,0,1.15,2,0,6
2026-10-09 18:48:34,31.3,0,0.93,2,0,6
2026-10-09 18:48:34,91.99,0,60.69,2,1,7
2026-10-09 18:48:34,30.19,0,61.8,2,0,6
2026-10-09 18:48:35,31.49,0,1.3,2,0,6
2026-10-09 18:48:35,18.32,0,13.17,2,0,6
2026-10-09 18:48:35,30.5,0,12.18,2,0,6
2026-10-09 18:48:35,31.33,0,0.84,2,0,6
2026-10-09 18:48:35,25.95,0,5.38,2,0,6
2026-10-09 18:48:36,634.55,0,608.6,2,3,6
2026-10-09 18:48:36,31.28,0,603.27,2,0,7
2026-10-09 18:48:36,170.11,0,138.83,2,2,6
2026-10-09 18:48:36,31.05,0,139.07,2,0,7
2026-10-09 18:48:37,94.44,0,63.39,2,1,7
2026-10-09 18:48:37,30.01,0,64.42,2,0,7
2026-10-09 18:48:37,31.18,0,1.17,2,0,7
2026-10-09 18:48:37,30.32,0,0.86,2,0,7
2026-10-09 18:48:38,667.34,0,637.02,2,3,6
2026-10-09 18:48:38,123.51,0,543.83,2,2,7
2026-10-09 18:48:38,30.41,0,93.1,2,0,7
2026-10-09 18:48:38,30.85,0,0.44,2,0,7
2026-10-09 18:48:38,29.82,0,1.02,2,0,7
2026-10-09 18:48:39,30.21,0,0.38,2,0,7
2026-10-09 18:48:39,30.67,0,0.46,2,0,7
2026-10-09 18:48:39,30.76,0,0.1,2,0,7
2026-10-09 18:48:39,30.93,0,0.16,2,0,6
2026-10-09 18:48:39,30.48,0,0.45,2,0,6
2026-10-09 18:48:39,31.22,0,0.74,2,0,6
2026-10-09 18:48:39,30.83,0,0.39,2,0,6
2026-10-09 18:48:40,31.18,0,0.35,2,0,6
2026-10-09 18:48:40,31.94,0,0.76,2,0,6
2026-10-09 18:48:40,30.36,0,1.58,2,0,6
2026-10-09 18:48:40,31.35,0,1.0,2,0,6
2026-10-09 18:48:40,107.87,0,76.51,2,1,7
2026-10-09 18:48:40,30.48,0,77.39,2,0,6
2026-10-09 18:48:41,30.22,0,0.27,2,0,6
2026-10-09 18:48:41,109.01,0,78.8,2,1,7
2026-10-09 18:48:41,30.85,0,78.17,2,0,6
2026-10-09 18:48:41,30.41,0,0.44,2,0,6
2026-10-09 18:48:41,30.36,0,0.05,2,0,6
2026-10-09 18:48:41,30.26,0,0.1,2,0,6
2026-10-09 18:48:42,403.96,0,373.7,2,2,6
2026-10-09 18:48:42,30.47,0,373.5,2,0,7
2026-10-09 18:48:42,31.01,0,0.55,2,0,7
2026-10-09 18:48:42,38.77,0,7.76,2,0,7
2026-10-09 18:48:42,30.45,0,8.32,2,0,7
2026-10-09 18:48:43,30.65,0,0.2,2,0,7
2026-10-09 18:48:43,30.53,0,0.12,2,0,7
2026-10-09 18:48:43,31.12,0,0.59,2,0,7
2026-10-09 18:48:43,388.77,0,357.65,2,3,7
2026-10-09 18:48:44,307.66,0,81.11,2,1,7
2026-10-09 18:48:44,29.13,0,278.53,0,0,8
2026-10-09 18:48:44,31.86,0,2.72,0,0,7
2026-10-09 18:48:44,31.52,0,0.34,0,0,7
2026-10-09 18:48:44,30.59,0,0.93,0,0,8
2026-10-09 18:48:44,31.1,0,0.51,0,0,7
2026-10-09 18:48:45,30.34,0,0.75,0,0,8
2026-10-09 18:48:45,31.09,0,0.74,0,0,7
2026-10-09 18:48:45,14.89,0,16.2,0,0,8
2026-10-09 18:48:45,30.62,0,15.73,0,0,7
2026-10-09 18:48:45,29.94,0,0.68,0,0,7
2026-10-09 18:48:45,30.55,0,0.61,0,0,6
2026-10-09 18:48:45,30.75,0,0.2,0,0,8
2026-10-09 18:48:45,30.47,0,0.29,0,0,8
2026-10-09 18:48:46,31.9,0,1.43,0,0,8
2026-10-09 18:48:46,30.63,0,1.27,0,0,7
2026-10-09 18:48:46,15.03,0,15.6,0,0,7
2026-10-09 18:48:46,30.29,0,15.26,0,0,6
2026-10-09 18:48:46,3.73,0,26.56,0,0,7
2026-10-09 18:48:46,3.78,0,0.05,0,0,8
2026-10-09 18:48:46,30.2,0,26.42,0,0,7
2026-10-09 18:48:47,30.8,0,0.6,0,0,7
2026-10-09 18:48:47,30.88,0,0.08,0,0,7
2026-10-09 18:48:47,3.24,0,27.65,0,0,6
2026-10-09 18:48:47,3.3,0,0.06,0,0,6
2026-10-09 18:48:47,3.76,0,0.46,0,0,7
2026-10-09 18:48:47,3.49,0,0.26,0,0,6
2026-10-09 18:48:47,6.3,0,2.8,0,0,7
2026-10-09 18:48:47,2.84,0,3.46,0,0,6
2026-10-09 18:48:47,3.31,0,0.47,0,0,6
2026-10-09 18:48:48,3.06,0,0.25,0,0,6
2026-10-09 18:48:48,28.68,0,25.62,0,0,6
2026-10-09 18:48:48,32.17,0,3.48,0,0,6
2026-10-09 18:48:48,32.7,0,0.53,0,2,7
2026-10-09 18:48:48,5.07,0,27.63,0,0,8
2026-10-09 18:48:48,4.26,0,0.81,0,0,6
2026-10-09 18:48:48,4.39,0,0.13,0,0,7
2026-10-09 18:48:48,5.36,0,0.97,0,0,6
2026-10-09 18:48:48,3.49,0,1.87,0,0,8
2026-10-09 18:48:49,3.09,0,0.4,0,0,8
2026-10-09 18:48:49,4.47,0,1.38,0,0,8
2026-10-09 18:48:49,3.44,0,1.03,0,0,6
2026-10-09 18:48:49,4.64,0,1.19,0,0,8
2026-10-09 18:48:49,5.72,0,1.08,0,0,6
2026-10-09 18:48:49,4.56,0,1.16,0,0,8
2026-10-09 18:48:49,4.08,0,0.48,0,0,7
2026-10-09 18:48:49,3.9,0,0.18,0,0,6
2026-10-09 18:48:49,4.56,0,0.66,0,0,7
2026-10-09 18:48:50,3.19,0,1.37,0,0,6
2026-10-09 18:48:50,3.71,0,0.52,0,0,6
2026-10-09 18:48:50,5.38,0,1.67,0,0,6
2026-10-09 18:48:50,2.96,0,2.43,0,0,6
2026-10-09 18:48:50,4.06,0,1.1,0,0,8
2026-10-09 18:48:50,5.2,0,1.14,0,0,7
2026-10-09 18:48:50,3.2,0,2.0,0,0,8
2026-10-09 18:48:50,4.48,0,1.28,0,0,7
2026-10-09 18:48:50,4.3,0,0.18,0,0,5
2026-10-09 18:48:51,3.97,0,0.33,0,0,7
2026-10-09 18:48:51,4.1,0,0.13,0,0,6
2026-10-09 18:48:51,5.12,0,1.02,0,0,7
2026-10-09 18:48:51,4.34,0,0.78,0,0,7
2026-10-09 18:48:51,6.24,0,1.9,0,0,8
2026-10-09 18:48:51,4.11,0,2.13,0,0,6
2026-10-09 18:48:51,3.59,0,0.52,0,0,7
2026-10-09 18:48:51,3.44,0,0.15,0,0,8
2026-10-09 18:48:51,4.78,0,1.34,0,0,6
2026-10-09 18:48:51,6.28,0,1.5,0,0,7
2026-10-09 18:48:52,5.08,0,1.2,0,0,8
2026-10-09 18:48:52,4.23,0,0.85,0,0,7
2026-10-09 18:48:52,4.91,0,0.68,0,0,6
2026-10-09 18:48:52,3.41,0,1.5,0,0,8
2026-10-09 18:48:52,5.02,0,1.6,0,0,6
2026-10-09 18:48:52,3.89,0,1.13,0,0,8
2026-10-09 18:48:52,3.65,0,0.24,0,0,7
2026-10-09 18:48:52,4.95,0,1.3,0,0,6
2026-10-09 18:48:52,4.36,0,0.59,0,0,8
2026-10-09 18:48:53,5.32,0,0.96,0,0,7
2026-10-09 18:48:53,4.03,0,1.29,0,0,8
2026-10-09 18:48:53,4.24,0,0.21,0,0,8
2026-10-09 18:48:53,4.5,0,0.26,0,0,6
2026-10-09 18:48:53,3.64,0,0.86,0,0,6
2026-10-09 18:48:53,3.71,0,0.07,0,0,8
2026-10-09 18:48:53,3.4,0,0.31,0,0,7
2026-10-09 18:48:53,4.41,0,1.01,0,0,8
2026-10-09 18:48:53,4.35,0,0.06,0,0,7
2026-10-09 18:48:53,4.6,0,0.25,0,0,6
2026-10-09 18:48:54,4.51,0,0.09,0,0,7
2026-10-09 18:48:54,4.81,0,0.29,0,0,7
2026-10-09 18:48:54,4.33,0,0.47,0,0,8
2026-10-09 18:48:54,5.48,0,1.14,0,0,7
2026-10-09 18:48:54,4.36,0,1.11,0,0,6
2026-10-09 18:48:54,10.0,0,5.64,0,0,6
2026-10-09 18:48:54,7.78,0,2.22,0,0,6
2026-10-09 18:48:54,30.94,0,23.16,0,0,6
2026-10-09 18:48:55,15.84,0,15.1,0,0,5
2026-10-09 18:48:55,12.61,0,3.22,0,0,6
2026-10-09 18:48:55,30.82,0,18.2,0,0,7
2026-10-09 18:48:55,15.73,0,15.09,0,0,6
2026-10-09 18:48:55,31.48,0,15.75,0,1,8
2026-10-09 18:48:55,32.71,0,1.23,0,0,7
2026-10-09 18:48:55,29.72,0,2.99,0,0,8
2026-10-09 18:48:55,32.08,0,2.35,0,0,7
2026-10-09 18:48:56,31.89,0,0.18,0,0,7
2026-10-09 18:48:56,30.78,0,1.12,0,0,7
2026-10-09 18:48:56,30.93,0,0.15,0,0,8
2026-10-09 18:48:56,25.83,0,5.1,0,0,7
2026-10-09 18:48:56,30.76,0,4.93,0,0,6
2026-10-09 18:48:56,31.14,0,0.38,0,0,7
2026-10-09 18:48:56,30.44,0,0.71,0,0,9
2026-10-09 18:48:57,30.75,0,0.32,0,0,7
2026-10-09 18:48:57,15.07,0,15.68,0,0,7
2026-10-09 18:48:57,30.2,0,15.13,0,0,7
2026-10-09 18:48:57,13.96,0,16.25,0,0,7
2026-10-09 18:48:57,30.26,0,16.31,0,0,6
2026-10-09 18:48:57,30.4,0,0.14,0,0,6
2026-10-09 18:48:57,14.99,0,15.41,0,0,5
2026-10-09 18:48:58,31.05,0,16.06,0,0,7
2026-10-09 18:48:58,30.73,0,0.33,0,0,6
2026-10-09 18:48:58,30.41,0,0.32,0,0,8
2026-10-09 18:48:58,15.9,0,14.51,0,0,6
2026-10-09 18:48:58,14.59,0,1.31,0,0,6
2026-10-09 18:48:58,31.74,0,17.15,0,0,8
2026-10-09 18:48:58,30.02,0,1.72,0,0,8
2026-10-09 18:48:58,30.31,0,0.29,0,0,7
2026-10-09 18:48:59,30.4,0,0.09,0,0,6
2026-10-09 18:48:59,29.05,0,1.35,0,0,7
2026-10-09 18:48:59,15.45,0,13.61,0,0,8
2026-10-09 18:48:59,31.53,0,16.09,0,0,8
2026-10-09 18:48:59,8.96,0,22.57,0,0,7
2026-10-09 18:48:59,31.57,0,22.61,0,0,7
2026-10-09 18:48:59,35.48,0,3.91,0,0,6
2026-10-09 18:49:00,15.08,0,20.4,0,0,7
2026-10-09 18:49:00,15.99,0,0.91,0,0,8
2026-10-09 18:49:00,31.21,0,15.22,0,0,6
2026-10-09 18:49:00,31.77,0,0.56,0,0,6
2026-10-09 18:49:00,16.34,0,15.43,0,0,7
2026-10-09 18:49:00,30.95,0,14.61,0,0,6
2026-10-09 18:49:00,30.86,0,0.1,0,0,6
2026-10-09 18:49:00,15.74,0,15.11,0,0,7
2026-10-09 18:49:01,15.56,0,0.19,0,0,7
2026-10-09 18:49:01,30.43,0,14.87,0,0,7
2026-10-09 18:49:01,16.67,0,13.76,0,0,8
2026-10-09 18:49:01,31.1,0,14.43,0,0,7
2026-10-09 18:49:01,30.97,0,0.13,0,0,7
2026-10-09 18:49:01,17.24,0,13.73,0,0,7
2026-10-09 18:49:01,31.24,0,14.0,0,0,6
2026-10-09 18:49:02,30.91,0,0.33,0,0,7
2026-10-09 18:49:02,30.5,0,0.41,0,0,7
2026-10-09 18:49:02,31.46,0,0.96,0,0,7
2026-10-09 18:49:02,15.53,0,15.93,0,0,7
2026-10-09 18:49:02,32.2,0,16.67,0,0,7
2026-10-09 18:49:02,15.9,0,16.3,0,0,6
2026-10-09 18:49:02,16.57,0,0.67,0,0,6
2026-10-09 18:49:02,4.66,0,11.91,0,0,8
2026-10-09 18:49:03,5.94,0,1.28,0,0,6
2026-10-09 18:49:03,30.06,0,24.12,0,1,6
2026-10-09 18:49:03,14.99,0,15.07,0,0,7
2026-10-09 18:49:03,30.71,0,15.72,0,0,7
2026-10-09 18:49:03,16.29,0,14.43,0,0,6
2026-10-09 18:49:03,31.26,0,14.97,0,0,6
2026-10-09 18:49:03,31.57,0,0.31,0,0,8
2026-10-09 18:49:03,29.91,0,1.66,0,0,8
2026-10-09 18:49:04,30.86,0,0.94,0,0,8
2026-10-09 18:49:04,9.77,0,21.08,0,0,8
2026-10-09 18:49:04,30.53,0,20.76,0,0,8
2026-10-09 18:49:04,29.97,0,0.57,0,0,7
2026-10-09 18:49:04,31.69,0,1.72,0,0,7
2026-10-09 18:49:04,31.52,0,0.17,0,0,7
2026-10-09 18:49:04,30.91,0,0.61,0,0,8
2026-10-09 18:49:05,31.27,0,0.36,0,0,7
2026-10-09 18:49:05,30.57,0,0.7,0,0,7
2026-10-09 18:49:05,31.0,0,0.44,0,0,6
2026-10-09 18:49:05,30.58,0,0.42,0,0,7
2026-10-09 18:49:05,31.1,0,0.52,0,0,8
2026-10-09 18:49:05,27.8,0,3.3,0,0,7
2026-10-09 18:49:05,14.78,0,13.02,0,0,8
2026-10-09 18:49:06,30.82,0,16.04,0,0,8
2026-10-09 18:49:06,30.28,0,0.55,0,0,7
2026-10-09 18:49:06,29.79,0,0.48,0,0,8
2026-10-09 18:49:06,30.95,0,1.16,0,0,6
2026-10-09 18:49:06,30.38,0,0.57,0,0,7
2026-10-09 18:49:06,16.03,0,14.35,0,0,7
2026-10-09 18:49:06,30.65,0,14.62,0,0,7
2026-10-09 18:49:06,30.37,0,0.28,0,0,7
2026-10-09 18:49:07,31.51,0,1.14,0,0,8
2026-10-09 18:49:07,15.54,0,15.97,0,0,7
2026-10-09 18:49:07,31.64,0,16.1,0,0,8
2026-10-09 18:49:07,31.5,0,0.14,0,0,5
2026-10-09 18:49:07,30.76,0,0.74,0,0,7
2026-10-09 18:49:07,30.39,0,0.37,0,0,7
2026-10-09 18:49:07,32.89,0,2.5,0,0,7
2026-10-09 18:49:08,16.94,0,15.95,0,0,7
2026-10-09 18:49:08,30.9,0,13.96,0,0,7
2026-10-09 18:49:08,29.35,0,1.55,0,0,6
2026-10-09 18:49:08,31.15,0,1.8,0,0,7
2026-10-09 18:49:08,30.33,0,0.82,0,0,6
2026-10-09 18:49:08,29.73,0,0.59,0,0,7
2026-10-09 18:49:08,31.71,0,1.97,0,0,8
2026-10-09 18:49:09,30.62,0,1.09,0,0,7
2026-10-09 18:49:09,31.2,0,0.58,0,0,6
2026-10-09 18:49:09,32.26,0,1.06,0,0,8
2026-10-09 18:49:09,32.04,0,0.22,0,0,8
2026-10-09 18:49:09,15.83,0,16.21,0,0,7
2026-10-09 18:49:09,32.08,0,16.25,0,0,7
2026-10-09 18:49:09,31.09,0,0.99,0,0,7
2026-10-09 18:49:09,16.0,0,15.09,0,0,6
2026-10-09 18:49:10,15.59,0,0.41,0,0,6
2026-10-09 18:49:10,31.26,0,15.67,0,0,7
2026-10-09 18:49:10,31.03,0,0.23,0,0,7
2026-10-09 18:49:10,30.49,0,0.54,0,0,7
2026-10-09 18:49:10,29.25,0,1.24,0,0,8
2026-10-09 18:49:10,31.45,0,2.2,0,0,8
2026-10-09 18:49:10,31.17,0,0.28,0,0,8
2026-10-09 18:49:11,31.26,0,0.09,0,0,7
2026-10-09 18:49:11,31.07,0,0.19,0,0,7
2026-10-09 18:49:11,30.11,0,0.96,0,0,8
2026-10-09 18:49:11,30.07,0,0.04,0,0,6
2026-10-09 18:49:11,30.6,0,0.53,0,0,8
2026-10-09 18:49:11,29.86,0,0.75,0,0,7
2026-10-09 18:49:11,31.32,0,1.46,0,0,6
2026-10-09 18:49:12,15.3,0,16.02,0,0,8
2026-10-09 18:49:12,31.45,0,16.16,0,0,8
2026-10-09 18:49:12,30.11,0,1.34,0,0,7
2026-10-09 18:49:12,31.4,0,1.28,0,0,8
2026-10-09 18:49:12,30.42,0,0.98,0,0,7
2026-10-09 18:49:12,29.75,0,0.67,0,0,8
2026-10-09 18:49:12,30.44,0,0.69,0,0,7
2026-10-09 18:49:13,14.92,0,15.52,0,0,8
2026-10-09 18:49:13,6.93,0,7.99,0,0,9
2026-10-09 18:49:13,22.17,0,15.25,0,0,7
2026-10-09 18:49:13,30.86,0,8.69,0,0,6
2026-10-09 18:49:13,30.33,0,0.53,0,0,8
2026-10-09 18:49:13,15.69,0,14.64,0,0,7
2026-10-09 18:49:13,30.06,0,14.37,0,0,7
2026-10-09 18:49:13,30.55,0,0.49,0,0,6
2026-10-09 18:49:14,29.95,0,0.6,0,0,7
2026-10-09 18:49:14,30.7,0,0.75,0,0,6
2026-10-09 18:49:14,29.91,0,0.79,3,0,6
2026-10-09 18:49:14,30.67,0,0.76,3,0,6
2026-10-09 18:49:14,15.28,0,15.39,3,0,9
2026-10-09 18:49:14,31.31,0,16.04,3,0,8
2026-10-09 18:49:14,15.07,0,16.25,3,0,7
2026-10-09 18:49:15,29.34,0,14.27,3,0,7
2026-10-09 18:49:15,32.44,0,3.09,3,0,7
2026-10-09 18:49:15,31.3,0,1.14,3,0,7
2026-10-09 18:49:15,30.46,0,0.84,3,0,7
2026-10-09 18:49:15,15.33,0,15.13,3,0,8
2026-10-09 18:49:15,30.17,0,14.84,3,0,8
2026-10-09 18:49:15,30.98,0,0.81,3,0,7
2026-10-09 18:49:15,30.86,0,0.12,3,0,6
2026-10-09 18:49:16,30.82,0,0.05,3,0,7
2026-10-09 18:49:16,31.66,0,0.84,3,0,7
2026-10-09 18:49:16,30.17,0,1.49,3,0,8
2026-10-09 18:49:16,7.06,0,23.11,3,0,6
2026-10-09 18:49:16,14.99,0,7.92,3,0,6
2026-10-09 18:49:16,30.83,0,15.85,3,0,8
2026-10-09 18:49:16,30.3,0,0.54,3,0,6
2026-10-09 18:49:17,31.93,0,1.63,3,0,6
2026-10-09 18:49:17,16.11,0,15.82,3,0,8
2026-10-09 18:49:17,30.93,0,14.82,3,0,7
2026-10-09 18:49:17,31.35,0,0.42,3,0,8
2026-10-09 18:49:17,30.65,0,0.7,3,0,6
2026-10-09 18:49:17,30.02,0,0.64,3,0,7
2026-10-09 18:49:17,31.07,0,1.06,3,0,6
2026-10-09 18:49:18,30.54,0,0.54,3,0,6
2026-10-09 18:49:18,30.15,0,0.39,3,0,8
2026-10-09 18:49:18,30.54,0,0.39,3,0,6
2026-10-09 18:49:18,29.98,0,0.56,3,0,7
2026-10-09 18:49:18,30.47,0,0.49,3,0,7
2026-10-09 18:49:18,31.39,0,0.92,3,0,6
2026-10-09 18:49:18,31.65,0,0.26,3,0,7
2026-10-09 18:49:18,30.65,0,1.0,3,0,7
2026-10-09 18:49:19,31.06,0,0.41,3,0,7
2026-10-09 18:49:19,30.23,0,0.83,3,0,6
2026-10-09 18:49:20,5000.0,1,4969.77,3,1,6
2026-10-09 18:49:21,5000.0,1,0.0,3,1,4
2026-10-09 18:49:22,5000.0,1,0.0,3,2,5
2026-10-09 18:49:23,5000.0,1,0.0,3,0,0
2026-10-09 18:49:24,5000.0,1,0.0,3,1,0
2026-10-09 18:49:25,5000.0,1,0.0,3,0,0
2026-10-09 18:49:27,5000.0,1,0.0,3,0,0
2026-10-09 18:49:28,5000.0,1,0.0,3,1,0
2026-10-09 18:49:29,5000.0,1,0.0,3,0,0
2026-10-09 18:49:30,5000.0,1,0.0,3,0,0
2026-10-09 18:49:31,5000.0,1,0.0,3,0,0
2026-10-09 18:49:32,5000.0,1,0.0,3,0,0
2026-10-09 18:49:33,5000.0,1,0.0,3,0,0
2026-10-09 18:49:34,5000.0,1,0.0,0,0,0
2026-10-09 18:49:35,575.02,0,4424.98,0,2,12
2026-10-09 18:49:35,4.38,0,570.64,0,0,9
2026-10-09 18:49:35,4.79,0,0.41,0,0,8
2026-10-09 18:49:35,5.24,0,0.45,0,0,8
2026-10-09 18:49:35,4.26,0,0.97,0,0,6
2026-10-09 18:49:36,4.76,0,0.5,0,0,8
2026-10-09 18:49:36,5.57,0,0.81,0,0,8
2026-10-09 18:49:36,3.77,0,1.79,0,0,6
2026-10-09 18:49:36,4.8,0,1.03,0,0,7
2026-10-09 18:49:36,4.0,0,0.81,0,0,8
2026-10-09 18:49:36,4.93,0,0.93,0,0,8
2026-10-09 18:49:36,4.31,0,0.62,0,0,7
2026-10-09 18:49:36,5.52,0,1.21,0,0,7
2026-10-09 18:49:36,6.15,0,0.63,0,0,7
2026-10-09 18:49:37,5.35,0,0.8,0,0,9
2026-10-09 18:49:37,4.95,0,0.4,0,0,6
2026-10-09 18:49:37,3.84,0,1.11,0,0,6
2026-10-09 18:49:37,6.86,0,3.02,0,0,8
2026-10-09 18:49:37,4.48,0,2.38,0,0,6
2026-10-09 18:49:37,4.64,0,0.16,0,0,8
2026-10-09 18:49:37,6.42,0,1.78,0,0,8
2026-10-09 18:49:37,5.95,0,0.48,0,0,7
2026-10-09 18:49:37,4.57,0,1.38,0,0,6
2026-10-09 18:49:38,5.42,0,0.86,0,0,7
2026-10-09 18:49:38,3.17,0,2.25,0,0,8
2026-10-09 18:49:38,7.27,0,4.09,0,0,6
2026-10-09 18:49:38,5.04,0,2.22,0,0,6
2026-10-09 18:49:38,5.68,0,0.64,0,0,7
2026-10-09 18:49:38,5.84,0,0.16,0,0,8
2026-10-09 18:49:38,6.11,0,0.27,0,0,5
2026-10-09 18:49:38,6.92,0,0.81,0,0,7
2026-10-09 18:49:38,4.52,0,2.4,0,0,8
2026-10-09 18:49:39,3.91,0,0.61,0,0,6
2026-10-09 18:49:39,3.71,0,0.21,0,0,8
2026-10-09 18:49:39,4.5,0,0.79,0,0,6
2026-10-09 18:49:39,4.85,0,0.35,0,0,8
2026-10-09 18:49:39,3.43,0,1.42,0,0,6
2026-10-09 18:49:39,3.54,0,0.11,0,0,8
2026-10-09 18:49:39,3.87,0,0.33,0,0,7
2026-10-09 18:49:39,3.01,0,0.86,0,0,7
2026-10-09 18:49:39,3.24,0,0.23,0,0,6
2026-10-09 18:49:39,3.95,0,0.71,0,0,6
2026-10-09 18:49:40,4.27,0,0.33,0,0,6
2026-10-09 18:49:40,4.54,0,0.26,0,0,6
2026-10-09 18:49:40,4.63,0,0.09,0,0,7
2026-10-09 18:49:40,4.22,0,0.41,0,0,7
2026-10-09 18:49:40,3.94,0,0.28,0,0,8
2026-10-09 18:49:40,3.4,0,0.54,0,0,5
2026-10-09 18:49:40,4.07,0,0.67,0,0,7
2026-10-09 18:49:40,5.18,0,1.1,0,0,5
2026-10-09 18:49:40,3.97,0,1.2,0,0,8
2026-10-09 18:49:41,3.41,0,0.56,0,0,7
2026-10-09 18:49:41,3.66,0,0.25,0,0,8
2026-10-09 18:49:41,3.65,0,0.01,0,0,9
2026-10-09 18:49:41,4.36,0,0.71,0,0,8
2026-10-09 18:49:41,3.63,0,0.73,0,0,8
2026-10-09 18:49:41,3.7,0,0.07,0,0,6
2026-10-09 18:49:41,2.96,0,0.74,0,0,6
2026-10-09 18:49:41,3.3,0,0.35,0,0,8
2026-10-09 18:49:41,3.76,0,0.46,0,0,7
2026-10-09 18:49:41,4.22,0,0.45,0,0,8
2026-10-09 18:49:42,4.38,0,0.16,0,0,8
2026-10-09 18:49:42,3.84,0,0.54,0,0,6
2026-10-09 18:49:42,4.18,0,0.34,0,0,7
2026-10-09 18:49:42,3.49,0,0.69,0,0,8
2026-10-09 18:49:42,3.93,0,0.44,0,0,8
2026-10-09 18:49:42,2.71,0,1.22,0,0,5
2026-10-09 18:49:42,3.64,0,0.93,0,0,8
2026-10-09 18:49:42,3.61,0,0.03,0,0,7
2026-10-09 18:49:42,4.27,0,0.66,0,0,5
2026-10-09 18:49:43,5.05,0,0.78,0,0,6
2026-10-09 18:49:43,4.82,0,0.23,0,0,8
2026-10-09 18:49:43,4.15,0,0.66,0,0,8
2026-10-09 18:49:43,4.41,0,0.26,0,0,8
2026-10-09 18:49:43,3.54,0,0.87,0,0,5
2026-10-09 18:49:43,4.38,0,0.83,0,0,7
2026-10-09 18:49:43,3.8,0,0.58,0,0,7
2026-10-09 18:49:43,3.34,0,0.46,0,0,5
2026-10-09 18:49:43,3.48,0,0.14,0,0,8
2026-10-09 18:49:43,4.19,0,0.71,0,0,7
2026-10-09 18:49:44,4.26,0,0.07,0,0,7
2026-10-09 18:49:44,3.41,0,0.85,0,0,8
2026-10-09 18:49:44,4.24,0,0.83,0,0,8
2026-10-09 18:49:44,4.52,0,0.28,0,0,6
2026-10-09 18:49:44,2.95,0,1.57,0,0,6
2026-10-09 18:49:44,3.04,0,0.09,0,0,6
2026-10-09 18:49:44,3.52,0,0.48,0,0,7
2026-10-09 18:49:44,3.62,0,0.1,0,0,7
2026-10-09 18:49:44,3.19,0,0.43,0,0,5
2026-10-09 18:49:45,3.64,0,0.45,0,0,7
2026-10-09 18:49:45,3.82,0,0.19,0,0,7
2026-10-09 18:49:45,3.52,0,0.31,0,0,8
2026-10-09 18:49:45,3.95,0,0.43,0,0,8
2026-10-09 18:49:45,4.19,0,0.24,0,0,7
2026-10-09 18:49:45,4.16,0,0.03,0,0,7
2026-10-09 18:49:45,5.43,0,1.27,0,0,8
2026-10-09 18:49:45,4.58,0,0.85,0,0,8
2026-10-09 18:49:45,4.69,0,0.11,0,0,7
2026-10-09 18:49:45,3.86,0,0.83,0,0,8
2026-10-09 18:49:46,4.55,0,0.69,0,0,8
2026-10-09 18:49:46,3.89,0,0.66,0,0,8
2026-10-09 18:49:46,4.51,0,0.63,0,0,8
2026-10-09 18:49:46,3.73,0,0.79,0,0,7
2026-10-09 18:49:46,3.86,0,0.13,0,0,8
2026-10-09 18:49:46,3.61,0,0.25,0,0,5
2026-10-09 18:49:46,3.5,0,0.11,0,0,7
2026-10-09 18:49:46,3.01,0,0.5,0,0,7
2026-10-09 18:49:46,3.89,0,0.89,0,0,6
2026-10-09 18:49:47,3.35,0,0.55,0,0,6
2026-10-09 18:49:47,3.51,0,0.16,0,0,7
2026-10-09 18:49:47,3.36,0,0.14,0,0,6
2026-10-09 18:49:47,4.0,0,0.64,0,0,8
2026-10-09 18:49:47,5.49,0,1.48,0,0,8
2026-10-09 18:49:47,4.92,0,0.56,0,0,8
2026-10-09 18:49:47,5.27,0,0.35,0,0,6
2026-10-09 18:49:47,4.03,0,1.24,0,0,6
2026-10-09 18:49:47,4.48,0,0.46,0,0,6
2026-10-09 18:49:47,3.89,0,0.59,0,0,6
2026-10-09 18:49:48,3.72,0,0.17,0,0,7
2026-10-09 18:49:48,5.47,0,1.76,0,0,7
2026-10-09 18:49:48,4.9,0,0.57,0,0,8
2026-10-09 18:49:48,4.71,0,0.2,0,0,6
2026-10-09 18:49:48,4.64,0,0.06,0,0,6
2026-10-09 18:49:48,3.89,0,0.75,0,0,7
2026-10-09 18:49:48,3.72,0,0.18,0,0,7
2026-10-09 18:49:48,3.51,0,0.21,0,0,5
2026-10-09 18:49:48,4.03,0,0.52,0,0,6
2026-10-09 18:49:49,3.56,0,0.47,0,0,8
2026-10-09 18:49:49,4.18,0,0.62,0,0,7
2026-10-09 18:49:49,4.92,0,0.74,0,0,7
2026-10-09 18:49:49,2.9,0,2.02,0,0,9
2026-10-09 18:49:49,4.26,0,1.36,0,0,6
2026-10-09 18:49:49,4.36,0,0.1,0,0,8
2026-10-09 18:49:49,3.74,0,0.62,0,0,6
2026-10-09 18:49:49,3.63,0,0.11,0,0,6
2026-10-09 18:49:49,3.62,0,0.01,0,0,8
2026-10-09 18:49:50,3.13,0,0.49,0,0,6
2026-10-09 18:49:50,4.3,0,1.17,0,0,8
2026-10-09 18:49:50,4.84,0,0.54,0,0,7
2026-10-09 18:49:50,3.26,0,1.58,0,0,7
2026-10-09 18:49:50,3.78,0,0.53,0,0,5
2026-10-09 18:49:50,4.52,0,0.73,0,0,7
2026-10-09 18:49:50,5.05,0,0.54,0,0,8
2026-10-09 18:49:50,7.0,0,1.94,0,0,7
2026-10-09 18:49:50,4.54,0,2.45,0,0,7
2026-10-09 18:49:50,6.35,0,1.81,0,0,6
2026-10-09 18:49:51,4.18,0,2.17,0,0,8
2026-10-09 18:49:51,3.88,0,0.3,0,0,8
2026-10-09 18:49:51,3.71,0,0.16,0,0,6
2026-10-09 18:49:51,5.86,0,2.15,0,0,6
2026-10-09 18:49:51,4.16,0,1.7,0,0,5
2026-10-09 18:49:51,5.92,0,1.76,0,0,7
2026-10-09 18:49:51,4.28,0,1.64,0,0,6
2026-10-09 18:49:51,3.89,0,0.39,0,0,8
2026-10-09 18:49:51,5.23,0,1.34,0,0,6
2026-10-09 18:49:52,4.82,0,0.41,0,0,7
2026-10-09 18:49:52,5.32,0,0.5,0,0,9
2026-10-09 18:49:52,6.9,0,1.58,0,0,7
2026-10-09 18:49:52,4.62,0,2.27,0,0,7
2026-10-09 18:49:52,5.55,0,0.92,0,0,7
2026-10-09 18:49:52,4.47,0,1.08,0,0,5
2026-10-09 18:49:52,3.77,0,0.7,0,0,6
2026-10-09 18:49:52,6.4,0,2.64,0,0,8
2026-10-09 18:49:52,4.38,0,2.03,0,0,7
2026-10-09 18:49:53,3.81,0,0.57,0,0,6
2026-10-09 18:49:53,4.89,0,1.08,0,0,7
2026-10-09 18:49:53,5.79,0,0.9,0,0,7
2026-10-09 18:49:53,4.17,0,1.62,0,0,8
2026-10-09 18:49:53,7.42,0,3.25,0,0,5
2026-10-09 18:49:53,5.27,0,2.15,0,0,7
2026-10-09 18:49:53,3.49,0,1.78,0,0,6
2026-10-09 18:49:53,3.91,0,0.42,0,0,7
2026-10-09 18:49:53,3.86,0,0.05,0,0,7
2026-10-09 18:49:53,4.51,0,0.64,0,0,7
2026-10-09 18:49:54,5.2,0,0.69,0,0,6
2026-10-09 18:49:54,7.5,0,2.3,0,0,7
2026-10-09 18:49:54,4.84,0,2.66,0,0,8
2026-10-09 18:49:54,4.42,0,0.42,0,0,8
2026-10-09 18:49:54,4.78,0,0.37,0,0,7
2026-10-09 18:49:54,4.27,0,0.51,0,0,8
2026-10-09 18:49:54,13.04,0,8.77,0,0,7
2026-10-09 18:49:54,3.68,0,9.37,0,0,6
2026-10-09 18:49:54,4.67,0,1.0,0,0,6
2026-10-09 18:49:55,3.99,0,0.68,0,0,8
2026-10-09 18:49:55,3.73,0,0.26,0,0,8
2026-10-09 18:49:55,4.01,0,0.28,0,0,8
2026-10-09 18:49:55,3.62,0,0.39,0,0,8
2026-10-09 18:49:55,4.56,0,0.94,0,0,8
2026-10-09 18:49:55,4.09,0,0.47,0,0,8
2026-10-09 18:49:55,2.87,0,1.23,0,0,8
2026-10-09 18:49:55,3.92,0,1.05,0,0,8
2026-10-09 18:49:55,3.75,0,0.16,0,0,7
2026-10-09 18:49:56,4.64,0,0.88,0,0,6
2026-10-09 18:49:56,2.99,0,1.65,0,0,6
2026-10-09 18:49:56,3.08,0,0.09,0,0,6
2026-10-09 18:49:56,3.67,0,0.59,0,0,8
2026-10-09 18:49:56,3.69,0,0.02,0,0,7
2026-10-09 18:49:56,3.92,0,0.23,0,0,9
2026-10-09 18:49:56,3.56,0,0.36,0,0,7
2026-10-09 18:49:56,3.81,0,0.25,0,0,8
2026-10-09 18:49:56,3.76,0,0.05,0,0,7
2026-10-09 18:49:56,3.77,0,0.01,0,0,8
2026-10-09 18:49:57,3.78,0,0.01,0,0,6
2026-10-09 18:49:57,3.73,0,0.05,0,0,6
2026-10-09 18:49:57,3.65,0,0.08,0,0,6
2026-10-09 18:49:57,4.64,0,0.99,0,0,8
2026-10-09 18:49:57,3.95,0,0.68,0,0,6
2026-10-09 18:49:57,3.18,0,0.77,0,0,7
2026-10-09 18:49:57,3.86,0,0.67,0,0,7
2026-10-09 18:49:57,4.18,0,0.33,0,0,5
2026-10-09 18:49:57,3.47,0,0.71,0,0,7
2026-10-09 18:49:58,3.66,0,0.19,0,0,6
2026-10-09 18:49:58,4.23,0,0.57,0,0,9
2026-10-09 18:49:58,3.44,0,0.79,0,0,6
2026-10-09 18:49:58,2.63,0,0.81,0,0,7
2026-10-09 18:49:58,2.87,0,0.24,0,0,8
2026-10-09 18:49:58,3.63,0,0.76,0,0,6
2026-10-09 18:49:58,3.48,0,0.15,0,0,6
2026-10-09 18:49:58,3.8,0,0.32,0,0,8
2026-10-09 18:49:58,3.89,0,0.08,0,0,6
2026-10-09 18:49:58,3.45,0,0.43,0,0,8
2026-10-09 18:49:59,3.49,0,0.04,0,0,6
2026-10-09 18:49:59,4.31,0,0.81,0,0,8
2026-10-09 18:49:59,3.11,0,1.2,0,0,8
2026-10-09 18:49:59,3.59,0,0.48,0,0,9
2026-10-09 18:49:59,2.75,0,0.84,0,0,6
2026-10-09 18:49:59,3.48,0,0.74,0,0,13
2026-10-09 18:49:59,3.29,0,0.2,0,0,9
2026-10-09 18:49:59,3.77,0,0.48,0,0,6
2026-10-09 18:49:59,3.01,0,0.76,0,0,6
2026-10-09 18:50:00,6.9,0,3.89,0,0,7
2026-10-09 18:50:00,3.79,0,3.1,0,0,8
2026-10-09 18:50:00,5.13,0,1.34,0,0,6
2026-10-09 18:50:00,4.18,0,0.95,0,0,7
2026-10-09 18:50:00,4.74,0,0.56,0,0,8
2026-10-09 18:50:00,4.4,0,0.33,0,0,7
2026-10-09 18:50:00,5.76,0,1.36,0,0,7
2026-10-09 18:50:00,7.39,0,1.63,0,0,8
2026-10-09 18:50:00,4.08,0,3.31,0,0,7
2026-10-09 18:50:01,3.74,0,0.34,0,0,6
2026-10-09 18:50:01,8.22,0,4.48,0,0,6
2026-10-09 18:50:01,6.61,0,1.62,0,0,8
2026-10-09 18:50:01,6.83,0,0.23,0,0,8
2026-10-09 18:50:01,6.6,0,0.23,0,0,6
2026-10-09 18:50:01,9.2,0,2.61,0,0,7
2026-10-09 18:50:01,14.65,0,5.44,0,0,7
2026-10-09 18:50:01,9.89,0,4.76,0,0,7
2026-10-09 18:50:01,6.06,0,3.83,0,0,7
2026-10-09 18:50:02,7.07,0,1.01,0,0,8
2026-10-09 18:50:02,13.78,0,6.71,0,0,6
2026-10-09 18:50:02,4.44,0,9.35,0,0,6
2026-10-09 18:50:02,22.85,0,18.41,0,0,7
2026-10-09 18:50:02,30.83,0,7.98,0,0,7
2026-10-09 18:50:02,31.56,0,0.73,0,0,8
2026-10-09 18:50:02,28.35,0,3.2,0,1,7
2026-10-09 18:50:02,29.86,0,1.51,0,0,9
2026-10-09 18:50:03,6.09,0,23.77,0,0,6
2026-10-09 18:50:03,3.54,0,2.55,0,0,6
2026-10-09 18:50:03,21.03,0,17.49,0,0,7
2026-10-09 18:50:03,32.18,0,11.14,0,1,9
2026-10-09 18:50:03,31.53,0,0.65,0,0,8
2026-10-09 18:50:03,16.55,0,14.97,0,0,6
2026-10-09 18:50:03,16.11,0,0.44,0,0,7
2026-10-09 18:50:04,30.91,0,14.8,0,0,7
2026-10-09 18:50:04,15.98,0,14.93,0,0,7
2026-10-09 18:50:04,15.66,0,0.31,0,0,8
2026-10-09 18:50:04,9.39,0,6.28,0,0,7
2026-10-09 18:50:04,309.02,0,299.63,1,2,11
2026-10-09 18:50:05,214.34,0,94.68,1,0,8
2026-10-09 18:50:05,325.28,0,110.95,1,1,9
2026-10-09 18:50:05,336.0,0,10.72,1,2,10
2026-10-09 18:50:06,279.32,0,56.68,1,0,7
2026-10-09 18:50:06,247.95,0,31.37,1,0,9
2026-10-09 18:50:07,277.74,0,29.79,1,1,7
2026-10-09 18:50:07,354.73,0,76.99,1,0,9
2026-10-09 18:50:07,274.72,0,80.01,1,0,7
2026-10-09 18:50:08,349.63,0,74.91,1,1,9
2026-10-09 18:50:08,311.63,0,38.0,1,1,9
2026-10-09 18:50:09,202.18,0,109.45,1,1,9
2026-10-09 18:50:09,356.99,0,154.81,1,1,9
2026-10-09 18:50:10,370.99,0,14.0,1,0,9
2026-10-09 18:50:10,233.04,0,137.95,1,0,8
2026-10-09 18:50:10,311.38,0,78.34,1,0,9
2026-10-09 18:50:11,278.83,0,32.55,1,1,9
2026-10-09 18:50:11,276.06,0,2.77,1,0,8
2026-10-09 18:50:12,356.76,0,80.7,1,0,9
2026-10-09 18:50:12,295.1,0,61.67,1,0,9
2026-10-09 18:50:12,263.6,0,31.5,1,0,10
2026-10-09 18:50:13,276.73,0,13.12,1,0,6
2026-10-09 18:50:13,309.96,0,33.23,1,0,8
2026-10-09 18:50:14,391.78,0,81.82,1,0,6
2026-10-09 18:50:14,373.13,0,18.64,1,0,9
2026-10-09 18:50:15,323.49,0,49.65,1,0,6
2026-10-09 18:50:15,309.51,0,13.97,1,0,6
2026-10-09 18:50:15,367.32,0,57.8,1,0,7
2026-10-09 18:50:16,260.18,0,107.13,1,0,7
2026-10-09 18:50:16,288.98,0,28.8,1,0,8
2026-10-09 18:50:17,235.2,0,53.78,1,0,7
2026-10-09 18:50:17,228.64,0,6.57,1,0,6
2026-10-09 18:50:17,326.96,0,98.32,1,0,9
2026-10-09 18:50:18,247.85,0,79.1,1,0,6
2026-10-09 18:50:18,357.11,0,109.25,1,1,7
2026-10-09 18:50:19,217.11,0,140.0,1,0,7
2026-10-09 18:50:19,248.9,0,31.79,1,0,7
2026-10-09 18:50:19,280.13,0,31.23,1,0,7
2026-10-09 18:50:20,294.73,0,14.6,1,0,9
2026-10-09 18:50:20,331.73,0,37.0,1,0,8
2026-10-09 18:50:21,302.87,0,28.87,1,0,6
2026-10-09 18:50:21,284.78,0,18.08,1,0,6
2026-10-09 18:50:21,251.41,0,33.38,1,0,6
2026-10-09 18:50:22,276.35,0,24.95,1,0,9
2026-10-09 18:50:22,371.0,0,94.65,1,0,8
2026-10-09 18:50:23,249.91,0,121.09,1,0,9
2026-10-09 18:50:23,337.93,0,88.02,1,0,7
2026-10-09 18:50:23,248.49,0,89.44,1,0,8
2026-10-09 18:50:24,310.4,0,61.91,1,0,6
2026-10-09 18:50:24,201.73,0,108.66,1,0,7
2026-10-09 18:50:25,368.09,0,166.35,1,0,6
2026-10-09 18:50:25,324.95,0,43.14,1,0,6
2026-10-09 18:50:25,296.12,0,28.83,1,0,6
2026-10-09 18:50:26,308.46,0,12.34,1,0,7
2026-10-09 18:50:26,264.76,0,43.7,1,0,6
2026-10-09 18:50:27,279.86,0,15.1,1,0,10
2026-10-09 18:50:27,354.36,0,74.51,1,1,8
2026-10-09 18:50:27,293.66,0,60.71,1,1,9
2026-10-09 18:50:28,308.17,0,14.51,1,0,7
2026-10-09 18:50:28,371.73,0,63.56,1,0,6
2026-10-09 18:50:29,433.66,0,61.93,1,0,8
2026-10-09 18:50:29,321.94,0,111.72,1,1,8
2026-10-09 18:50:30,357.76,0,35.82,1,1,8
2026-10-09 18:50:30,341.58,0,16.18,1,1,9
2026-10-09 18:50:31,247.48,0,94.1,1,1,7
2026-10-09 18:50:31,296.12,0,48.64,1,0,8
2026-10-09 18:50:31,276.77,0,19.36,1,0,9
2026-10-09 18:50:32,338.83,0,62.07,1,1,8
2026-10-09 18:50:32,294.04,0,44.79,1,0,7
2026-10-09 18:50:33,215.77,0,78.27,1,0,7
2026-10-09 18:50:33,249.7,0,33.92,1,0,7
2026-10-09 18:50:33,311.07,0,61.37,1,0,9
2026-10-09 18:50:34,353.0,0,41.93,1,0,6
2026-10-09 18:50:34,540.7,0,187.69,0,2,8
2026-10-09 18:50:35,9.63,0,531.06,0,0,8
2026-10-09 18:50:35,5.99,0,3.65,0,0,7
2026-10-09 18:50:35,15.26,0,9.27,0,0,7
2026-10-09 18:50:35,15.87,0,0.61,0,0,8
2026-10-09 18:50:35,7.25,0,8.61,0,0,8
2026-10-09 18:50:35,15.33,0,8.07,0,0,9
2026-10-09 18:50:35,31.35,0,16.02,0,0,8
2026-10-09 18:50:35,30.21,0,1.14,0,0,7
2026-10-09 18:50:36,31.49,0,1.28,0,0,7
2026-10-09 18:50:36,30.08,0,1.41,0,0,8
2026-10-09 18:50:36,30.58,0,0.5,0,0,7
2026-10-09 18:50:36,31.35,0,0.77,0,0,6
2026-10-09 18:50:36,30.95,0,0.4,0,0,8
2026-10-09 18:50:36,15.43,0,15.51,0,0,6
2026-10-09 18:50:36,31.3,0,15.86,0,0,8
2026-10-09 18:50:36,5.24,0,26.06,0,0,7
2026-10-09 18:50:37,32.1,0,26.86,0,0,7
2026-10-09 18:50:37,31.2,0,0.89,0,0,6
2026-10-09 18:50:37,15.69,0,15.51,0,0,6
2026-10-09 18:50:37,32.25,0,16.56,0,0,7
2026-10-09 18:50:37,15.39,0,16.86,0,0,6
2026-10-09 18:50:37,30.5,0,15.11,0,0,8
2026-10-09 18:50:37,29.3,0,1.2,0,0,8
2026-10-09 18:50:38,30.41,0,1.11,0,0,6
2026-10-09 18:50:38,29.97,0,0.44,0,0,7
2026-10-09 18:50:38,31.21,0,1.24,0,0,6
2026-10-09 18:50:38,31.1,0,0.11,0,0,6
2026-10-09 18:50:38,31.34,0,0.23,0,0,7
2026-10-09 18:50:38,30.73,0,0.6,0,0,7
2026-10-09 18:50:38,15.65,0,15.09,0,0,7
2026-10-09 18:50:39,30.35,0,14.7,0,0,7
2026-10-09 18:50:39,18.73,0,11.62,0,0,7
2026-10-09 18:50:39,15.25,0,3.48,0,0,7
2026-10-09 18:50:39,31.49,0,16.24,0,0,8
2026-10-09 18:50:39,15.68,0,15.81,0,0,7
2026-10-09 18:50:39,30.77,0,15.09,0,0,7
2026-10-09 18:50:39,15.68,0,15.08,0,0,7
2026-10-09 18:50:39,31.58,0,15.9,0,0,6
2026-10-09 18:50:40,15.19,0,16.39,0,0,5
2026-10-09 18:50:40,31.07,0,15.88,0,0,7
2026-10-09 18:50:40,29.66,0,1.41,0,0,6
2026-10-09 18:50:40,31.61,0,1.95,0,0,7
2026-10-09 18:50:40,30.99,0,0.62,0,0,7
2026-10-09 18:50:40,30.57,0,0.41,0,0,6
2026-10-09 18:50:40,30.92,0,0.35,0,0,7
2026-10-09 18:50:41,30.92,0,0.0,0,0,7
2026-10-09 18:50:41,3.73,0,27.19,0,0,7
2026-10-09 18:50:41,5.22,0,1.49,0,0,8
2026-10-09 18:50:41,29.97,0,24.75,0,0,7
2026-10-09 18:50:41,31.7,0,1.74,0,0,6
2026-10-09 18:50:41,30.62,0,1.09,0,0,7
2026-10-09 18:50:41,31.3,0,0.69,0,0,6
2026-10-09 18:50:41,21.61,0,9.69,0,0,8
2026-10-09 18:50:42,30.44,0,8.83,0,0,7
2026-10-09 18:50:42,30.4,0,0.04,0,0,8
2026-10-09 18:50:42,30.86,0,0.46,0,0,7
2026-10-09 18:50:42,29.62,0,1.23,0,0,6
2026-10-09 18:50:42,31.22,0,1.6,0,0,6
2026-10-09 18:50:42,30.24,0,0.98,0,0,6
2026-10-09 18:50:42,30.26,0,0.02,0,0,6
2026-10-09 18:50:43,31.31,0,1.04,0,0,7
2026-10-09 18:50:43,19.19,0,12.12,0,0,7
2026-10-09 18:50:43,31.12,0,11.93,0,0,8
2026-10-09 18:50:43,15.5,0,15.62,0,0,8
2026-10-09 18:50:43,30.02,0,14.52,0,0,6
2026-10-09 18:50:43,31.6,0,1.58,0,0,7
2026-10-09 18:50:43,30.87,0,0.73,0,0,8
2026-10-09 18:50:43,30.62,0,0.25,0,0,7
2026-10-09 18:50:44,30.07,0,0.54,0,0,6
2026-10-09 18:50:44,30.52,0,0.44,0,0,7
2026-10-09 18:50:44,31.08,0,0.56,0,0,6
2026-10-09 18:50:44,14.91,0,16.17,0,0,7
2026-10-09 18:50:44,5.32,0,9.59,0,0,6
2026-10-09 18:50:44,26.62,0,21.3,0,0,6
2026-10-09 18:50:44,30.04,0,3.42,0,0,6
2026-10-09 18:50:45,15.48,0,14.56,0,0,7
2026-10-09 18:50:45,31.39,0,15.92,0,0,6
2026-10-09 18:50:45,16.55,0,14.84,0,0,6
2026-10-09 18:50:45,14.18,0,2.37,0,0,7
2026-10-09 18:50:45,16.9,0,2.71,0,0,6
2026-10-09 18:50:45,30.38,0,13.48,0,0,6
2026-10-09 18:50:45,19.79,0,10.6,0,0,7
2026-10-09 18:50:45,17.73,0,2.05,0,0,7
2026-10-09 18:50:46,9.77,0,7.96,0,0,7
2026-10-09 18:50:46,14.47,0,4.7,0,0,6
2026-10-09 18:50:46,9.89,0,4.58,0,0,5
2026-10-09 18:50:46,25.84,0,15.96,0,0,6
2026-10-09 18:50:46,30.32,0,4.48,0,0,8
2026-10-09 18:50:46,30.7,0,0.38,0,0,7
2026-10-09 18:50:46,10.98,0,19.72,0,0,7
2026-10-09 18:50:46,21.02,0,10.05,0,0,7
2026-10-09 18:50:47,16.19,0,4.83,0,0,6
2026-10-09 18:50:47,12.4,0,3.79,0,0,7
2026-10-09 18:50:47,31.49,0,19.09,0,0,7
2026-10-09 18:50:47,19.83,0,11.66,0,0,6
2026-10-09 18:50:47,14.83,0,5.0,0,0,6
2026-10-09 18:50:47,31.62,0,16.79,0,0,7
2026-10-09 18:50:47,11.79,0,19.83,0,0,8
2026-10-09 18:50:47,31.12,0,19.32,0,0,6
2026-10-09 18:50:48,29.65,0,1.47,0,0,8
2026-10-09 18:50:48,27.74,0,1.9,0,0,7
2026-10-09 18:50:48,5.9,0,21.85,0,0,8
2026-10-09 18:50:48,31.09,0,25.19,0,0,6
2026-10-09 18:50:48,31.51,0,0.42,0,0,7
2026-10-09 18:50:48,31.52,0,0.01,0,0,9
2026-10-09 18:50:48,31.21,0,0.31,0,0,8
2026-10-09 18:50:49,31.76,0,0.56,0,0,7
2026-10-09 18:50:49,15.66,0,16.11,0,0,8
2026-10-09 18:50:49,33.65,0,17.99,0,0,7
2026-10-09 18:50:49,6.39,0,27.26,0,0,7
2026-10-09 18:50:49,31.39,0,25.0,0,0,7
2026-10-09 18:50:49,31.02,0,0.37,0,0,9
2026-10-09 18:50:49,30.23,0,0.79,0,0,7
2026-10-09 18:50:50,31.17,0,0.94,0,0,8
2026-10-09 18:50:50,30.98,0,0.19,0,0,7
2026-10-09 18:50:50,30.73,0,0.25,0,0,8
2026-10-09 18:50:50,15.3,0,15.43,0,0,8
2026-10-09 18:50:50,31.75,0,16.45,0,0,7
2026-10-09 18:50:50,31.42,0,0.33,0,0,8
2026-10-09 18:50:50,31.05,0,0.37,0,0,7
2026-10-09 18:50:50,30.75,0,0.3,0,0,6
2026-10-09 18:50:51,30.36,0,0.39,0,0,8
2026-10-09 18:50:51,30.9,0,0.55,0,0,8
2026-10-09 18:50:51,32.49,0,1.58,0,0,6
2026-10-09 18:50:51,31.66,0,0.82,0,0,8
2026-10-09 18:50:51,30.0,0,1.66,0,0,7
2026-10-09 18:50:51,31.85,0,1.85,0,0,8
2026-10-09 18:50:51,30.52,0,1.32,0,0,6
2026-10-09 18:50:52,30.22,0,0.31,0,0,7
2026-10-09 18:50:52,30.68,0,0.46,0,0,8
2026-10-09 18:50:52,31.77,0,1.09,0,0,6
2026-10-09 18:50:52,31.59,0,0.18,0,0,6
2026-10-09 18:50:52,14.83,0,16.75,0,0,7
2026-10-09 18:50:52,31.57,0,16.73,0,0,6
2026-10-09 18:50:52,32.07,0,0.5,0,0,6
2026-10-09 18:50:53,30.92,0,1.15,0,0,8
2026-10-09 18:50:53,31.04,0,0.12,0,0,7
2026-10-09 18:50:53,31.92,0,0.88,0,0,7
2026-10-09 18:50:53,31.25,0,0.67,0,0,8
2026-10-09 18:50:53,29.49,0,1.76,0,0,6
2026-10-09 18:50:53,29.51,0,0.02,0,0,8
2026-10-09 18:50:53,31.36,0,1.85,0,0,6
2026-10-09 18:50:54,31.08,0,0.28,0,0,6
2026-10-09 18:50:54,31.49,0,0.41,0,0,7
2026-10-09 18:50:54,31.92,0,0.43,0,0,6
2026-10-09 18:50:54,32.14,0,0.22,0,0,6
2026-10-09 18:50:54,29.4,0,2.74,0,0,8
2026-10-09 18:50:54,30.1,0,0.7,0,0,7
2026-10-09 18:50:54,16.13,0,13.97,0,0,7
2026-10-09 18:50:55,28.67,0,12.54,0,0,7
2026-10-09 18:50:55,30.84,0,2.17,0,0,8
2026-10-09 18:50:55,30.88,0,0.05,0,0,7
2026-10-09 18:50:55,30.54,0,0.35,0,0,6
2026-10-09 18:50:55,13.08,0,17.46,0,0,7
2026-10-09 18:50:55,30.42,0,17.34,0,0,8
2026-10-09 18:50:55,30.98,0,0.57,0,0,7
2026-10-09 18:50:55,16.04,0,14.94,0,0,7
2026-10-09 18:50:56,31.39,0,15.35,0,0,6
2026-10-09 18:50:56,30.78,0,0.61,0,0,7
2026-10-09 18:50:56,28.91,0,1.87,0,0,8
2026-10-09 18:50:56,29.93,0,1.03,0,0,7
2026-10-09 18:50:56,31.77,0,1.83,0,0,7
2026-10-09 18:50:56,30.59,0,1.18,0,0,7
2026-10-09 18:50:56,31.03,0,0.44,0,0,6
2026-10-09 18:50:57,30.69,0,0.34,0,0,6
2026-10-09 18:50:57,30.89,0,0.21,0,0,8
2026-10-09 18:50:57,30.28,0,0.62,0,0,7
2026-10-09 18:50:57,30.24,0,0.04,0,0,8
2026-10-09 18:50:57,31.12,0,0.88,0,0,7
2026-10-09 18:50:57,15.78,0,15.33,0,0,7
2026-10-09 18:50:57,30.91,0,15.12,0,0,6
2026-10-09 18:50:58,16.05,0,14.86,0,0,7
2026-10-09 18:50:58,30.5,0,14.46,0,0,6
2026-10-09 18:50:58,15.11,0,15.39,0,0,6
2026-10-09 18:50:58,16.77,0,1.66,0,0,6
2026-10-09 18:50:58,31.15,0,14.38,0,0,8
2026-10-09 18:50:58,29.45,0,1.7,0,0,8
2026-10-09 18:50:58,31.23,0,1.78,0,0,6
2026-10-09 18:50:58,30.44,0,0.79,0,0,8
2026-10-09 18:50:59,31.12,0,0.69,0,0,7
2026-10-09 18:50:59,30.39,0,0.74,0,0,8
2026-10-09 18:50:59,31.13,0,0.75,0,0,6
2026-10-09 18:50:59,31.3,0,0.17,0,0,6
2026-10-09 18:50:59,30.84,0,0.45,0,0,7
2026-10-09 18:50:59,15.61,0,15.24,0,0,7
2026-10-09 18:50:59,30.43,0,14.82,0,0,7
2026-10-09 18:51:00,31.18,0,0.75,0,0,7
2026-10-09 18:51:00,29.23,0,1.94,0,0,8
2026-10-09 18:51:00,30.3,0,1.07,0,0,8
2026-10-09 18:51:00,16.16,0,14.14,0,0,6
2026-10-09 18:51:00,30.68,0,14.52,0,0,6
2026-10-09 18:51:00,29.75,0,0.93,0,0,7
2026-10-09 18:51:00,14.42,0,15.33,0,0,6
2026-10-09 18:51:01,30.64,0,16.22,0,0,7
2026-10-09 18:51:01,31.57,0,0.93,0,0,7
2026-10-09 18:51:01,15.06,0,16.51,0,0,8
2026-10-09 18:51:01,16.09,0,1.03,0,0,7
2026-10-09 18:51:01,31.6,0,15.51,0,0,7
2026-10-09 18:51:01,30.15,0,1.44,0,0,7
2026-10-09 18:51:01,31.66,0,1.51,0,0,6
2026-10-09 18:51:01,31.16,0,0.5,0,0,6
2026-10-09 18:51:02,31.34,0,0.18,0,0,6
2026-10-09 18:51:02,31.34,0,0.0,0,0,8
2026-10-09 18:51:02,4.94,0,26.4,0,0,6
2026-10-09 18:51:02,30.72,0,25.78,0,0,8
2026-10-09 18:51:02,14.44,0,16.29,0,0,7
2026-10-09 18:51:02,30.26,0,15.82,0,0,8
2026-10-09 18:51:02,15.94,0,14.32,0,0,6
2026-10-09 18:51:02,31.09,0,15.15,0,0,8
2026-10-09 18:51:03,31.14,0,0.05,0,0,8
2026-10-09 18:51:03,30.46,0,0.68,0,0,7
2026-10-09 18:51:03,30.86,0,0.41,0,0,7
2026-10-09 18:51:03,30.93,0,0.07,0,0,7
2026-10-09 18:51:03,29.76,0,1.17,0,0,6
2026-10-09 18:51:03,15.42,0,14.34,0,0,6
2026-10-09 18:51:03,15.47,0,0.06,0,0,7
2026-10-09 18:51:04,15.31,0,0.16,0,0,6
2026-10-09 18:51:04,15.19,0,0.12,0,0,6
2026-10-09 18:51:04,30.34,0,15.15,0,0,7
2026-10-09 18:51:04,21.87,0,8.47,0,0,6
2026-10-09 18:51:04,31.2,0,9.33,2,0,6
2026-10-09 18:51:04,92.45,0,61.25,2,1,7
2026-10-09 18:51:04,30.55,0,61.9,2,0,6
2026-10-09 18:51:05,92.42,0,61.87,2,1,7
2026-10-09 18:51:05,14.49,0,77.92,2,0,6
2026-10-09 18:51:05,14.71,0,0.22,2,0,6
2026-10-09 18:51:05,295.49,0,280.78,2,1,7
2026-10-09 18:51:05,30.67,0,264.83,2,0,7
2026-10-09 18:51:06,31.62,0,0.96,2,0,7
2026-10-09 18:51:06,31.17,0,0.45,2,0,7
2026-10-09 18:51:06,31.15,0,0.02,2,0,7
2026-10-09 18:51:06,30.77,0,0.38,2,0,7
2026-10-09 18:51:06,15.57,0,15.2,2,0,7
2026-10-09 18:51:06,30.54,0,14.98,2,0,7
2026-10-09 18:51:06,31.09,0,0.55,2,0,7
2026-10-09 18:51:07,88.48,0,57.39,2,1,7
2026-10-09 18:51:07,308.86,0,220.38,2,1,7
2026-10-09 18:51:07,31.26,0,277.6,2,0,7
2026-10-09 18:51:07,30.68,0,0.58,2,0,7
2026-10-09 18:51:07,30.84,0,0.16,2,0,7
2026-10-09 18:51:08,31.79,0,0.95,2,0,7
2026-10-09 18:51:08,31.09,0,0.7,2,0,7
2026-10-09 18:51:08,122.0,0,90.92,2,2,7
2026-10-09 18:51:08,29.21,0,92.8,2,0,7
2026-10-09 18:51:08,30.53,0,1.32,2,0,7
2026-10-09 18:51:08,29.37,0,1.16,2,0,7
2026-10-09 18:51:08,23.55,0,5.82,2,0,7
2026-10-09 18:51:09,31.16,0,7.61,2,0,7
2026-10-09 18:51:09,32.77,0,1.61,2,0,7
2026-10-09 18:51:09,326.04,0,293.28,2,2,6
2026-10-09 18:51:09,32.91,0,293.14,2,0,7
2026-10-09 18:51:09,30.48,0,2.43,2,0,7
2026-10-09 18:51:10,27.61,0,2.87,2,0,7
2026-10-09 18:51:10,136.19,0,108.59,2,2,8
2026-10-09 18:51:10,29.44,0,106.76,2,0,7
2026-10-09 18:51:10,30.01,0,0.57,2,0,7
2026-10-09 18:51:10,30.03,0,0.02,2,0,7
2026-10-09 18:51:10,105.07,0,75.04,2,1,7
2026-10-09 18:51:11,15.78,0,89.29,2,0,7
2026-10-09 18:51:11,32.49,0,16.71,2,0,7
2026-10-09 18:51:11,86.75,0,54.26,2,1,7
2026-10-09 18:51:11,30.46,0,56.29,2,0,6
2026-10-09 18:51:11,23.06,0,7.41,2,0,6
2026-10-09 18:51:11,30.75,0,7.69,2,0,6
2026-10-09 18:51:11,29.5,0,1.25,2,0,6
2026-10-09 18:51:12,529.41,0,499.9,2,3,7
2026-10-09 18:51:12,30.73,0,498.68,2,0,8
2026-10-09 18:51:12,30.29,0,0.44,2,0,7
2026-10-09 18:51:13,92.33,0,62.04,2,1,7
2026-10-09 18:51:13,30.82,0,61.51,2,0,7
2026-10-09 18:51:13,25.59,0,5.22,2,0,7
2026-10-09 18:51:13,109.05,0,83.46,2,1,8
2026-10-09 18:51:13,30.56,0,78.49,2,0,7
2026-10-09 18:51:13,6.32,0,24.24,2,0,7
2026-10-09 18:51:14,61.26,0,54.93,2,2,7
2026-10-09 18:51:14,5.72,0,55.53,2,0,6
2026-10-09 18:51:14,6.3,0,0.58,2,0,6
2026-10-09 18:51:14,5.98,0,0.32,2,0,7
2026-10-09 18:51:14,25.54,0,19.56,2,0,6
2026-10-09 18:51:14,61.0,0,35.46,2,1,6
2026-10-09 18:51:14,82.98,0,21.98,2,1,8
2026-10-09 18:51:15,27.62,0,55.36,2,1,7
2026-10-09 18:51:15,7.26,0,20.36,2,0,7
2026-10-09 18:51:15,7.25,0,0.01,2,0,7
2026-10-09 18:51:15,6.4,0,0.85,2,0,7
2026-10-09 18:51:15,6.74,0,0.34,2,0,7
2026-10-09 18:51:15,5.35,0,1.39,2,0,6
2026-10-09 18:51:15,6.78,0,1.44,2,0,6
2026-10-09 18:51:15,6.36,0,0.43,2,0,6
2026-10-09 18:51:16,235.09,0,228.74,2,2,6
2026-10-09 18:51:16,22.44,0,212.66,2,1,7
2026-10-09 18:51:16,6.02,0,16.42,2,0,6
2026-10-09 18:51:16,6.79,0,0.77,2,0,7
2026-10-09 18:51:16,224.67,0,217.89,2,1,7
2026-10-09 18:51:16,6.52,0,218.15,2,0,6
2026-10-09 18:51:17,27.05,0,20.52,2,2,8
2026-10-09 18:51:17,5.74,0,21.31,2,0,7
2026-10-09 18:51:17,5.81,0,0.08,2,0,7
2026-10-09 18:51:17,6.61,0,0.79,2,0,7
2026-10-09 18:51:17,6.94,0,0.33,2,0,7
2026-10-09 18:51:17,6.41,0,0.52,2,0,7
2026-10-09 18:51:17,7.34,0,0.93,2,0,7
2026-10-09 18:51:17,20.12,0,12.78,2,1,7
2026-10-09 18:51:17,6.89,0,13.23,2,0,6
2026-10-09 18:51:18,708.19,0,701.3,2,3,6
2026-10-09 18:51:18,6.27,0,701.92,2,0,7
2026-10-09 18:51:18,25.54,0,19.27,2,2,6
2026-10-09 18:51:19,6.46,0,19.09,2,0,7
2026-10-09 18:51:19,24.89,0,18.44,2,2,8
2026-10-09 18:51:19,6.13,0,18.76,2,0,7
2026-10-09 18:51:19,6.25,0,0.11,2,0,7
2026-10-09 18:51:19,6.0,0,0.25,2,0,6
2026-10-09 18:51:19,6.98,0,0.98,2,0,7
2026-10-09 18:51:19,223.29,0,216.31,2,1,7
2026-10-09 18:51:20,5.98,0,217.3,2,0,7
2026-10-09 18:51:20,6.33,0,0.35,2,0,7
2026-10-09 18:51:20,19.17,0,12.84,2,1,7
2026-10-09 18:51:20,5.21,0,13.96,2,0,7
2026-10-09 18:51:20,5.78,0,0.58,2,0,7
2026-10-09 18:51:20,6.42,0,0.63,2,0,6
2026-10-09 18:51:20,6.41,0,0.01,2,0,7
2026-10-09 18:51:20,5.41,0,1.0,2,0,7
2026-10-09 18:51:20,6.25,0,0.84,2,0,6
2026-10-09 18:51:21,5.89,0,0.37,2,0,7
2026-10-09 18:51:21,5.68,0,0.2,2,0,6
2026-10-09 18:51:21,6.1,0,0.41,2,0,6
2026-10-09 18:51:21,6.09,0,0.01,2,0,6
2026-10-09 18:51:21,220.73,0,214.64,2,1,7
2026-10-09 18:51:22,219.29,0,1.43,2,1,6
2026-10-09 18:51:22,6.69,0,212.61,2,0,7
2026-10-09 18:51:22,7.08,0,0.39,2,0,7
2026-10-09 18:51:22,6.15,0,0.93,2,0,7
2026-10-09 18:51:22,6.92,0,0.76,2,0,7
2026-10-09 18:51:22,18.92,0,12.0,2,1,7
2026-10-09 18:51:22,7.09,0,11.83,2,0,7
2026-10-09 18:51:22,6.71,0,0.38,2,0,7
2026-10-09 18:51:22,7.21,0,0.5,2,0,7
2026-10-09 18:51:23,6.42,0,0.79,2,0,6
2026-10-09 18:51:23,6.73,0,0.31,2,0,6
2026-10-09 18:51:23,9.64,0,2.91,2,0,6
2026-10-09 18:51:23,19.45,0,9.81,2,1,7
2026-10-09 18:51:23,6.4,0,13.05,2,0,7
2026-10-09 18:51:23,6.78,0,0.38,2,0,7
2026-10-09 18:51:23,6.2,0,0.57,2,0,7
2026-10-09 18:51:23,6.26,0,0.06,2,0,7
2026-10-09 18:51:23,6.48,0,0.22,2,0,7
2026-10-09 18:51:24,6.52,0,0.04,2,0,7
2026-10-09 18:51:24,6.03,0,0.49,2,0,7
2026-10-09 18:51:24,5.83,0,0.2,2,0,6
2026-10-09 18:51:24,6.73,0,0.9,2,0,6
2026-10-09 18:51:24,6.13,0,0.59,2,0,6
2026-10-09 18:51:24,20.89,0,14.75,2,1,7
2026-10-09 18:51:24,51.6,0,30.71,2,2,7
2026-10-09 18:51:24,24.36,0,27.24,2,2,7
2026-10-09 18:51:24,28.99,0,4.64,2,1,7
2026-10-09 18:51:25,5.66,0,23.34,2,0,6
2026-10-09 18:51:25,5.5,0,0.15,2,0,6
2026-10-09 18:51:25,226.95,0,221.45,2,3,6
2026-10-09 18:51:25,19.32,0,207.63,2,1,7
2026-10-09 18:51:25,5.96,0,13.36,2,0,7
2026-10-09 18:51:26,230.7,0,224.74,2,2,8
2026-10-09 18:51:26,5.11,0,225.6,2,0,7
2026-10-09 18:51:26,5.48,0,0.38,2,0,7
2026-10-09 18:51:26,5.3,0,0.18,2,0,7
2026-10-09 18:51:26,5.48,0,0.18,2,0,7
2026-10-09 18:51:26,231.05,0,225.57,2,3,7
2026-10-09 18:51:26,5.33,0,225.72,2,0,7
2026-10-09 18:51:27,5.64,0,0.31,2,0,7
2026-10-09 18:51:27,5.91,0,0.27,2,0,7
2026-10-09 18:51:27,5.21,0,0.7,2,0,7
2026-10-09 18:51:27,5.11,0,0.1,2,0,7
2026-10-09 18:51:27,5.54,0,0.44,2,0,7
2026-10-09 18:51:27,19.17,0,13.63,2,1,7
2026-10-09 18:51:27,5.73,0,13.45,2,0,6
2026-10-09 18:51:27,5.66,0,0.07,2,0,6
2026-10-09 18:51:27,5.82,0,0.15,2,0,6
2026-10-09 18:51:28,5.62,0,0.2,2,0,6
2026-10-09 18:51:29,5000.0,1,4994.38,2,4,6
2026-10-09 18:51:29,424.28,0,4575.72,2,1,6
2026-10-09 18:51:29,6.44,0,417.84,2,0,6
2026-10-09 18:51:29,5.12,0,1.33,2,0,7
2026-10-09 18:51:29,5.94,0,0.82,2,0,7
2026-10-09 18:51:30,6.16,0,0.22,2,0,7
2026-10-09 18:51:30,5.69,0,0.48,2,0,7
2026-10-09 18:51:30,5.5,0,0.19,2,0,7
2026-10-09 18:51:30,6.18,0,0.69,2,0,7
2026-10-09 18:51:30,6.36,0,0.18,2,0,6
2026-10-09 18:51:30,7.56,0,1.2,2,0,6
2026-10-09 18:51:30,6.35,0,1.21,2,0,6
2026-10-09 18:51:30,7.43,0,1.08,2,0,6
2026-10-09 18:51:30,6.84,0,0.59,2,0,5
2026-10-09 18:51:31,6.96,0,0.12,2,0,6
2026-10-09 18:51:31,5.7,0,1.26,2,0,6
2026-10-09 18:51:31,7.24,0,1.55,2,0,7
2026-10-09 18:51:31,6.58,0,0.66,2,0,6
2026-10-09 18:51:31,6.65,0,0.06,2,0,6
2026-10-09 18:51:31,6.53,0,0.12,2,0,6
2026-10-09 18:51:31,7.52,0,0.99,2,0,6
2026-10-09 18:51:31,6.74,0,0.79,2,0,6
2026-10-09 18:51:31,6.3,0,0.44,2,0,6
2026-10-09 18:51:32,227.29,0,220.99,2,2,8
2026-10-09 18:51:32,8.35,0,218.94,2,0,7
2026-10-09 18:51:32,5.96,0,2.38,2,0,7
2026-10-09 18:51:32,6.57,0,0.61,2,0,7
2026-10-09 18:51:32,15.89,0,9.32,2,0,7
2026-10-09 18:51:32,7.67,0,8.23,2,0,7
2026-10-09 18:51:32,8.36,0,0.69,2,0,7
2026-10-09 18:51:33,685.33,0,676.98,2,3,6
2026-10-09 18:51:33,30.66,0,654.68,2,1,6
2026-10-09 18:51:34,89.29,0,58.64,2,1,7
2026-10-09 18:51:34,79.51,0,9.79,2,1,7
2026-10-09 18:51:34,292.35,0,212.84,0,2,6
2026-10-09 18:51:34,32.84,0,259.5,0,0,7
2026-10-09 18:51:34,27.41,0,5.44,0,0,9
2026-10-09 18:51:35,29.06,0,1.65,0,0,8
2026-10-09 18:51:35,30.41,0,1.36,0,0,7
2026-10-09 18:51:35,14.46,0,15.96,0,0,8
2026-10-09 18:51:35,30.55,0,16.1,0,0,7
2026-10-09 18:51:35,29.49,0,1.07,0,0,7
2026-10-09 18:51:35,31.6,0,2.11,0,0,7
2026-10-09 18:51:35,30.5,0,1.09,0,0,7
2026-10-09 18:51:36,31.21,0,0.7,0,0,6
2026-10-09 18:51:36,31.32,0,0.11,0,0,8
2026-10-09 18:51:36,31.0,0,0.32,0,0,7
2026-10-09 18:51:36,30.22,0,0.78,0,0,8
2026-10-09 18:51:36,30.53,0,0.31,0,0,7
2026-10-09 18:51:36,31.4,0,0.87,0,0,6
2026-10-09 18:51:36,15.38,0,16.02,0,0,7
2026-10-09 18:51:37,31.28,0,15.9,0,0,7
2026-10-09 18:51:37,27.92,0,3.36,0,0,8
2026-10-09 18:51:37,32.14,0,4.22,0,0,8
2026-10-09 18:51:37,31.06,0,1.08,0,0,8
2026-10-09 18:51:37,28.33,0,2.73,0,0,8
2026-10-09 18:51:37,30.11,0,1.78,0,0,7
2026-10-09 18:51:37,30.68,0,0.57,0,0,7
2026-10-09 18:51:37,15.96,0,14.73,0,0,7
2026-10-09 18:51:38,21.56,0,5.6,0,0,8
2026-10-09 18:51:38,30.73,0,9.17,0,0,8
2026-10-09 18:51:38,31.21,0,0.48,0,0,7
2026-10-09 18:51:38,28.79,0,2.42,0,0,7
2026-10-09 18:51:38,32.17,0,3.39,0,0,7
2026-10-09 18:51:38,30.95,0,1.23,0,0,6
2026-10-09 18:51:38,31.01,0,0.06,0,0,7
2026-10-09 18:51:39,30.36,0,0.65,0,0,8
2026-10-09 18:51:39,15.87,0,14.49,0,0,7
2026-10-09 18:51:39,14.67,0,1.2,0,0,8
2026-10-09 18:51:39,15.11,0,0.45,0,0,8
2026-10-09 18:51:39,31.15,0,16.04,0,0,7
2026-10-09 18:51:39,29.82,0,1.33,0,0,8
2026-10-09 18:51:39,14.86,0,14.96,0,0,7
2026-10-09 18:51:40,31.42,0,16.56,0,0,7
2026-10-09 18:51:40,30.85,0,0.57,0,0,9
2026-10-09 18:51:40,31.15,0,0.3,0,0,7
2026-10-09 18:51:40,29.75,0,1.4,0,0,7
2026-10-09 18:51:40,30.51,0,0.76,0,0,7
2026-10-09 18:51:40,30.51,0,0.0,0,0,6
2026-10-09 18:51:40,28.47,0,2.04,0,0,7
2026-10-09 18:51:40,12.17,0,16.29,0,0,8
2026-10-09 18:51:41,30.22,0,18.04,0,0,7
2026-10-09 18:51:41,16.36,0,13.85,0,0,7
2026-10-09 18:51:41,29.7,0,13.33,0,0,7
2026-10-09 18:51:41,30.64,0,0.95,0,0,8
2026-10-09 18:51:41,29.13,0,1.52,0,0,7
2026-10-09 18:51:41,31.31,0,2.18,0,0,8
2026-10-09 18:51:41,4.59,0,26.73,0,0,8
2026-10-09 18:51:42,31.52,0,26.93,0,0,6
2026-10-09 18:51:42,15.9,0,15.62,0,0,8
2026-10-09 18:51:42,31.79,0,15.89,0,0,8
2026-10-09 18:51:42,14.35,0,17.45,0,0,7
2026-10-09 18:51:42,16.09,0,1.75,0,0,8
2026-10-09 18:51:42,33.0,0,16.91,0,0,8
2026-10-09 18:51:42,33.36,0,0.37,0,0,8
2026-10-09 18:51:42,27.17,0,6.19,0,0,8
2026-10-09 18:51:43,15.33,0,11.84,0,0,8
2026-10-09 18:51:43,30.43,0,15.1,0,0,9
2026-10-09 18:51:43,30.26,0,0.17,0,0,8
2026-10-09 18:51:43,29.57,0,0.69,0,0,8
2026-10-09 18:51:43,30.77,0,1.2,0,0,6
2026-10-09 18:51:43,31.33,0,0.56,0,0,6
2026-10-09 18:51:43,23.4,0,7.93,0,0,6
2026-10-09 18:51:44,32.06,0,8.66,0,0,7
2026-10-09 18:51:44,31.73,0,0.34,0,0,8
2026-10-09 18:51:44,30.96,0,0.76,0,0,6
2026-10-09 18:51:44,31.38,0,0.41,0,0,6
2026-10-09 18:51:44,29.9,0,1.48,0,0,7
2026-10-09 18:51:44,31.72,0,1.82,0,0,8
2026-10-09 18:51:44,30.87,0,0.85,0,0,7
2026-10-09 18:51:45,31.37,0,0.5,0,0,7
2026-10-09 18:51:45,31.14,0,0.23,0,0,7
2026-10-09 18:51:45,30.8,0,0.34,0,0,8
2026-10-09 18:51:45,31.84,0,1.04,0,0,7
2026-10-09 18:51:45,31.52,0,0.32,0,0,7
2026-10-09 18:51:45,31.22,0,0.3,0,0,7
2026-10-09 18:51:45,30.46,0,0.76,0,0,7
2026-10-09 18:51:46,30.93,0,0.47,0,0,7
2026-10-09 18:51:46,31.35,0,0.42,0,0,6
2026-10-09 18:51:46,31.0,0,0.35,0,0,7
2026-10-09 18:51:46,30.61,0,0.39,0,0,7
2026-10-09 18:51:46,30.28,0,0.32,0,0,8
2026-10-09 18:51:46,30.39,0,0.11,0,0,7
2026-10-09 18:51:46,30.79,0,0.4,0,0,7
2026-10-09 18:51:47,30.69,0,0.1,0,0,7
2026-10-09 18:51:47,30.96,0,0.27,0,0,8
2026-10-09 18:51:47,30.7,0,0.26,0,0,6
2026-10-09 18:51:47,29.9,0,0.8,0,0,7
2026-10-09 18:51:47,32.01,0,2.12,0,0,7
2026-10-09 18:51:47,30.32,0,1.69,0,0,9
2026-10-09 18:51:47,31.23,0,0.91,0,0,7
2026-10-09 18:51:47,20.16,0,11.07,0,0,7
2026-10-09 18:51:48,15.06,0,5.09,0,0,8
2026-10-09 18:51:48,30.19,0,15.12,0,0,7
2026-10-09 18:51:48,31.29,0,1.1,0,0,6
2026-10-09 18:51:48,31.74,0,0.46,0,0,7
2026-10-09 18:51:48,30.99,0,0.75,0,0,8
2026-10-09 18:51:48,31.79,0,0.8,0,0,8
2026-10-09 18:51:48,30.83,0,0.96,0,0,8
2026-10-09 18:51:49,31.22,0,0.39,0,0,8
2026-10-09 18:51:49,30.91,0,0.31,0,0,7
2026-10-09 18:51:49,30.77,0,0.13,0,0,7
2026-10-09 18:51:49,30.92,0,0.15,0,0,8
2026-10-09 18:51:49,30.36,0,0.56,0,0,8
2026-10-09 18:51:49,31.91,0,1.54,0,0,7
2026-10-09 18:51:49,31.34,0,0.57,0,0,8
2026-10-09 18:51:50,30.9,0,0.43,0,0,7
2026-10-09 18:51:50,31.31,0,0.41,0,0,8
2026-10-09 18:51:50,31.51,0,0.2,0,0,8
2026-10-09 18:51:50,7.02,0,24.49,0,0,8
2026-10-09 18:51:50,17.54,0,10.52,0,0,8
2026-10-09 18:51:50,29.6,0,12.06,0,0,8
2026-10-09 18:51:50,31.39,0,1.79,0,0,7
2026-10-09 18:51:50,30.87,0,0.52,0,0,7
2026-10-09 18:51:51,30.99,0,0.12,0,0,6
2026-10-09 18:51:51,30.7,0,0.29,0,0,6
2026-10-09 18:51:51,31.27,0,0.57,0,0,8
2026-10-09 18:51:51,4.98,0,26.29,0,0,8
2026-10-09 18:51:51,15.91,0,10.93,0,0,6
2026-10-09 18:51:51,30.95,0,15.04,0,0,7
2026-10-09 18:51:51,31.78,0,0.83,0,0,8
2026-10-09 18:51:52,31.18,0,0.59,0,0,6
2026-10-09 18:51:52,31.33,0,0.14,0,0,7
2026-10-09 18:51:52,29.97,0,1.36,0,0,7
2026-10-09 18:51:52,31.88,0,1.91,0,0,6
2026-10-09 18:51:52,15.36,0,16.52,0,0,8
2026-10-09 18:51:52,30.77,0,15.41,0,0,8
2026-10-09 18:51:52,30.96,0,0.19,0,0,7
2026-10-09 18:51:53,33.34,0,2.39,0,0,7
2026-10-09 18:51:53,29.97,0,3.37,0,0,7
2026-10-09 18:51:53,31.75,0,1.78,0,0,7
2026-10-09 18:51:53,29.35,0,2.4,0,0,7
2026-10-09 18:51:53,28.47,0,0.88,0,0,7
2026-10-09 18:51:53,31.5,0,3.03,0,0,7
2026-10-09 18:51:53,30.65,0,0.85,0,0,7
2026-10-09 18:51:53,29.51,0,1.14,0,0,7
2026-10-09 18:51:54,31.84,0,2.34,0,0,8
2026-10-09 18:51:54,31.15,0,0.69,0,0,6
2026-10-09 18:51:54,31.16,0,0.01,0,0,6
2026-10-09 18:51:54,33.67,0,2.52,0,0,7
2026-10-09 18:51:54,32.36,0,1.32,0,0,8
2026-10-09 18:51:54,8.56,0,23.8,0,0,5
2026-10-09 18:51:54,29.83,0,21.27,0,0,6
2026-10-09 18:51:55,22.53,0,7.3,0,0,6
2026-10-09 18:51:55,9.22,0,13.3,0,0,5
2026-10-09 18:51:55,135.93,0,126.71,0,0,6
2026-10-09 18:51:55,18.39,0,117.53,0,0,8
2026-10-09 18:51:55,29.62,0,11.23,0,0,8
2026-10-09 18:51:56,127.92,0,98.3,0,0,7
2026-10-09 18:51:56,41.35,0,86.57,0,0,8
2026-10-09 18:51:56,17.69,0,23.66,0,0,7
2026-10-09 18:51:56,18.37,0,0.69,0,0,7
2026-10-09 18:51:56,18.7,0,0.33,0,0,7
2026-10-09 18:51:56,8.83,0,9.87,0,0,6
2026-10-09 18:51:56,31.51,0,22.68,0,0,7
2026-10-09 18:51:57,29.08,0,2.43,0,0,7
2026-10-09 18:51:57,15.95,0,13.13,0,0,8
2026-10-09 18:51:57,31.7,0,15.75,0,0,7
2026-10-09 18:51:57,17.31,0,14.39,0,0,8
2026-10-09 18:51:57,10.49,0,6.83,0,0,7
2026-10-09 18:51:57,32.01,0,21.52,0,0,7
2026-10-09 18:51:57,20.07,0,11.94,0,0,6
2026-10-09 18:51:57,29.84,0,9.78,0,0,8
2026-10-09 18:51:58,36.19,0,6.35,0,0,7
2026-10-09 18:51:58,34.7,0,1.49,0,0,7
2026-10-09 18:51:58,13.36,0,21.35,0,0,5
2026-10-09 18:51:58,15.31,0,1.95,0,0,6
2026-10-09 18:51:58,15.87,0,0.57,0,0,7
2026-10-09 18:51:58,16.0,0,0.13,0,0,7
2026-10-09 18:51:58,14.74,0,1.26,0,0,7
2026-10-09 18:51:58,10.54,0,4.2,0,0,8
2026-10-09 18:51:59,17.04,0,6.5,0,0,7
2026-10-09 18:51:59,19.48,0,2.44,0,0,6
2026-10-09 18:51:59,30.77,0,11.29,0,0,7
2026-10-09 18:51:59,30.19,0,0.58,0,0,8
2026-10-09 18:51:59,32.6,0,2.42,0,0,6
2026-10-09 18:51:59,30.7,0,1.9,0,0,8
2026-10-09 18:51:59,30.88,0,0.18,0,0,8
2026-10-09 18:52:00,40.21,0,9.32,0,0,6
2026-10-09 18:52:00,31.59,0,8.62,0,0,7
2026-10-09 18:52:00,31.52,0,0.07,0,0,6
2026-10-09 18:52:00,25.45,0,6.06,0,0,6
2026-10-09 18:52:00,32.4,0,6.95,0,0,8
2026-10-09 18:52:00,30.21,0,2.19,0,0,8
2026-10-09 18:52:00,37.35,0,7.14,0,0,6
2026-10-09 18:52:01,31.73,0,5.62,0,0,7
2026-10-09 18:52:01,31.58,0,0.15,0,0,6
2026-10-09 18:52:01,31.63,0,0.05,0,0,6
2026-10-09 18:52:01,32.83,0,1.2,0,0,6
2026-10-09 18:52:01,30.84,0,1.99,0,0,6
2026-10-09 18:52:01,21.91,0,8.94,0,0,8
2026-10-09 18:52:01,31.45,0,9.54,0,0,6
2026-10-09 18:52:02,5.69,0,25.77,0,0,7
2026-10-09 18:52:02,31.38,0,25.69,0,0,6
2026-10-09 18:52:02,13.37,0,18.01,0,0,6
2026-10-09 18:52:02,30.83,0,17.47,0,0,6
2026-10-09 18:52:02,18.61,0,12.22,0,0,8
2026-10-09 18:52:02,23.59,0,4.98,0,0,6
2026-10-09 18:52:02,30.53,0,6.94,0,0,6
2026-10-09 18:52:02,20.06,0,10.47,0,0,8
2026-10-09 18:52:03,21.09,0,1.02,0,0,7
2026-10-09 18:52:03,16.15,0,4.94,0,0,8
2026-10-09 18:52:03,31.85,0,15.7,0,0,8
2026-10-09 18:52:03,31.76,0,0.09,0,0,8
2026-10-09 18:52:03,31.31,0,0.45,0,0,7
2026-10-09 18:52:03,31.06,0,0.25,0,0,8
2026-10-09 18:52:03,31.89,0,0.84,0,0,8
2026-10-09 18:52:04,41.96,0,10.07,0,0,6
2026-10-09 18:52:04,29.43,0,12.53,0,0,7
2026-10-09 18:52:04,30.41,0,0.98,0,0,7
2026-10-09 18:52:04,29.97,0,0.45,0,0,6
2026-10-09 18:52:04,8.27,0,21.7,0,0,6
2026-10-09 18:52:04,15.35,0,7.09,3,0,8
2026-10-09 18:52:04,6.04,0,9.31,3,0,7
2026-10-09 18:52:04,15.68,0,9.63,3,0,8
2026-10-09 18:52:05,29.75,0,14.07,3,0,7
2026-10-09 18:52:05,30.41,0,0.67,3,0,8
2026-10-09 18:52:05,31.78,0,1.36,3,0,6
2026-10-09 18:52:05,30.57,0,1.2,3,0,9
2026-10-09 18:52:05,37.74,0,7.17,3,0,7
2026-10-09 18:52:05,16.1,0,21.64,3,0,6
2026-10-09 18:52:05,31.38,0,15.28,3,0,6
2026-10-09 18:52:06,31.32,0,0.06,3,0,7
2026-10-09 18:52:06,31.85,0,0.53,3,0,6
2026-10-09 18:52:06,32.08,0,0.23,3,0,6
2026-10-09 18:52:06,17.83,0,14.25,3,0,7
2026-10-09 18:52:06,15.55,0,2.28,3,0,6
2026-10-09 18:52:06,31.76,0,16.21,3,0,7
2026-10-09 18:52:06,37.88,0,6.12,3,0,6
2026-10-09 18:52:07,26.31,0,11.57,3,0,6
2026-10-09 18:52:07,16.42,0,9.89,3,0,7
2026-10-09 18:52:07,30.14,0,13.73,3,0,6
2026-10-09 18:52:07,30.65,0,0.5,3,0,7
2026-10-09 18:52:07,29.97,0,0.68,3,0,7
2026-10-09 18:52:07,15.58,0,14.39,3,0,8
2026-10-09 18:52:07,30.8,0,15.23,3,0,7
2026-10-09 18:52:08,28.73,0,2.07,3,0,7
2026-10-09 18:52:08,18.9,0,9.84,3,0,8
2026-10-09 18:52:08,30.85,0,11.96,3,0,7
2026-10-09 18:52:08,32.26,0,1.41,3,0,7
2026-10-09 18:52:08,31.07,0,1.19,3,0,8
2026-10-09 18:52:08,36.57,0,5.5,3,0,8
2026-10-09 18:52:08,31.19,0,5.38,3,0,7
2026-10-09 18:52:08,31.43,0,0.24,3,0,8
2026-10-09 18:52:09,30.76,0,0.66,3,0,6
2026-10-09 18:52:09,30.67,0,0.1,3,0,7
2026-10-09 18:52:09,30.5,0,0.17,3,0,7
2026-10-09 18:52:09,16.19,0,14.31,3,0,7
2026-10-09 18:52:09,15.78,0,0.41,3,0,6
2026-10-09 18:52:10,5000.0,1,4984.22,3,3,3
2026-10-09 18:52:11,5000.0,1,0.0,3,1,0
2026-10-09 18:52:13,5000.0,1,0.0,3,1,4
2026-10-09 18:52:14,5000.0,1,0.0,3,1,2
2026-10-09 18:52:15,5000.0,1,0.0,3,1,0
2026-10-09 18:52:16,5000.0,1,0.0,3,1,0
2026-10-09 18:52:17,5000.0,1,0.0,3,0,0
2026-10-09 18:52:18,5000.0,1,0.0,3,1,0
2026-10-09 18:52:19,5000.0,1,0.0,3,1,0
2026-10-09 18:52:20,5000.0,1,0.0,3,0,0
2026-10-09 18:52:21,5000.0,1,0.0,3,0,0
2026-10-09 18:52:23,5000.0,1,0.0,3,0,0
2026-10-09 18:52:24,5000.0,1,0.0,3,1,0
2026-10-09 18:52:25,5000.0,1,0.0,0,0,2
2026-10-09 18:52:26,611.63,0,4388.37,0,2,8
2026-10-09 18:52:26,15.67,0,595.96,0,0,8
2026-10-09 18:52:26,31.41,0,15.74,0,0,8
2026-10-09 18:52:26,31.26,0,0.15,0,0,7
2026-10-09 18:52:26,30.62,0,0.63,0,0,7
2026-10-09 18:52:26,31.15,0,0.53,0,0,8
2026-10-09 18:52:26,14.29,0,16.87,0,0,7
2026-10-09 18:52:27,31.04,0,16.76,0,0,7
2026-10-09 18:52:27,32.07,0,1.03,0,0,7
2026-10-09 18:52:27,15.62,0,16.45,0,0,7
2026-10-09 18:52:27,31.98,0,16.36,0,0,7
2026-10-09 18:52:27,14.93,0,17.05,0,0,5
2026-10-09 18:52:27,14.58,0,0.35,0,0,6
2026-10-09 18:52:27,30.47,0,15.88,0,0,8
2026-10-09 18:52:27,15.91,0,14.55,0,0,6
2026-10-09 18:52:28,32.21,0,16.29,0,0,8
2026-10-09 18:52:28,12.14,0,20.07,0,0,6
2026-10-09 18:52:28,26.11,0,13.97,0,0,9
2026-10-09 18:52:28,30.02,0,3.91,0,0,6
2026-10-09 18:52:28,26.35,0,3.67,0,0,8
2026-10-09 18:52:28,30.79,0,4.43,0,0,7
2026-10-09 18:52:28,23.79,0,6.99,0,0,5
2026-10-09 18:52:29,15.21,0,8.58,0,0,7
2026-10-09 18:52:29,29.92,0,14.71,0,0,6
2026-10-09 18:52:29,16.86,0,13.06,0,0,7
2026-10-09 18:52:29,31.92,0,15.05,0,0,7
2026-10-09 18:52:29,15.64,0,16.27,0,0,6
2026-10-09 18:52:29,30.96,0,15.31,0,0,6
2026-10-09 18:52:29,31.98,0,1.02,0,0,6
2026-10-09 18:52:29,30.65,0,1.33,0,0,7
2026-10-09 18:52:30,32.76,0,2.11,0,0,6
2026-10-09 18:52:30,31.1,0,1.66,0,0,7
2026-10-09 18:52:30,16.23,0,14.87,0,0,6
2026-10-09 18:52:30,30.37,0,14.14,0,0,6
2026-10-09 18:52:30,15.87,0,14.5,0,0,6
2026-10-09 18:52:30,30.55,0,14.68,0,0,8
2026-10-09 18:52:30,30.87,0,0.32,0,0,8
2026-10-09 18:52:31,30.34,0,0.54,0,0,7
2026-10-09 18:52:31,30.04,0,0.3,0,0,6
2026-10-09 18:52:31,30.0,0,0.04,0,0,7
2026-10-09 18:52:31,30.6,0,0.6,0,0,7
2026-10-09 18:52:31,30.53,0,0.07,0,0,7
2026-10-09 18:52:31,21.27,0,9.27,0,0,6
2026-10-09 18:52:31,15.67,0,5.59,0,0,7
2026-10-09 18:52:31,24.33,0,8.65,0,0,6
2026-10-09 18:52:32,28.31,0,3.99,0,0,7
2026-10-09 18:52:32,32.18,0,3.87,0,0,6
2026-10-09 18:52:32,30.0,0,2.18,0,0,7
2026-10-09 18:52:32,30.47,0,0.47,0,0,7
2026-10-09 18:52:32,30.25,0,0.21,0,0,8
2026-10-09 18:52:32,14.97,0,15.29,0,0,7
2026-10-09 18:52:32,13.29,0,1.68,0,0,8
2026-10-09 18:52:33,27.67,0,14.39,0,0,8
2026-10-09 18:52:33,30.84,0,3.16,0,0,7
2026-10-09 18:52:33,18.46,0,12.37,0,0,8
2026-10-09 18:52:33,30.66,0,12.2,0,0,7
2026-10-09 18:52:33,32.76,0,2.1,0,0,8
2026-10-09 18:52:33,13.56,0,19.19,0,0,7
2026-10-09 18:52:33,32.68,0,19.12,0,0,6
2026-10-09 18:52:34,31.21,0,1.48,0,0,7
2026-10-09 18:52:34,15.66,0,15.55,0,0,7
2026-10-09 18:52:34,31.14,0,15.48,0,0,8
2026-10-09 18:52:34,30.77,0,0.37,0,0,8
2026-10-09 18:52:34,30.94,0,0.18,0,0,8
2026-10-09 18:52:34,30.58,0,0.36,0,0,7
2026-10-09 18:52:34,26.23,0,4.36,0,0,8
2026-10-09 18:52:34,31.19,0,4.97,0,0,7
2026-10-09 18:52:35,30.2,0,0.99,0,0,7
2026-10-09 18:52:35,32.17,0,1.97,0,0,8
2026-10-09 18:52:35,30.47,0,1.7,0,0,6
2026-10-09 18:52:35,30.52,0,0.05,0,0,6
2026-10-09 18:52:35,30.32,0,0.2,0,0,7
2026-10-09 18:52:35,30.26,0,0.06,0,0,8
2026-10-09 18:52:35,31.24,0,0.98,0,0,8
2026-10-09 18:52:36,32.49,0,1.26,0,0,7
2026-10-09 18:52:36,27.51,0,4.99,0,0,6
2026-10-09 18:52:36,30.84,0,3.34,0,0,7
2026-10-09 18:52:36,22.13,0,8.71,0,0,6
2026-10-09 18:52:36,16.38,0,5.75,0,0,9
2026-10-09 18:52:36,16.26,0,0.12,0,0,6
2026-10-09 18:52:36,73.83,0,57.57,0,1,8
2026-10-09 18:52:37,30.32,0,43.51,0,0,7
2026-10-09 18:52:37,30.94,0,0.62,0,0,7
2026-10-09 18:52:37,31.52,0,0.58,0,0,7
2026-10-09 18:52:37,32.51,0,0.99,0,0,6
2026-10-09 18:52:37,30.82,0,1.69,0,0,7
2026-10-09 18:52:37,30.95,0,0.13,0,0,6
2026-10-09 18:52:37,31.77,0,0.82,0,0,7
2026-10-09 18:52:38,26.65,0,5.12,0,0,7
2026-10-09 18:52:38,16.06,0,10.59,0,0,7
2026-10-09 18:52:38,22.12,0,6.06,0,0,7
2026-10-09 18:52:38,18.57,0,3.55,0,0,7
2026-10-09 18:52:38,10.89,0,7.67,0,0,6
2026-10-09 18:52:38,23.62,0,12.72,0,0,7
2026-10-09 18:52:38,31.47,0,7.85,0,0,6
2026-10-09 18:52:39,31.5,0,0.04,0,0,7
2026-10-09 18:52:39,31.98,0,0.48,0,0,7
2026-10-09 18:52:39,30.71,0,1.27,0,0,6
2026-10-09 18:52:39,5.37,0,25.34,0,0,6
2026-10-09 18:52:39,15.43,0,10.05,0,0,6
2026-10-09 18:52:39,14.34,0,1.08,0,0,7
2026-10-09 18:52:39,30.87,0,16.53,0,0,7
2026-10-09 18:52:39,14.87,0,16.0,0,0,7
2026-10-09 18:52:40,15.57,0,0.7,0,0,6
2026-10-09 18:52:40,30.96,0,15.38,0,0,7
2026-10-09 18:52:40,30.84,0,0.12,0,0,7
2026-10-09 18:52:40,33.93,0,3.09,0,0,6
2026-10-09 18:52:40,33.16,0,0.76,0,0,8
2026-10-09 18:52:40,16.94,0,16.23,0,0,6
2026-10-09 18:52:40,30.94,0,14.0,0,0,6
2026-10-09 18:52:41,30.63,0,0.31,0,0,6
2026-10-09 18:52:41,31.58,0,0.94,0,0,6
2026-10-09 18:52:41,15.84,0,15.73,0,0,6
2026-10-09 18:52:41,40.81,0,24.97,0,0,8
2026-10-09 18:52:41,30.22,0,10.59,0,0,6
2026-10-09 18:52:41,30.54,0,0.32,0,0,7
2026-10-09 18:52:41,30.85,0,0.31,0,0,8
2026-10-09 18:52:41,31.37,0,0.52,0,0,8
2026-10-09 18:52:42,31.96,0,0.59,0,0,8
2026-10-09 18:52:42,15.64,0,16.32,0,0,8
2026-10-09 18:52:42,30.44,0,14.8,0,0,9
2026-10-09 18:52:42,30.67,0,0.23,0,0,8
2026-10-09 18:52:42,31.51,0,0.84,0,0,8
2026-10-09 18:52:42,31.68,0,0.17,0,0,8
2026-10-09 18:52:42,31.44,0,0.24,0,0,7
2026-10-09 18:52:43,34.5,0,3.05,0,0,7
2026-10-09 18:52:43,30.76,0,3.74,0,0,7
2026-10-09 18:52:43,30.35,0,0.41,0,0,7
2026-10-09 18:52:43,31.79,0,1.44,0,0,8
2026-10-09 18:52:43,42.37,0,10.59,0,0,8
2026-10-09 18:52:43,29.96,0,12.41,0,0,7
2026-10-09 18:52:43,31.09,0,1.13,0,0,7
2026-10-09 18:52:44,35.05,0,3.96,0,0,6
2026-10-09 18:52:44,24.31,0,10.74,0,0,6
2026-10-09 18:52:44,15.35,0,8.96,0,0,8
2026-10-09 18:52:44,30.52,0,15.17,0,0,7
2026-10-09 18:52:44,19.77,0,10.75,0,0,6
2026-10-09 18:52:44,31.56,0,11.79,0,0,7
2026-10-09 18:52:44,30.21,0,1.35,0,0,6
2026-10-09 18:52:45,22.1,0,8.11,0,0,7
2026-10-09 18:52:45,31.97,0,9.86,0,0,6
2026-10-09 18:52:45,30.99,0,0.98,0,0,6
2026-10-09 18:52:45,30.39,0,0.59,0,0,9
2026-10-09 18:52:45,15.26,0,15.13,0,0,7
2026-10-09 18:52:45,31.89,0,16.63,0,0,6
2026-10-09 18:52:45,30.53,0,1.35,0,0,7
2026-10-09 18:52:45,30.79,0,0.26,0,0,8
2026-10-09 18:52:46,31.37,0,0.58,0,0,7
2026-10-09 18:52:46,32.49,0,1.11,0,0,7
2026-10-09 18:52:46,32.01,0,0.48,0,0,8
2026-10-09 18:52:46,31.78,0,0.23,0,0,7
2026-10-09 18:52:46,30.05,0,1.73,0,0,7
2026-10-09 18:52:46,30.72,0,0.67,0,0,6
2026-10-09 18:52:46,30.91,0,0.19,0,0,8
2026-10-09 18:52:47,30.85,0,0.06,0,0,7
2026-10-09 18:52:47,16.44,0,14.41,0,0,6
2026-10-09 18:52:47,30.96,0,14.52,0,0,6
2026-10-09 18:52:47,32.32,0,1.36,0,0,7
2026-10-09 18:52:47,30.37,0,1.95,0,0,8
2026-10-09 18:52:47,30.36,0,0.01,0,0,8
2026-10-09 18:52:47,30.05,0,0.32,0,0,7
2026-10-09 18:52:48,14.95,0,15.09,0,0,8
2026-10-09 18:52:48,15.39,0,0.44,0,0,8
2026-10-09 18:52:48,15.5,0,0.11,0,0,6
2026-10-09 18:52:48,15.73,0,0.23,0,0,7
2026-10-09 18:52:48,15.13,0,0.6,0,0,7
2026-10-09 18:52:48,9.39,0,5.74,0,0,7
2026-10-09 18:52:48,8.12,0,1.27,0,0,7
2026-10-09 18:52:48,14.65,0,6.53,0,0,7
2026-10-09 18:52:49,17.7,0,3.06,0,0,7
2026-10-09 18:52:49,31.74,0,14.04,0,0,7
2026-10-09 18:52:49,13.69,0,18.05,0,0,6
2026-10-09 18:52:49,8.88,0,4.81,0,0,8
2026-10-09 18:52:49,7.81,0,1.07,0,0,8
2026-10-09 18:52:49,15.57,0,7.76,0,0,7
2026-10-09 18:52:49,15.46,0,0.11,0,0,6
2026-10-09 18:52:49,12.94,0,2.51,0,0,6
2026-10-09 18:52:50,9.51,0,3.43,0,0,7
2026-10-09 18:52:50,67.76,0,58.25,0,1,7
2026-10-09 18:52:50,15.94,0,51.82,0,0,8
2026-10-09 18:52:50,14.09,0,1.85,0,0,6
2026-10-09 18:52:50,10.03,0,4.06,0,0,7
2026-10-09 18:52:50,31.78,0,21.74,0,0,7
2026-10-09 18:52:50,16.4,0,15.38,0,0,8
2026-10-09 18:52:50,15.69,0,0.71,0,0,7
2026-10-09 18:52:51,11.52,0,4.18,0,0,7
2026-10-09 18:52:51,14.81,0,3.29,0,0,6
2026-10-09 18:52:51,30.15,0,15.34,0,0,7
2026-10-09 18:52:51,31.73,0,1.58,0,1,7
2026-10-09 18:52:51,30.48,0,1.25,0,0,7
2026-10-09 18:52:51,29.5,0,0.97,0,0,7
2026-10-09 18:52:51,32.29,0,2.79,0,0,7
2026-10-09 18:52:52,22.27,0,10.02,0,0,6
2026-10-09 18:52:52,30.71,0,8.44,0,0,8
2026-10-09 18:52:52,31.74,0,1.03,0,0,8
2026-10-09 18:52:52,31.36,0,0.38,0,0,8
2026-10-09 18:52:52,5.84,0,25.53,0,0,8
2026-10-09 18:52:52,30.0,0,24.16,0,0,7
2026-10-09 18:52:52,31.9,0,1.9,0,0,8
2026-10-09 18:52:53,31.87,0,0.03,0,0,7
2026-10-09 18:52:53,29.81,0,2.06,0,0,7
2026-10-09 18:52:53,31.55,0,1.74,0,0,6
2026-10-09 18:52:53,30.33,0,1.22,0,0,6
2026-10-09 18:52:53,38.02,0,7.69,0,0,6
2026-10-09 18:52:53,4.08,0,33.93,0,0,7
2026-10-09 18:52:53,30.12,0,26.04,0,0,7
2026-10-09 18:52:53,30.67,0,0.55,0,0,7
2026-10-09 18:52:54,15.34,0,15.34,0,0,9
2026-10-09 18:52:54,3.35,0,11.99,0,0,7
2026-10-09 18:52:54,31.41,0,28.06,0,0,7
2026-10-09 18:52:54,3.56,0,27.85,0,0,6
2026-10-09 18:52:54,4.7,0,1.13,0,0,7
2026-10-09 18:52:54,15.09,0,10.4,0,0,6
2026-10-09 18:52:54,32.27,0,17.18,0,0,8
2026-10-09 18:52:54,30.55,0,1.72,0,0,7
2026-10-09 18:52:55,214.97,0,184.42,1,0,7
2026-10-09 18:52:55,331.51,0,116.54,1,0,9
2026-10-09 18:52:56,314.97,0,16.54,1,0,7
2026-10-09 18:52:56,260.63,0,54.34,1,2,8
2026-10-09 18:52:56,280.26,0,19.63,1,1,9
2026-10-09 18:52:57,315.54,0,35.28,1,0,8
2026-10-09 18:52:57,253.1,0,62.44,1,0,9
2026-10-09 18:52:58,298.55,0,45.45,1,0,8
2026-10-09 18:52:58,285.89,0,12.65,1,0,9
2026-10-09 18:52:58,342.78,0,56.89,1,0,8
2026-10-09 18:52:59,301.21,0,41.57,1,1,8
2026-10-09 18:52:59,294.43,0,6.78,1,1,9
2026-10-09 18:53:00,318.54,0,24.11,1,0,9
2026-10-09 18:53:00,328.08,0,9.54,1,0,6
2026-10-09 18:53:00,257.45,0,70.63,1,0,9
2026-10-09 18:53:01,305.6,0,48.15,1,0,6
2026-10-09 18:53:01,352.55,0,46.96,1,0,6
2026-10-09 18:53:02,279.0,0,73.56,1,0,9
2026-10-09 18:53:02,318.19,0,39.2,1,0,6
2026-10-09 18:53:03,419.8,0,101.61,1,0,6
2026-10-09 18:53:03,347.07,0,72.73,1,0,6
2026-10-09 18:53:04,284.66,0,62.41,1,0,7
2026-10-09 18:53:04,288.36,0,3.7,1,1,8
2026-10-09 18:53:04,262.45,0,25.92,1,0,10
2026-10-09 18:53:05,270.32,0,7.88,1,0,6
2026-10-09 18:53:05,345.18,0,74.85,1,0,7
2026-10-09 18:53:06,357.61,0,12.44,1,1,9
2026-10-09 18:53:06,328.93,0,28.68,1,0,9
2026-10-09 18:53:07,312.2,0,16.74,1,0,6
2026-10-09 18:53:07,237.93,0,74.27,1,0,9
2026-10-09 18:53:07,248.72,0,10.79,1,0,6
2026-10-09 18:53:08,235.44,0,13.28,1,0,8
2026-10-09 18:53:08,302.25,0,66.81,1,0,7
2026-10-09 18:53:08,298.87,0,3.39,1,0,8
2026-10-09 18:53:09,228.08,0,70.79,1,0,6
2026-10-09 18:53:09,226.14,0,1.94,1,1,6
2026-10-09 18:53:10,384.61,0,158.47,1,0,9
2026-10-09 18:53:10,230.43,0,154.18,1,0,7
2026-10-09 18:53:10,336.28,0,105.85,1,0,10
2026-10-09 18:53:11,225.19,0,111.09,1,1,8
2026-10-09 18:53:11,292.55,0,67.36,1,0,9
2026-10-09 18:53:11,326.06,0,33.51,1,1,8
2026-10-09 18:53:12,276.26,0,49.8,1,1,9
2026-10-09 18:53:12,372.77,0,96.51,1,0,7
2026-10-09 18:53:13,260.04,0,112.73,1,0,9
2026-10-09 18:53:13,310.54,0,50.5,1,0,7
2026-10-09 18:53:14,287.95,0,22.59,1,0,6
2026-10-09 18:53:14,326.56,0,38.61,1,1,8
2026-10-09 18:53:14,301.36,0,25.2,1,0,8
2026-10-09 18:53:15,335.82,0,34.45,1,0,6
2026-10-09 18:53:15,306.29,0,29.52,1,1,8
2026-10-09 18:53:16,262.85,0,43.45,1,0,10
2026-10-09 18:53:16,264.11,0,1.26,1,1,9
2026-10-09 18:53:16,250.8,0,13.3,1,0,7
2026-10-09 18:53:17,357.95,0,107.14,1,0,9
2026-10-09 18:53:17,241.71,0,116.24,1,0,7
2026-10-09 18:53:18,295.19,0,53.47,1,0,6
2026-10-09 18:53:18,382.62,0,87.44,1,1,9
2026-10-09 18:53:19,404.39,0,21.76,1,1,8
2026-10-09 18:53:19,232.05,0,172.34,1,0,9
2026-10-09 18:53:19,194.38,0,37.66,1,1,7
2026-10-09 18:53:20,200.61,0,6.22,1,0,6
2026-10-09 18:53:20,281.13,0,80.52,1,0,6
2026-10-09 18:53:20,308.6,0,27.47,1,0,7
2026-10-09 18:53:21,354.96,0,46.37,1,0,8
2026-10-09 18:53:21,260.51,0,94.45,1,0,6
2026-10-09 18:53:21,186.93,0,73.58,1,0,6
2026-10-09 18:53:22,359.76,0,172.82,1,0,6
2026-10-09 18:53:22,262.86,0,96.9,1,0,6
2026-10-09 18:53:23,287.68,0,24.82,1,1,8
2026-10-09 18:53:23,252.48,0,35.21,1,0,7
2026-10-09 18:53:23,270.72,0,18.24,1,0,9
2026-10-09 18:53:24,278.3,0,7.58,1,1,8
2026-10-09 18:53:24,233.1,0,45.2,1,0,10
2026-10-09 18:53:25,639.61,0,406.51,0,2,8
2026-10-09 18:53:25,31.07,0,608.54,0,0,7
2026-10-09 18:53:25,15.13,0,15.94,0,0,8
2026-10-09 18:53:25,31.88,0,16.75,0,0,7
2026-10-09 18:53:25,30.54,0,1.34,0,0,7
2026-10-09 18:53:26,30.51,0,0.03,0,0,7
2026-10-09 18:53:26,30.39,0,0.12,0,0,9
2026-10-09 18:53:26,30.7,0,0.31,0,0,7
2026-10-09 18:53:26,32.98,0,2.28,0,0,8
2026-10-09 18:53:26,30.82,0,2.16,0,0,6
2026-10-09 18:53:26,30.92,0,0.1,0,0,7
2026-10-09 18:53:26,31.47,0,0.55,0,0,8
2026-10-09 18:53:27,31.22,0,0.25,0,0,7
2026-10-09 18:53:27,31.08,0,0.14,0,0,6
2026-10-09 18:53:27,31.21,0,0.14,0,0,6
2026-10-09 18:53:27,30.44,0,0.77,0,0,6
2026-10-09 18:53:27,30.79,0,0.35,0,0,7
2026-10-09 18:53:27,30.83,0,0.04,0,0,6
2026-10-09 18:53:27,30.58,0,0.25,0,0,8
2026-10-09 18:53:28,31.72,0,1.14,0,0,6
2026-10-09 18:53:28,30.83,0,0.89,0,0,7
2026-10-09 18:53:28,31.26,0,0.43,0,0,7
2026-10-09 18:53:28,30.16,0,1.1,0,0,7
2026-10-09 18:53:28,30.07,0,0.09,0,0,6
2026-10-09 18:53:28,30.72,0,0.65,0,0,7
2026-10-09 18:53:28,30.59,0,0.13,0,0,6
2026-10-09 18:53:29,29.7,0,0.89,0,0,7
2026-10-09 18:53:29,30.92,0,1.22,0,0,6
2026-10-09 18:53:29,30.88,0,0.04,0,0,7
2026-10-09 18:53:29,30.46,0,0.42,0,0,6
2026-10-09 18:53:29,31.22,0,0.76,0,0,7
2026-10-09 18:53:29,31.36,0,0.14,0,0,6
2026-10-09 18:53:29,35.1,0,3.74,0,0,6
2026-10-09 18:53:30,30.05,0,5.05,0,0,6
2026-10-09 18:53:30,30.27,0,0.21,0,0,8
2026-10-09 18:53:30,30.17,0,0.09,0,0,6
2026-10-09 18:53:30,30.73,0,0.55,0,0,7
2026-10-09 18:53:30,19.1,0,11.63,0,0,8
2026-10-09 18:53:30,29.88,0,10.78,0,0,7
2026-10-09 18:53:30,31.03,0,1.15,0,0,7
2026-10-09 18:53:31,30.86,0,0.17,0,0,7
2026-10-09 18:53:31,30.91,0,0.06,0,0,8
2026-10-09 18:53:31,32.09,0,1.18,0,0,7
2026-10-09 18:53:31,39.29,0,7.2,0,0,7
2026-10-09 18:53:31,42.36,0,3.07,0,0,9
2026-10-09 18:53:31,39.87,0,2.49,0,0,7
2026-10-09 18:53:31,30.29,0,9.58,0,0,6
2026-10-09 18:53:32,30.4,0,0.1,0,0,7
2026-10-09 18:53:32,30.88,0,0.48,0,0,6
2026-10-09 18:53:32,30.97,0,0.09,0,0,6
2026-10-09 18:53:32,17.2,0,13.77,0,0,7
2026-10-09 18:53:32,45.17,0,27.97,0,0,7
2026-10-09 18:53:32,31.0,0,14.17,0,0,7
2026-10-09 18:53:32,31.02,0,0.01,0,0,6
2026-10-09 18:53:32,31.39,0,0.38,0,0,6
2026-10-09 18:53:33,31.0,0,0.39,0,0,8
2026-10-09 18:53:33,37.73,0,6.73,0,0,7
2026-10-09 18:53:33,30.66,0,7.07,0,0,7
2026-10-09 18:53:33,35.19,0,4.53,0,0,8
2026-10-09 18:53:33,21.53,0,13.66,0,0,9
2026-10-09 18:53:33,3.63,0,17.9,0,0,6
2026-10-09 18:53:33,15.07,0,11.43,0,0,8
2026-10-09 18:53:34,20.22,0,5.16,0,0,7
2026-10-09 18:53:34,31.64,0,11.41,0,0,7
2026-10-09 18:53:34,30.98,0,0.66,0,0,7
2026-10-09 18:53:34,30.52,0,0.46,0,0,8
2026-10-09 18:53:34,15.48,0,15.04,0,0,7
2026-10-09 18:53:34,16.07,0,0.59,0,0,6
2026-10-09 18:53:34,14.95,0,1.11,0,0,7
2026-10-09 18:53:34,14.87,0,0.09,0,0,6
2026-10-09 18:53:35,16.77,0,1.91,0,0,7
2026-10-09 18:53:35,15.7,0,1.07,0,0,6
2026-10-09 18:53:35,16.08,0,0.38,0,0,6
2026-10-09 18:53:35,15.04,0,1.04,0,0,8
2026-10-09 18:53:35,15.01,0,0.02,0,0,7
2026-10-09 18:53:35,15.56,0,0.55,0,0,7
2026-10-09 18:53:35,16.17,0,0.6,0,0,7
2026-10-09 18:53:35,15.12,0,1.05,0,0,8
2026-10-09 18:53:36,5.06,0,10.06,0,0,8
2026-10-09 18:53:36,15.34,0,10.28,0,0,8
2026-10-09 18:53:36,31.13,0,15.79,0,1,7
2026-10-09 18:53:36,15.31,0,15.82,0,0,8
2026-10-09 18:53:36,29.46,0,14.15,0,0,7
2026-10-09 18:53:36,30.54,0,1.08,0,0,8
2026-10-09 18:53:36,31.29,0,0.75,0,0,7
2026-10-09 18:53:37,32.31,0,1.02,0,0,7
2026-10-09 18:53:37,30.85,0,1.46,0,0,7
2026-10-09 18:53:37,31.55,0,0.7,0,0,8
2026-10-09 18:53:37,31.6,0,0.05,0,0,8
2026-10-09 18:53:37,29.66,0,1.93,0,0,8
2026-10-09 18:53:37,16.07,0,13.59,0,0,6
2026-10-09 18:53:37,31.33,0,15.26,0,0,7
2026-10-09 18:53:37,32.02,0,0.69,0,0,7
2026-10-09 18:53:38,16.47,0,15.55,0,0,6
2026-10-09 18:53:38,30.2,0,13.73,0,0,9
2026-10-09 18:53:38,31.18,0,0.98,0,0,8
2026-10-09 18:53:38,15.4,0,15.78,0,0,8
2026-10-09 18:53:38,20.8,0,5.39,0,0,7
2026-10-09 18:53:38,29.9,0,9.1,0,0,6
2026-10-09 18:53:38,30.6,0,0.7,0,0,7
2026-10-09 18:53:39,34.62,0,4.02,0,0,6
2026-10-09 18:53:39,42.51,0,7.9,0,0,7
2026-10-09 18:53:39,29.82,0,12.69,0,0,7
2026-10-09 18:53:39,14.97,0,14.85,0,0,7
2026-10-09 18:53:39,25.42,0,10.45,0,0,8
2026-10-09 18:53:39,30.51,0,5.09,0,0,7
2026-10-09 18:53:39,30.25,0,0.26,0,0,7
2026-10-09 18:53:40,44.27,0,14.02,0,0,6
2026-10-09 18:53:40,30.61,0,13.65,0,0,6
2026-10-09 18:53:40,30.34,0,0.27,0,0,7
2026-10-09 18:53:40,31.11,0,0.76,0,0,8
2026-10-09 18:53:40,26.27,0,4.84,0,0,8
2026-10-09 18:53:40,30.58,0,4.31,0,0,7
2026-10-09 18:53:40,30.49,0,0.09,0,0,8
2026-10-09 18:53:41,31.43,0,0.94,0,0,7
2026-10-09 18:53:41,29.88,0,1.55,0,0,8
2026-10-09 18:53:41,30.68,0,0.8,0,0,7
2026-10-09 18:53:41,15.49,0,15.19,0,0,7
2026-10-09 18:53:41,30.46,0,14.97,0,0,8
2026-10-09 18:53:41,31.14,0,0.67,0,0,7
2026-10-09 18:53:41,31.67,0,0.53,0,0,8
2026-10-09 18:53:42,30.31,0,1.36,0,0,6
2026-10-09 18:53:42,30.67,0,0.37,0,0,7
2026-10-09 18:53:42,29.85,0,0.82,0,0,7
2026-10-09 18:53:42,31.85,0,1.99,0,0,7
2026-10-09 18:53:42,28.12,0,3.73,0,0,7
2026-10-09 18:53:42,31.64,0,3.52,0,0,8
2026-10-09 18:53:42,30.89,0,0.75,0,0,7
2026-10-09 18:53:42,15.64,0,15.25,0,0,7
2026-10-09 18:53:43,30.46,0,14.82,0,0,6
2026-10-09 18:53:43,31.24,0,0.78,0,0,8
2026-10-09 18:53:43,41.3,0,10.06,0,0,7
2026-10-09 18:53:43,30.32,0,10.98,0,0,8
2026-10-09 18:53:43,30.79,0,0.47,0,0,7
2026-10-09 18:53:43,34.6,0,3.8,0,0,7
2026-10-09 18:53:43,30.81,0,3.79,0,0,6
2026-10-09 18:53:44,8.83,0,21.98,0,0,7
2026-10-09 18:53:44,39.12,0,30.29,0,0,7
2026-10-09 18:53:44,30.09,0,9.02,0,0,7
2026-10-09 18:53:44,15.51,0,14.58,0,0,7
2026-10-09 18:53:44,15.45,0,0.07,0,0,8
2026-10-09 18:53:44,30.51,0,15.07,0,0,8
2026-10-09 18:53:44,31.35,0,0.83,0,0,6
2026-10-09 18:53:45,30.23,0,1.11,0,0,8
2026-10-09 18:53:45,3.04,0,27.19,0,0,8
2026-10-09 18:53:45,15.57,0,12.52,0,0,8
2026-10-09 18:53:45,32.87,0,17.3,0,0,8
2026-10-09 18:53:45,15.62,0,17.25,0,0,7
2026-10-09 18:53:45,15.06,0,0.56,0,0,7
2026-10-09 18:53:45,15.77,0,0.7,0,0,8
2026-10-09 18:53:45,30.7,0,14.93,0,0,8
2026-10-09 18:53:46,30.88,0,0.18,0,0,8
2026-10-09 18:53:46,15.28,0,15.6,0,0,6
2026-10-09 18:53:46,16.04,0,0.76,0,0,8
2026-10-09 18:53:46,15.46,0,0.58,0,0,6
2026-10-09 18:53:46,15.05,0,0.41,0,0,7
2026-10-09 18:53:46,15.19,0,0.13,0,0,7
2026-10-09 18:53:46,15.45,0,0.26,0,0,8
2026-10-09 18:53:46,30.32,0,14.88,0,0,8
2026-10-09 18:53:47,31.22,0,0.9,0,0,8
2026-10-09 18:53:47,30.17,0,1.05,0,0,8
2026-10-09 18:53:47,31.14,0,0.97,0,0,8
2026-10-09 18:53:47,31.32,0,0.18,0,0,7
2026-10-09 18:53:47,30.24,0,1.07,0,0,8
2026-10-09 18:53:47,33.83,0,3.59,0,0,8
2026-10-09 18:53:47,30.66,0,3.17,0,0,8
2026-10-09 18:53:48,15.28,0,15.38,0,0,7
2026-10-09 18:53:48,37.23,0,21.95,0,0,7
2026-10-09 18:53:48,30.83,0,6.4,0,0,8
2026-10-09 18:53:48,30.32,0,0.51,0,0,9
2026-10-09 18:53:48,15.89,0,14.43,0,0,8
2026-10-09 18:53:48,9.9,0,5.99,0,0,6
2026-10-09 18:53:48,15.78,0,5.87,0,0,6
2026-10-09 18:53:49,16.12,0,0.35,0,0,6
2026-10-09 18:53:49,15.25,0,0.87,0,0,8
2026-10-09 18:53:49,14.9,0,0.35,0,0,6
2026-10-09 18:53:49,30.83,0,15.93,0,0,8
2026-10-09 18:53:49,30.39,0,0.44,0,0,7
2026-10-09 18:53:49,31.03,0,0.64,0,0,7
2026-10-09 18:53:49,32.5,0,1.47,0,0,7
2026-10-09 18:53:49,31.27,0,1.23,0,0,6
2026-10-09 18:53:50,30.16,0,1.11,0,0,7
2026-10-09 18:53:50,30.85,0,0.69,0,0,7
2026-10-09 18:53:50,30.48,0,0.37,0,0,7
2026-10-09 18:53:50,30.93,0,0.45,0,0,9
2026-10-09 18:53:50,31.31,0,0.39,0,0,7
2026-10-09 18:53:50,30.37,0,0.94,0,0,6
2026-10-09 18:53:50,30.67,0,0.3,0,0,7
2026-10-09 18:53:51,33.27,0,2.6,0,0,7
2026-10-09 18:53:51,33.43,0,0.16,0,0,6
2026-10-09 18:53:51,31.87,0,1.56,0,0,7
2026-10-09 18:53:51,29.71,0,2.17,0,0,8
2026-10-09 18:53:51,29.73,0,0.02,0,0,6
2026-10-09 18:53:51,14.88,0,14.85,0,0,6
2026-10-09 18:53:51,31.34,0,16.45,0,0,6
2026-10-09 18:53:52,15.01,0,16.32,0,0,7
2026-10-09 18:53:52,31.25,0,16.23,0,0,7
2026-10-09 18:53:52,31.2,0,0.05,0,0,7
2026-10-09 18:53:52,41.32,0,10.12,0,0,8
2026-10-09 18:53:52,31.51,0,9.81,0,0,6
2026-10-09 18:53:52,30.31,0,1.2,0,0,8
2026-10-09 18:53:52,30.95,0,0.64,0,0,6
2026-10-09 18:53:53,30.86,0,0.08,0,0,6
2026-10-09 18:53:53,30.45,0,0.41,0,0,7
2026-10-09 18:53:53,30.58,0,0.13,0,0,8
2026-10-09 18:53:53,30.89,0,0.31,0,0,6
2026-10-09 18:53:53,44.34,0,13.45,0,0,7
2026-10-09 18:53:53,30.0,0,14.35,0,0,8
2026-10-09 18:53:53,31.0,0,1.0,0,0,7
2026-10-09 18:53:54,38.65,0,7.65,0,0,8
2026-10-09 18:53:54,30.12,0,8.52,0,0,8
2026-10-09 18:53:54,31.32,0,1.2,0,0,8
2026-10-09 18:53:54,30.75,0,0.58,0,0,8
2026-10-09 18:53:54,31.3,0,0.56,0,0,7
2026-10-09 18:53:54,30.98,0,0.32,0,0,8
2026-10-09 18:53:54,20.17,0,10.82,0,0,8
2026-10-09 18:53:54,30.95,0,10.78,0,0,8
2026-10-09 18:53:55,31.71,0,0.76,2,0,6
2026-10-09 18:53:55,96.58,0,64.87,2,1,7
2026-10-09 18:53:55,31.16,0,65.42,2,0,6
2026-10-09 18:53:55,31.14,0,0.01,2,0,6
2026-10-09 18:53:55,31.32,0,0.18,2,0,6
2026-10-09 18:53:55,31.4,0,0.08,2,0,6
2026-10-09 18:53:56,30.76,0,0.64,2,0,6
2026-10-09 18:53:56,96.77,0,66.01,2,1,7
2026-10-09 18:53:56,125.87,0,29.1,2,1,8
2026-10-09 18:53:56,30.36,0,95.51,2,0,7
2026-10-09 18:53:56,77.86,0,47.51,2,1,7
2026-10-09 18:53:56,30.54,0,47.32,2,0,7
2026-10-09 18:53:57,30.36,0,0.18,2,0,7
2026-10-09 18:53:57,31.73,0,1.37,2,0,7
2026-10-09 18:53:57,30.47,0,1.26,2,0,7
2026-10-09 18:53:57,30.98,0,0.51,2,0,7
2026-10-09 18:53:57,373.93,0,342.95,2,2,6
2026-10-09 18:53:58,366.42,0,7.51,2,2,6
2026-10-09 18:53:58,155.89,0,210.53,2,3,8
2026-10-09 18:53:58,29.82,0,126.07,2,0,8
2026-10-09 18:53:59,30.51,0,0.69,2,0,7
2026-10-09 18:53:59,23.65,0,6.86,2,0,7
2026-10-09 18:53:59,125.52,0,101.87,2,2,8
2026-10-09 18:53:59,30.78,0,94.74,2,0,7
2026-10-09 18:53:59,16.09,0,14.69,2,0,7
2026-10-09 18:53:59,21.77,0,5.68,2,0,7
2026-10-09 18:53:59,30.44,0,8.68,2,0,7
2026-10-09 18:54:00,30.91,0,0.47,2,0,7
2026-10-09 18:54:00,30.98,0,0.06,2,0,7
2026-10-09 18:54:00,31.87,0,0.9,2,0,7
2026-10-09 18:54:00,31.46,0,0.41,2,0,6
2026-10-09 18:54:00,30.5,0,0.96,2,0,6
2026-10-09 18:54:00,30.68,0,0.18,2,0,6
2026-10-09 18:54:00,30.61,0,0.07,2,0,6
2026-10-09 18:54:01,30.77,0,0.16,2,0,6
2026-10-09 18:54:01,31.41,0,0.64,2,0,6
2026-10-09 18:54:01,31.31,0,0.09,2,0,6
2026-10-09 18:54:01,30.75,0,0.57,2,0,6
2026-10-09 18:54:01,36.1,0,5.36,2,0,6
2026-10-09 18:54:01,108.5,0,72.4,2,1,7
2026-10-09 18:54:01,31.58,0,76.93,2,0,6
2026-10-09 18:54:02,21.7,0,9.87,2,0,6
2026-10-09 18:54:02,30.47,0,8.76,2,0,6
2026-10-09 18:54:02,30.64,0,0.17,2,0,6
2026-10-09 18:54:03,639.67,0,609.03,2,3,6
2026-10-09 18:54:04,5000.0,1,4360.33,2,3,6
2026-10-09 18:54:05,892.49,0,4107.51,2,1,6
2026-10-09 18:54:05,31.98,0,860.51,2,0,7
2026-10-09 18:54:05,77.81,0,45.83,2,1,7
2026-10-09 18:54:05,328.46,0,250.65,2,1,6
2026-10-09 18:54:06,29.99,0,298.47,2,0,7
2026-10-09 18:54:06,30.54,0,0.55,2,0,7
2026-10-09 18:54:06,30.9,0,0.36,2,0,7
2026-10-09 18:54:06,21.48,0,9.43,2,0,7
2026-10-09 18:54:06,25.23,0,3.75,2,0,7
2026-10-09 18:54:06,77.59,0,52.36,2,1,7
2026-10-09 18:54:06,31.38,0,46.2,2,0,7
2026-10-09 18:54:07,31.23,0,0.16,2,0,7
2026-10-09 18:54:07,30.22,0,1.01,2,0,6
2026-10-09 18:54:07,30.82,0,0.61,2,0,6
2026-10-09 18:54:07,29.99,0,0.84,2,0,6
2026-10-09 18:54:07,15.23,0,14.76,2,0,6
2026-10-09 18:54:07,31.65,0,16.42,2,0,6
2026-10-09 18:54:07,29.74,0,1.91,2,0,6
2026-10-09 18:54:08,31.6,0,1.86,2,0,6
2026-10-09 18:54:08,15.08,0,16.52,2,0,6
2026-10-09 18:54:08,31.47,0,16.39,2,0,6
2026-10-09 18:54:08,31.96,0,0.49,2,0,6
2026-10-09 18:54:08,30.22,0,1.74,2,0,6
2026-10-09 18:54:08,30.53,0,0.3,2,0,6
2026-10-09 18:54:09,305.16,0,274.63,2,2,7
2026-10-09 18:54:09,31.13,0,274.03,2,0,7
2026-10-09 18:54:09,78.41,0,47.28,2,1,7
2026-10-09 18:54:09,27.99,0,50.42,2,0,7
2026-10-09 18:54:09,31.33,0,3.35,2,0,7
2026-10-09 18:54:09,30.69,0,0.65,2,0,7
2026-10-09 18:54:10,30.76,0,0.07,2,0,7
2026-10-09 18:54:10,341.67,0,310.92,2,2,8
2026-10-09 18:54:11,418.16,0,76.49,2,3,6
2026-10-09 18:54:11,15.85,0,402.3,2,0,7
2026-10-09 18:54:11,16.13,0,0.28,2,0,7
2026-10-09 18:54:11,263.54,0,247.41,2,1,6
2026-10-09 18:54:11,15.56,0,247.98,2,0,7
2026-10-09 18:54:11,16.11,0,0.55,2,0,7
2026-10-09 18:54:12,15.15,0,0.95,2,0,7
2026-10-09 18:54:12,60.93,0,45.78,2,1,6
2026-10-09 18:54:12,30.88,0,30.05,2,0,7
2026-10-09 18:54:12,30.21,0,0.66,2,0,7
2026-10-09 18:54:12,30.21,0,0.0,2,0,7
2026-10-09 18:54:13,334.64,0,304.43,2,2,8
2026-10-09 18:54:13,34.13,0,300.51,2,0,7
2026-10-09 18:54:13,30.23,0,3.9,2,0,7
2026-10-09 18:54:13,31.6,0,1.37,2,0,7
2026-10-09 18:54:13,31.68,0,0.08,2,0,7
2026-10-09 18:54:13,15.45,0,16.23,2,0,7
2026-10-09 18:54:13,31.86,0,16.41,2,0,7
2026-10-09 18:54:14,37.16,0,5.3,2,0,7
2026-10-09 18:54:14,30.72,0,6.44,2,0,6
2026-10-09 18:54:14,542.43,0,511.72,2,3,6
2026-10-09 18:54:14,30.79,0,511.64,2,0,7
2026-10-09 18:54:15,31.7,0,0.91,2,0,7
2026-10-09 18:54:15,30.9,0,0.8,2,0,7
2026-10-09 18:54:15,30.92,0,0.02,2,0,7
2026-10-09 18:54:15,77.5,0,46.58,2,1,7
2026-10-09 18:54:15,30.1,0,47.4,2,0,7
2026-10-09 18:54:15,29.97,0,0.13,2,0,7
2026-10-09 18:54:16,29.88,0,0.09,2,0,7
2026-10-09 18:54:16,29.36,0,0.52,2,0,6
2026-10-09 18:54:16,94.69,0,65.33,2,1,7
2026-10-09 18:54:16,33.76,0,60.94,2,0,6
2026-10-09 18:54:16,30.67,0,3.09,2,0,6
2026-10-09 18:54:16,30.4,0,0.26,2,0,6
2026-10-09 18:54:16,30.99,0,0.59,2,0,6
2026-10-09 18:54:17,29.35,0,1.64,2,0,6
2026-10-09 18:54:17,30.04,0,0.69,2,0,6
2026-10-09 18:54:17,15.44,0,14.6,2,0,5
2026-10-09 18:54:17,31.09,0,15.65,2,0,6
2026-10-09 18:54:17,32.26,0,1.17,2,0,6
2026-10-09 18:54:17,30.61,0,1.65,2,0,6
2026-10-09 18:54:17,29.49,0,1.12,2,0,6
2026-10-09 18:54:18,31.87,0,2.38,2,0,6
2026-10-09 18:54:18,31.65,0,0.21,2,0,6
2026-10-09 18:54:18,30.74,0,0.91,2,0,6
2026-10-09 18:54:18,29.79,0,0.95,2,0,6
2026-10-09 18:54:18,15.54,0,14.25,2,0,6
2026-10-09 18:54:18,279.69,0,264.14,2,1,6
2026-10-09 18:54:19,30.89,0,248.8,2,0,7
2026-10-09 18:54:19,31.53,0,0.64,2,0,7
2026-10-09 18:54:19,31.15,0,0.37,2,0,7
2026-10-09 18:54:19,30.58,0,0.58,2,0,7
2026-10-09 18:54:19,31.01,0,0.43,2,0,7
2026-10-09 18:54:19,30.37,0,0.63,2,0,7
2026-10-09 18:54:20,5000.0,1,4969.63,2,3,6
2026-10-09 18:54:21,681.67,0,4318.33,2,1,8
2026-10-09 18:54:21,30.15,0,651.52,2,0,7
2026-10-09 18:54:21,30.1,0,0.05,2,0,7
2026-10-09 18:54:22,30.96,0,0.86,2,0,7
2026-10-09 18:54:22,31.49,0,0.53,2,0,7
2026-10-09 18:54:22,99.04,0,67.55,2,1,8
2026-10-09 18:54:22,30.2,0,68.84,2,0,7
2026-10-09 18:54:22,14.95,0,15.24,2,0,7
2026-10-09 18:54:22,31.13,0,16.17,2,0,7
2026-10-09 18:54:23,15.42,0,15.71,2,0,5
2026-10-09 18:54:23,31.66,0,16.24,2,0,6
2026-10-09 18:54:23,31.31,0,0.35,2,0,6
2026-10-09 18:54:23,18.13,0,13.18,2,0,6
2026-10-09 18:54:23,33.17,0,15.04,2,0,6
2026-10-09 18:54:23,19.29,0,13.88,2,0,6
2026-10-09 18:54:23,32.22,0,12.93,2,0,6
2026-10-09 18:54:23,31.19,0,1.03,2,0,6
2026-10-09 18:54:24,92.12,0,60.94,2,1,7
2026-10-09 18:54:24,31.56,0,60.56,2,0,6
2026-10-09 18:54:24,15.1,0,16.46,2,0,6
2026-10-09 18:54:24,32.09,0,17.0,2,0,6
2026-10-09 18:54:24,14.3,0,17.79,2,0,6
2026-10-09 18:54:24,29.7,0,15.39,2,0,6
2026-10-09 18:54:24,15.83,0,13.86,2,0,6
2026-10-09 18:54:25,10.99,0,4.85,2,0,6
2026-10-09 18:54:25,33.94,0,22.95,0,0,6
2026-10-09 18:54:25,30.7,0,3.24,0,0,7
2026-10-09 18:54:25,32.04,0,1.34,0,0,9
2026-10-09 18:54:25,30.17,0,1.87,0,0,6
2026-10-09 18:54:25,30.34,0,0.17,0,0,7
2026-10-09 18:54:25,30.53,0,0.2,0,0,6
2026-10-09 18:54:26,34.16,0,3.63,0,0,7
2026-10-09 18:54:26,31.16,0,3.0,0,0,9
2026-10-09 18:54:26,30.22,0,0.94,0,0,8
2026-10-09 18:54:26,30.51,0,0.3,0,0,7
2026-10-09 18:54:26,16.6,0,13.91,0,0,6
2026-10-09 18:54:26,23.94,0,7.33,0,0,7
2026-10-09 18:54:26,15.33,0,8.61,0,0,7
2026-10-09 18:54:26,16.77,0,1.44,0,0,7
2026-10-09 18:54:27,29.37,0,12.6,0,0,7
2026-10-09 18:54:27,31.6,0,2.23,0,0,7
2026-10-09 18:54:27,14.57,0,17.03,0,0,7
2026-10-09 18:54:27,30.93,0,16.35,0,0,7
2026-10-09 18:54:27,29.45,0,1.47,0,0,6
2026-10-09 18:54:27,10.31,0,19.14,0,0,6
2026-10-09 18:54:27,18.19,0,7.88,0,0,7
2026-10-09 18:54:28,20.67,0,2.48,0,0,6
2026-10-09 18:54:28,31.06,0,10.4,0,0,8
2026-10-09 18:54:28,16.5,0,14.56,0,0,7
2026-10-09 18:54:28,19.4,0,2.9,0,0,8
2026-10-09 18:54:28,15.54,0,3.86,0,0,7
2026-10-09 18:54:28,19.66,0,4.12,0,0,8
2026-10-09 18:54:28,9.85,0,9.81,0,0,7
2026-10-09 18:54:28,9.05,0,0.8,0,0,8
2026-10-09 18:54:29,33.78,0,24.74,0,0,7
2026-10-09 18:54:29,28.0,0,5.79,0,0,6
2026-10-09 18:54:29,14.87,0,13.12,0,0,8
2026-10-09 18:54:29,29.97,0,15.1,0,0,7
2026-10-09 18:54:29,30.95,0,0.98,0,1,6
2026-10-09 18:54:29,14.72,0,16.23,0,0,7
2026-10-09 18:54:29,29.03,0,14.31,0,0,7
2026-10-09 18:54:30,15.02,0,14.01,0,0,6
2026-10-09 18:54:30,19.01,0,3.99,0,0,7
2026-10-09 18:54:30,13.17,0,5.84,0,0,6
2026-10-09 18:54:30,15.18,0,2.01,0,0,6
2026-10-09 18:54:30,15.38,0,0.2,0,0,8
2026-10-09 18:54:30,10.59,0,4.79,0,0,8
2026-10-09 18:54:30,31.19,0,20.6,0,0,7
2026-10-09 18:54:30,30.67,0,0.52,0,0,8
2026-10-09 18:54:31,10.84,0,19.83,0,0,6
2026-10-09 18:54:31,8.43,0,2.41,0,0,7
2026-10-09 18:54:31,8.2,0,0.23,0,0,6
2026-10-09 18:54:31,28.76,0,20.55,0,0,8
2026-10-09 18:54:31,31.3,0,2.54,0,0,6
2026-10-09 18:54:31,14.26,0,17.04,0,0,7
2026-10-09 18:54:31,31.6,0,17.34,0,0,8
2026-10-09 18:54:31,16.94,0,14.66,0,0,8
2026-10-09 18:54:32,15.53,0,1.41,0,0,6
2026-10-09 18:54:32,30.59,0,15.07,0,0,7
2026-10-09 18:54:32,30.4,0,0.19,0,0,8
2026-10-09 18:54:32,29.69,0,0.71,0,0,8
2026-10-09 18:54:32,31.42,0,1.72,0,0,8
2026-10-09 18:54:32,31.51,0,0.09,0,0,7
2026-10-09 18:54:32,31.72,0,0.22,0,0,8
2026-10-09 18:54:33,14.84,0,16.89,0,0,8
2026-10-09 18:54:33,30.5,0,15.66,0,0,8
2026-10-09 18:54:33,31.77,0,1.28,0,0,8
2026-10-09 18:54:33,4.86,0,26.92,0,0,8
2026-10-09 18:54:33,9.3,0,4.45,0,0,7
2026-10-09 18:54:33,30.37,0,21.07,0,0,7
2026-10-09 18:54:33,31.66,0,1.29,0,0,7
2026-10-09 18:54:33,16.5,0,15.16,0,0,7
2026-10-09 18:54:34,15.22,0,1.28,0,0,9
2026-10-09 18:54:34,30.41,0,15.18,0,0,7
2026-10-09 18:54:34,17.55,0,12.85,0,0,7
2026-10-09 18:54:34,17.96,0,0.41,0,0,7
2026-10-09 18:54:34,37.07,0,19.11,0,0,7
2026-10-09 18:54:34,15.03,0,22.05,0,0,6
2026-10-09 18:54:34,17.63,0,2.61,0,0,7
2026-10-09 18:54:35,45.52,0,27.89,0,1,8
2026-10-09 18:54:35,13.18,0,32.34,0,0,8
2026-10-09 18:54:35,30.93,0,17.75,0,0,8
2026-10-09 18:54:35,41.15,0,10.22,0,0,7
2026-10-09 18:54:35,13.74,0,27.42,0,0,8
2026-10-09 18:54:35,5.13,0,8.6,0,0,8
2026-10-09 18:54:35,15.99,0,10.86,0,0,8
2026-10-09 18:54:35,3.71,0,12.28,0,0,7
2026-10-09 18:54:36,15.29,0,11.59,0,0,8
2026-10-09 18:54:36,15.28,0,0.01,0,0,7
2026-10-09 18:54:36,15.24,0,0.04,0,0,8
2026-10-09 18:54:36,15.37,0,0.13,0,0,6
2026-10-09 18:54:36,18.29,0,2.92,0,0,8
2026-10-09 18:54:36,5.02,0,13.27,0,0,7
2026-10-09 18:54:36,14.78,0,9.75,0,0,8
2026-10-09 18:54:36,4.01,0,10.77,0,0,7
2026-10-09 18:54:37,3.53,0,0.48,0,0,8
2026-10-09 18:54:37,8.28,0,4.75,0,0,6
2026-10-09 18:54:37,2.98,0,5.3,0,0,9
2026-10-09 18:54:37,15.88,0,12.9,0,0,7
2026-10-09 18:54:37,6.28,0,9.6,0,0,8
2026-10-09 18:54:37,3.66,0,2.62,0,0,8
2026-10-09 18:54:37,14.83,0,11.17,0,0,8
2026-10-09 18:54:37,15.03,0,0.2,0,0,7
2026-10-09 18:54:37,15.45,0,0.42,0,0,8
2026-10-09 18:54:38,15.62,0,0.17,0,0,8
2026-10-09 18:54:38,3.29,0,12.33,0,0,7
2026-10-09 18:54:38,16.04,0,12.75,0,0,7
2026-10-09 18:54:38,14.32,0,1.72,0,0,8
2026-10-09 18:54:38,16.2,0,1.88,0,0,8
2026-10-09 18:54:38,15.47,0,0.74,0,1,9
2026-10-09 18:54:38,14.96,0,0.5,0,0,8
2026-10-09 18:54:38,15.22,0,0.25,0,1,7
2026-10-09 18:54:39,4.64,0,10.58,0,0,7
2026-10-09 18:54:39,5.27,0,0.63,0,0,7
2026-10-09 18:54:39,4.2,0,1.07,0,0,7
2026-10-09 18:54:39,4.06,0,0.14,0,0,9
2026-10-09 18:54:39,3.98,0,0.07,0,0,7
2026-10-09 18:54:39,2.81,0,1.17,0,0,8
2026-10-09 18:54:39,3.87,0,1.06,0,0,7
2026-10-09 18:54:39,3.6,0,0.28,0,0,7
2026-10-09 18:54:39,3.48,0,0.12,0,0,8
2026-10-09 18:54:40,22.09,0,18.61,0,1,6
2026-10-09 18:54:40,4.07,0,18.01,0,0,8
2026-10-09 18:54:40,14.77,0,10.69,0,0,8
2026-10-09 18:54:40,2.82,0,11.94,0,0,7
2026-10-09 18:54:40,3.54,0,0.72,0,0,7
2026-10-09 18:54:40,30.58,0,27.04,0,0,7
2026-10-09 18:54:40,31.49,0,0.91,0,1,8
2026-10-09 18:54:40,4.29,0,27.2,0,0,8
2026-10-09 18:54:41,16.83,0,12.54,0,0,8
2026-10-09 18:54:41,15.51,0,1.32,0,0,7
2026-10-09 18:54:41,29.79,0,14.28,0,1,7
2026-10-09 18:54:41,15.57,0,14.22,0,0,7
2026-10-09 18:54:41,28.25,0,12.68,0,0,8
2026-10-09 18:54:41,16.12,0,12.13,0,0,8
2026-10-09 18:54:41,16.57,0,0.45,0,0,8
2026-10-09 18:54:41,15.71,0,0.87,0,0,7
2026-10-09 18:54:42,33.27,0,17.56,0,0,7
2026-10-09 18:54:42,22.57,0,10.7,0,0,7
2026-10-09 18:54:42,4.11,0,18.46,0,0,8
2026-10-09 18:54:42,3.73,0,0.39,0,0,7
2026-10-09 18:54:42,18.06,0,14.33,0,0,6
2026-10-09 18:54:42,15.56,0,2.5,0,0,7
2026-10-09 18:54:42,21.6,0,6.03,0,0,6
2026-10-09 18:54:42,17.38,0,4.22,0,0,6
2026-10-09 18:54:43,7.33,0,10.05,0,0,7
2026-10-09 18:54:43,14.35,0,7.02,0,0,9
2026-10-09 18:54:43,15.48,0,1.13,0,0,7
2026-10-09 18:54:43,31.4,0,15.91,0,0,8
2026-10-09 18:54:43,15.72,0,15.68,0,0,8
2026-10-09 18:54:43,30.75,0,15.03,0,0,7
2026-10-09 18:54:43,14.13,0,16.62,0,0,7
2026-10-09 18:54:43,30.95,0,16.82,0,0,7
2026-10-09 18:54:44,22.06,0,8.89,0,0,9
2026-10-09 18:54:44,31.53,0,9.47,0,0,8
2026-10-09 18:54:44,31.22,0,0.31,0,0,7
2026-10-09 18:54:44,30.15,0,1.07,0,0,8
2026-10-09 18:54:44,31.14,0,0.99,0,0,8
2026-10-09 18:54:44,31.0,0,0.14,0,0,7
2026-10-09 18:54:44,23.29,0,7.7,0,0,7
2026-10-09 18:54:45,22.19,0,1.11,0,0,6
2026-10-09 18:54:45,32.45,0,10.27,0,0,6
2026-10-09 18:54:45,30.25,0,2.2,0,0,7
2026-10-09 18:54:45,31.02,0,0.77,0,0,9
2026-10-09 18:54:45,31.0,0,0.02,0,0,6
2026-10-09 18:54:45,31.95,0,0.95,0,0,6
2026-10-09 18:54:45,29.71,0,2.24,0,0,7
2026-10-09 18:54:46,37.43,0,7.72,0,0,7
2026-10-09 18:54:46,32.21,0,5.21,0,0,7
2026-10-09 18:54:46,16.1,0,16.11,0,0,6
2026-10-09 18:54:46,8.41,0,7.7,0,0,7
2026-10-09 18:54:46,25.17,0,16.77,0,0,8
2026-10-09 18:54:46,31.5,0,6.33,0,0,6
2026-10-09 18:54:46,32.5,0,1.0,0,0,6
2026-10-09 18:54:47,30.94,0,1.56,0,0,7
2026-10-09 18:54:47,33.27,0,2.33,0,0,7
2026-10-09 18:54:47,31.08,0,2.19,0,0,7
2026-10-09 18:54:47,16.86,0,14.22,0,0,8
2026-10-09 18:54:47,14.52,0,2.34,0,0,6
2026-10-09 18:54:47,15.47,0,0.94,0,0,6
2026-10-09 18:54:47,31.01,0,15.55,0,0,8
2026-10-09 18:54:47,31.67,0,0.65,0,0,8
2026-10-09 18:54:48,30.91,0,0.76,0,0,8
2026-10-09 18:54:48,30.38,0,0.53,0,0,7
2026-10-09 18:54:48,30.89,0,0.51,0,0,6
2026-10-09 18:54:48,30.38,0,0.51,0,0,7
2026-10-09 18:54:48,31.47,0,1.09,0,0,8
2026-10-09 18:54:48,15.35,0,16.12,0,0,9
2026-10-09 18:54:48,7.26,0,8.09,0,0,8
2026-10-09 18:54:49,33.55,0,26.29,0,0,8
2026-10-09 18:54:49,15.25,0,18.31,0,0,8
2026-10-09 18:54:49,31.35,0,16.11,0,0,7
2026-10-09 18:54:49,17.44,0,13.91,0,0,8
2026-10-09 18:54:49,30.63,0,13.19,0,0,7
2026-10-09 18:54:49,28.97,0,1.66,0,0,7
2026-10-09 18:54:49,14.5,0,14.47,0,0,8
2026-10-09 18:54:49,26.61,0,12.11,0,0,7
2026-10-09 18:54:50,30.96,0,4.35,0,0,6
2026-10-09 18:54:50,30.49,0,0.47,0,0,7
2026-10-09 18:54:50,31.1,0,0.6,0,0,6
2026-10-09 18:54:50,13.67,0,17.42,0,0,9
2026-10-09 18:54:50,17.52,0,3.85,0,0,7
2026-10-09 18:54:50,30.98,0,13.46,0,0,7
2026-10-09 18:54:50,30.33,0,0.65,0,0,7
2026-10-09 18:54:51,17.84,0,12.49,0,0,7
2026-10-09 18:54:51,40.72,0,22.88,0,0,6
2026-10-09 18:54:51,23.1,0,17.62,0,0,7
2026-10-09 18:54:51,29.79,0,6.69,0,0,8
2026-10-09 18:54:51,32.06,0,2.27,0,0,6
2026-10-09 18:54:51,31.73,0,0.33,0,0,8
2026-10-09 18:54:51,30.57,0,1.16,0,0,7
2026-10-09 18:54:52,30.97,0,0.4,0,0,6
2026-10-09 18:54:52,31.31,0,0.34,0,0,7
2026-10-09 18:54:52,43.94,0,12.63,0,0,6
2026-10-09 18:54:52,30.74,0,13.2,0,0,7
2026-10-09 18:54:52,30.63,0,0.11,0,0,6
2026-10-09 18:54:52,15.02,0,15.61,0,0,7
2026-10-09 18:54:52,27.73,0,12.71,0,0,7
2026-10-09 18:54:53,26.99,0,0.73,0,0,7
2026-10-09 18:54:53,30.18,0,3.18,0,0,6
2026-10-09 18:54:53,30.89,0,0.71,0,0,8
2026-10-09 18:54:53,31.41,0,0.52,0,0,6
2026-10-09 18:54:53,29.82,0,1.59,0,0,8
2026-10-09 18:54:53,15.09,0,14.73,0,0,7
2026-10-09 18:54:53,15.12,0,0.03,0,0,7
2026-10-09 18:54:53,14.05,0,1.07,0,0,6
2026-10-09 18:54:54,30.47,0,16.42,0,0,6
2026-10-09 18:54:54,30.33,0,0.14,0,0,7
2026-10-09 18:54:54,15.42,0,14.9,0,0,8
2026-10-09 18:54:54,31.35,0,15.92,0,0,6
2026-10-09 18:54:54,31.4,0,0.05,0,0,8
2026-10-09 18:54:54,42.58,0,11.18,0,0,8
2026-10-09 18:54:54,31.2,0,11.38,0,0,8
2026-10-09 18:54:55,30.33,0,0.86,0,0,8
2026-10-09 18:54:55,3.03,0,27.3,3,0,7
2026-10-09 18:54:55,19.46,0,16.43,3,0,8
2026-10-09 18:54:55,30.88,0,11.42,3,0,7
2026-10-09 18:54:55,29.97,0,0.91,3,0,7
2026-10-09 18:54:55,31.44,0,1.47,3,0,6
2026-10-09 18:54:55,30.82,0,0.62,3,0,7
2026-10-09 18:54:56,30.72,0,0.1,3,0,7
2026-10-09 18:54:56,15.32,0,15.41,3,0,7
2026-10-09 18:54:56,22.38,0,7.07,3,0,7
2026-10-09 18:54:56,15.52,0,6.87,3,0,7
2026-10-09 18:54:56,31.35,0,15.83,3,0,7
2026-10-09 18:54:56,15.07,0,16.28,3,0,8
2026-10-09 18:54:56,30.67,0,15.6,3,0,7
2026-10-09 18:54:56,31.91,0,1.24,3,0,8
2026-10-09 18:54:57,27.77,0,4.14,3,0,8
2026-10-09 18:54:57,15.58,0,12.19,3,0,8
2026-10-09 18:54:57,31.25,0,15.67,3,0,8
2026-10-09 18:54:57,30.32,0,0.93,3,0,8
2026-10-09 18:54:57,30.71,0,0.39,3,0,8
2026-10-09 18:54:57,30.04,0,0.67,3,0,7
2026-10-09 18:54:57,15.77,0,14.27,3,0,7
2026-10-09 18:54:58,15.63,0,0.13,3,0,8
2026-10-09 18:54:58,29.88,0,14.24,3,0,6
2026-10-09 18:54:58,31.16,0,1.28,3,0,6
2026-10-09 18:54:58,30.59,0,0.57,3,0,7
2026-10-09 18:54:58,30.29,0,0.3,3,0,6
2026-10-09 18:54:58,15.71,0,14.58,3,0,9
2026-10-09 18:54:58,31.7,0,15.99,3,0,7
2026-10-09 18:54:58,31.49,0,0.22,3,0,6
2026-10-09 18:54:59,31.08,0,0.41,3,0,6
2026-10-09 18:54:59,3.96,0,27.11,3,0,7
2026-10-09 18:54:59,3.02,0,0.94,3,0,7
2026-10-09 18:54:59,15.64,0,12.62,3,0,7
2026-10-09 18:54:59,41.47,0,25.83,3,0,7
2026-10-09 18:54:59,15.17,0,26.3,3,0,6
2026-10-09 18:54:59,30.75,0,15.59,3,0,8
2026-10-09 18:55:00,17.64,0,13.11,3,0,8
2026-10-09 18:55:00,33.85,0,16.21,3,0,7
2026-10-09 18:55:01,5000.0,1,4966.15,3,2,4
2026-10-09 18:55:02,5000.0,1,0.0,3,0,3
2026-10-09 18:55:03,5000.0,1,0.0,3,0,2
2026-10-09 18:55:04,5000.0,1,0.0,3,2,1
2026-10-09 18:55:05,5000.0,1,0.0,3,0,1
2026-10-09 18:55:06,5000.0,1,0.0,3,0,0
2026-10-09 18:55:07,5000.0,1,0.0,3,2,0
2026-10-09 18:55:09,5000.0,1,0.0,3,0,0
2026-10-09 18:55:10,5000.0,1,0.0,3,0,0
2026-10-09 18:55:11,5000.0,1,0.0,3,0,0
2026-10-09 18:55:12,5000.0,1,0.0,3,0,0
2026-10-09 18:55:13,5000.0,1,0.0,3,0,0
2026-10-09 18:55:14,5000.0,1,0.0,3,0,0
2026-10-09 18:55:15,5000.0,1,0.0,0,2,1
2026-10-09 18:55:16,5000.0,1,0.0,0,0,0
2026-10-09 18:55:18,5000.0,1,0.0,0,0,0
2026-10-09 18:55:19,5000.0,1,0.0,0,0,0
2026-10-09 18:55:20,5000.0,1,0.0,0,0,0
2026-10-09 18:55:21,5000.0,1,0.0,0,0,0
2026-10-09 18:55:22,5000.0,1,0.0,0,0,0
2026-10-09 18:55:23,5000.0,1,0.0,0,0,0
2026-10-09 18:55:24,5000.0,1,0.0,0,0,0
2026-10-09 18:55:25,5000.0,1,0.0,0,0,0
2026-10-09 18:55:26,5000.0,1,0.0,0,0,0
2026-10-09 18:55:28,5000.0,1,0.0,0,0,0
2026-10-09 18:55:29,5000.0,1,0.0,0,0,0
2026-10-09 18:55:29,59.76,0,4940.24,0,1,16
2026-10-09 18:55:29,31.95,0,27.81,0,0,8
2026-10-09 18:55:29,31.69,0,0.26,0,0,8
2026-10-09 18:55:29,30.9,0,0.79,0,0,8
2026-10-09 18:55:29,15.57,0,15.33,0,0,8
2026-10-09 18:55:30,29.44,0,13.87,0,0,7
2026-10-09 18:55:30,13.34,0,16.11,0,0,7
2026-10-09 18:55:30,14.64,0,1.3,0,0,6
2026-10-09 18:55:30,31.08,0,16.44,0,0,7
2026-10-09 18:55:30,32.09,0,1.01,0,0,7
2026-10-09 18:55:30,16.73,0,15.36,0,0,6
2026-10-09 18:55:30,16.18,0,0.56,0,0,6
2026-10-09 18:55:30,29.27,0,13.1,0,0,7
2026-10-09 18:55:31,31.53,0,2.26,0,0,7
2026-10-09 18:55:31,30.1,0,1.43,0,0,6
2026-10-09 18:55:31,27.33,0,2.77,0,0,6
2026-10-09 18:55:31,27.72,0,0.39,0,0,6
2026-10-09 18:55:31,32.08,0,4.35,0,0,6
2026-10-09 18:55:31,31.42,0,0.66,0,0,7
2026-10-09 18:55:32,33.19,0,1.77,0,0,7
2026-10-09 18:55:32,15.74,0,17.45,0,0,6
2026-10-09 18:55:32,31.82,0,16.08,0,0,6
2026-10-09 18:55:32,24.7,0,7.13,0,0,6
2026-10-09 18:55:32,24.53,0,0.16,0,0,7
2026-10-09 18:55:32,31.17,0,6.63,0,0,8
2026-10-09 18:55:32,31.49,0,0.32,0,0,7
2026-10-09 18:55:32,30.73,0,0.75,0,0,6
2026-10-09 18:55:33,29.97,0,0.77,0,0,6
2026-10-09 18:55:33,32.17,0,2.21,0,0,8
2026-10-09 18:55:33,31.23,0,0.94,0,0,7
2026-10-09 18:55:33,31.51,0,0.28,0,0,8
2026-10-09 18:55:33,15.01,0,16.5,0,0,8
2026-10-09 18:55:33,31.38,0,16.37,0,0,7
2026-10-09 18:55:33,30.94,0,0.44,0,0,7
2026-10-09 18:55:34,29.92,0,1.02,0,0,7
2026-10-09 18:55:34,31.19,0,1.27,0,0,7
2026-10-09 18:55:34,29.68,0,1.51,0,0,8
2026-10-09 18:55:34,30.59,0,0.91,0,0,7
2026-10-09 18:55:34,4.67,0,25.92,0,0,8
2026-10-09 18:55:34,3.81,0,0.86,0,0,7
2026-10-09 18:55:34,16.67,0,12.86,0,0,7
2026-10-09 18:55:34,30.37,0,13.7,0,0,8
2026-10-09 18:55:35,30.63,0,0.26,0,0,6
2026-10-09 18:55:35,30.96,0,0.33,0,0,8
2026-10-09 18:55:35,30.82,0,0.15,0,0,7
2026-10-09 18:55:35,30.95,0,0.14,0,0,8
2026-10-09 18:55:35,31.41,0,0.45,0,0,7
2026-10-09 18:55:35,30.69,0,0.71,0,0,8
2026-10-09 18:55:35,29.94,0,0.75,0,0,8
2026-10-09 18:55:36,30.21,0,0.27,0,0,8
2026-10-09 18:55:36,31.86,0,1.65,0,0,8
2026-10-09 18:55:36,30.84,0,1.02,0,0,6
2026-10-09 18:55:36,31.78,0,0.94,0,0,7
2026-10-09 18:55:36,30.72,0,1.06,0,0,8
2026-10-09 18:55:36,20.45,0,10.27,0,0,7
2026-10-09 18:55:36,4.73,0,15.72,0,0,8
2026-10-09 18:55:36,30.63,0,25.89,0,0,7
2026-10-09 18:55:37,30.7,0,0.08,0,0,9
2026-10-09 18:55:37,16.44,0,14.27,0,0,8
2026-10-09 18:55:37,31.19,0,14.75,0,0,7
2026-10-09 18:55:37,30.93,0,0.25,0,0,8
2026-10-09 18:55:37,30.13,0,0.81,0,0,9
2026-10-09 18:55:37,15.46,0,14.67,0,0,7
2026-10-09 18:55:37,30.77,0,15.31,0,0,8
2026-10-09 18:55:38,29.58,0,1.19,0,0,8
2026-10-09 18:55:38,15.51,0,14.07,0,0,7
2026-10-09 18:55:38,16.4,0,0.89,0,0,7
2026-10-09 18:55:38,31.55,0,15.15,0,0,7
2026-10-09 18:55:38,31.13,0,0.42,0,0,6
2026-10-09 18:55:38,16.22,0,14.91,0,0,9
2026-10-09 18:55:38,30.5,0,14.28,0,0,7
2026-10-09 18:55:38,15.37,0,15.12,0,0,7
2026-10-09 18:55:39,30.58,0,15.21,0,0,7
2026-10-09 18:55:39,5.02,0,25.56,0,0,6
2026-10-09 18:55:39,30.03,0,25.0,0,0,8
2026-10-09 18:55:39,15.62,0,14.41,0,0,7
2026-10-09 18:55:39,29.91,0,14.29,0,0,8
2026-10-09 18:55:39,21.4,0,8.52,0,0,7
2026-10-09 18:55:39,15.82,0,5.57,0,0,7
2026-10-09 18:55:39,15.77,0,0.05,0,0,7
2026-10-09 18:55:40,18.14,0,2.36,0,0,7
2026-10-09 18:55:40,30.95,0,12.81,0,0,7
2026-10-09 18:55:40,30.87,0,0.07,0,0,7
2026-10-09 18:55:40,14.97,0,15.91,0,0,8
2026-10-09 18:55:40,31.05,0,16.09,0,0,7
2026-10-09 18:55:40,15.83,0,15.22,0,0,8
2026-10-09 18:55:40,32.02,0,16.18,0,0,6
2026-10-09 18:55:41,39.26,0,7.25,0,0,7
2026-10-09 18:55:41,26.37,0,12.9,0,0,6
2026-10-09 18:55:41,15.94,0,10.42,0,0,7
2026-10-09 18:55:41,30.49,0,14.55,0,0,8
2026-10-09 18:55:41,31.08,0,0.59,0,0,6
2026-10-09 18:55:41,3.76,0,27.32,0,0,8
2026-10-09 18:55:41,15.83,0,12.07,0,0,7
2026-10-09 18:55:42,30.14,0,14.31,0,0,8
2026-10-09 18:55:42,15.59,0,14.55,0,0,8
2026-10-09 18:55:42,30.38,0,14.79,0,0,7
2026-10-09 18:55:42,31.62,0,1.24,0,0,8
2026-10-09 18:55:42,32.21,0,0.59,0,0,8
2026-10-09 18:55:42,15.81,0,16.4,0,0,7
2026-10-09 18:55:42,30.12,0,14.31,0,0,7
2026-10-09 18:55:42,32.9,0,2.78,0,0,7
2026-10-09 18:55:43,32.85,0,0.05,0,0,6
2026-10-09 18:55:43,15.08,0,17.77,0,0,8
2026-10-09 18:55:43,15.04,0,0.04,0,0,6
2026-10-09 18:55:43,30.75,0,15.71,0,0,7
2026-10-09 18:55:43,30.98,0,0.22,0,0,7
2026-10-09 18:55:43,30.01,0,0.97,0,0,7
2026-10-09 18:55:43,14.91,0,15.1,0,0,6
2026-10-09 18:55:44,31.6,0,16.69,0,0,6
2026-10-09 18:55:44,30.05,0,1.56,0,0,8
2026-10-09 18:55:44,31.34,0,1.3,0,0,8
2026-10-09 18:55:44,30.7,0,0.65,0,0,7
2026-10-09 18:55:44,31.51,0,0.81,0,0,8
2026-10-09 18:55:44,28.7,0,2.81,0,0,6
2026-10-09 18:55:44,33.8,0,5.09,0,0,6
2026-10-09 18:55:45,39.87,0,6.07,0,0,7
2026-10-09 18:55:45,32.43,0,7.43,0,0,7
2026-10-09 18:55:45,31.18,0,1.25,0,0,6
2026-10-09 18:55:45,289.73,0,258.55,1,1,8
2026-10-09 18:55:46,276.17,0,13.56,1,0,8
2026-10-09 18:55:46,385.81,0,109.65,1,2,10
2026-10-09 18:55:47,368.76,0,17.05,1,1,12
2026-10-09 18:55:47,342.26,0,26.5,1,0,7
2026-10-09 18:55:47,296.38,0,45.88,1,0,9
2026-10-09 18:55:48,272.48,0,23.89,1,0,8
2026-10-09 18:55:48,262.03,0,10.45,1,0,6
2026-10-09 18:55:49,337.89,0,75.87,1,0,6
2026-10-09 18:55:49,276.77,0,61.13,1,0,6
2026-10-09 18:55:49,306.9,0,30.13,1,0,10
2026-10-09 18:55:50,221.17,0,85.73,1,0,6
2026-10-09 18:55:50,309.17,0,88.01,1,0,9
2026-10-09 18:55:51,255.69,0,53.48,1,0,8
2026-10-09 18:55:51,251.47,0,4.22,1,1,7
2026-10-09 18:55:51,333.09,0,81.62,1,0,7
2026-10-09 18:55:52,272.21,0,60.89,1,0,6
2026-10-09 18:55:52,244.55,0,27.65,1,0,8
2026-10-09 18:55:52,324.44,0,79.89,1,0,6
2026-10-09 18:55:53,277.11,0,47.33,1,0,9
2026-10-09 18:55:53,288.45,0,11.34,1,0,8
2026-10-09 18:55:54,342.34,0,53.9,1,0,7
2026-10-09 18:55:54,276.29,0,66.05,1,0,8
2026-10-09 18:55:54,262.56,0,13.73,1,0,7
2026-10-09 18:55:55,250.05,0,12.51,1,0,7
2026-10-09 18:55:55,215.85,0,34.2,1,0,6
2026-10-09 18:55:56,358.41,0,142.56,1,0,7
2026-10-09 18:55:56,308.08,0,50.33,1,0,6
2026-10-09 18:55:57,373.28,0,65.2,1,0,6
2026-10-09 18:55:57,307.44,0,65.84,1,0,8
2026-10-09 18:55:57,285.94,0,21.5,1,1,9
2026-10-09 18:55:58,298.98,0,13.04,1,0,9
2026-10-09 18:55:58,289.24,0,9.74,1,0,6
2026-10-09 18:55:59,339.26,0,50.02,1,0,6
2026-10-09 18:55:59,366.9,0,27.65,1,0,8
2026-10-09 18:56:00,355.67,0,11.23,1,1,10
2026-10-09 18:56:00,276.24,0,79.43,1,0,8
2026-10-09 18:56:00,276.84,0,0.6,1,0,7
2026-10-09 18:56:01,280.71,0,3.87,1,0,9
2026-10-09 18:56:01,264.31,0,16.4,1,0,6
2026-10-09 18:56:01,259.38,0,4.93,1,1,8
2026-10-09 18:56:02,385.54,0,126.17,1,0,8
2026-10-09 18:56:02,276.52,0,109.02,1,0,8
2026-10-09 18:56:03,324.97,0,48.45,1,0,9
2026-10-09 18:56:03,252.15,0,72.82,1,0,6
2026-10-09 18:56:04,334.31,0,82.16,1,0,9
2026-10-09 18:56:04,295.86,0,38.44,1,1,8
2026-10-09 18:56:04,241.87,0,53.99,1,0,9
2026-10-09 18:56:05,306.29,0,64.42,1,0,6
2026-10-09 18:56:05,309.72,0,3.42,1,0,6
2026-10-09 18:56:06,327.02,0,17.3,1,0,7
2026-10-09 18:56:06,337.28,0,10.26,1,1,10
2026-10-09 18:56:06,294.33,0,42.95,1,0,6
2026-10-09 18:56:07,245.73,0,48.6,1,0,6
2026-10-09 18:56:07,342.71,0,96.98,1,0,9
2026-10-09 18:56:08,276.38,0,66.33,1,0,9
2026-10-09 18:56:08,264.68,0,11.7,1,0,9
2026-10-09 18:56:08,229.91,0,34.77,1,0,8
2026-10-09 18:56:09,273.13,0,43.23,1,0,6
2026-10-09 18:56:09,356.37,0,83.24,1,0,6
2026-10-09 18:56:10,252.02,0,104.35,1,0,6
2026-10-09 18:56:10,336.28,0,84.26,1,0,6
2026-10-09 18:56:10,310.48,0,25.79,1,0,6
2026-10-09 18:56:11,192.0,0,118.48,1,0,8
2026-10-09 18:56:11,392.54,0,200.54,1,0,6
2026-10-09 18:56:12,248.61,0,143.93,1,0,6
2026-10-09 18:56:12,325.64,0,77.03,1,1,8
2026-10-09 18:56:12,304.97,0,20.67,1,1,8
2026-10-09 18:56:13,380.48,0,75.51,1,1,9
2026-10-09 18:56:13,245.78,0,134.7,1,0,7
2026-10-09 18:56:14,316.37,0,70.58,1,0,6
2026-10-09 18:56:14,345.98,0,29.61,1,0,9
2026-10-09 18:56:15,458.49,0,112.51,1,1,9
2026-10-09 18:56:15,642.81,0,184.33,0,3,9
2026-10-09 18:56:16,15.99,0,626.83,0,0,8
2026-10-09 18:56:16,16.02,0,0.04,0,0,8
2026-10-09 18:56:16,15.72,0,0.3,0,0,7
2026-10-09 18:56:16,17.34,0,1.62,0,0,7
2026-10-09 18:56:16,29.35,0,12.02,0,0,8
2026-10-09 18:56:16,31.17,0,1.81,0,0,7
2026-10-09 18:56:16,14.58,0,16.58,0,0,6
2026-10-09 18:56:16,30.76,0,16.18,0,0,7
2026-10-09 18:56:17,15.12,0,15.64,0,0,7
2026-10-09 18:56:17,31.51,0,16.39,0,0,6
2026-10-09 18:56:17,14.86,0,16.65,0,0,7
2026-10-09 18:56:17,5.77,0,9.09,0,0,7
2026-10-09 18:56:17,4.04,0,1.73,0,0,5
2026-10-09 18:56:17,30.74,0,26.7,0,0,7
2026-10-09 18:56:17,31.37,0,0.63,0,0,9
2026-10-09 18:56:17,15.52,0,15.85,0,0,6
2026-10-09 18:56:18,14.75,0,0.77,0,0,7
2026-10-09 18:56:18,31.51,0,16.76,0,0,6
2026-10-09 18:56:18,36.57,0,5.06,0,0,7
2026-10-09 18:56:18,30.91,0,5.66,0,0,7
2026-10-09 18:56:18,15.08,0,15.83,0,0,6
2026-10-09 18:56:18,30.85,0,15.76,0,0,7
2026-10-09 18:56:18,3.64,0,27.21,0,0,8
2026-10-09 18:56:19,3.45,0,0.19,0,0,7
2026-10-09 18:56:19,30.55,0,27.09,0,0,7
2026-10-09 18:56:19,15.97,0,14.57,0,0,8
2026-10-09 18:56:19,30.45,0,14.48,0,0,8
2026-10-09 18:56:19,31.49,0,1.04,0,0,8
2026-10-09 18:56:19,15.12,0,16.36,0,0,7
2026-10-09 18:56:19,5.38,0,9.74,0,0,5
2026-10-09 18:56:19,31.24,0,25.86,0,0,9
2026-10-09 18:56:20,16.0,0,15.24,0,0,6
2026-10-09 18:56:20,31.88,0,15.88,0,0,7
2026-10-09 18:56:20,31.05,0,0.84,0,0,7
2026-10-09 18:56:20,15.81,0,15.24,0,0,8
2026-10-09 18:56:20,15.73,0,0.08,0,0,7
2026-10-09 18:56:20,15.26,0,0.47,0,0,6
2026-10-09 18:56:20,15.83,0,0.57,0,0,6
2026-10-09 18:56:20,30.38,0,14.55,0,0,7
2026-10-09 18:56:21,30.25,0,0.13,0,0,7
2026-10-09 18:56:21,4.63,0,25.62,0,0,8
2026-10-09 18:56:21,3.81,0,0.82,0,0,7
2026-10-09 18:56:21,5.02,0,1.21,0,0,7
2026-10-09 18:56:21,5.19,0,0.17,0,0,8
2026-10-09 18:56:21,3.97,0,1.22,0,0,7
2026-10-09 18:56:21,17.64,0,13.67,0,0,9
2026-10-09 18:56:21,4.06,0,13.57,0,0,8
2026-10-09 18:56:22,7.57,0,3.51,0,0,6
2026-10-09 18:56:22,3.24,0,4.33,0,0,6
2026-10-09 18:56:22,15.52,0,12.28,0,0,8
2026-10-09 18:56:22,15.21,0,0.3,0,0,7
2026-10-09 18:56:22,30.85,0,15.64,0,1,9
2026-10-09 18:56:22,31.46,0,0.61,0,0,8
2026-10-09 18:56:22,30.75,0,0.71,0,0,6
2026-10-09 18:56:22,31.22,0,0.47,0,0,8
2026-10-09 18:56:23,15.58,0,15.64,0,0,7
2026-10-09 18:56:23,31.67,0,16.08,0,0,7
2026-10-09 18:56:23,29.7,0,1.97,0,0,6
2026-10-09 18:56:23,30.48,0,0.79,0,0,6
2026-10-09 18:56:23,30.28,0,0.2,0,0,9
2026-10-09 18:56:23,19.88,0,10.4,0,0,6
2026-10-09 18:56:23,3.19,0,16.7,0,0,7
2026-10-09 18:56:24,15.16,0,11.97,0,0,7
2026-10-09 18:56:24,30.07,0,14.91,0,0,6
2026-10-09 18:56:24,15.85,0,14.22,0,0,6
2026-10-09 18:56:24,15.97,0,0.12,0,0,8
2026-10-09 18:56:24,32.01,0,16.04,0,0,8
2026-10-09 18:56:24,15.87,0,16.14,0,0,7
2026-10-09 18:56:24,30.33,0,14.46,0,0,7
2026-10-09 18:56:24,18.0,0,12.33,0,0,8
2026-10-09 18:56:25,22.09,0,4.09,0,0,6
2026-10-09 18:56:25,14.87,0,7.22,0,0,8
2026-10-09 18:56:25,31.04,0,16.17,0,0,6
2026-10-09 18:56:25,31.07,0,0.03,0,0,6
2026-10-09 18:56:25,17.02,0,14.05,0,0,7
2026-10-09 18:56:25,4.07,0,12.95,0,0,7
2026-10-09 18:56:25,14.68,0,10.6,0,0,6
2026-10-09 18:56:25,15.62,0,0.94,0,0,8
2026-10-09 18:56:26,16.52,0,0.91,0,0,7
2026-10-09 18:56:26,15.3,0,1.23,0,0,8
2026-10-09 18:56:26,30.46,0,15.16,0,0,8
2026-10-09 18:56:26,29.54,0,0.92,0,0,7
2026-10-09 18:56:26,14.73,0,14.8,0,0,7
2026-10-09 18:56:26,22.72,0,7.98,0,0,7
2026-10-09 18:56:26,31.12,0,8.4,0,0,6
2026-10-09 18:56:27,38.39,0,7.27,0,0,8
2026-10-09 18:56:27,4.43,0,33.95,0,0,7
2026-10-09 18:56:27,17.17,0,12.73,0,0,8
2026-10-09 18:56:27,16.48,0,0.69,0,0,8
2026-10-09 18:56:27,15.47,0,1.01,0,0,8
2026-10-09 18:56:27,16.15,0,0.68,0,0,7
2026-10-09 18:56:27,14.47,0,1.68,0,0,6
2026-10-09 18:56:27,30.33,0,15.87,0,0,6
2026-10-09 18:56:28,30.62,0,0.28,0,0,6
2026-10-09 18:56:28,31.05,0,0.43,0,0,7
2026-10-09 18:56:28,30.95,0,0.1,0,0,6
2026-10-09 18:56:28,30.25,0,0.7,0,0,7
2026-10-09 18:56:28,31.1,0,0.85,0,0,6
2026-10-09 18:56:28,29.54,0,1.56,0,0,9
2026-10-09 18:56:28,30.44,0,0.9,0,0,6
2026-10-09 18:56:29,15.91,0,14.52,0,0,6
2026-10-09 18:56:29,15.12,0,0.8,0,0,7
2026-10-09 18:56:29,30.67,0,15.55,0,0,8
2026-10-09 18:56:29,31.59,0,0.92,0,0,8
2026-10-09 18:56:29,14.69,0,16.9,0,0,7
2026-10-09 18:56:29,29.61,0,14.92,0,0,6
2026-10-09 18:56:29,15.32,0,14.29,0,0,6
2026-10-09 18:56:29,9.08,0,6.24,0,0,7
2026-10-09 18:56:30,15.14,0,6.06,0,0,8
2026-10-09 18:56:30,30.22,0,15.08,0,0,7
2026-10-09 18:56:30,7.31,0,22.91,0,0,7
2026-10-09 18:56:30,4.54,0,2.78,0,0,7
2026-10-09 18:56:30,4.78,0,0.25,0,0,7
2026-10-09 18:56:30,30.18,0,25.4,0,1,7
2026-10-09 18:56:30,15.88,0,14.31,0,0,8
2026-10-09 18:56:30,30.76,0,14.89,0,0,7
2026-10-09 18:56:31,30.8,0,0.03,0,0,6
2026-10-09 18:56:31,30.51,0,0.28,0,0,6
2026-10-09 18:56:31,6.66,0,23.86,0,0,6
2026-10-09 18:56:31,8.64,0,1.98,0,0,7
2026-10-09 18:56:31,30.1,0,21.46,0,0,7
2026-10-09 18:56:31,16.11,0,13.99,0,0,8
2026-10-09 18:56:31,30.8,0,14.69,0,0,8
2026-10-09 18:56:32,29.81,0,0.99,0,0,7
2026-10-09 18:56:32,15.98,0,13.83,0,0,8
2026-10-09 18:56:32,31.0,0,15.01,0,0,8
2026-10-09 18:56:32,15.13,0,15.86,0,0,6
2026-10-09 18:56:32,31.41,0,16.27,0,0,6
2026-10-09 18:56:32,31.36,0,0.05,0,0,8
2026-10-09 18:56:32,30.53,0,0.83,0,0,7
2026-10-09 18:56:32,30.82,0,0.29,0,0,7
2026-10-09 18:56:33,30.86,0,0.04,0,0,7
2026-10-09 18:56:33,30.68,0,0.19,0,0,8
2026-10-09 18:56:33,15.8,0,14.88,0,0,6
2026-10-09 18:56:33,30.32,0,14.53,0,0,7
2026-10-09 18:56:33,15.87,0,14.45,0,0,7
2026-10-09 18:56:33,15.45,0,0.42,0,0,6
2026-10-09 18:56:33,30.38,0,14.93,0,0,6
2026-10-09 18:56:34,31.06,0,0.68,0,0,8
2026-10-09 18:56:34,31.11,0,0.05,0,0,7
2026-10-09 18:56:34,15.45,0,15.67,0,0,6
2026-10-09 18:56:34,12.74,0,2.71,0,0,7
2026-10-09 18:56:34,24.58,0,11.85,0,0,7
2026-10-09 18:56:34,32.59,0,8.0,0,0,6
2026-10-09 18:56:34,16.27,0,16.31,0,0,7
2026-10-09 18:56:34,30.48,0,14.21,0,0,8
2026-10-09 18:56:35,30.54,0,0.06,0,0,7
2026-10-09 18:56:35,5.79,0,24.75,0,0,8
2026-10-09 18:56:35,30.93,0,25.14,0,0,7
2026-10-09 18:56:35,13.06,0,17.88,0,0,7
2026-10-09 18:56:35,31.04,0,17.98,0,0,8
2026-10-09 18:56:35,16.13,0,14.91,0,0,7
2026-10-09 18:56:35,31.06,0,14.94,0,0,7
2026-10-09 18:56:36,32.22,0,1.16,0,0,7
2026-10-09 18:56:36,30.71,0,1.52,0,0,9
2026-10-09 18:56:36,30.04,0,0.67,0,0,8
2026-10-09 18:56:36,31.43,0,1.4,0,0,7
2026-10-09 18:56:36,31.12,0,0.31,0,0,7
2026-10-09 18:56:36,15.52,0,15.6,0,0,6
2026-10-09 18:56:36,32.21,0,16.69,0,0,6
2026-10-09 18:56:37,30.65,0,1.55,0,0,6
2026-10-09 18:56:37,31.2,0,0.55,0,0,6
2026-10-09 18:56:37,31.1,0,0.11,0,0,7
2026-10-09 18:56:37,31.72,0,0.62,0,0,7
2026-10-09 18:56:37,29.59,0,2.13,0,0,7
2026-10-09 18:56:37,17.36,0,12.22,0,0,7
2026-10-09 18:56:37,30.94,0,13.57,0,0,7
2026-10-09 18:56:37,15.64,0,15.29,0,0,8
2026-10-09 18:56:38,24.71,0,9.07,0,0,8
2026-10-09 18:56:38,31.04,0,6.33,0,0,7
2026-10-09 18:56:38,31.75,0,0.7,0,0,8
2026-10-09 18:56:38,30.96,0,0.79,0,0,6
2026-10-09 18:56:38,31.22,0,0.27,0,0,7
2026-10-09 18:56:38,18.02,0,13.21,0,0,8
2026-10-09 18:56:38,31.69,0,13.67,0,0,7
2026-10-09 18:56:39,30.73,0,0.96,0,0,6
2026-10-09 18:56:39,30.6,0,0.12,0,0,6
2026-10-09 18:56:39,32.98,0,2.38,0,0,7
2026-10-09 18:56:39,31.3,0,1.68,0,0,6
2026-10-09 18:56:39,27.5,0,3.81,0,0,6
2026-10-09 18:56:39,30.42,0,2.92,0,0,7
2026-10-09 18:56:39,30.58,0,0.16,0,0,7
2026-10-09 18:56:40,31.01,0,0.44,0,0,7
2026-10-09 18:56:40,30.87,0,0.14,0,0,7
2026-10-09 18:56:40,30.93,0,0.06,0,0,7
2026-10-09 18:56:40,19.36,0,11.57,0,0,6
2026-10-09 18:56:40,45.12,0,25.76,0,0,7
2026-10-09 18:56:40,24.55,0,20.57,0,0,7
2026-10-09 18:56:40,30.98,0,6.43,0,0,6
2026-10-09 18:56:40,15.32,0,15.66,0,0,7
2026-10-09 18:56:41,15.34,0,0.02,0,0,6
2026-10-09 18:56:41,16.21,0,0.87,0,0,9
2026-10-09 18:56:41,8.01,0,8.2,0,0,6
2026-10-09 18:56:41,15.18,0,7.17,0,0,7
2026-10-09 18:56:41,30.47,0,15.29,0,0,7
2026-10-09 18:56:41,33.01,0,2.54,0,0,6
2026-10-09 18:56:41,30.45,0,2.56,0,0,6
2026-10-09 18:56:42,30.32,0,0.13,0,0,7
2026-10-09 18:56:42,29.53,0,0.79,0,0,6
2026-10-09 18:56:42,31.85,0,2.32,0,0,8
2026-10-09 18:56:42,31.73,0,0.11,0,0,7
2026-10-09 18:56:42,18.73,0,13.0,0,0,6
2026-10-09 18:56:42,31.34,0,12.61,0,0,8
2026-10-09 18:56:42,30.82,0,0.52,0,0,7
2026-10-09 18:56:42,31.94,0,1.12,0,0,7
2026-10-09 18:56:43,30.6,0,1.34,0,0,8
2026-10-09 18:56:43,30.3,0,0.3,0,0,8
2026-10-09 18:56:43,30.31,0,0.01,0,0,6
2026-10-09 18:56:43,31.2,0,0.89,0,0,6
2026-10-09 18:56:43,5.46,0,25.74,0,0,6
2026-10-09 18:56:43,16.84,0,11.38,0,0,7
2026-10-09 18:56:43,31.55,0,14.71,0,0,7
2026-10-09 18:56:44,5.55,0,26.0,0,0,6
2026-10-09 18:56:44,20.28,0,14.73,0,0,8
2026-10-09 18:56:44,31.04,0,10.76,0,0,7
2026-10-09 18:56:44,15.42,0,15.62,0,0,6
2026-10-09 18:56:44,32.91,0,17.49,0,0,7
2026-10-09 18:56:44,15.32,0,17.59,0,0,6
2026-10-09 18:56:44,13.5,0,1.82,0,0,7
2026-10-09 18:56:44,29.71,0,16.21,0,0,7
2026-10-09 18:56:45,15.64,0,14.07,0,0,7
2026-10-09 18:56:45,4.76,0,10.88,0,0,6
2026-10-09 18:56:45,31.9,0,27.14,0,0,7
2026-10-09 18:56:45,18.42,0,13.47,0,0,7
2026-10-09 18:56:45,28.09,0,9.66,2,0,6
2026-10-09 18:56:45,31.43,0,3.34,2,0,7
2026-10-09 18:56:45,94.06,0,62.63,2,1,8
2026-10-09 18:56:46,301.0,0,206.94,2,1,6
2026-10-09 18:56:46,15.57,0,285.43,2,0,7
2026-10-09 18:56:46,77.71,0,62.15,2,1,8
2026-10-09 18:56:46,30.85,0,46.87,2,0,7
2026-10-09 18:56:46,28.67,0,2.18,2,0,7
2026-10-09 18:56:47,31.62,0,2.95,2,0,7
2026-10-09 18:56:47,31.45,0,0.17,2,0,7
2026-10-09 18:56:47,30.15,0,1.3,2,0,7
2026-10-09 18:56:47,31.47,0,1.32,2,0,7
2026-10-09 18:56:48,640.64,0,609.17,2,3,6
2026-10-09 18:56:48,31.52,0,609.12,2,0,7
2026-10-09 18:56:48,34.58,0,3.07,2,0,7
2026-10-09 18:56:49,683.86,0,649.28,2,3,6
2026-10-09 18:56:49,7.0,0,676.86,2,0,7
2026-10-09 18:56:49,14.55,0,7.55,2,0,7
2026-10-09 18:56:49,15.6,0,1.05,2,0,7
2026-10-09 18:56:49,15.1,0,0.51,2,0,7
2026-10-09 18:56:49,15.48,0,0.38,2,0,7
2026-10-09 18:56:50,6.18,0,9.3,2,0,7
2026-10-09 18:56:50,15.21,0,9.03,2,0,7
2026-10-09 18:56:50,8.95,0,6.25,2,0,6
2026-10-09 18:56:50,14.68,0,5.73,2,0,6
2026-10-09 18:56:50,16.05,0,1.37,2,0,6
2026-10-09 18:56:50,15.08,0,0.97,2,0,6
2026-10-09 18:56:50,16.01,0,0.92,2,0,6
2026-10-09 18:56:50,30.18,0,14.18,2,0,6
2026-10-09 18:56:51,31.54,0,1.36,2,0,6
2026-10-09 18:56:51,31.52,0,0.03,2,0,6
2026-10-09 18:56:51,31.99,0,0.48,2,0,6
2026-10-09 18:56:51,31.31,0,0.68,2,0,6
2026-10-09 18:56:51,31.22,0,0.09,2,0,6
2026-10-09 18:56:52,639.07,0,607.85,2,3,6
2026-10-09 18:56:52,30.52,0,608.54,2,0,7
2026-10-09 18:56:52,30.67,0,0.15,2,0,7
2026-10-09 18:56:52,15.63,0,15.04,2,0,7
2026-10-09 18:56:52,32.34,0,16.71,2,0,7
2026-10-09 18:56:53,310.81,0,278.47,2,2,7
2026-10-09 18:56:53,31.93,0,278.88,2,0,7
2026-10-09 18:56:53,327.74,0,295.81,2,3,7
2026-10-09 18:56:54,31.12,0,296.62,2,0,8
2026-10-09 18:56:54,29.72,0,1.41,2,0,7
2026-10-09 18:56:54,30.85,0,1.14,2,0,7
2026-10-09 18:56:54,30.3,0,0.55,2,0,7
2026-10-09 18:56:54,30.81,0,0.51,2,0,7
2026-10-09 18:56:54,9.65,0,21.16,2,0,7
2026-10-09 18:56:54,25.43,0,15.78,2,0,7
2026-10-09 18:56:55,314.3,0,288.87,2,2,6
2026-10-09 18:56:55,30.5,0,283.81,2,0,7
2026-10-09 18:56:55,31.08,0,0.58,2,0,7
2026-10-09 18:56:55,30.15,0,0.93,2,0,7
2026-10-09 18:56:55,6.58,0,23.56,2,0,7
2026-10-09 18:56:55,32.1,0,25.52,2,0,7
2026-10-09 18:56:56,34.08,0,1.98,2,0,7
2026-10-09 18:56:56,14.98,0,19.1,2,0,7
2026-10-09 18:56:56,30.62,0,15.64,2,0,7
2026-10-09 18:56:56,15.76,0,14.86,2,0,6
2026-10-09 18:56:56,14.76,0,1.0,2,0,6
2026-10-09 18:56:56,15.2,0,0.45,2,0,6
2026-10-09 18:56:56,31.61,0,16.41,2,0,6
2026-10-09 18:56:56,38.31,0,6.7,2,0,6
2026-10-09 18:56:57,30.8,0,7.51,2,0,6
2026-10-09 18:56:57,30.43,0,0.37,2,0,6
2026-10-09 18:56:57,16.09,0,14.34,2,0,6
2026-10-09 18:56:57,87.09,0,71.0,2,1,7
2026-10-09 18:56:57,30.9,0,56.19,2,0,6
2026-10-09 18:56:57,15.75,0,15.15,2,0,6
2026-10-09 18:56:57,31.05,0,15.29,2,0,6
2026-10-09 18:56:58,780.25,0,749.2,2,3,5
2026-10-09 18:56:59,85.43,0,694.82,2,1,7
2026-10-09 18:56:59,15.58,0,69.85,2,0,6
2026-10-09 18:56:59,304.21,0,288.63,2,1,7
2026-10-09 18:56:59,22.81,0,281.4,2,0,7
2026-10-09 18:56:59,32.6,0,9.79,2,0,7
2026-10-09 18:57:00,20.66,0,11.94,2,0,7
2026-10-09 18:57:00,30.18,0,9.53,2,0,7
2026-10-09 18:57:00,15.3,0,14.89,2,0,7
2026-10-09 18:57:00,15.87,0,0.57,2,0,7
2026-10-09 18:57:00,15.79,0,0.08,2,0,7
2026-10-09 18:57:01,298.0,0,282.21,2,1,7
2026-10-09 18:57:01,21.83,0,276.17,2,0,7
2026-10-09 18:57:01,15.14,0,6.69,2,0,7
2026-10-09 18:57:02,911.45,0,896.31,2,3,7
2026-10-09 18:57:02,30.43,0,881.02,2,0,7
2026-10-09 18:57:02,30.75,0,0.32,2,0,7
2026-10-09 18:57:03,385.91,0,355.16,2,2,8
2026-10-09 18:57:03,31.86,0,354.05,2,0,7
2026-10-09 18:57:03,15.61,0,16.24,2,0,7
2026-10-09 18:57:03,30.71,0,15.1,2,0,7
2026-10-09 18:57:03,79.79,0,49.08,2,1,8
2026-10-09 18:57:03,80.9,0,1.12,2,1,8
2026-10-09 18:57:04,130.41,0,49.51,2,1,7
2026-10-09 18:57:04,31.31,0,99.11,2,0,7
2026-10-09 18:57:04,30.5,0,0.8,2,0,7
2026-10-09 18:57:04,11.55,0,18.95,2,0,6
2026-10-09 18:57:04,123.3,0,111.75,2,2,6
2026-10-09 18:57:04,31.62,0,91.68,2,0,7
2026-10-09 18:57:05,338.3,0,306.69,2,2,6
2026-10-09 18:57:05,30.99,0,307.31,2,0,7
2026-10-09 18:57:05,15.5,0,15.49,2,0,7
2026-10-09 18:57:05,29.79,0,14.29,2,0,7
2026-10-09 18:57:05,15.4,0,14.39,2,0,7
2026-10-09 18:57:06,285.56,0,270.16,2,1,7
2026-10-09 18:57:06,30.87,0,254.69,2,0,7
2026-10-09 18:57:06,309.01,0,278.13,2,1,7
2026-10-09 18:57:06,15.09,0,293.92,2,0,7
2026-10-09 18:57:07,30.89,0,15.8,2,0,7
2026-10-09 18:57:07,15.03,0,15.86,2,0,7
2026-10-09 18:57:07,30.99,0,15.96,2,0,7
2026-10-09 18:57:07,15.88,0,15.11,2,0,7
2026-10-09 18:57:07,15.93,0,0.04,2,0,7
2026-10-09 18:57:07,15.21,0,0.71,2,0,7
2026-10-09 18:57:07,29.51,0,14.3,2,0,7
2026-10-09 18:57:08,31.13,0,1.62,2,0,6
2026-10-09 18:57:08,39.92,0,8.79,2,0,6
2026-10-09 18:57:08,18.58,0,21.35,2,0,6
2026-10-09 18:57:08,18.54,0,0.04,2,0,6
2026-10-09 18:57:08,19.78,0,1.24,2,0,6
2026-10-09 18:57:08,95.51,0,75.73,2,1,7
2026-10-09 18:57:08,15.6,0,79.91,2,0,6
2026-10-09 18:57:09,7.32,0,8.28,2,0,6
2026-10-09 18:57:09,14.87,0,7.55,2,0,6
2026-10-09 18:57:09,31.07,0,16.2,2,0,6
2026-10-09 18:57:09,22.54,0,8.53,2,0,6
2026-10-09 18:57:09,37.08,0,14.53,2,0,6
2026-10-09 18:57:09,31.32,0,5.76,2,0,6
2026-10-09 18:57:10,274.75,0,243.43,2,1,6
2026-10-09 18:57:10,32.46,0,242.28,2,0,7
2026-10-09 18:57:10,30.49,0,1.97,2,0,7
2026-10-09 18:57:10,322.79,0,292.29,2,2,6
2026-10-09 18:57:10,31.37,0,291.42,2,0,7
2026-10-09 18:57:11,25.47,0,5.9,2,0,7
2026-10-09 18:57:11,31.48,0,6.01,2,0,7
2026-10-09 18:57:11,30.93,0,0.55,2,0,7
2026-10-09 18:57:11,122.68,0,91.75,2,2,8
2026-10-09 18:57:12,344.73,0,222.05,2,2,7
2026-10-09 18:57:12,44.58,0,300.15,2,0,7
2026-10-09 18:57:12,31.82,0,12.76,2,0,7
2026-10-09 18:57:12,30.93,0,0.9,2,0,7
2026-10-09 18:57:12,120.45,0,89.52,2,1,8
2026-10-09 18:57:12,15.2,0,105.25,2,0,7
2026-10-09 18:57:12,27.65,0,12.45,2,0,7
2026-10-09 18:57:13,132.35,0,104.71,2,2,8
2026-10-09 18:57:13,31.81,0,100.54,2,0,7
2026-10-09 18:57:13,31.33,0,0.48,2,0,7
2026-10-09 18:57:13,30.36,0,0.97,2,0,7
2026-10-09 18:57:13,31.76,0,1.4,2,0,7
2026-10-09 18:57:13,29.8,0,1.96,2,0,7
2026-10-09 18:57:14,127.14,0,97.34,2,2,8
2026-10-09 18:57:14,30.35,0,96.79,2,0,7
2026-10-09 18:57:14,31.91,0,1.56,2,0,7
2026-10-09 18:57:14,93.48,0,61.57,2,1,7
2026-10-09 18:57:14,15.53,0,77.95,2,0,7
2026-10-09 18:57:14,30.77,0,15.24,2,0,7
2026-10-09 18:57:15,31.82,0,1.05,2,0,7
2026-10-09 18:57:15,31.3,0,0.52,2,0,7
2026-10-09 18:57:15,29.81,0,1.5,2,0,6
2026-10-09 18:57:15,15.94,0,13.87,2,0,6
2026-10-09 18:57:15,30.96,0,15.02,0,0,7
2026-10-09 18:57:15,31.39,0,0.44,0,0,7
2026-10-09 18:57:15,15.46,0,15.93,0,0,7
2026-10-09 18:57:15,34.62,0,19.16,0,0,8
2026-10-09 18:57:16,31.11,0,3.52,0,0,6
2026-10-09 18:57:16,30.35,0,0.75,0,0,7
2026-10-09 18:57:16,35.63,0,5.28,0,0,6
2026-10-09 18:57:16,35.87,0,0.24,0,0,6
2026-10-09 18:57:16,15.17,0,20.7,0,0,7
2026-10-09 18:57:16,22.23,0,7.07,0,0,6
2026-10-09 18:57:16,17.08,0,5.15,0,0,8
2026-10-09 18:57:17,30.82,0,13.74,0,0,8
2026-10-09 18:57:17,15.89,0,14.93,0,0,8
2026-10-09 18:57:17,31.26,0,15.37,0,0,6
2026-10-09 18:57:17,30.75,0,0.51,0,0,6
2026-10-09 18:57:17,30.99,0,0.24,0,0,6
2026-10-09 18:57:17,31.31,0,0.31,0,0,8
2026-10-09 18:57:17,30.37,0,0.94,0,0,7
2026-10-09 18:57:18,29.57,0,0.79,0,0,6
2026-10-09 18:57:18,3.87,0,25.7,0,0,7
2026-10-09 18:57:18,15.41,0,11.54,0,0,7
2026-10-09 18:57:18,14.9,0,0.51,0,0,7
2026-10-09 18:57:18,31.59,0,16.69,0,0,6
2026-10-09 18:57:18,31.14,0,0.45,0,0,7
2026-10-09 18:57:18,16.35,0,14.79,0,0,7
2026-10-09 18:57:18,30.93,0,14.59,0,0,7
2026-10-09 18:57:19,30.66,0,0.27,0,0,6
2026-10-09 18:57:19,14.99,0,15.67,0,0,6
2026-10-09 18:57:19,30.78,0,15.78,0,0,8
2026-10-09 18:57:19,16.2,0,14.57,0,0,8
2026-10-09 18:57:19,4.0,0,12.2,0,0,7
2026-10-09 18:57:19,31.85,0,27.85,0,0,7
2026-10-09 18:57:19,3.53,0,28.32,0,0,8
2026-10-09 18:57:19,8.65,0,5.13,0,0,8
2026-10-09 18:57:20,15.4,0,6.75,0,0,6
2026-10-09 18:57:20,15.3,0,0.1,0,0,8
2026-10-09 18:57:20,15.59,0,0.29,0,0,7
2026-10-09 18:57:20,4.7,0,10.89,0,0,8
2026-10-09 18:57:20,15.01,0,10.31,0,0,8
2026-10-09 18:57:20,15.75,0,0.74,0,0,8
2026-10-09 18:57:20,15.49,0,0.26,0,0,7
2026-10-09 18:57:20,15.23,0,0.27,0,0,7
2026-10-09 18:57:21,15.36,0,0.13,0,0,6
2026-10-09 18:57:21,15.88,0,0.52,0,0,8
2026-10-09 18:57:21,15.21,0,0.67,0,0,6
2026-10-09 18:57:21,14.95,0,0.26,0,1,8
2026-10-09 18:57:21,6.98,0,7.97,0,0,7
2026-10-09 18:57:21,15.07,0,8.08,0,0,7
2026-10-09 18:57:21,15.77,0,0.71,0,0,7
2026-10-09 18:57:21,15.57,0,0.2,0,0,7
2026-10-09 18:57:22,17.95,0,2.38,0,0,6
2026-10-09 18:57:22,15.23,0,2.72,0,0,8
2026-10-09 18:57:22,15.4,0,0.17,0,0,6
2026-10-09 18:57:22,14.69,0,0.71,0,0,8
2026-10-09 18:57:22,16.26,0,1.57,0,0,6
2026-10-09 18:57:22,15.19,0,1.07,0,0,8
2026-10-09 18:57:22,15.35,0,0.17,0,0,7
2026-10-09 18:57:22,15.18,0,0.17,0,0,6
2026-10-09 18:57:23,25.87,0,10.69,0,0,7
2026-10-09 18:57:23,15.4,0,10.48,0,1,9
2026-10-09 18:57:23,14.92,0,0.48,0,0,8
2026-10-09 18:57:23,4.34,0,10.58,0,0,7
2026-10-09 18:57:23,15.74,0,11.4,0,0,6
2026-10-09 18:57:23,15.19,0,0.54,0,0,8
2026-10-09 18:57:23,14.65,0,0.54,0,0,9
2026-10-09 18:57:23,5.54,0,9.11,0,0,7
2026-10-09 18:57:24,4.81,0,0.74,0,0,7
2026-10-09 18:57:24,3.66,0,1.15,0,0,6
2026-10-09 18:57:24,15.04,0,11.38,0,0,7
2026-10-09 18:57:24,3.42,0,11.62,0,0,8
2026-10-09 18:57:24,15.6,0,12.17,0,0,7
2026-10-09 18:57:24,29.71,0,14.11,0,1,7
2026-10-09 18:57:24,30.31,0,0.6,0,1,7
2026-10-09 18:57:24,31.43,0,1.12,0,1,8
2026-10-09 18:57:25,34.7,0,3.27,0,0,8
2026-10-09 18:57:25,30.54,0,4.16,0,0,7
2026-10-09 18:57:25,31.87,0,1.33,0,0,7
2026-10-09 18:57:25,31.06,0,0.81,0,0,7
2026-10-09 18:57:25,36.56,0,5.5,0,0,7
2026-10-09 18:57:25,31.63,0,4.93,0,0,7
2026-10-09 18:57:25,15.87,0,15.76,0,0,7
2026-10-09 18:57:26,30.11,0,14.24,0,0,6
2026-10-09 18:57:26,30.03,0,0.08,0,0,7
2026-10-09 18:57:26,31.13,0,1.1,0,0,6
2026-10-09 18:57:26,31.31,0,0.18,0,0,9
2026-10-09 18:57:26,30.04,0,1.27,0,0,7
2026-10-09 18:57:26,30.53,0,0.5,0,0,7
2026-10-09 18:57:26,32.09,0,1.56,0,0,6
2026-10-09 18:57:27,31.09,0,1.0,0,0,6
2026-10-09 18:57:27,31.48,0,0.39,0,0,7
2026-10-09 18:57:27,31.22,0,0.26,0,0,8
2026-10-09 18:57:27,30.96,0,0.25,0,0,8
2026-10-09 18:57:27,39.85,0,8.88,0,0,9
2026-10-09 18:57:27,31.46,0,8.38,0,0,6
2026-10-09 18:57:27,15.1,0,16.37,0,0,6
2026-10-09 18:57:27,30.46,0,15.37,0,0,7
2026-10-09 18:57:28,29.79,0,0.67,0,0,7
2026-10-09 18:57:28,30.74,0,0.95,0,0,7
2026-10-09 18:57:28,15.26,0,15.48,0,0,7
2026-10-09 18:57:28,30.56,0,15.3,0,0,7
2026-10-09 18:57:28,31.26,0,0.7,0,0,7
2026-10-09 18:57:28,30.88,0,0.38,0,0,6
2026-10-09 18:57:28,30.96,0,0.08,0,0,8
2026-10-09 18:57:29,40.74,0,9.78,0,0,7
2026-10-09 18:57:29,30.65,0,10.09,0,0,8
2026-10-09 18:57:29,37.71,0,7.06,0,0,6
2026-10-09 18:57:29,31.97,0,5.74,0,0,7
2026-10-09 18:57:29,15.31,0,16.66,0,0,7
2026-10-09 18:57:29,15.3,0,0.01,0,0,6
2026-10-09 18:57:29,30.45,0,15.15,0,0,6
2026-10-09 18:57:30,28.41,0,2.05,0,0,6
2026-10-09 18:57:30,3.87,0,24.53,0,0,6
2026-10-09 18:57:30,31.65,0,27.78,0,0,8
2026-10-09 18:57:30,18.72,0,12.93,0,0,8
2026-10-09 18:57:30,31.71,0,12.98,0,0,6
2026-10-09 18:57:30,15.31,0,16.4,0,0,7
2026-10-09 18:57:30,15.03,0,0.28,0,0,7
2026-10-09 18:57:30,30.24,0,15.21,0,0,8
2026-10-09 18:57:31,30.87,0,0.63,0,0,6
2026-10-09 18:57:31,30.13,0,0.74,0,0,8
2026-10-09 18:57:31,30.55,0,0.42,0,1,7
2026-10-09 18:57:31,31.67,0,1.12,0,0,7
2026-10-09 18:57:31,15.41,0,16.26,0,0,7
2026-10-09 18:57:31,30.84,0,15.43,0,0,6
2026-10-09 18:57:31,15.33,0,15.51,0,0,6
2026-10-09 18:57:32,16.64,0,1.31,0,0,7
2026-10-09 18:57:32,31.36,0,14.71,0,0,7
2026-10-09 18:57:32,38.12,0,6.76,0,0,7
2026-10-09 18:57:32,15.84,0,22.28,0,0,6
2026-10-09 18:57:32,30.42,0,14.58,0,0,8
2026-10-09 18:57:32,30.91,0,0.49,0,0,7
2026-10-09 18:57:32,31.43,0,0.52,0,0,8
2026-10-09 18:57:33,30.54,0,0.89,0,0,6
2026-10-09 18:57:33,15.46,0,15.08,0,0,7
2026-10-09 18:57:33,30.33,0,14.88,0,0,7
2026-10-09 18:57:33,15.75,0,14.59,0,0,8
2026-10-09 18:57:33,15.82,0,0.07,0,0,6
2026-10-09 18:57:33,31.38,0,15.56,0,0,6
2026-10-09 18:57:33,45.6,0,14.22,0,0,8
2026-10-09 18:57:33,31.43,0,14.16,0,0,7
2026-10-09 18:57:34,31.66,0,0.22,0,0,7
2026-10-09 18:57:34,14.65,0,17.01,0,0,6
2026-10-09 18:57:34,3.28,0,11.37,0,0,7
2026-10-09 18:57:34,3.29,0,0.01,0,0,7
2026-10-09 18:57:34,3.01,0,0.27,0,0,6
2026-10-09 18:57:34,5.01,0,2.0,0,0,6
2026-10-09 18:57:34,15.56,0,10.55,0,0,8
2026-10-09 18:57:34,5.38,0,10.18,0,0,7
2026-10-09 18:57:35,19.32,0,13.94,0,0,8
2026-10-09 18:57:35,5.66,0,13.66,0,0,7
2026-10-09 18:57:35,3.22,0,2.44,0,0,8
2026-10-09 18:57:35,3.05,0,0.17,0,0,8
2026-10-09 18:57:35,4.38,0,1.33,0,0,8
2026-10-09 18:57:35,19.04,0,14.66,0,0,8
2026-10-09 18:57:35,5.29,0,13.75,0,0,8
2026-10-09 18:57:35,13.16,0,7.87,0,0,8
2026-10-09 18:57:35,4.97,0,8.19,0,0,7
2026-10-09 18:57:36,4.08,0,0.89,0,0,9
2026-10-09 18:57:36,15.05,0,10.97,0,1,6
2026-10-09 18:57:36,30.54,0,15.49,0,1,8
2026-10-09 18:57:36,33.72,0,3.18,0,1,8
2026-10-09 18:57:36,31.96,0,1.75,0,0,9
2026-10-09 18:57:36,30.24,0,1.72,0,0,7
2026-10-09 18:57:36,31.34,0,1.1,0,0,8
2026-10-09 18:57:37,34.08,0,2.73,0,0,8
2026-10-09 18:57:37,29.75,0,4.33,0,0,7
2026-10-09 18:57:37,30.14,0,0.39,0,0,7
2026-10-09 18:57:37,30.59,0,0.45,0,0,7
2026-10-09 18:57:37,30.85,0,0.26,0,0,7
2026-10-09 18:57:37,30.03,0,0.82,0,0,6
2026-10-09 18:57:37,15.63,0,14.4,0,0,6
2026-10-09 18:57:38,30.9,0,15.26,0,0,6
2026-10-09 18:57:38,30.82,0,0.07,0,0,6
2026-10-09 18:57:38,30.38,0,0.45,0,0,7
2026-10-09 18:57:38,40.87,0,10.49,0,0,9
2026-10-09 18:57:38,38.97,0,1.89,0,0,7
2026-10-09 18:57:38,31.13,0,7.85,0,0,7
2026-10-09 18:57:38,30.91,0,0.21,0,0,7
2026-10-09 18:57:39,31.86,0,0.95,0,0,8
2026-10-09 18:57:39,30.42,0,1.44,0,0,6
2026-10-09 18:57:39,30.68,0,0.26,0,0,7
2026-10-09 18:57:39,31.86,0,1.18,0,0,7
2026-10-09 18:57:39,45.53,0,13.67,0,0,6
2026-10-09 18:57:39,30.57,0,14.96,0,0,8
2026-10-09 18:57:39,16.0,0,14.57,0,0,8
2026-10-09 18:57:40,31.38,0,15.38,0,0,8
2026-10-09 18:57:40,30.58,0,0.8,0,0,8
2026-10-09 18:57:40,30.93,0,0.35,0,0,6
2026-10-09 18:57:40,35.18,0,4.25,0,0,6
2026-10-09 18:57:40,37.5,0,2.31,0,0,7
2026-10-09 18:57:40,31.08,0,6.42,0,0,6
2026-10-09 18:57:40,23.82,0,7.26,0,0,6
2026-10-09 18:57:40,30.85,0,7.03,0,0,7
2026-10-09 18:57:41,30.38,0,0.47,0,0,8
2026-10-09 18:57:41,6.51,0,23.87,0,0,7
2026-10-09 18:57:41,4.1,0,2.41,0,0,7
2026-10-09 18:57:41,2.57,0,1.53,0,0,8
2026-10-09 18:57:41,5.22,0,2.66,0,0,7
2026-10-09 18:57:41,15.09,0,9.87,0,0,7
2026-10-09 18:57:41,15.11,0,0.03,0,0,6
2026-10-09 18:57:41,15.14,0,0.03,0,0,7
2026-10-09 18:57:42,4.51,0,10.63,0,0,7
2026-10-09 18:57:42,2.72,0,1.79,0,0,7
2026-10-09 18:57:42,4.56,0,1.84,0,0,7
2026-10-09 18:57:42,4.41,0,0.15,0,0,7
2026-10-09 18:57:42,4.95,0,0.53,0,0,8
2026-10-09 18:57:42,3.34,0,1.6,0,0,8
2026-10-09 18:57:42,6.12,0,2.78,0,0,8
2026-10-09 18:57:42,15.67,0,9.55,0,0,6
2026-10-09 18:57:42,32.28,0,16.6,0,1,6
2026-10-09 18:57:43,30.21,0,2.07,0,1,8
2026-10-09 18:57:43,15.56,0,14.64,0,0,8
2026-10-09 18:57:43,29.13,0,13.57,0,0,7
2026-10-09 18:57:43,30.97,0,1.83,0,0,8
2026-10-09 18:57:43,30.02,0,0.94,0,0,7
2026-10-09 18:57:43,31.35,0,1.33,0,0,7
2026-10-09 18:57:43,30.89,0,0.46,0,0,8
2026-10-09 18:57:44,3.46,0,27.43,0,0,7
2026-10-09 18:57:44,30.76,0,27.3,0,0,7
2026-10-09 18:57:44,16.65,0,14.11,0,0,7
2026-10-09 18:57:44,31.11,0,14.46,0,0,8
2026-10-09 18:57:44,30.15,0,0.96,0,0,7
2026-10-09 18:57:44,16.48,0,13.67,0,0,7
2026-10-09 18:57:44,6.09,0,10.4,0,0,7
2026-10-09 18:57:44,15.47,0,9.39,0,0,8
2026-10-09 18:57:45,29.34,0,13.87,0,0,7
2026-10-09 18:57:45,29.88,0,0.54,0,0,7
2026-10-09 18:57:45,29.87,0,0.01,0,0,6
2026-10-09 18:57:45,104.74,0,74.87,3,2,9
2026-10-09 18:57:45,31.49,0,73.25,3,0,6
2026-10-09 18:57:45,30.76,0,0.73,3,0,7
2026-10-09 18:57:46,15.58,0,15.18,3,0,9
2026-10-09 18:57:46,29.89,0,14.31,3,0,8
2026-10-09 18:57:46,15.12,0,14.77,3,0,6
2026-10-09 18:57:46,14.66,0,0.46,3,0,8
2026-10-09 18:57:46,30.7,0,16.04,3,0,8
2026-10-09 18:57:46,31.67,0,0.97,3,0,8
2026-10-09 18:57:46,14.95,0,16.72,3,0,6
2026-10-09 18:57:46,30.66,0,15.7,3,0,7
2026-10-09 18:57:47,33.92,0,3.26,3,0,8
2026-10-09 18:57:47,15.98,0,17.94,3,0,6
2026-10-09 18:57:47,31.53,0,15.55,3,0,7
2026-10-09 18:57:47,30.87,0,0.66,3,0,6
2026-10-09 18:57:47,30.8,0,0.07,3,0,7
2026-10-09 18:57:47,31.01,0,0.21,3,0,7
2026-10-09 18:57:47,31.94,0,0.93,3,0,6
2026-10-09 18:57:48,30.54,0,1.41,3,0,7
2026-10-09 18:57:48,29.57,0,0.97,3,0,8
2026-10-09 18:57:48,31.27,0,1.71,3,0,6
2026-10-09 18:57:48,36.6,0,5.33,3,0,8
2026-10-09 18:57:48,31.36,0,5.24,3,0,6
2026-10-09 18:57:48,29.92,0,1.45,3,0,6
2026-10-09 18:57:48,17.52,0,12.39,3,0,9
2026-10-09 18:57:49,30.33,0,12.81,3,0,6
2026-10-09 18:57:49,15.47,0,14.86,3,0,6
2026-10-09 18:57:49,30.92,0,15.44,3,0,7
2026-10-09 18:57:49,40.56,0,9.64,3,0,6
2026-10-09 18:57:49,15.71,0,24.85,3,0,8
2026-10-09 18:57:49,30.83,0,15.12,3,0,8
2026-10-09 18:57:49,29.94,0,0.9,3,0,6
2026-10-09 18:57:49,31.25,0,1.31,3,0,6
2026-10-09 18:57:50,15.61,0,15.64,3,0,7
2026-10-09 18:57:50,30.61,0,15.0,3,0,6
2026-10-09 18:57:50,30.96,0,0.35,3,0,7
2026-10-09 18:57:50,31.12,0,0.16,3,0,7
2026-10-09 18:57:51,5000.0,1,4968.88,3,0,6
2026-10-09 18:57:52,5000.0,1,0.0,3,2,5
2026-10-09 18:57:53,5000.0,1,0.0,3,2,6
2026-10-09 18:57:54,5000.0,1,0.0,3,1,0
2026-10-09 18:57:56,5000.0,1,0.0,3,1,0
2026-10-09 18:57:57,5000.0,1,0.0,3,1,0
2026-10-09 18:57:58,5000.0,1,0.0,3,0,0
2026-10-09 18:57:59,5000.0,1,0.0,3,0,0
2026-10-09 18:58:00,5000.0,1,0.0,3,1,0
2026-10-09 18:58:01,5000.0,1,0.0,3,0,0
2026-10-09 18:58:02,5000.0,1,0.0,3,1,2
2026-10-09 18:58:03,5000.0,1,0.0,3,0,4
2026-10-09 18:58:05,5000.0,1,0.0,3,1,4
2026-10-09 18:58:06,5000.0,1,0.0,0,0,2
2026-10-09 18:58:07,5000.0,1,0.0,0,0,4
2026-10-09 18:58:08,5000.0,1,0.0,0,0,4
2026-10-09 18:58:08,83.76,0,4916.24,0,1,7
2026-10-09 18:58:08,31.02,0,52.74,0,0,9
2026-10-09 18:58:08,15.74,0,15.28,0,0,8
2026-10-09 18:58:09,31.45,0,15.71,0,0,8
2026-10-09 18:58:09,30.59,0,0.85,0,0,7
2026-10-09 18:58:09,31.43,0,0.84,0,0,7
2026-10-09 18:58:09,16.19,0,15.25,0,0,8
2026-10-09 18:58:09,37.41,0,21.22,0,0,7
2026-10-09 18:58:09,14.96,0,22.45,0,0,7
2026-10-09 18:58:09,29.43,0,14.47,0,0,6
2026-10-09 18:58:09,25.78,0,3.65,0,0,6
2026-10-09 18:58:10,15.81,0,9.97,0,0,7
2026-10-09 18:58:10,30.92,0,15.11,0,0,6
2026-10-09 18:58:10,31.08,0,0.16,0,0,7
2026-10-09 18:58:10,31.45,0,0.37,0,0,7
2026-10-09 18:58:10,30.55,0,0.9,0,0,6
2026-10-09 18:58:10,31.25,0,0.7,0,0,7
2026-10-09 18:58:10,14.7,0,16.55,0,0,6
2026-10-09 18:58:11,27.04,0,12.34,0,0,8
2026-10-09 18:58:11,31.17,0,4.13,0,0,7
2026-10-09 18:58:11,30.87,0,0.29,0,0,7
2026-10-09 18:58:11,32.04,0,1.16,0,0,7
2026-10-09 18:58:11,30.86,0,1.18,0,0,7
2026-10-09 18:58:11,32.06,0,1.2,0,0,7
2026-10-09 18:58:11,31.18,0,0.88,0,0,6
2026-10-09 18:58:12,30.85,0,0.33,0,0,6
2026-10-09 18:58:12,31.21,0,0.36,0,0,8
2026-10-09 18:58:12,15.74,0,15.46,0,0,5
2026-10-09 18:58:12,31.5,0,15.75,0,0,6
2026-10-09 18:58:12,15.2,0,16.29,0,0,6
2026-10-09 18:58:12,30.72,0,15.52,0,0,8
2026-10-09 18:58:12,15.52,0,15.2,0,1,9
2026-10-09 18:58:12,15.48,0,0.04,0,0,8
2026-10-09 18:58:13,31.85,0,16.38,0,0,6
2026-10-09 18:58:13,15.44,0,16.41,0,0,7
2026-10-09 18:58:13,30.64,0,15.2,0,0,8
2026-10-09 18:58:13,15.01,0,15.64,0,0,6
2026-10-09 18:58:13,14.96,0,0.04,0,0,6
2026-10-09 18:58:13,15.51,0,0.54,0,0,5
2026-10-09 18:58:13,22.9,0,7.4,0,0,6
2026-10-09 18:58:14,16.06,0,6.85,0,0,7
2026-10-09 18:58:14,30.77,0,14.71,0,0,6
2026-10-09 18:58:14,31.27,0,0.5,0,0,7
2026-10-09 18:58:14,19.66,0,11.61,0,0,6
2026-10-09 18:58:14,29.35,0,9.69,0,0,7
2026-10-09 18:58:14,15.78,0,13.57,0,0,7
2026-10-09 18:58:14,39.55,0,23.77,0,0,8
2026-10-09 18:58:14,15.01,0,24.54,0,0,7
2026-10-09 18:58:15,33.58,0,18.57,0,0,8
2026-10-09 18:58:15,15.67,0,17.92,0,0,8
2026-10-09 18:58:15,20.7,0,5.03,0,0,8
2026-10-09 18:58:15,14.94,0,5.76,0,0,7
2026-10-09 18:58:15,14.68,0,0.26,0,0,7
2026-10-09 18:58:15,15.07,0,0.39,0,0,7
2026-10-09 18:58:15,15.76,0,0.68,0,1,7
2026-10-09 18:58:15,31.53,0,15.77,0,0,9
2026-10-09 18:58:16,31.16,0,0.37,0,0,7
2026-10-09 18:58:16,31.64,0,0.48,0,0,7
2026-10-09 18:58:16,32.23,0,0.59,0,0,8
2026-10-09 18:58:16,31.16,0,1.08,0,0,6
2026-10-09 18:58:16,31.09,0,0.07,0,0,7
2026-10-09 18:58:16,30.71,0,0.38,0,0,8
2026-10-09 18:58:16,30.49,0,0.22,0,1,9
2026-10-09 18:58:17,30.76,0,0.26,0,0,8
2026-10-09 18:58:17,15.87,0,14.88,0,0,6
2026-10-09 18:58:17,30.82,0,14.95,0,0,7
2026-10-09 18:58:17,32.02,0,1.2,0,0,7
2026-10-09 18:58:17,31.14,0,0.88,0,0,7
2026-10-09 18:58:17,30.89,0,0.24,0,0,6
2026-10-09 18:58:17,30.44,0,0.45,0,0,8
2026-10-09 18:58:18,32.13,0,1.69,0,0,7
2026-10-09 18:58:18,30.96,0,1.17,0,0,6
2026-10-09 18:58:18,4.19,0,26.77,0,0,8
2026-10-09 18:58:18,15.1,0,10.91,0,0,8
2026-10-09 18:58:18,38.21,0,23.11,0,0,7
2026-10-09 18:58:18,30.85,0,7.36,0,0,7
2026-10-09 18:58:18,30.89,0,0.04,0,0,7
2026-10-09 18:58:19,30.24,0,0.65,0,0,6
2026-10-09 18:58:19,30.95,0,0.71,0,0,8
2026-10-09 18:58:19,30.63,0,0.31,0,0,6
2026-10-09 18:58:19,30.89,0,0.25,0,0,6
2026-10-09 18:58:19,16.54,0,14.34,0,0,6
2026-10-09 18:58:19,14.97,0,1.57,0,0,8
2026-10-09 18:58:19,45.72,0,30.75,0,1,8
2026-10-09 18:58:19,16.15,0,29.57,0,0,7
2026-10-09 18:58:20,31.91,0,15.77,0,0,7
2026-10-09 18:58:20,30.89,0,1.02,0,0,6
2026-10-09 18:58:20,15.19,0,15.7,0,0,7
2026-10-09 18:58:20,31.08,0,15.89,0,0,7
2026-10-09 18:58:20,15.94,0,15.14,0,0,7
2026-10-09 18:58:20,31.4,0,15.46,0,0,7
2026-10-09 18:58:20,31.69,0,0.29,0,0,8
2026-10-09 18:58:21,15.19,0,16.5,0,0,7
2026-10-09 18:58:21,15.66,0,0.47,0,0,9
2026-10-09 18:58:21,15.8,0,0.14,0,0,6
2026-10-09 18:58:21,15.99,0,0.19,0,0,7
2026-10-09 18:58:21,15.69,0,0.31,0,0,7
2026-10-09 18:58:21,15.13,0,0.56,0,0,6
2026-10-09 18:58:21,15.26,0,0.13,0,0,7
2026-10-09 18:58:21,25.12,0,9.86,0,0,6
2026-10-09 18:58:22,16.16,0,8.96,0,0,6
2026-10-09 18:58:22,31.48,0,15.33,0,0,6
2026-10-09 18:58:22,30.71,0,0.77,0,0,7
2026-10-09 18:58:22,21.95,0,8.77,0,0,6
2026-10-09 18:58:22,14.84,0,7.11,0,0,7
2026-10-09 18:58:22,30.6,0,15.75,0,0,6
2026-10-09 18:58:22,15.16,0,15.44,0,0,9
2026-10-09 18:58:22,14.88,0,0.28,0,0,6
2026-10-09 18:58:23,27.32,0,12.44,0,0,6
2026-10-09 18:58:23,14.98,0,12.34,0,1,8
2026-10-09 18:58:23,15.71,0,0.73,0,0,7
2026-10-09 18:58:23,15.39,0,0.32,0,0,6
2026-10-09 18:58:23,4.72,0,10.67,0,0,8
2026-10-09 18:58:23,15.43,0,10.71,0,0,8
2026-10-09 18:58:23,15.6,0,0.16,0,0,6
2026-10-09 18:58:23,15.68,0,0.09,0,0,7
2026-10-09 18:58:24,33.59,0,17.9,0,0,6
2026-10-09 18:58:24,31.61,0,1.98,0,0,7
2026-10-09 18:58:24,2.96,0,28.65,0,0,7
2026-10-09 18:58:24,15.88,0,12.92,0,0,7
2026-10-09 18:58:24,3.28,0,12.59,0,0,7
2026-10-09 18:58:24,5.34,0,2.06,0,0,8
2026-10-09 18:58:24,15.7,0,10.36,0,0,7
2026-10-09 18:58:24,37.89,0,22.19,0,1,8
2026-10-09 18:58:25,40.17,0,2.28,0,0,8
2026-10-09 18:58:25,43.17,0,3.0,0,1,8
2026-10-09 18:58:25,30.77,0,12.4,0,0,7
2026-10-09 18:58:25,30.19,0,0.59,0,0,7
2026-10-09 18:58:25,15.9,0,14.29,0,0,6
2026-10-09 18:58:25,15.39,0,0.5,0,0,7
2026-10-09 18:58:25,14.6,0,0.79,0,0,7
2026-10-09 18:58:26,31.21,0,16.61,0,0,8
2026-10-09 18:58:26,29.92,0,1.29,0,0,8
2026-10-09 18:58:26,14.94,0,14.98,0,0,7
2026-10-09 18:58:26,15.76,0,0.82,0,0,8
2026-10-09 18:58:26,3.15,0,12.61,0,0,8
2026-10-09 18:58:26,30.42,0,27.27,0,0,6
2026-10-09 18:58:26,15.66,0,14.76,0,0,7
2026-10-09 18:58:26,15.3,0,0.36,0,0,7
2026-10-09 18:58:27,23.31,0,8.0,0,0,6
2026-10-09 18:58:27,31.0,0,7.7,0,0,7
2026-10-09 18:58:27,29.7,0,1.3,0,0,7
2026-10-09 18:58:27,15.44,0,14.26,0,0,8
2026-10-09 18:58:27,11.95,0,3.49,0,1,7
2026-10-09 18:58:27,30.82,0,18.87,0,0,9
2026-10-09 18:58:27,15.38,0,15.44,0,0,7
2026-10-09 18:58:27,15.16,0,0.22,0,0,7
2026-10-09 18:58:28,15.15,0,0.01,0,0,5
2026-10-09 18:58:28,15.7,0,0.55,0,0,7
2026-10-09 18:58:28,31.61,0,15.9,0,0,6
2026-10-09 18:58:28,30.11,0,1.5,0,0,7
2026-10-09 18:58:28,31.87,0,1.77,0,0,8
2026-10-09 18:58:28,29.68,0,2.2,0,0,7
2026-10-09 18:58:28,20.37,0,9.31,0,0,7
2026-10-09 18:58:29,15.85,0,4.52,0,0,6
2026-10-09 18:58:29,30.63,0,14.78,0,0,6
2026-10-09 18:58:29,31.07,0,0.44,0,0,7
2026-10-09 18:58:29,30.44,0,0.63,0,0,7
2026-10-09 18:58:29,31.2,0,0.76,0,0,7
2026-10-09 18:58:29,15.5,0,15.7,0,0,8
2026-10-09 18:58:29,31.07,0,15.57,0,0,7
2026-10-09 18:58:29,30.59,0,0.48,0,0,7
2026-10-09 18:58:30,16.96,0,13.62,0,0,6
2026-10-09 18:58:30,31.31,0,14.35,0,0,6
2026-10-09 18:58:30,31.28,0,0.03,0,0,8
2026-10-09 18:58:30,31.52,0,0.24,0,0,7
2026-10-09 18:58:30,30.58,0,0.94,0,0,6
2026-10-09 18:58:30,30.62,0,0.04,0,0,6
2026-10-09 18:58:30,15.18,0,15.44,0,0,7
2026-10-09 18:58:31,24.42,0,9.25,0,0,7
2026-10-09 18:58:31,30.45,0,6.02,0,0,7
2026-10-09 18:58:31,31.64,0,1.19,0,0,6
2026-10-09 18:58:31,31.65,0,0.01,0,0,6
2026-10-09 18:58:31,30.5,0,1.15,0,0,6
2026-10-09 18:58:31,14.96,0,15.54,0,0,7
2026-10-09 18:58:31,15.65,0,0.7,0,0,8
2026-10-09 18:58:32,31.13,0,15.47,0,0,7
2026-10-09 18:58:32,14.75,0,16.38,0,0,6
2026-10-09 18:58:32,30.63,0,15.88,0,0,7
2026-10-09 18:58:32,30.87,0,0.24,0,0,9
2026-10-09 18:58:32,30.35,0,0.52,0,0,7
2026-10-09 18:58:32,30.48,0,0.13,0,0,6
2026-10-09 18:58:32,31.14,0,0.66,0,0,7
2026-10-09 18:58:32,31.0,0,0.13,0,0,7
2026-10-09 18:58:33,30.5,0,0.5,0,0,7
2026-10-09 18:58:33,15.12,0,15.38,0,0,7
2026-10-09 18:58:33,30.38,0,15.26,0,0,6
2026-10-09 18:58:33,30.86,0,0.48,0,0,7
2026-10-09 18:58:33,31.37,0,0.51,0,0,7
2026-10-09 18:58:33,30.64,0,0.73,0,0,7
2026-10-09 18:58:33,31.36,0,0.72,0,0,8
2026-10-09 18:58:34,30.91,0,0.45,0,0,7
2026-10-09 18:58:34,30.38,0,0.52,0,0,7
2026-10-09 18:58:34,31.35,0,0.97,0,0,7
2026-10-09 18:58:34,30.15,0,1.2,0,0,7
2026-10-09 18:58:34,31.25,0,1.1,0,0,6
2026-10-09 18:58:34,30.64,0,0.61,0,0,8
2026-10-09 18:58:34,15.77,0,14.87,0,0,6
2026-10-09 18:58:35,44.66,0,28.89,0,0,7
2026-10-09 18:58:35,3.85,0,40.82,0,0,7
2026-10-09 18:58:35,14.72,0,10.87,0,0,7
2026-10-09 18:58:35,15.27,0,0.56,0,0,9
2026-10-09 18:58:35,18.88,0,3.6,0,0,6
2026-10-09 18:58:35,285.64,0,266.76,1,2,6
2026-10-09 18:58:36,286.01,0,0.38,1,0,9
2026-10-09 18:58:36,298.78,0,12.76,1,2,8
2026-10-09 18:58:37,347.88,0,49.11,1,1,8
2026-10-09 18:58:37,249.89,0,97.99,1,0,9
2026-10-09 18:58:37,226.14,0,23.75,1,0,6
2026-10-09 18:58:38,299.31,0,73.17,1,1,10
2026-10-09 18:58:38,183.34,0,115.97,1,0,8
2026-10-09 18:58:38,180.14,0,3.2,1,0,7
2026-10-09 18:58:39,317.59,0,137.46,1,0,6
2026-10-09 18:58:39,312.98,0,4.61,1,1,9
2026-10-09 18:58:40,378.56,0,65.58,1,0,8
2026-10-09 18:58:40,272.94,0,105.62,1,0,6
2026-10-09 18:58:41,352.63,0,79.69,1,0,9
2026-10-09 18:58:41,242.11,0,110.52,1,0,8
2026-10-09 18:58:41,389.2,0,147.08,1,1,9
2026-10-09 18:58:42,245.1,0,144.1,1,0,7
2026-10-09 18:58:42,296.54,0,51.44,1,0,6
2026-10-09 18:58:43,251.06,0,45.47,1,0,8
2026-10-09 18:58:43,262.72,0,11.66,1,1,9
2026-10-09 18:58:43,348.18,0,85.45,1,1,8
2026-10-09 18:58:44,252.66,0,95.52,1,0,8
2026-10-09 18:58:44,235.7,0,16.97,1,0,6
2026-10-09 18:58:44,309.79,0,74.1,1,1,8
2026-10-09 18:58:45,314.98,0,5.19,1,1,8
2026-10-09 18:58:45,304.97,0,10.02,1,0,6
2026-10-09 18:58:46,240.66,0,64.31,1,0,6
2026-10-09 18:58:46,291.02,0,50.36,1,0,7
2026-10-09 18:58:47,308.72,0,17.7,1,0,6
2026-10-09 18:58:47,343.41,0,34.69,1,1,8
2026-10-09 18:58:47,343.6,0,0.19,1,1,9
2026-10-09 18:58:48,327.03,0,16.57,1,0,9
2026-10-09 18:58:48,223.59,0,103.44,1,0,6
2026-10-09 18:58:49,288.78,0,65.19,1,1,8
2026-10-09 18:58:49,278.74,0,10.04,1,0,9
2026-10-09 18:58:49,336.49,0,57.75,1,0,6
2026-10-09 18:58:50,270.71,0,65.78,1,0,8
2026-10-09 18:58:50,351.69,0,80.98,1,1,7
2026-10-09 18:58:51,322.84,0,28.85,1,0,6
2026-10-09 18:58:51,372.85,0,50.02,1,0,8
2026-10-09 18:58:52,218.04,0,154.82,1,0,6
2026-10-09 18:58:52,282.22,0,64.18,1,0,9
2026-10-09 18:58:52,312.95,0,30.73,1,0,6
2026-10-09 18:58:53,286.77,0,26.18,1,1,8
2026-10-09 18:58:53,393.94,0,107.17,1,2,10
2026-10-09 18:58:54,257.19,0,136.75,1,0,8
2026-10-09 18:58:54,248.19,0,9.0,1,0,6
2026-10-09 18:58:54,250.11,0,1.91,1,0,9
2026-10-09 18:58:55,333.21,0,83.1,1,2,10
2026-10-09 18:58:55,276.36,0,56.85,1,1,8
2026-10-09 18:58:55,230.94,0,45.42,1,0,8
2026-10-09 18:58:56,320.7,0,89.76,1,0,6
2026-10-09 18:58:56,264.68,0,56.01,1,0,7
2026-10-09 18:58:57,252.85,0,11.84,1,0,6
2026-10-09 18:58:57,242.75,0,10.1,1,0,9
2026-10-09 18:58:57,295.61,0,52.86,1,0,9
2026-10-09 18:58:58,297.4,0,1.79,1,0,6
2026-10-09 18:58:58,268.93,0,28.47,1,0,10
2026-10-09 18:58:59,284.86,0,15.92,1,1,9
2026-10-09 18:58:59,342.97,0,58.11,1,0,8
2026-10-09 18:58:59,173.32,0,169.64,1,0,6
2026-10-09 18:59:00,243.87,0,70.54,1,0,7
2026-10-09 18:59:00,233.49,0,10.37,1,0,8
2026-10-09 18:59:00,214.04,0,19.45,1,0,7
2026-10-09 18:59:01,256.12,0,42.08,1,1,8
2026-10-09 18:59:01,349.93,0,93.81,1,0,8
2026-10-09 18:59:02,280.56,0,69.37,1,0,6
2026-10-09 18:59:02,305.55,0,24.99,1,0,8
2026-10-09 18:59:02,249.05,0,56.5,1,0,7
2026-10-09 18:59:03,171.33,0,77.73,1,0,8
2026-10-09 18:59:03,266.72,0,95.39,1,0,6
2026-10-09 18:59:03,296.65,0,29.93,1,0,6
2026-10-09 18:59:04,275.25,0,21.4,1,1,9
2026-10-09 18:59:04,305.76,0,30.52,1,0,6
2026-10-09 18:59:05,269.75,0,36.01,1,0,9
2026-10-09 18:59:05,334.59,0,64.84,1,1,7
2026-10-09 18:59:06,515.41,0,180.82,0,2,8
2026-10-09 18:59:06,30.73,0,484.68,0,0,8
2026-10-09 18:59:06,30.74,0,0.01,0,0,7
2026-10-09 18:59:06,31.56,0,0.83,0,0,8
2026-10-09 18:59:06,15.14,0,16.43,0,0,8
2026-10-09 18:59:06,16.02,0,0.89,0,0,9
2026-10-09 18:59:06,31.03,0,15.01,0,0,8
2026-10-09 18:59:07,36.85,0,5.82,0,0,7
2026-10-09 18:59:07,31.57,0,5.28,0,0,6
2026-10-09 18:59:07,31.86,0,0.29,0,0,8
2026-10-09 18:59:07,30.78,0,1.08,0,0,7
2026-10-09 18:59:07,30.64,0,0.14,0,0,7
2026-10-09 18:59:07,31.29,0,0.65,0,0,8
2026-10-09 18:59:07,30.79,0,0.5,0,0,7
2026-10-09 18:59:08,31.41,0,0.62,0,0,7
2026-10-09 18:59:08,31.53,0,0.11,0,0,8
2026-10-09 18:59:08,32.7,0,1.17,0,0,7
2026-10-09 18:59:08,30.63,0,2.07,0,0,6
2026-10-09 18:59:08,30.39,0,0.24,0,0,7
2026-10-09 18:59:08,31.53,0,1.14,0,0,6
2026-10-09 18:59:08,30.19,0,1.33,0,0,7
2026-10-09 18:59:09,15.34,0,14.85,0,0,6
2026-10-09 18:59:09,30.45,0,15.11,0,0,7
2026-10-09 18:59:09,30.71,0,0.26,0,0,7
2026-10-09 18:59:09,30.28,0,0.43,0,0,7
2026-10-09 18:59:09,15.65,0,14.63,0,0,7
2026-10-09 18:59:09,30.79,0,15.13,0,0,8
2026-10-09 18:59:09,29.0,0,1.79,0,0,7
2026-10-09 18:59:09,30.03,0,1.03,0,0,8
2026-10-09 18:59:10,15.27,0,14.76,0,0,5
2026-10-09 18:59:10,15.59,0,0.32,0,0,6
2026-10-09 18:59:10,15.71,0,0.12,0,0,7
2026-10-09 18:59:10,15.19,0,0.51,0,0,7
2026-10-09 18:59:10,16.06,0,0.86,0,0,7
2026-10-09 18:59:10,5.53,0,10.53,0,0,9
2026-10-09 18:59:10,20.82,0,15.29,0,0,7
2026-10-09 18:59:10,5.31,0,15.5,0,0,8
2026-10-09 18:59:11,32.02,0,26.7,0,0,7
2026-10-09 18:59:11,30.17,0,1.85,0,0,7
2026-10-09 18:59:11,31.82,0,1.65,0,0,7
2026-10-09 18:59:11,30.44,0,1.38,0,0,7
2026-10-09 18:59:11,4.37,0,26.07,0,0,7
2026-10-09 18:59:11,4.76,0,0.39,0,0,6
2026-10-09 18:59:11,15.85,0,11.09,0,0,5
2026-10-09 18:59:11,3.34,0,12.51,0,0,7
2026-10-09 18:59:12,30.8,0,27.46,0,0,8
2026-10-09 18:59:12,30.67,0,0.13,0,0,7
2026-10-09 18:59:12,15.57,0,15.1,0,0,7
2026-10-09 18:59:12,15.69,0,0.12,0,0,6
2026-10-09 18:59:12,3.5,0,12.19,0,0,8
2026-10-09 18:59:12,31.4,0,27.9,0,0,7
2026-10-09 18:59:12,30.94,0,0.45,0,0,7
2026-10-09 18:59:13,30.83,0,0.11,0,0,9
2026-10-09 18:59:13,30.64,0,0.19,0,0,7
2026-10-09 18:59:13,30.48,0,0.16,0,0,7
2026-10-09 18:59:13,30.92,0,0.44,0,0,7
2026-10-09 18:59:13,28.47,0,2.45,0,0,6
2026-10-09 18:59:13,31.06,0,2.59,0,0,7
2026-10-09 18:59:13,30.83,0,0.23,0,0,6
2026-10-09 18:59:13,15.27,0,15.56,0,0,7
2026-10-09 18:59:14,31.86,0,16.6,0,0,7
2026-10-09 18:59:14,31.43,0,0.43,0,0,7
2026-10-09 18:59:14,45.03,0,13.6,0,0,7
2026-10-09 18:59:14,40.12,0,4.91,0,0,7
2026-10-09 18:59:14,32.59,0,7.53,0,0,6
2026-10-09 18:59:14,30.42,0,2.17,0,0,7
2026-10-09 18:59:14,23.38,0,7.04,0,0,7
2026-10-09 18:59:15,30.52,0,7.13,0,0,8
2026-10-09 18:59:15,30.51,0,0.01,0,0,8
2026-10-09 18:59:15,30.66,0,0.14,0,0,8
2026-10-09 18:59:15,30.34,0,0.31,0,0,7
2026-10-09 18:59:15,31.47,0,1.13,0,0,6
2026-10-09 18:59:15,30.7,0,0.77,0,0,8
2026-10-09 18:59:15,14.73,0,15.98,0,0,7
2026-10-09 18:59:16,22.55,0,7.82,0,0,7
2026-10-09 18:59:16,30.94,0,8.39,0,0,8
2026-10-09 18:59:16,16.01,0,14.93,0,0,6
2026-10-09 18:59:16,31.05,0,15.05,0,0,8
2026-10-09 18:59:16,29.86,0,1.19,0,0,6
2026-10-09 18:59:16,30.64,0,0.78,0,0,7
2026-10-09 18:59:16,30.27,0,0.38,0,0,8
2026-10-09 18:59:17,18.03,0,12.23,0,0,6
2026-10-09 18:59:17,15.58,0,2.45,0,0,6
2026-10-09 18:59:17,18.53,0,2.94,0,0,8
2026-10-09 18:59:17,25.73,0,7.2,0,0,9
2026-10-09 18:59:17,30.62,0,4.89,0,0,7
2026-10-09 18:59:17,30.6,0,0.02,0,0,6
2026-10-09 18:59:17,31.22,0,0.63,0,0,6
2026-10-09 18:59:17,13.92,0,17.3,0,0,7
2026-10-09 18:59:18,36.01,0,22.08,0,0,8
2026-10-09 18:59:18,31.43,0,4.58,0,0,8
2026-10-09 18:59:18,31.37,0,0.06,0,0,8
2026-10-09 18:59:18,11.75,0,19.61,0,0,8
2026-10-09 18:59:18,15.16,0,3.41,0,0,7
2026-10-09 18:59:18,27.0,0,11.84,0,0,8
2026-10-09 18:59:18,30.63,0,3.63,0,0,7
2026-10-09 18:59:19,6.46,0,24.17,0,0,7
2026-10-09 18:59:19,31.61,0,25.15,0,0,7
2026-10-09 18:59:19,32.22,0,0.61,0,0,7
2026-10-09 18:59:19,15.19,0,17.03,0,0,7
2026-10-09 18:59:19,32.08,0,16.89,0,0,7
2026-10-09 18:59:19,31.21,0,0.86,0,0,6
2026-10-09 18:59:19,31.46,0,0.25,0,0,8
2026-10-09 18:59:19,28.97,0,2.49,0,0,7
2026-10-09 18:59:20,29.99,0,1.02,0,0,6
2026-10-09 18:59:20,30.91,0,0.92,0,0,6
2026-10-09 18:59:20,15.16,0,15.75,0,0,8
2026-10-09 18:59:20,31.44,0,16.28,0,0,6
2026-10-09 18:59:20,33.3,0,1.86,0,0,7
2026-10-09 18:59:20,33.19,0,0.11,0,0,7
2026-10-09 18:59:20,30.34,0,2.85,0,0,8
2026-10-09 18:59:21,14.94,0,15.4,0,0,5
2026-10-09 18:59:21,30.57,0,15.63,0,0,7
2026-10-09 18:59:21,30.31,0,0.26,0,0,7
2026-10-09 18:59:21,30.29,0,0.02,0,0,7
2026-10-09 18:59:21,31.87,0,1.58,0,0,8
2026-10-09 18:59:21,15.67,0,16.2,0,0,8
2026-10-09 18:59:21,5.29,0,10.38,0,0,7
2026-10-09 18:59:22,4.2,0,1.09,0,0,6
2026-10-09 18:59:22,30.52,0,26.32,0,0,7
2026-10-09 18:59:22,15.25,0,15.27,0,0,7
2026-10-09 18:59:22,31.26,0,16.0,0,0,8
2026-10-09 18:59:22,16.05,0,15.21,0,0,8
2026-10-09 18:59:22,15.98,0,0.07,0,0,6
2026-10-09 18:59:22,15.49,0,0.49,0,0,7
2026-10-09 18:59:22,15.71,0,0.22,0,0,8
2026-10-09 18:59:23,16.29,0,0.59,0,0,7
2026-10-09 18:59:23,16.06,0,0.24,0,0,7
2026-10-09 18:59:23,16.53,0,0.47,0,0,6
2026-10-09 18:59:23,42.6,0,26.06,0,0,8
2026-10-09 18:59:23,14.15,0,28.44,0,0,7
2026-10-09 18:59:23,28.74,0,14.59,0,0,6
2026-10-09 18:59:23,29.75,0,1.0,0,0,8
2026-10-09 18:59:23,16.0,0,13.75,0,0,7
2026-10-09 18:59:24,16.25,0,0.25,0,0,8
2026-10-09 18:59:24,16.1,0,0.14,0,0,7
2026-10-09 18:59:24,15.71,0,0.39,0,0,6
2026-10-09 18:59:24,19.02,0,3.3,0,1,7
2026-10-09 18:59:24,42.46,0,23.44,0,1,8
2026-10-09 18:59:24,15.88,0,26.58,0,0,7
2026-10-09 18:59:24,13.95,0,1.94,0,0,6
2026-10-09 18:59:24,14.6,0,0.66,0,0,7
2026-10-09 18:59:25,29.92,0,15.32,0,0,8
2026-10-09 18:59:25,30.63,0,0.71,0,0,7
2026-10-09 18:59:25,20.37,0,10.25,0,0,8
2026-10-09 18:59:25,33.01,0,12.63,0,0,8
2026-10-09 18:59:25,3.94,0,29.06,0,0,6
2026-10-09 18:59:25,13.43,0,9.49,0,0,7
2026-10-09 18:59:25,30.11,0,16.68,0,0,7
2026-10-09 18:59:26,30.37,0,0.25,0,0,8
2026-10-09 18:59:26,31.22,0,0.85,0,0,7
2026-10-09 18:59:26,32.06,0,0.85,0,0,6
2026-10-09 18:59:26,30.64,0,1.42,0,0,7
2026-10-09 18:59:26,30.44,0,0.2,0,0,6
2026-10-09 18:59:26,30.65,0,0.21,0,0,9
2026-10-09 18:59:26,32.63,0,1.98,0,0,6
2026-10-09 18:59:27,17.29,0,15.34,0,0,6
2026-10-09 18:59:27,30.89,0,13.6,0,0,7
2026-10-09 18:59:27,30.08,0,0.82,0,0,6
2026-10-09 18:59:27,29.27,0,0.8,0,0,6
2026-10-09 18:59:27,39.24,0,9.96,0,0,6
2026-10-09 18:59:27,30.64,0,8.6,0,0,7
2026-10-09 18:59:27,15.58,0,15.06,0,0,6
2026-10-09 18:59:27,31.3,0,15.72,0,0,7
2026-10-09 18:59:28,30.99,0,0.31,0,0,7
2026-10-09 18:59:28,15.6,0,15.38,0,0,8
2026-10-09 18:59:28,30.51,0,14.91,0,0,7
2026-10-09 18:59:28,31.4,0,0.89,0,0,6
2026-10-09 18:59:28,31.23,0,0.17,0,0,7
2026-10-09 18:59:28,30.09,0,1.14,0,0,7
2026-10-09 18:59:28,29.89,0,0.2,0,0,6
2026-10-09 18:59:29,23.73,0,6.16,0,0,7
2026-10-09 18:59:29,3.08,0,20.65,0,0,7
2026-10-09 18:59:29,4.12,0,1.05,0,0,6
2026-10-09 18:59:29,2.7,0,1.43,0,0,9
2026-10-09 18:59:29,4.88,0,2.19,0,0,5
2026-10-09 18:59:29,3.02,0,1.86,0,0,7
2026-10-09 18:59:29,2.85,0,0.18,0,0,7
2026-10-09 18:59:29,28.23,0,25.38,0,1,6
2026-10-09 18:59:29,15.2,0,13.03,0,0,9
2026-10-09 18:59:30,6.29,0,8.9,0,0,6
2026-10-09 18:59:30,31.39,0,25.09,0,0,7
2026-10-09 18:59:30,18.08,0,13.31,0,0,8
2026-10-09 18:59:30,31.15,0,13.07,0,0,8
2026-10-09 18:59:30,15.56,0,15.59,0,0,8
2026-10-09 18:59:30,15.54,0,0.02,0,0,8
2026-10-09 18:59:30,30.63,0,15.09,0,0,8
2026-10-09 18:59:31,19.28,0,11.35,0,0,7
2026-10-09 18:59:31,29.22,0,9.94,0,0,8
2026-10-09 18:59:31,31.28,0,2.05,0,0,7
2026-10-09 18:59:31,30.88,0,0.4,0,0,7
2026-10-09 18:59:31,31.86,0,0.98,0,0,7
2026-10-09 18:59:31,30.73,0,1.12,0,0,8
2026-10-09 18:59:31,15.27,0,15.46,0,0,9
2026-10-09 18:59:31,34.02,0,18.75,0,0,6
2026-10-09 18:59:32,37.26,0,3.24,0,0,6
2026-10-09 18:59:32,15.25,0,22.01,0,0,6
2026-10-09 18:59:32,31.4,0,16.15,0,0,8
2026-10-09 18:59:32,30.59,0,0.81,0,0,8
2026-10-09 18:59:32,30.21,0,0.38,0,0,6
2026-10-09 18:59:32,31.06,0,0.85,0,0,7
2026-10-09 18:59:32,30.19,0,0.87,0,0,7
2026-10-09 18:59:33,27.02,0,3.17,0,0,7
2026-10-09 18:59:33,24.09,0,2.93,0,0,6
2026-10-09 18:59:33,30.51,0,6.43,0,0,6
2026-10-09 18:59:33,31.39,0,0.87,0,0,8
2026-10-09 18:59:33,15.68,0,15.71,0,0,7
2026-10-09 18:59:33,16.36,0,0.69,0,0,7
2026-10-09 18:59:33,15.6,0,0.76,0,0,8
2026-10-09 18:59:34,31.15,0,15.55,0,0,6
2026-10-09 18:59:34,31.21,0,0.06,0,0,6
2026-10-09 18:59:34,31.1,0,0.11,0,0,7
2026-10-09 18:59:34,28.39,0,2.71,0,0,6
2026-10-09 18:59:34,32.99,0,4.61,0,0,8
2026-10-09 18:59:34,30.81,0,2.19,0,0,8
2026-10-09 18:59:34,15.32,0,15.49,0,0,7
2026-10-09 18:59:34,30.61,0,15.29,0,0,6
2026-10-09 18:59:35,30.38,0,0.24,0,0,6
2026-10-09 18:59:35,31.2,0,0.82,0,0,7
2026-10-09 18:59:35,30.77,0,0.43,0,0,6
2026-10-09 18:59:35,30.6,0,0.17,0,0,7
2026-10-09 18:59:35,15.92,0,14.68,0,0,7
2026-10-09 18:59:36,296.02,0,280.1,2,1,7
2026-10-09 18:59:36,30.65,0,265.37,2,0,7
2026-10-09 18:59:36,30.71,0,0.06,2,0,7
2026-10-09 18:59:36,30.68,0,0.03,2,0,7
2026-10-09 18:59:36,31.26,0,0.58,2,0,7
2026-10-09 18:59:36,31.53,0,0.27,2,0,7
2026-10-09 18:59:36,31.56,0,0.03,2,0,7
2026-10-09 18:59:37,30.89,0,0.67,2,0,7
2026-10-09 18:59:37,31.58,0,0.69,2,0,7
2026-10-09 18:59:37,31.43,0,0.15,2,0,6
2026-10-09 18:59:37,13.12,0,18.32,2,0,6
2026-10-09 18:59:37,26.21,0,13.09,2,0,6
2026-10-09 18:59:37,29.34,0,3.13,2,0,6
2026-10-09 18:59:37,30.34,0,1.0,2,0,6
2026-10-09 18:59:37,22.81,0,7.53,2,0,6
2026-10-09 18:59:38,122.43,0,99.63,2,2,7
2026-10-09 18:59:38,30.79,0,91.65,2,0,6
2026-10-09 18:59:38,30.19,0,0.6,2,0,6
2026-10-09 18:59:38,30.34,0,0.15,2,0,6
2026-10-09 18:59:38,31.16,0,0.82,2,0,7
2026-10-09 18:59:38,30.3,0,0.86,2,0,7
2026-10-09 18:59:39,15.85,0,14.46,2,0,7
2026-10-09 18:59:39,30.01,0,14.17,2,0,7
2026-10-09 18:59:39,16.18,0,13.84,2,0,7
2026-10-09 18:59:39,122.2,0,106.02,2,2,8
2026-10-09 18:59:39,31.59,0,90.61,2,0,7
2026-10-09 18:59:39,30.1,0,1.49,2,0,7
2026-10-09 18:59:39,30.65,0,0.55,2,0,7
2026-10-09 18:59:40,21.53,0,9.12,2,0,7
2026-10-09 18:59:40,31.47,0,9.95,2,0,7
2026-10-09 18:59:40,310.01,0,278.53,2,2,7
2026-10-09 18:59:40,15.75,0,294.26,2,0,7
2026-10-09 18:59:40,23.19,0,7.44,2,0,7
2026-10-09 18:59:41,32.74,0,9.55,2,0,7
2026-10-09 18:59:41,30.12,0,2.62,2,0,7
2026-10-09 18:59:41,305.96,0,275.84,2,1,6
2026-10-09 18:59:41,31.96,0,273.99,2,0,7
2026-10-09 18:59:41,30.61,0,1.35,2,0,7
2026-10-09 18:59:41,15.0,0,15.61,2,0,7
2026-10-09 18:59:43,5000.0,1,4985.0,2,4,7
2026-10-09 18:59:44,807.69,0,4192.31,2,4,8
2026-10-09 18:59:44,304.11,0,503.58,2,1,6
2026-10-09 18:59:44,149.36,0,154.75,2,2,7
2026-10-09 18:59:44,34.95,0,114.41,2,0,7
2026-10-09 18:59:45,77.05,0,42.1,2,1,8
2026-10-09 18:59:45,30.91,0,46.14,2,0,7
2026-10-09 18:59:45,30.83,0,0.08,2,0,7
2026-10-09 18:59:45,16.26,0,14.57,2,0,7
2026-10-09 18:59:45,30.25,0,13.99,2,0,7
2026-10-09 18:59:45,15.05,0,15.2,2,0,7
2026-10-09 18:59:45,15.95,0,0.9,2,0,7
2026-10-09 18:59:46,286.45,0,270.5,2,1,6
2026-10-09 18:59:46,31.73,0,254.72,2,0,7
2026-10-09 18:59:46,30.87,0,0.87,2,0,7
2026-10-09 18:59:46,41.7,0,10.83,2,0,7
2026-10-09 18:59:46,30.97,0,10.73,2,0,7
2026-10-09 18:59:46,30.88,0,0.08,2,0,7
2026-10-09 18:59:47,68.53,0,37.65,2,1,8
2026-10-09 18:59:47,15.41,0,53.11,2,0,7
2026-10-09 18:59:47,30.23,0,14.81,2,0,7
2026-10-09 18:59:47,356.51,0,326.29,2,2,7
2026-10-09 18:59:47,29.65,0,326.86,2,0,7
2026-10-09 18:59:48,138.42,0,108.77,2,3,8
2026-10-09 18:59:48,31.16,0,107.27,2,0,8
2026-10-09 18:59:48,30.25,0,0.91,2,0,7
2026-10-09 18:59:48,30.77,0,0.52,2,0,7
2026-10-09 18:59:48,15.58,0,15.19,2,0,7
2026-10-09 18:59:48,39.84,0,24.26,2,0,7
2026-10-09 18:59:49,101.7,0,61.86,2,1,7
2026-10-09 18:59:49,107.04,0,5.34,2,1,7
2026-10-09 18:59:49,316.28,0,209.25,2,2,8
2026-10-09 18:59:49,30.89,0,285.39,2,0,7
2026-10-09 18:59:50,30.16,0,0.73,2,0,7
2026-10-09 18:59:50,31.36,0,1.2,2,0,7
2026-10-09 18:59:50,31.02,0,0.34,2,0,7
2026-10-09 18:59:50,30.0,0,1.02,2,0,7
2026-10-09 18:59:50,29.23,0,0.77,2,0,7
2026-10-09 18:59:51,5000.0,1,4970.77,2,3,6
2026-10-09 18:59:52,665.3,0,4334.7,2,1,8
2026-10-09 18:59:52,77.37,0,587.93,2,1,8
2026-10-09 18:59:52,31.92,0,45.45,2,0,7
2026-10-09 18:59:53,317.89,0,285.97,2,1,7
2026-10-09 18:59:53,283.62,0,34.28,2,1,7
2026-10-09 18:59:53,30.8,0,252.81,2,0,7
2026-10-09 18:59:54,383.81,0,353.01,2,4,6
2026-10-09 18:59:54,75.85,0,307.96,2,1,8
2026-10-09 18:59:54,35.1,0,40.75,2,0,7
2026-10-09 18:59:54,30.55,0,4.55,2,0,7
2026-10-09 18:59:54,109.5,0,78.95,2,1,7
2026-10-09 18:59:55,27.26,0,82.24,2,0,7
2026-10-09 18:59:55,357.42,0,330.16,2,4,7
2026-10-09 18:59:55,30.48,0,326.93,2,0,8
2026-10-09 18:59:55,32.24,0,1.75,2,0,7
2026-10-09 18:59:55,30.97,0,1.27,2,0,7
2026-10-09 18:59:56,25.66,0,5.31,2,0,7
2026-10-09 18:59:56,21.21,0,4.45,2,0,7
2026-10-09 18:59:56,29.78,0,8.57,2,0,7
2026-10-09 18:59:56,339.35,0,309.57,2,1,6
2026-10-09 18:59:56,31.37,0,307.98,2,0,7
2026-10-09 18:59:57,23.61,0,7.76,2,0,7
2026-10-09 18:59:57,31.46,0,7.85,2,0,7
2026-10-09 18:59:57,15.21,0,16.24,2,0,7
2026-10-09 18:59:57,30.12,0,14.91,2,0,7
2026-10-09 18:59:57,31.22,0,1.1,2,0,7
2026-10-09 18:59:57,30.33,0,0.89,2,0,7
2026-10-09 18:59:57,30.67,0,0.35,2,0,7
2026-10-09 18:59:58,19.5,0,11.17,2,0,6
2026-10-09 18:59:58,30.85,0,11.35,2,0,6
2026-10-09 18:59:58,31.39,0,0.54,2,0,6
2026-10-09 18:59:58,31.54,0,0.15,2,0,6
2026-10-09 18:59:58,34.9,0,3.36,2,0,6
2026-10-09 18:59:58,32.16,0,2.74,2,0,6
2026-10-09 18:59:58,31.21,0,0.95,2,0,6
2026-10-09 18:59:59,30.79,0,0.43,2,0,6
2026-10-09 18:59:59,30.5,0,0.29,2,0,6
2026-10-09 19:00:00,830.35,0,799.86,2,3,6
2026-10-09 19:00:00,138.87,0,691.49,2,2,7
2026-10-09 19:00:00,30.75,0,108.11,2,0,7
2026-10-09 19:00:00,31.39,0,0.64,2,0,7
2026-10-09 19:00:00,30.7,0,0.69,2,0,7
2026-10-09 19:00:00,31.09,0,0.38,2,0,7
2026-10-09 19:00:01,14.7,0,16.39,2,0,7
2026-10-09 19:00:01,31.43,0,16.74,2,0,7
2026-10-09 19:00:01,78.43,0,47.0,2,1,8
2026-10-09 19:00:01,31.39,0,47.04,2,0,7
2026-10-09 19:00:01,37.24,0,5.85,2,0,6
2026-10-09 19:00:02,357.01,0,319.77,2,2,6
2026-10-09 19:00:02,31.87,0,325.14,2,0,7
2026-10-09 19:00:02,30.33,0,1.54,2,0,7
2026-10-09 19:00:02,78.29,0,47.97,2,1,8
2026-10-09 19:00:02,15.25,0,63.04,2,0,7
2026-10-09 19:00:02,31.6,0,16.35,2,0,7
2026-10-09 19:00:02,31.3,0,0.3,2,0,7
2026-10-09 19:00:03,33.02,0,1.72,2,0,7
2026-10-09 19:00:03,15.71,0,17.31,2,0,6
2026-10-09 19:00:03,31.79,0,16.08,2,0,6
2026-10-09 19:00:03,289.79,0,258.0,2,1,7
2026-10-09 19:00:03,30.48,0,259.31,2,0,7
2026-10-09 19:00:04,91.47,0,60.99,2,1,7
2026-10-09 19:00:04,15.77,0,75.7,2,0,7
2026-10-09 19:00:04,31.22,0,15.45,2,0,7
2026-10-09 19:00:04,14.79,0,16.43,2,0,7
2026-10-09 19:00:04,44.33,0,29.54,2,0,7
2026-10-09 19:00:04,31.16,0,13.17,2,0,7
2026-10-09 19:00:04,30.9,0,0.26,2,0,7
2026-10-09 19:00:05,33.31,0,2.41,2,0,6
2026-10-09 19:00:05,310.88,0,277.58,2,1,7
2026-10-09 19:00:05,34.08,0,276.8,2,0,7
2026-10-09 19:00:05,6.01,0,28.07,2,0,7
2026-10-09 19:00:05,27.23,0,21.22,0,0,8
2026-10-09 19:00:06,32.52,0,5.29,0,0,8
2026-10-09 19:00:06,30.25,0,2.27,0,0,7
2026-10-09 19:00:06,30.82,0,0.57,0,0,7
2026-10-09 19:00:06,30.34,0,0.48,0,0,8
2026-10-09 19:00:06,19.64,0,10.7,0,0,8
2026-10-09 19:00:06,31.34,0,11.69,0,0,7
2026-10-09 19:00:06,30.9,0,0.43,0,0,8
2026-10-09 19:00:06,30.25,0,0.65,0,0,6
2026-10-09 19:00:07,30.5,0,0.25,0,0,7
2026-10-09 19:00:07,33.93,0,3.43,0,0,7
2026-10-09 19:00:07,31.22,0,2.71,0,0,6
2026-10-09 19:00:07,31.08,0,0.13,0,0,8
2026-10-09 19:00:07,39.42,0,8.33,0,0,7
2026-10-09 19:00:07,31.43,0,7.99,0,0,6
2026-10-09 19:00:07,4.8,0,26.63,0,0,8
2026-10-09 19:00:08,17.33,0,12.53,0,0,7
2026-10-09 19:00:08,30.61,0,13.28,0,0,7
2026-10-09 19:00:08,31.02,0,0.41,0,0,6
2026-10-09 19:00:08,30.61,0,0.41,0,0,7
2026-10-09 19:00:08,30.79,0,0.18,0,0,7
2026-10-09 19:00:08,29.86,0,0.94,0,0,6
2026-10-09 19:00:08,32.09,0,2.23,0,0,8
2026-10-09 19:00:09,15.37,0,16.72,0,0,6
2026-10-09 19:00:09,31.11,0,15.74,0,0,8
2026-10-09 19:00:09,42.8,0,11.69,0,0,7
2026-10-09 19:00:09,36.55,0,6.25,0,0,6
2026-10-09 19:00:09,31.18,0,5.37,0,0,6
2026-10-09 19:00:09,4.36,0,26.82,0,0,7
2026-10-09 19:00:09,38.97,0,34.61,0,0,7
2026-10-09 19:00:09,30.31,0,8.66,0,0,7
2026-10-09 19:00:10,30.63,0,0.33,0,0,7
2026-10-09 19:00:10,30.36,0,0.27,0,0,7
2026-10-09 19:00:10,14.62,0,15.75,0,0,6
2026-10-09 19:00:10,30.27,0,15.65,0,0,8
2026-10-09 19:00:10,30.36,0,0.09,0,0,9
2026-10-09 19:00:10,14.85,0,15.51,0,0,7
2026-10-09 19:00:10,17.22,0,2.38,0,0,5
2026-10-09 19:00:11,29.8,0,12.58,0,0,7
2026-10-09 19:00:11,6.68,0,23.12,0,0,6
2026-10-09 19:00:11,31.01,0,24.33,0,0,8
2026-10-09 19:00:11,30.19,0,0.82,0,0,6
2026-10-09 19:00:11,15.1,0,15.09,0,0,9
2026-10-09 19:00:11,15.44,0,0.34,0,0,8
2026-10-09 19:00:11,30.75,0,15.31,0,0,7
2026-10-09 19:00:11,31.11,0,0.36,0,0,8
2026-10-09 19:00:12,15.32,0,15.79,0,0,6
2026-10-09 19:00:12,15.28,0,0.04,0,0,6
2026-10-09 19:00:12,30.85,0,15.57,0,0,6
2026-10-09 19:00:12,15.04,0,15.8,0,0,7
2026-10-09 19:00:12,15.99,0,0.95,0,0,6
2026-10-09 19:00:12,31.6,0,15.61,0,0,8
2026-10-09 19:00:12,29.85,0,1.75,0,0,7
2026-10-09 19:00:13,31.0,0,1.15,0,0,6
2026-10-09 19:00:13,30.44,0,0.57,0,0,8
2026-10-09 19:00:13,29.94,0,0.5,0,0,7
2026-10-09 19:00:13,33.34,0,3.4,0,0,8
2026-10-09 19:00:13,40.97,0,7.63,0,0,7
2026-10-09 19:00:13,31.15,0,9.82,0,0,6
2026-10-09 19:00:13,15.97,0,15.18,0,0,8
2026-10-09 19:00:13,3.93,0,12.04,0,0,8
2026-10-09 19:00:14,29.71,0,25.78,0,0,6
2026-10-09 19:00:14,15.38,0,14.33,0,0,7
2026-10-09 19:00:14,15.19,0,0.19,0,0,6
2026-10-09 19:00:14,30.17,0,14.98,0,0,6
2026-10-09 19:00:14,31.33,0,1.16,0,0,8
2026-10-09 19:00:14,31.01,0,0.32,0,0,7
2026-10-09 19:00:14,5.1,0,25.91,0,0,5
2026-10-09 19:00:15,30.82,0,25.72,0,0,7
2026-10-09 19:00:15,23.4,0,7.42,0,0,7
2026-10-09 19:00:15,30.89,0,7.5,0,0,6
2026-10-09 19:00:15,30.73,0,0.16,0,0,9
2026-10-09 19:00:15,16.12,0,14.61,0,0,7
2026-10-09 19:00:15,3.85,0,12.27,0,0,6
2026-10-09 19:00:15,4.64,0,0.78,0,0,7
2026-10-09 19:00:15,14.96,0,10.33,0,0,8
2026-10-09 19:00:16,15.68,0,0.72,0,0,7
2026-10-09 19:00:16,15.52,0,0.16,0,0,6
2026-10-09 19:00:16,31.34,0,15.82,0,1,6
2026-10-09 19:00:16,30.12,0,1.22,0,0,7
2026-10-09 19:00:16,31.79,0,1.67,0,0,7
2026-10-09 19:00:16,15.85,0,15.94,0,0,6
2026-10-09 19:00:16,46.25,0,30.4,0,1,7
2026-10-09 19:00:16,15.0,0,31.25,0,0,7
2026-10-09 19:00:17,17.92,0,2.92,0,0,8
2026-10-09 19:00:17,4.39,0,13.52,0,0,7
2026-10-09 19:00:17,16.11,0,11.72,0,0,8
2026-10-09 19:00:17,3.01,0,13.1,0,0,8
2026-10-09 19:00:17,26.65,0,23.64,0,0,7
2026-10-09 19:00:17,2.8,0,23.85,0,0,8
2026-10-09 19:00:17,14.93,0,12.13,0,0,6
2026-10-09 19:00:17,15.82,0,0.89,0,0,7
2026-10-09 19:00:18,15.65,0,0.16,0,0,9
2026-10-09 19:00:18,15.59,0,0.06,0,0,7
2026-10-09 19:00:18,14.55,0,1.04,0,0,6
2026-10-09 19:00:18,15.13,0,0.58,0,0,8
2026-10-09 19:00:18,16.32,0,1.19,0,0,7
2026-10-09 19:00:18,18.28,0,1.96,0,0,8
2026-10-09 19:00:18,15.13,0,3.15,0,0,8
2026-10-09 19:00:18,15.44,0,0.32,0,0,7
2026-10-09 19:00:19,16.06,0,0.62,0,0,7
2026-10-09 19:00:19,19.86,0,3.8,0,0,6
2026-10-09 19:00:19,15.27,0,4.59,0,0,7
2026-10-09 19:00:19,16.04,0,0.78,0,0,7
2026-10-09 19:00:19,15.82,0,0.22,0,0,7
2026-10-09 19:00:19,14.88,0,0.94,0,0,6
2026-10-09 19:00:19,14.86,0,0.02,0,0,5
2026-10-09 19:00:19,15.03,0,0.17,0,0,7
2026-10-09 19:00:20,15.27,0,0.24,0,0,7
2026-10-09 19:00:20,15.72,0,0.45,0,0,6
2026-10-09 19:00:20,15.68,0,0.04,0,0,6
2026-10-09 19:00:20,30.53,0,14.85,0,1,9
2026-10-09 19:00:20,15.63,0,14.9,0,0,7
2026-10-09 19:00:20,30.8,0,15.17,0,1,7
2026-10-09 19:00:20,30.0,0,0.8,0,0,7
2026-10-09 19:00:20,19.01,0,10.99,0,0,7
2026-10-09 19:00:21,30.76,0,11.75,0,0,6
2026-10-09 19:00:21,30.07,0,0.69,0,0,8
2026-10-09 19:00:21,30.25,0,0.18,0,0,6
2026-10-09 19:00:21,30.75,0,0.5,0,0,6
2026-10-09 19:00:21,11.25,0,19.49,0,0,7
2026-10-09 19:00:21,15.87,0,4.61,0,0,6
2026-10-09 19:00:21,15.74,0,0.13,0,0,7
2026-10-09 19:00:22,29.51,0,13.77,0,0,7
2026-10-09 19:00:22,29.96,0,0.45,0,0,6
2026-10-09 19:00:22,30.42,0,0.46,0,0,6
2026-10-09 19:00:22,15.39,0,15.04,0,0,5
2026-10-09 19:00:22,36.43,0,21.04,0,0,7
2026-10-09 19:00:22,30.28,0,6.15,0,0,7
2026-10-09 19:00:22,28.06,0,2.21,0,0,7
2026-10-09 19:00:22,30.75,0,2.69,0,0,9
2026-10-09 19:00:23,30.09,0,0.66,0,0,7
2026-10-09 19:00:23,31.27,0,1.17,0,0,6
2026-10-09 19:00:23,15.7,0,15.56,0,0,6
2026-10-09 19:00:23,30.43,0,14.72,0,0,6
2026-10-09 19:00:23,30.9,0,0.48,0,0,6
2026-10-09 19:00:23,15.38,0,15.52,0,0,6
2026-10-09 19:00:23,5.25,0,10.13,0,0,6
2026-10-09 19:00:24,30.56,0,25.31,0,0,7
2026-10-09 19:00:24,31.26,0,0.69,0,0,7
2026-10-09 19:00:24,30.73,0,0.52,0,0,9
2026-10-09 19:00:24,31.2,0,0.47,0,0,7
2026-10-09 19:00:24,16.22,0,14.99,0,0,6
2026-10-09 19:00:24,31.62,0,15.4,0,0,8
2026-10-09 19:00:24,14.97,0,16.65,0,0,5
2026-10-09 19:00:24,14.71,0,0.25,0,0,7
2026-10-09 19:00:25,30.56,0,15.85,0,0,6
2026-10-09 19:00:25,31.56,0,0.99,0,0,7
2026-10-09 19:00:25,31.83,0,0.27,0,0,6
2026-10-09 19:00:25,29.32,0,2.51,0,0,7
2026-10-09 19:00:25,29.8,0,0.47,0,0,7
2026-10-09 19:00:25,14.98,0,14.82,0,0,6
2026-10-09 19:00:25,20.93,0,5.95,0,0,6
2026-10-09 19:00:26,30.49,0,9.57,0,0,7
2026-10-09 19:00:26,30.11,0,0.38,0,0,8
2026-10-09 19:00:26,15.8,0,14.31,0,0,6
2026-10-09 19:00:26,30.42,0,14.62,0,0,8
2026-10-09 19:00:26,15.03,0,15.39,0,0,6
2026-10-09 19:00:26,14.93,0,0.11,0,0,7
2026-10-09 19:00:26,15.09,0,0.16,0,0,6
2026-10-09 19:00:26,30.6,0,15.51,0,0,6
2026-10-09 19:00:27,30.93,0,0.33,0,0,7
2026-10-09 19:00:27,15.37,0,15.56,0,0,7
2026-10-09 19:00:27,15.37,0,0.0,0,0,7
2026-10-09 19:00:27,15.39,0,0.02,0,0,7
2026-10-09 19:00:27,30.62,0,15.23,0,0,7
2026-10-09 19:00:27,15.14,0,15.48,0,0,6
2026-10-09 19:00:27,30.52,0,15.37,0,0,6
2026-10-09 19:00:28,30.28,0,0.23,0,0,7
2026-10-09 19:00:28,8.86,0,21.42,0,0,6
2026-10-09 19:00:28,31.37,0,22.5,0,0,6
2026-10-09 19:00:28,31.48,0,0.11,0,0,7
2026-10-09 19:00:28,14.78,0,16.7,0,0,8
2026-10-09 19:00:28,22.65,0,7.87,0,0,6
2026-10-09 19:00:28,15.24,0,7.41,0,0,7
2026-10-09 19:00:28,15.43,0,0.19,0,0,9
2026-10-09 19:00:29,15.22,0,0.21,0,0,7
2026-10-09 19:00:29,15.38,0,0.16,0,0,8
2026-10-09 19:00:29,23.24,0,7.86,0,0,6
2026-10-09 19:00:29,30.46,0,7.22,0,0,7
2026-10-09 19:00:29,30.46,0,0.0,0,0,7
2026-10-09 19:00:29,30.71,0,0.25,0,0,7
2026-10-09 19:00:29,3.99,0,26.71,0,0,6
2026-10-09 19:00:29,15.44,0,11.44,0,0,8
2026-10-09 19:00:30,15.78,0,0.35,0,0,7
2026-10-09 19:00:30,4.55,0,11.23,0,0,6
2026-10-09 19:00:30,14.87,0,10.31,0,0,9
2026-10-09 19:00:30,30.26,0,15.39,0,1,7
2026-10-09 19:00:30,32.62,0,2.36,0,0,7
2026-10-09 19:00:30,14.81,0,17.81,0,0,7
2026-10-09 19:00:30,3.64,0,11.16,0,0,8
2026-10-09 19:00:30,15.88,0,12.24,0,0,8
2026-10-09 19:00:31,12.84,0,3.04,0,0,7
2026-10-09 19:00:31,31.82,0,18.97,0,1,7
2026-10-09 19:00:31,31.78,0,0.04,0,0,7
2026-10-09 19:00:31,15.45,0,16.33,0,0,6
2026-10-09 19:00:31,30.15,0,14.7,0,0,8
2026-10-09 19:00:31,3.84,0,26.31,0,0,6
2026-10-09 19:00:31,30.51,0,26.67,0,0,6
2026-10-09 19:00:31,15.77,0,14.73,0,0,8
2026-10-09 19:00:32,15.4,0,0.37,0,0,7
2026-10-09 19:00:32,15.37,0,0.03,0,0,7
2026-10-09 19:00:32,15.9,0,0.53,0,0,8
2026-10-09 19:00:32,31.4,0,15.5,0,0,6
2026-10-09 19:00:32,15.45,0,15.95,0,0,6
2026-10-09 19:00:32,30.42,0,14.98,0,0,9
2026-10-09 19:00:32,30.86,0,0.43,0,0,8
2026-10-09 19:00:33,30.58,0,0.27,0,0,6
2026-10-09 19:00:33,15.13,0,15.45,0,0,8
2026-10-09 19:00:33,14.83,0,0.3,0,0,7
2026-10-09 19:00:33,30.6,0,15.76,0,0,7
2026-10-09 19:00:33,41.82,0,11.22,0,0,9
2026-10-09 19:00:33,14.93,0,26.89,0,0,6
2026-10-09 19:00:33,31.14,0,16.2,0,0,8
2026-10-09 19:00:33,31.41,0,0.27,0,0,8
2026-10-09 19:00:34,3.4,0,28.01,0,0,9
2026-10-09 19:00:34,31.0,0,27.61,0,0,6
2026-10-09 19:00:34,30.76,0,0.25,0,0,7
2026-10-09 19:00:34,15.63,0,15.13,0,0,6
2026-10-09 19:00:34,30.04,0,14.41,0,0,9
2026-10-09 19:00:34,30.38,0,0.33,0,0,8
2026-10-09 19:00:34,30.79,0,0.42,0,0,7
2026-10-09 19:00:35,17.51,0,13.28,0,0,8
2026-10-09 19:00:35,9.2,0,8.3,0,0,7
2026-10-09 19:00:35,30.96,0,21.75,0,0,7
2026-10-09 19:00:35,4.23,0,26.73,0,0,7
2026-10-09 19:00:35,15.5,0,11.28,0,0,7
2026-10-09 19:00:35,31.51,0,16.01,0,0,6
2026-10-09 19:00:35,131.13,0,99.62,3,2,8
2026-10-09 19:00:36,29.8,0,101.33,3,0,7
2026-10-09 19:00:36,31.06,0,1.26,3,0,7
2026-10-09 19:00:36,30.77,0,0.29,3,0,8
2026-10-09 19:00:36,31.69,0,0.92,3,0,7
2026-10-09 19:00:36,30.49,0,1.19,3,0,7
2026-10-09 19:00:36,15.48,0,15.01,3,0,8
2026-10-09 19:00:36,30.82,0,15.34,3,0,6
2026-10-09 19:00:37,30.29,0,0.53,3,0,6
2026-10-09 19:00:37,31.72,0,1.43,3,0,7
2026-10-09 19:00:37,23.43,0,8.29,3,0,7
2026-10-09 19:00:37,30.47,0,7.04,3,0,7
2026-10-09 19:00:37,31.15,0,0.68,3,0,8
2026-10-09 19:00:37,30.37,0,0.78,3,0,7
2026-10-09 19:00:37,30.66,0,0.29,3,0,7
2026-10-09 19:00:37,29.1,0,1.56,3,0,6
2026-10-09 19:00:38,15.64,0,13.46,3,0,7
2026-10-09 19:00:38,15.32,0,0.32,3,0,6
2026-10-09 19:00:38,30.58,0,15.26,3,0,7
2026-10-09 19:00:38,30.51,0,0.07,3,0,6
2026-10-09 19:00:38,15.67,0,14.84,3,0,6
2026-10-09 19:00:38,30.85,0,15.18,3,0,6
2026-10-09 19:00:38,31.18,0,0.33,3,0,7
2026-10-09 19:00:39,31.58,0,0.4,3,0,8
2026-10-09 19:00:39,15.22,0,16.36,3,0,6
2026-10-09 19:00:39,30.65,0,15.43,3,0,7
2026-10-09 19:00:39,30.6,0,0.06,3,0,7
2026-10-09 19:00:39,30.65,0,0.05,3,0,7
2026-10-09 19:00:39,15.38,0,15.27,3,0,6
2026-10-09 19:00:39,31.54,0,16.17,3,0,6
2026-10-09 19:00:40,30.53,0,1.01,3,0,6
2026-10-09 19:00:40,30.31,0,0.22,3,0,7
2026-10-09 19:00:40,30.87,0,0.57,3,0,8
2026-10-09 19:00:40,16.19,0,14.68,3,0,9
2026-10-09 19:00:40,18.81,0,2.62,3,0,7
2026-10-09 19:00:40,5.55,0,13.26,3,0,8
2026-10-09 19:00:40,2.99,0,2.56,3,0,5
2026-10-09 19:00:41,5000.0,1,4997.01,3,1,3
2026-10-09 19:00:42,5000.0,1,0.0,3,4,1
2026-10-09 19:00:44,5000.0,1,0.0,3,1,0
2026-10-09 19:00:45,5000.0,1,0.0,3,0,0
2026-10-09 19:00:46,5000.0,1,0.0,3,0,0
2026-10-09 19:00:47,5000.0,1,0.0,3,0,0
2026-10-09 19:00:48,5000.0,1,0.0,3,1,0
2026-10-09 19:00:49,5000.0,1,0.0,3,1,0
2026-10-09 19:00:50,5000.0,1,0.0,3,0,0
2026-10-09 19:00:51,5000.0,1,0.0,3,0,0
2026-10-09 19:00:53,5000.0,1,0.0,3,0,0
2026-10-09 19:00:54,5000.0,1,0.0,3,0,0
2026-10-09 19:00:55,5000.0,1,0.0,3,1,1
2026-10-09 19:00:56,602.25,0,4397.75,0,2,5
2026-10-09 19:00:56,31.7,0,570.55,0,0,8
2026-10-09 19:00:56,15.1,0,16.6,0,0,8
2026-10-09 19:00:56,29.43,0,14.33,0,0,7
2026-10-09 19:00:56,28.56,0,0.87,0,0,7
2026-10-09 19:00:56,15.61,0,12.95,0,0,8
2026-10-09 19:00:56,31.5,0,15.89,0,0,7
2026-10-09 19:00:56,22.35,0,9.15,0,0,8
2026-10-09 19:00:57,34.12,0,11.77,0,0,9
2026-10-09 19:00:57,16.86,0,17.27,0,0,7
2026-10-09 19:00:57,31.4,0,14.54,0,0,7
2026-10-09 19:00:57,31.15,0,0.24,0,0,7
2026-10-09 19:00:57,31.8,0,0.64,0,0,7
2026-10-09 19:00:57,30.03,0,1.77,0,0,7
2026-10-09 19:00:57,30.51,0,0.48,0,0,6
2026-10-09 19:00:58,34.24,0,3.73,0,0,6
2026-10-09 19:00:58,16.0,0,18.25,0,0,8
2026-10-09 19:00:58,15.28,0,0.72,0,0,6
2026-10-09 19:00:58,15.31,0,0.03,0,0,8
2026-10-09 19:00:58,33.06,0,17.76,0,0,7
2026-10-09 19:00:58,31.32,0,1.74,0,0,7
2026-10-09 19:00:58,14.84,0,16.49,0,0,7
2026-10-09 19:00:58,3.82,0,11.02,0,0,6
2026-10-09 19:00:59,15.18,0,11.37,0,0,8
2026-10-09 19:00:59,31.82,0,16.64,0,0,7
2026-10-09 19:00:59,15.49,0,16.33,0,0,8
2026-10-09 19:00:59,30.51,0,15.02,0,0,7
2026-10-09 19:00:59,31.44,0,0.92,0,0,7
2026-10-09 19:00:59,31.62,0,0.18,0,0,7
2026-10-09 19:00:59,30.64,0,0.98,0,0,6
2026-10-09 19:01:00,5.71,0,24.93,0,0,8
2026-10-09 19:01:00,14.45,0,8.74,0,0,7
2026-10-09 19:01:00,16.04,0,1.59,0,0,8
2026-10-09 19:01:00,15.33,0,0.71,0,0,8
2026-10-09 19:01:00,15.19,0,0.14,0,0,8
2026-10-09 19:01:00,19.75,0,4.55,0,0,6
2026-10-09 19:01:00,16.08,0,3.67,0,0,7
2026-10-09 19:01:00,6.13,0,9.95,0,0,8
2026-10-09 19:01:00,17.37,0,11.24,0,0,7
2026-10-09 19:01:01,19.9,0,2.53,0,0,6
2026-10-09 19:01:01,5.69,0,14.21,0,0,8
2026-10-09 19:01:01,14.79,0,9.1,0,0,6
2026-10-09 19:01:01,5.45,0,9.34,0,0,8
2026-10-09 19:01:01,5.48,0,0.03,0,0,7
2026-10-09 19:01:01,19.06,0,13.58,0,0,8
2026-10-09 19:01:01,6.05,0,13.01,0,0,8
2026-10-09 19:01:01,14.54,0,8.49,0,0,7
2026-10-09 19:01:02,15.41,0,0.87,0,0,7
2026-10-09 19:01:02,30.94,0,15.53,0,1,7
2026-10-09 19:01:02,31.07,0,0.13,0,1,8
2026-10-09 19:01:02,30.79,0,0.28,0,0,9
2026-10-09 19:01:02,30.56,0,0.23,0,0,7
2026-10-09 19:01:02,31.1,0,0.53,0,0,8
2026-10-09 19:01:02,31.08,0,0.01,0,0,7
2026-10-09 19:01:03,32.69,0,1.61,0,0,8
2026-10-09 19:01:03,6.96,0,25.73,0,0,8
2026-10-09 19:01:03,16.12,0,9.16,0,0,7
2026-10-09 19:01:03,6.65,0,9.47,0,0,6
2026-10-09 19:01:03,31.75,0,25.1,0,0,6
2026-10-09 19:01:03,29.99,0,1.76,0,0,7
2026-10-09 19:01:03,30.95,0,0.96,0,0,6
2026-10-09 19:01:03,14.61,0,16.34,0,0,8
2026-10-09 19:01:04,50.97,0,36.36,0,0,7
2026-10-09 19:01:04,15.47,0,35.49,0,0,7
2026-10-09 19:01:04,3.14,0,12.34,0,0,8
2026-10-09 19:01:04,15.44,0,12.3,0,0,7
2026-10-09 19:01:04,15.88,0,0.44,0,0,7
2026-10-09 19:01:04,30.17,0,14.29,0,0,9
2026-10-09 19:01:04,44.34,0,14.17,0,1,8
2026-10-09 19:01:04,30.64,0,13.7,0,0,8
2026-10-09 19:01:05,31.37,0,0.74,0,0,6
2026-10-09 19:01:05,30.05,0,1.33,0,0,7
2026-10-09 19:01:05,31.68,0,1.63,0,0,7
2026-10-09 19:01:05,30.28,0,1.39,0,0,7
2026-10-09 19:01:05,15.2,0,15.08,0,0,6
2026-10-09 19:01:05,30.96,0,15.76,0,0,6
2026-10-09 19:01:05,31.05,0,0.09,0,0,7
2026-10-09 19:01:06,33.51,0,2.46,0,0,8
2026-10-09 19:01:06,14.82,0,18.69,0,0,5
2026-10-09 19:01:06,15.63,0,0.81,0,0,9
2026-10-09 19:01:06,7.08,0,8.56,0,0,7
2026-10-09 19:01:06,24.81,0,17.73,0,0,7
2026-10-09 19:01:06,5.38,0,19.43,0,0,7
2026-10-09 19:01:06,15.67,0,10.29,0,0,7
2026-10-09 19:01:06,15.29,0,0.38,0,0,6
2026-10-09 19:01:07,7.02,0,8.26,0,0,9
2026-10-09 19:01:07,15.97,0,8.94,0,0,8
2026-10-09 19:01:07,15.08,0,0.89,0,0,6
2026-10-09 19:01:07,15.08,0,0.0,0,0,7
2026-10-09 19:01:07,26.53,0,11.45,0,0,6
2026-10-09 19:01:07,16.06,0,10.47,0,0,7
2026-10-09 19:01:07,15.4,0,0.65,0,0,7
2026-10-09 19:01:07,14.91,0,0.49,0,0,8
2026-10-09 19:01:08,15.99,0,1.07,0,0,8
2026-10-09 19:01:08,9.42,0,6.57,0,0,8
2026-10-09 19:01:08,15.44,0,6.02,0,0,6
2026-10-09 19:01:08,16.34,0,0.9,0,0,7
2026-10-09 19:01:08,27.96,0,11.62,0,1,7
2026-10-09 19:01:08,15.53,0,12.43,0,0,9
2026-10-09 19:01:08,15.92,0,0.39,0,0,7
2026-10-09 19:01:08,15.18,0,0.74,0,0,8
2026-10-09 19:01:09,22.32,0,7.13,0,0,7
2026-10-09 19:01:09,15.4,0,6.92,0,0,7
2026-10-09 19:01:09,19.68,0,4.28,0,0,7
2026-10-09 19:01:09,15.36,0,4.32,0,0,6
2026-10-09 19:01:09,19.02,0,3.66,0,0,7
2026-10-09 19:01:09,15.76,0,3.26,0,0,6
2026-10-09 19:01:09,16.41,0,0.65,0,0,8
2026-10-09 19:01:09,15.44,0,0.97,0,0,6
2026-10-09 19:01:10,29.81,0,14.37,0,0,7
2026-10-09 19:01:10,8.45,0,21.36,0,0,6
2026-10-09 19:01:10,5.43,0,3.02,0,0,9
2026-10-09 19:01:10,32.11,0,26.68,0,1,9
2026-10-09 19:01:10,36.44,0,4.33,0,1,7
2026-10-09 19:01:10,32.58,0,3.86,0,0,7
2026-10-09 19:01:10,31.26,0,1.32,0,0,8
2026-10-09 19:01:11,30.44,0,0.82,0,0,7
2026-10-09 19:01:11,31.27,0,0.82,0,0,7
2026-10-09 19:01:11,30.87,0,0.4,0,0,6
2026-10-09 19:01:11,30.7,0,0.16,0,0,7
2026-10-09 19:01:11,33.53,0,2.83,0,0,7
2026-10-09 19:01:11,30.44,0,3.1,0,0,7
2026-10-09 19:01:11,31.57,0,1.13,0,0,7
2026-10-09 19:01:11,19.03,0,12.54,0,0,7
2026-10-09 19:01:12,31.2,0,12.18,0,0,7
2026-10-09 19:01:12,31.89,0,0.69,0,0,7
2026-10-09 19:01:12,30.99,0,0.9,0,0,7
2026-10-09 19:01:12,15.92,0,15.07,0,0,6
2026-10-09 19:01:12,31.12,0,15.19,0,0,6
2026-10-09 19:01:12,15.72,0,15.4,0,0,9
2026-10-09 19:01:12,30.71,0,14.99,0,0,8
2026-10-09 19:01:13,40.07,0,9.36,0,0,6
2026-10-09 19:01:13,16.62,0,23.45,0,0,8
2026-10-09 19:01:13,30.71,0,14.09,0,0,7
2026-10-09 19:01:13,31.21,0,0.5,0,0,8
2026-10-09 19:01:13,30.31,0,0.9,0,0,8
2026-10-09 19:01:13,16.19,0,14.12,0,0,8
2026-10-09 19:01:13,31.1,0,14.91,0,0,6
2026-10-09 19:01:14,30.77,0,0.33,0,0,6
2026-10-09 19:01:14,15.67,0,15.1,0,0,7
2026-10-09 19:01:14,31.83,0,16.16,0,0,7
2026-10-09 19:01:14,18.39,0,13.44,0,0,7
2026-10-09 19:01:14,45.69,0,27.3,0,0,8
2026-10-09 19:01:14,15.44,0,30.24,0,0,7
2026-10-09 19:01:14,30.71,0,15.26,0,0,7
2026-10-09 19:01:15,30.22,0,0.49,0,0,8
2026-10-09 19:01:15,30.2,0,0.02,0,0,8
2026-10-09 19:01:15,30.84,0,0.64,0,0,6
2026-10-09 19:01:15,30.92,0,0.08,0,0,6
2026-10-09 19:01:15,31.04,0,0.12,0,0,6
2026-10-09 19:01:15,8.12,0,22.93,0,0,8
2026-10-09 19:01:15,30.24,0,22.12,0,0,8
2026-10-09 19:01:15,15.94,0,14.3,0,0,8
2026-10-09 19:01:16,31.14,0,15.2,0,0,7
2026-10-09 19:01:16,19.85,0,11.29,0,0,6
2026-10-09 19:01:16,30.94,0,11.09,0,0,7
2026-10-09 19:01:16,31.19,0,0.25,0,0,8
2026-10-09 19:01:16,15.4,0,15.78,0,0,6
2026-10-09 19:01:16,15.71,0,0.31,0,0,8
2026-10-09 19:01:16,30.34,0,14.63,0,0,7
2026-10-09 19:01:17,30.92,0,0.57,0,0,6
2026-10-09 19:01:17,29.65,0,1.27,0,0,6
2026-10-09 19:01:17,30.58,0,0.93,0,0,8
2026-10-09 19:01:17,14.68,0,15.89,0,0,8
2026-10-09 19:01:17,31.8,0,17.12,0,0,6
2026-10-09 19:01:17,29.69,0,2.11,0,0,7
2026-10-09 19:01:17,20.66,0,9.03,0,0,8
2026-10-09 19:01:17,31.43,0,10.77,0,0,8
2026-10-09 19:01:18,30.59,0,0.84,0,0,8
2026-10-09 19:01:18,5.61,0,24.99,0,0,8
2026-10-09 19:01:18,30.44,0,24.84,0,0,6
2026-10-09 19:01:18,31.41,0,0.96,0,0,9
2026-10-09 19:01:18,31.43,0,0.02,0,0,6
2026-10-09 19:01:18,30.72,0,0.71,0,0,7
2026-10-09 19:01:18,30.21,0,0.51,0,0,7
2026-10-09 19:01:19,16.02,0,14.18,0,0,5
2026-10-09 19:01:19,31.24,0,15.22,0,0,7
2026-10-09 19:01:19,29.74,0,1.5,0,0,8
2026-10-09 19:01:19,29.49,0,0.26,0,0,7
2026-10-09 19:01:19,26.83,0,2.66,0,0,7
2026-10-09 19:01:19,30.54,0,3.71,0,0,6
2026-10-09 19:01:19,31.46,0,0.92,0,0,8
2026-10-09 19:01:19,16.3,0,15.16,0,0,7
2026-10-09 19:01:20,31.66,0,15.35,0,0,7
2026-10-09 19:01:20,30.5,0,1.16,0,0,8
2026-10-09 19:01:20,31.5,0,1.0,0,0,7
2026-10-09 19:01:20,31.85,0,0.35,0,0,6
2026-10-09 19:01:20,30.43,0,1.42,0,0,7
2026-10-09 19:01:20,31.86,0,1.43,0,0,8
2026-10-09 19:01:20,31.24,0,0.62,0,0,8
2026-10-09 19:01:21,30.49,0,0.75,0,0,7
2026-10-09 19:01:21,30.9,0,0.41,0,0,8
2026-10-09 19:01:21,30.62,0,0.28,0,0,8
2026-10-09 19:01:21,31.38,0,0.76,0,0,8
2026-10-09 19:01:21,30.13,0,1.25,0,0,8
2026-10-09 19:01:21,30.72,0,0.59,0,0,7
2026-10-09 19:01:21,31.24,0,0.53,0,0,7
2026-10-09 19:01:22,30.61,0,0.63,0,0,7
2026-10-09 19:01:22,15.38,0,15.24,0,0,8
2026-10-09 19:01:22,31.64,0,16.26,0,0,8
2026-10-09 19:01:22,31.03,0,0.61,0,0,7
2026-10-09 19:01:22,30.47,0,0.55,0,0,6
2026-10-09 19:01:22,30.78,0,0.3,0,0,6
2026-10-09 19:01:22,30.73,0,0.04,0,0,7
2026-10-09 19:01:23,19.67,0,11.07,0,0,8
2026-10-09 19:01:23,15.54,0,4.12,0,0,7
2026-10-09 19:01:23,14.62,0,0.92,0,0,7
2026-10-09 19:01:23,15.99,0,1.37,0,0,8
2026-10-09 19:01:23,30.93,0,14.94,0,0,8
2026-10-09 19:01:23,13.58,0,17.35,0,0,7
2026-10-09 19:01:23,24.87,0,11.29,0,0,7
2026-10-09 19:01:23,15.88,0,8.99,0,0,6
2026-10-09 19:01:24,31.23,0,15.35,0,0,7
2026-10-09 19:01:24,15.56,0,15.67,0,0,7
2026-10-09 19:01:24,15.53,0,0.02,0,0,7
2026-10-09 19:01:24,31.34,0,15.81,0,0,8
2026-10-09 19:01:24,15.68,0,15.66,0,0,7
2026-10-09 19:01:24,30.51,0,14.83,0,0,6
2026-10-09 19:01:24,30.76,0,0.24,0,0,8
2026-10-09 19:01:25,29.78,0,0.98,0,0,6
2026-10-09 19:01:25,29.81,0,0.04,0,0,7
2026-10-09 19:01:25,30.45,0,0.63,0,0,6
2026-10-09 19:01:25,15.42,0,15.02,0,0,6
2026-10-09 19:01:25,14.93,0,0.49,0,0,6
2026-10-09 19:01:25,30.83,0,15.9,0,0,7
2026-10-09 19:01:25,30.74,0,0.09,0,0,6
2026-10-09 19:01:25,15.04,0,15.7,0,0,6
2026-10-09 19:01:26,452.41,0,437.37,1,2,7
2026-10-09 19:01:26,216.06,0,236.35,1,0,8
2026-10-09 19:01:27,297.82,0,81.76,1,0,9
2026-10-09 19:01:27,322.3,0,24.48,1,1,9
2026-10-09 19:01:28,312.38,0,9.92,1,1,10
2026-10-09 19:01:28,225.97,0,86.41,1,0,9
2026-10-09 19:01:28,185.97,0,40.0,1,0,7
2026-10-09 19:01:29,231.39,0,45.42,1,0,6
2026-10-09 19:01:29,257.28,0,25.89,1,0,6
2026-10-09 19:01:29,306.75,0,49.47,1,1,8
2026-10-09 19:01:30,297.89,0,8.86,1,0,8
2026-10-09 19:01:30,349.65,0,51.76,1,0,8
2026-10-09 19:01:31,323.74,0,25.91,1,0,9
2026-10-09 19:01:31,347.69,0,23.95,1,1,9
2026-10-09 19:01:32,340.78,0,6.9,1,0,7
2026-10-09 19:01:32,250.1,0,90.68,1,1,9
2026-10-09 19:01:32,299.83,0,49.73,1,0,8
2026-10-09 19:01:33,355.03,0,55.2,1,0,9
2026-10-09 19:01:33,284.43,0,70.59,1,1,8
2026-10-09 19:01:34,343.5,0,59.06,1,0,8
2026-10-09 19:01:34,317.18,0,26.32,1,0,7
2026-10-09 19:01:34,341.88,0,24.7,1,0,9
2026-10-09 19:01:35,206.89,0,134.99,1,1,9
2026-10-09 19:01:35,267.42,0,60.52,1,0,7
2026-10-09 19:01:36,371.39,0,103.98,1,0,6
2026-10-09 19:01:36,276.16,0,95.24,1,1,8
2026-10-09 19:01:36,286.43,0,10.27,1,0,7
2026-10-09 19:01:37,273.36,0,13.06,1,0,6
2026-10-09 19:01:37,347.52,0,74.16,1,0,8
2026-10-09 19:01:38,331.17,0,16.35,1,0,7
2026-10-09 19:01:38,283.34,0,47.83,1,0,9
2026-10-09 19:01:39,318.85,0,35.51,1,1,8
2026-10-09 19:01:39,288.26,0,30.59,1,0,8
2026-10-09 19:01:39,337.19,0,48.92,1,0,8
2026-10-09 19:01:40,269.43,0,67.75,1,0,7
2026-10-09 19:01:40,289.72,0,20.29,1,0,6
2026-10-09 19:01:41,348.09,0,58.37,1,0,9
2026-10-09 19:01:41,330.25,0,17.84,1,0,6
2026-10-09 19:01:41,311.12,0,19.13,1,1,8
2026-10-09 19:01:42,305.08,0,6.04,1,0,8
2026-10-09 19:01:42,301.91,0,3.17,1,0,9
2026-10-09 19:01:43,270.26,0,31.65,1,0,7
2026-10-09 19:01:43,281.07,0,10.8,1,0,7
2026-10-09 19:01:44,329.73,0,48.67,1,0,7
2026-10-09 19:01:44,299.75,0,29.98,1,0,8
2026-10-09 19:01:44,363.27,0,63.52,1,1,9
2026-10-09 19:01:45,202.83,0,160.44,1,0,9
2026-10-09 19:01:45,309.16,0,106.33,1,0,8
2026-10-09 19:01:46,360.97,0,51.81,1,0,7
2026-10-09 19:01:46,311.59,0,49.38,1,0,9
2026-10-09 19:01:46,282.71,0,28.88,1,1,9
2026-10-09 19:01:47,235.93,0,46.78,1,0,9
2026-10-09 19:01:47,393.94,0,158.01,1,1,8
2026-10-09 19:01:48,310.13,0,83.81,1,0,7
2026-10-09 19:01:48,309.7,0,0.43,1,1,9
2026-10-09 19:01:49,324.92,0,15.22,1,0,8
2026-10-09 19:01:49,321.23,0,3.69,1,0,7
2026-10-09 19:01:49,234.37,0,86.85,1,0,8
2026-10-09 19:01:50,280.34,0,45.97,1,0,8
2026-10-09 19:01:50,208.43,0,71.91,1,0,6
2026-10-09 19:01:50,349.7,0,141.27,1,0,8
2026-10-09 19:01:51,301.45,0,48.25,1,1,8
2026-10-09 19:01:51,322.78,0,21.34,1,1,10
2026-10-09 19:01:52,366.07,0,43.29,1,0,9
2026-10-09 19:01:52,349.72,0,16.35,1,1,9
2026-10-09 19:01:53,237.34,0,112.38,1,0,8
2026-10-09 19:01:53,286.87,0,49.53,1,0,10
2026-10-09 19:01:54,405.08,0,118.21,1,0,6
2026-10-09 19:01:54,330.86,0,74.23,1,0,6
2026-10-09 19:01:54,387.24,0,56.38,1,0,7
2026-10-09 19:01:55,281.81,0,105.43,1,1,9
2026-10-09 19:01:55,282.96,0,1.15,1,1,8
2026-10-09 19:01:56,600.93,0,317.98,0,2,9
2026-10-09 19:01:56,15.79,0,585.15,0,0,7
2026-10-09 19:01:56,15.89,0,0.11,0,0,7
2026-10-09 19:01:56,30.96,0,15.06,0,0,8
2026-10-09 19:01:57,32.4,0,1.44,0,0,7
2026-10-09 19:01:57,30.74,0,1.66,0,0,8
2026-10-09 19:01:57,30.76,0,0.02,0,0,8
2026-10-09 19:01:57,30.52,0,0.25,0,0,8
2026-10-09 19:01:57,14.78,0,15.74,0,0,8
2026-10-09 19:01:57,31.45,0,16.67,0,0,7
2026-10-09 19:01:57,34.23,0,2.78,0,0,7
2026-10-09 19:01:57,31.0,0,3.23,0,0,7
2026-10-09 19:01:58,24.12,0,6.89,0,0,8
2026-10-09 19:01:58,31.03,0,6.91,0,0,6
2026-10-09 19:01:58,27.38,0,3.64,0,0,6
2026-10-09 19:01:58,31.44,0,4.06,0,0,7
2026-10-09 19:01:58,30.89,0,0.55,0,0,6
2026-10-09 19:01:58,30.84,0,0.06,0,0,7
2026-10-09 19:01:58,30.4,0,0.44,0,0,7
2026-10-09 19:01:59,19.62,0,10.77,0,0,6
2026-10-09 19:01:59,30.58,0,10.95,0,0,7
2026-10-09 19:01:59,30.43,0,0.15,0,0,7
2026-10-09 19:01:59,30.36,0,0.07,0,0,7
2026-10-09 19:01:59,14.63,0,15.74,0,0,6
2026-10-09 19:01:59,30.13,0,15.51,0,0,7
2026-10-09 19:01:59,31.4,0,1.26,0,0,7
2026-10-09 19:01:59,3.6,0,27.8,0,0,8
2026-10-09 19:02:00,3.54,0,0.06,0,0,6
2026-10-09 19:02:00,2.82,0,0.72,0,0,6
2026-10-09 19:02:00,3.73,0,0.91,0,0,7
2026-10-09 19:02:00,3.4,0,0.33,0,0,8
2026-10-09 19:02:00,3.05,0,0.35,0,0,8
2026-10-09 19:02:00,2.32,0,0.73,0,0,6
2026-10-09 19:02:00,4.72,0,2.41,0,0,7
2026-10-09 19:02:00,2.97,0,1.76,0,0,5
2026-10-09 19:02:00,4.2,0,1.24,0,0,8
2026-10-09 19:02:01,4.31,0,0.11,0,0,8
2026-10-09 19:02:01,2.89,0,1.42,0,0,5
2026-10-09 19:02:01,3.28,0,0.39,0,0,6
2026-10-09 19:02:01,3.63,0,0.35,0,0,6
2026-10-09 19:02:01,5.43,0,1.8,0,0,7
2026-10-09 19:02:01,3.46,0,1.97,0,0,9
2026-10-09 19:02:01,3.23,0,0.23,0,0,6
2026-10-09 19:02:01,3.04,0,0.18,0,0,8
2026-10-09 19:02:01,3.78,0,0.73,0,0,8
2026-10-09 19:02:01,6.33,0,2.55,0,0,8
2026-10-09 19:02:02,3.58,0,2.74,0,0,8
2026-10-09 19:02:02,3.02,0,0.56,0,0,8
2026-10-09 19:02:02,2.67,0,0.35,0,0,9
2026-10-09 19:02:02,3.07,0,0.4,0,0,8
2026-10-09 19:02:02,3.97,0,0.89,0,0,7
2026-10-09 19:02:02,3.47,0,0.49,0,0,6
2026-10-09 19:02:02,5.85,0,2.37,0,0,7
2026-10-09 19:02:02,5.3,0,0.55,0,0,6
2026-10-09 19:02:02,15.72,0,10.42,0,0,8
2026-10-09 19:02:03,3.17,0,12.55,0,0,8
2026-10-09 19:02:03,4.09,0,0.92,0,0,8
2026-10-09 19:02:03,2.92,0,1.17,0,0,7
2026-10-09 19:02:03,5.66,0,2.74,0,0,7
2026-10-09 19:02:03,4.08,0,1.58,0,0,8
2026-10-09 19:02:03,2.54,0,1.53,0,0,6
2026-10-09 19:02:03,2.91,0,0.37,0,0,6
2026-10-09 19:02:03,3.06,0,0.14,0,0,9
2026-10-09 19:02:03,3.73,0,0.67,0,0,6
2026-10-09 19:02:03,3.63,0,0.1,0,0,8
2026-10-09 19:02:04,3.22,0,0.41,0,0,8
2026-10-09 19:02:04,2.51,0,0.71,0,0,6
2026-10-09 19:02:04,2.97,0,0.46,0,0,7
2026-10-09 19:02:04,3.73,0,0.76,0,0,6
2026-10-09 19:02:04,3.26,0,0.47,0,0,7
2026-10-09 19:02:04,3.97,0,0.71,0,0,8
2026-10-09 19:02:04,3.14,0,0.83,0,0,6
2026-10-09 19:02:04,2.58,0,0.56,0,0,8
2026-10-09 19:02:04,3.44,0,0.86,0,0,7
2026-10-09 19:02:05,3.14,0,0.29,0,0,7
2026-10-09 19:02:05,3.41,0,0.27,0,0,7
2026-10-09 19:02:05,2.87,0,0.55,0,0,8
2026-10-09 19:02:05,2.9,0,0.03,0,0,7
2026-10-09 19:02:05,3.33,0,0.43,0,0,7
2026-10-09 19:02:05,3.73,0,0.4,0,0,6
2026-10-09 19:02:05,2.98,0,0.75,0,0,8
2026-10-09 19:02:05,4.17,0,1.19,0,0,8
2026-10-09 19:02:05,3.83,0,0.34,0,0,8
2026-10-09 19:02:05,3.04,0,0.79,0,0,8
2026-10-09 19:02:06,3.49,0,0.45,0,0,7
2026-10-09 19:02:06,2.97,0,0.52,0,0,6
2026-10-09 19:02:06,3.28,0,0.3,0,0,7
2026-10-09 19:02:06,3.71,0,0.43,0,0,7
2026-10-09 19:02:06,2.6,0,1.11,0,0,6
2026-10-09 19:02:06,3.58,0,0.98,0,0,7
2026-10-09 19:02:06,3.55,0,0.03,0,0,8
2026-10-09 19:02:06,3.41,0,0.13,0,0,7
2026-10-09 19:02:06,3.56,0,0.15,0,0,8
2026-10-09 19:02:07,3.54,0,0.02,0,0,6
2026-10-09 19:02:07,3.12,0,0.42,0,0,7
2026-10-09 19:02:07,3.22,0,0.1,0,0,8
2026-10-09 19:02:07,3.58,0,0.36,0,0,6
2026-10-09 19:02:07,3.45,0,0.12,0,0,6
2026-10-09 19:02:07,3.61,0,0.15,0,0,6
2026-10-09 19:02:07,4.07,0,0.47,0,0,9
2026-10-09 19:02:07,2.64,0,1.44,0,0,8
2026-10-09 19:02:07,3.79,0,1.16,0,0,7
2026-10-09 19:02:07,3.27,0,0.52,0,0,7
2026-10-09 19:02:08,3.01,0,0.26,0,0,5
2026-10-09 19:02:08,2.81,0,0.2,0,0,7
2026-10-09 19:02:08,2.89,0,0.08,0,0,9
2026-10-09 19:02:08,3.32,0,0.42,0,0,8
2026-10-09 19:02:08,3.56,0,0.24,0,0,8
2026-10-09 19:02:08,3.26,0,0.3,0,0,8
2026-10-09 19:02:08,3.13,0,0.13,0,0,7
2026-10-09 19:02:08,4.22,0,1.09,0,0,8
2026-10-09 19:02:08,2.95,0,1.27,0,0,6
2026-10-09 19:02:09,3.99,0,1.03,0,0,6
2026-10-09 19:02:09,3.13,0,0.86,0,0,6
2026-10-09 19:02:09,2.66,0,0.46,0,0,7
2026-10-09 19:02:09,3.73,0,1.06,0,0,6
2026-10-09 19:02:09,3.07,0,0.65,0,0,8
2026-10-09 19:02:09,2.9,0,0.18,0,0,6
2026-10-09 19:02:09,2.94,0,0.04,0,0,9
2026-10-09 19:02:09,3.47,0,0.53,0,0,8
2026-10-09 19:02:09,2.98,0,0.49,0,0,8
2026-10-09 19:02:09,4.04,0,1.06,0,0,8
2026-10-09 19:02:10,2.84,0,1.2,0,0,7
2026-10-09 19:02:10,2.97,0,0.13,0,0,7
2026-10-09 19:02:10,3.13,0,0.16,0,0,6
2026-10-09 19:02:10,2.51,0,0.61,0,0,6
2026-10-09 19:02:10,3.06,0,0.54,0,0,5
2026-10-09 19:02:10,2.9,0,0.16,0,0,6
2026-10-09 19:02:10,3.41,0,0.51,0,0,8
2026-10-09 19:02:10,3.78,0,0.36,0,0,8
2026-10-09 19:02:10,2.74,0,1.04,0,0,5
2026-10-09 19:02:11,3.34,0,0.6,0,0,8
2026-10-09 19:02:11,3.57,0,0.23,0,0,7
2026-10-09 19:02:11,3.75,0,0.18,0,0,7
2026-10-09 19:02:11,2.8,0,0.95,0,0,7
2026-10-09 19:02:11,3.13,0,0.33,0,0,8
2026-10-09 19:02:11,3.57,0,0.45,0,0,8
2026-10-09 19:02:11,2.93,0,0.64,0,0,8
2026-10-09 19:02:11,3.22,0,0.28,0,0,7
2026-10-09 19:02:11,4.07,0,0.86,0,0,6
2026-10-09 19:02:11,3.7,0,0.37,0,0,7
2026-10-09 19:02:12,3.29,0,0.41,0,0,6
2026-10-09 19:02:12,3.31,0,0.02,0,0,9
2026-10-09 19:02:12,4.05,0,0.74,0,0,7
2026-10-09 19:02:12,3.4,0,0.65,0,0,7
2026-10-09 19:02:12,3.0,0,0.4,0,0,7
2026-10-09 19:02:12,2.47,0,0.53,0,0,6
2026-10-09 19:02:12,2.77,0,0.3,0,0,8
2026-10-09 19:02:12,3.37,0,0.6,0,0,8
2026-10-09 19:02:12,2.8,0,0.57,0,0,5
2026-10-09 19:02:12,2.8,0,0.0,0,0,7
2026-10-09 19:02:13,3.15,0,0.35,0,0,6
2026-10-09 19:02:13,4.35,0,1.2,0,0,7
2026-10-09 19:02:13,3.75,0,0.6,0,0,9
2026-10-09 19:02:13,3.68,0,0.07,0,0,7
2026-10-09 19:02:13,3.25,0,0.43,0,0,7
2026-10-09 19:02:13,4.3,0,1.05,0,0,7
2026-10-09 19:02:13,2.84,0,1.46,0,0,7
2026-10-09 19:02:13,3.44,0,0.6,0,0,6
2026-10-09 19:02:13,3.27,0,0.17,0,0,9
2026-10-09 19:02:14,3.13,0,0.14,0,0,7
2026-10-09 19:02:14,4.1,0,0.96,0,0,6
2026-10-09 19:02:14,4.53,0,0.44,0,0,7
2026-10-09 19:02:14,3.59,0,0.94,0,0,6
2026-10-09 19:02:14,2.95,0,0.64,0,0,6
2026-10-09 19:02:14,2.87,0,0.08,0,0,8
2026-10-09 19:02:14,2.83,0,0.04,0,0,7
2026-10-09 19:02:14,2.94,0,0.11,0,0,6
2026-10-09 19:02:14,2.71,0,0.23,0,0,7
2026-10-09 19:02:14,4.51,0,1.8,0,0,7
2026-10-09 19:02:15,3.59,0,0.91,0,0,7
2026-10-09 19:02:15,3.59,0,0.0,0,0,5
2026-10-09 19:02:15,4.44,0,0.85,0,0,8
2026-10-09 19:02:15,3.35,0,1.09,0,0,9
2026-10-09 19:02:15,3.7,0,0.35,0,0,8
2026-10-09 19:02:15,2.81,0,0.89,0,0,6
2026-10-09 19:02:15,4.02,0,1.21,0,0,7
2026-10-09 19:02:15,3.89,0,0.12,0,0,7
2026-10-09 19:02:15,3.78,0,0.11,0,0,8
2026-10-09 19:02:16,3.06,0,0.72,0,0,7
2026-10-09 19:02:16,3.58,0,0.52,0,0,7
2026-10-09 19:02:16,4.06,0,0.48,0,0,7
2026-10-09 19:02:16,3.33,0,0.73,0,0,6
2026-10-09 19:02:16,3.18,0,0.15,0,0,6
2026-10-09 19:02:16,2.53,0,0.66,0,0,8
2026-10-09 19:02:16,2.52,0,0.01,0,0,6
2026-10-09 19:02:16,2.8,0,0.28,0,0,8
2026-10-09 19:02:16,3.63,0,0.83,0,0,8
2026-10-09 19:02:16,3.06,0,0.57,0,0,6
2026-10-09 19:02:17,2.96,0,0.1,0,0,8
2026-10-09 19:02:17,3.67,0,0.71,0,0,7
2026-10-09 19:02:17,3.03,0,0.64,0,0,6
2026-10-09 19:02:17,3.78,0,0.75,0,0,8
2026-10-09 19:02:17,2.97,0,0.81,0,0,6
2026-10-09 19:02:17,3.4,0,0.43,0,0,7
2026-10-09 19:02:17,3.36,0,0.04,0,0,6
2026-10-09 19:02:17,3.38,0,0.02,0,0,6
2026-10-09 19:02:17,3.98,0,0.6,0,0,8
2026-10-09 19:02:18,3.92,0,0.06,0,0,6
2026-10-09 19:02:18,2.55,0,1.37,0,0,8
2026-10-09 19:02:18,3.63,0,1.08,0,0,6
2026-10-09 19:02:18,3.92,0,0.29,0,0,8
2026-10-09 19:02:18,3.29,0,0.63,0,0,7
2026-10-09 19:02:18,3.28,0,0.01,0,0,6
2026-10-09 19:02:18,2.71,0,0.57,0,0,6
2026-10-09 19:02:18,3.22,0,0.5,0,0,8
2026-10-09 19:02:18,3.53,0,0.31,0,0,6
2026-10-09 19:02:18,3.33,0,0.2,0,0,5
2026-10-09 19:02:19,4.09,0,0.76,0,0,7
2026-10-09 19:02:19,4.2,0,0.1,0,0,8
2026-10-09 19:02:19,3.82,0,0.38,0,0,9
2026-10-09 19:02:19,3.35,0,0.47,0,0,5
2026-10-09 19:02:19,2.69,0,0.66,0,0,7
2026-10-09 19:02:19,3.66,0,0.97,0,0,5
2026-10-09 19:02:19,3.17,0,0.49,0,0,5
2026-10-09 19:02:19,2.88,0,0.29,0,0,8
2026-10-09 19:02:19,3.84,0,0.96,0,0,7
2026-10-09 19:02:20,3.71,0,0.13,0,0,7
2026-10-09 19:02:20,3.3,0,0.41,0,0,6
2026-10-09 19:02:20,3.06,0,0.24,0,0,7
2026-10-09 19:02:20,2.88,0,0.18,0,0,7
2026-10-09 19:02:20,3.12,0,0.24,0,0,9
2026-10-09 19:02:20,4.22,0,1.1,0,0,7
2026-10-09 19:02:20,4.04,0,0.19,0,0,5
2026-10-09 19:02:20,3.55,0,0.49,0,0,5
2026-10-09 19:02:20,3.84,0,0.29,0,0,8
2026-10-09 19:02:20,2.89,0,0.94,0,0,6
2026-10-09 19:02:21,3.94,0,1.05,0,0,8
2026-10-09 19:02:21,3.62,0,0.33,0,0,8
2026-10-09 19:02:21,3.34,0,0.27,0,0,8
2026-10-09 19:02:21,3.72,0,0.38,0,0,5
2026-10-09 19:02:21,3.72,0,0.0,0,0,7
2026-10-09 19:02:21,2.59,0,1.12,0,0,6
2026-10-09 19:02:21,3.62,0,1.03,0,0,6
2026-10-09 19:02:21,3.28,0,0.34,0,0,7
2026-10-09 19:02:21,3.19,0,0.09,0,0,9
2026-10-09 19:02:22,3.48,0,0.29,0,0,8
2026-10-09 19:02:22,3.86,0,0.37,0,0,7
2026-10-09 19:02:22,2.9,0,0.96,0,0,6
2026-10-09 19:02:22,3.74,0,0.85,0,0,7
2026-10-09 19:02:22,3.74,0,0.0,0,0,7
2026-10-09 19:02:22,4.07,0,0.33,0,0,8
2026-10-09 19:02:22,3.18,0,0.89,0,0,7
2026-10-09 19:02:22,2.97,0,0.21,0,0,7
2026-10-09 19:02:22,3.74,0,0.77,0,0,6
2026-10-09 19:02:22,2.56,0,1.18,0,0,8
2026-10-09 19:02:23,3.66,0,1.1,0,0,7
2026-10-09 19:02:23,2.78,0,0.87,0,0,7
2026-10-09 19:02:23,3.74,0,0.96,0,0,7
2026-10-09 19:02:23,3.58,0,0.17,0,0,8
2026-10-09 19:02:23,3.66,0,0.08,0,0,6
2026-10-09 19:02:23,2.81,0,0.85,0,0,8
2026-10-09 19:02:23,2.62,0,0.19,0,0,6
2026-10-09 19:02:23,2.84,0,0.22,0,0,7
2026-10-09 19:02:23,3.4,0,0.56,0,0,7
2026-10-09 19:02:23,3.01,0,0.39,0,0,6
2026-10-09 19:02:24,2.99,0,0.01,0,0,8
2026-10-09 19:02:24,3.57,0,0.58,0,0,8
2026-10-09 19:02:24,2.46,0,1.11,0,0,7
2026-10-09 19:02:24,3.26,0,0.8,0,0,6
2026-10-09 19:02:24,2.39,0,0.87,0,0,6
2026-10-09 19:02:24,4.19,0,1.8,0,0,8
2026-10-09 19:02:24,2.63,0,1.56,0,0,8
2026-10-09 19:02:24,3.14,0,0.51,0,0,7
2026-10-09 19:02:24,3.83,0,0.69,0,0,6
2026-10-09 19:02:25,3.64,0,0.19,0,0,7
2026-10-09 19:02:25,3.29,0,0.35,0,0,6
2026-10-09 19:02:25,3.69,0,0.41,0,0,7
2026-10-09 19:02:25,4.1,0,0.41,0,0,6
2026-10-09 19:02:25,3.74,0,0.36,0,0,8
2026-10-09 19:02:25,3.85,0,0.11,0,0,6
2026-10-09 19:02:25,3.53,0,0.32,0,0,7
2026-10-09 19:02:25,3.62,0,0.09,0,0,8
2026-10-09 19:02:25,2.91,0,0.72,0,0,8
2026-10-09 19:02:25,3.66,0,0.75,0,0,7
2026-10-09 19:02:26,5.13,0,1.47,2,0,6
2026-10-09 19:02:26,5.53,0,0.41,2,0,6
2026-10-09 19:02:26,16.23,0,10.7,2,1,7
2026-10-09 19:02:26,17.08,0,0.84,2,1,7
2026-10-09 19:02:26,221.32,0,204.25,2,2,6
2026-10-09 19:02:26,5.43,0,215.9,2,0,7
2026-10-09 19:02:27,642.39,0,636.96,2,3,6
2026-10-09 19:02:27,5.65,0,636.74,2,0,7
2026-10-09 19:02:28,223.47,0,217.82,2,1,6
2026-10-09 19:02:28,5.36,0,218.1,2,0,7
2026-10-09 19:02:28,5.46,0,0.1,2,0,7
2026-10-09 19:02:28,22.8,0,17.33,2,2,7
2026-10-09 19:02:28,17.43,0,5.37,2,1,8
2026-10-09 19:02:28,5.29,0,12.14,2,0,7
2026-10-09 19:02:28,5.0,0,0.28,2,0,7
2026-10-09 19:02:28,5.91,0,0.91,2,0,7
2026-10-09 19:02:28,5.13,0,0.78,2,0,7
2026-10-09 19:02:29,5.05,0,0.09,2,0,6
2026-10-09 19:02:29,5.37,0,0.32,2,0,6
2026-10-09 19:02:29,5.03,0,0.34,2,0,6
2026-10-09 19:02:29,5.47,0,0.44,2,0,6
2026-10-09 19:02:29,6.44,0,0.97,2,0,6
2026-10-09 19:02:29,5.11,0,1.33,2,0,6
2026-10-09 19:02:29,5.36,0,0.26,2,0,6
2026-10-09 19:02:29,5.26,0,0.1,2,0,6
2026-10-09 19:02:29,5.15,0,0.11,2,0,6
2026-10-09 19:02:30,221.55,0,216.39,2,1,7
2026-10-09 19:02:30,5.28,0,216.26,2,0,7
2026-10-09 19:02:30,5.13,0,0.15,2,0,7
2026-10-09 19:02:30,5.49,0,0.36,2,0,7
2026-10-09 19:02:30,5.27,0,0.22,2,0,7
2026-10-09 19:02:30,5.49,0,0.22,2,0,7
2026-10-09 19:02:31,227.89,0,222.4,2,4,7
2026-10-09 19:02:31,5.55,0,222.33,2,0,8
2026-10-09 19:02:31,5.22,0,0.34,2,0,7
2026-10-09 19:02:31,5.35,0,0.13,2,0,6
2026-10-09 19:02:31,4.79,0,0.56,2,0,6
2026-10-09 19:02:31,5.4,0,0.61,2,0,6
2026-10-09 19:02:31,5.41,0,0.01,2,0,6
2026-10-09 19:02:31,25.42,0,20.01,2,1,7
2026-10-09 19:02:31,24.25,0,1.16,2,1,7
2026-10-09 19:02:32,5.22,0,19.03,2,0,6
2026-10-09 19:02:32,5.07,0,0.15,2,0,6
2026-10-09 19:02:32,36.29,0,31.22,2,2,6
2026-10-09 19:02:32,5.32,0,30.97,2,0,6
2026-10-09 19:02:32,5.1,0,0.22,2,0,6
2026-10-09 19:02:32,5.24,0,0.15,2,0,7
2026-10-09 19:02:32,5.53,0,0.29,2,0,6
2026-10-09 19:02:32,4.98,0,0.56,2,0,5
2026-10-09 19:02:32,5.69,0,0.71,2,0,6
2026-10-09 19:02:33,5.35,0,0.34,2,0,6
2026-10-09 19:02:33,5.13,0,0.22,2,0,6
2026-10-09 19:02:33,224.4,0,219.27,2,1,7
2026-10-09 19:02:33,5.44,0,218.96,2,0,7
2026-10-09 19:02:33,5.13,0,0.31,2,0,7
2026-10-09 19:02:33,19.57,0,14.44,2,1,7
2026-10-09 19:02:33,5.79,0,13.78,2,0,7
2026-10-09 19:02:34,5.71,0,0.08,2,0,7
2026-10-09 19:02:34,5.54,0,0.17,2,0,6
2026-10-09 19:02:34,5.05,0,0.49,2,0,7
2026-10-09 19:02:34,5.27,0,0.22,2,0,7
2026-10-09 19:02:34,217.24,0,211.97,2,1,6
2026-10-09 19:02:35,218.19,0,0.94,2,1,6
2026-10-09 19:02:35,5.83,0,212.35,2,0,7
2026-10-09 19:02:35,4.77,0,1.07,2,0,6
2026-10-09 19:02:35,5.65,0,0.89,2,0,7
2026-10-09 19:02:35,218.41,0,212.76,2,1,6
2026-10-09 19:02:35,5.26,0,213.15,2,0,7
2026-10-09 19:02:35,4.96,0,0.29,2,0,7
2026-10-09 19:02:35,19.08,0,14.12,2,1,7
2026-10-09 19:02:36,17.82,0,1.27,2,1,8
2026-10-09 19:02:36,429.25,0,411.43,2,2,7
2026-10-09 19:02:36,5.58,0,423.67,2,0,7
2026-10-09 19:02:36,5.33,0,0.24,2,0,7
2026-10-09 19:02:36,5.37,0,0.04,2,0,7
2026-10-09 19:02:37,5.38,0,0.01,2,0,7
2026-10-09 19:02:38,5000.0,1,4994.62,2,3,2
2026-10-09 19:02:39,5000.0,1,0.0,2,1,0
2026-10-09 19:02:40,5000.0,1,0.0,2,1,0
2026-10-09 19:02:41,5000.0,1,0.0,2,0,0
2026-10-09 19:02:42,5000.0,1,0.0,2,0,0
2026-10-09 19:02:43,5000.0,1,0.0,2,2,2
2026-10-09 19:02:43,102.57,0,4897.43,2,1,5
2026-10-09 19:02:43,5.27,0,97.3,2,0,7
2026-10-09 19:02:44,5.52,0,0.25,2,0,7
2026-10-09 19:02:44,5.63,0,0.11,2,0,7
2026-10-09 19:02:45,5000.0,1,4994.37,2,3,6
2026-10-09 19:02:45,421.73,0,4578.27,2,3,7
2026-10-09 19:02:45,4.86,0,416.87,2,0,7
2026-10-09 19:02:46,5.57,0,0.71,2,0,7
2026-10-09 19:02:46,5.22,0,0.35,2,0,7
2026-10-09 19:02:46,5.37,0,0.15,2,0,7
2026-10-09 19:02:46,5.59,0,0.22,2,0,7
2026-10-09 19:02:46,245.22,0,239.62,2,2,6
2026-10-09 19:02:46,22.49,0,222.73,2,1,8
2026-10-09 19:02:46,5.19,0,17.3,2,0,6
2026-10-09 19:02:47,227.48,0,222.3,2,1,6
2026-10-09 19:02:47,5.4,0,222.08,2,0,7
2026-10-09 19:02:47,4.96,0,0.44,2,0,7
2026-10-09 19:02:47,243.07,0,238.11,2,2,7
2026-10-09 19:02:47,20.25,0,222.81,2,1,8
2026-10-09 19:02:48,5.68,0,14.58,2,0,7
2026-10-09 19:02:48,749.75,0,744.07,2,6,6
2026-10-09 19:02:49,5.33,0,744.43,2,0,7
2026-10-09 19:02:49,767.17,0,761.84,2,3,7
2026-10-09 19:02:50,37.26,0,729.91,2,1,7
2026-10-09 19:02:50,5.72,0,31.54,2,0,7
2026-10-09 19:02:50,5.47,0,0.25,2,0,7
2026-10-09 19:02:50,6.13,0,0.66,2,0,7
2026-10-09 19:02:50,5.03,0,1.1,2,0,7
2026-10-09 19:02:50,5.93,0,0.9,2,0,7
2026-10-09 19:02:50,5.04,0,0.88,2,0,7
2026-10-09 19:02:51,262.27,0,257.23,2,3,7
2026-10-09 19:02:51,5.5,0,256.77,2,0,6
2026-10-09 19:02:51,5.88,0,0.39,2,0,6
2026-10-09 19:02:51,5.65,0,0.23,2,0,6
2026-10-09 19:02:51,5.17,0,0.48,2,0,6
2026-10-09 19:02:51,5.02,0,0.15,2,0,6
2026-10-09 19:02:51,5.49,0,0.47,2,0,6
2026-10-09 19:02:51,5.31,0,0.18,2,0,6
2026-10-09 19:02:51,5.39,0,0.08,2,0,6
2026-10-09 19:02:51,5.37,0,0.02,2,0,6
2026-10-09 19:02:52,4.93,0,0.44,2,0,6
2026-10-09 19:02:52,5.0,0,0.07,2,0,6
2026-10-09 19:02:52,5.33,0,0.32,2,0,6
2026-10-09 19:02:52,4.88,0,0.45,2,0,6
2026-10-09 19:02:52,5.28,0,0.39,2,0,7
2026-10-09 19:02:52,5.3,0,0.02,2,0,6
2026-10-09 19:02:52,5.43,0,0.14,2,0,6
2026-10-09 19:02:52,5.03,0,0.4,2,0,6
2026-10-09 19:02:52,5.39,0,0.36,2,0,6
2026-10-09 19:02:53,5.59,0,0.19,2,0,6
2026-10-09 19:02:53,5.39,0,0.2,2,0,7
2026-10-09 19:02:53,5.45,0,0.06,2,0,6
2026-10-09 19:02:53,5.97,0,0.52,2,0,6
2026-10-09 19:02:53,5.41,0,0.56,2,0,5
2026-10-09 19:02:53,4.84,0,0.57,2,0,5
2026-10-09 19:02:53,28.38,0,23.54,2,2,8
2026-10-09 19:02:53,19.25,0,9.13,2,1,7
2026-10-09 19:02:53,5.25,0,13.99,2,0,6
2026-10-09 19:02:54,18.55,0,13.29,2,1,7
2026-10-09 19:02:54,4.97,0,13.58,2,0,6
2026-10-09 19:02:54,227.53,0,222.56,2,2,8
2026-10-09 19:02:54,5.27,0,222.26,2,0,7
2026-10-09 19:02:54,5.12,0,0.15,2,0,7
2026-10-09 19:02:54,5.96,0,0.84,2,0,7
2026-10-09 19:02:54,5.52,0,0.44,2,0,7
2026-10-09 19:02:55,5.29,0,0.22,2,0,7
2026-10-09 19:02:55,5.4,0,0.11,2,0,7
2026-10-09 19:02:55,17.26,0,11.86,2,1,8
2026-10-09 19:02:55,5.67,0,11.59,2,0,5
2026-10-09 19:02:55,466.53,0,460.86,2,3,6
2026-10-09 19:02:56,65.93,0,400.6,0,2,9
2026-10-09 19:02:56,3.34,0,62.59,0,0,8
2026-10-09 19:02:56,3.04,0,0.3,0,0,9
2026-10-09 19:02:56,3.33,0,0.3,0,0,7
2026-10-09 19:02:56,3.7,0,0.37,0,0,8
2026-10-09 19:02:56,3.86,0,0.16,0,0,8
2026-10-09 19:02:56,3.87,0,0.01,0,0,6
2026-10-09 19:02:56,2.38,0,1.49,0,0,5
2026-10-09 19:02:56,3.93,0,1.55,0,0,8
2026-10-09 19:02:57,2.81,0,1.12,0,0,8
2026-10-09 19:02:57,4.25,0,1.43,0,0,7
2026-10-09 19:02:57,3.39,0,0.86,0,0,8
2026-10-09 19:02:57,3.21,0,0.18,0,0,7
2026-10-09 19:02:57,3.56,0,0.35,0,0,7
2026-10-09 19:02:57,4.22,0,0.66,0,0,8
2026-10-09 19:02:57,4.46,0,0.24,0,0,8
2026-10-09 19:02:57,3.7,0,0.76,0,0,8
2026-10-09 19:02:57,3.93,0,0.23,0,0,8
2026-10-09 19:02:57,2.73,0,1.2,0,0,6
2026-10-09 19:02:58,3.83,0,1.1,0,0,8
2026-10-09 19:02:58,4.09,0,0.25,0,0,6
2026-10-09 19:02:58,3.57,0,0.52,0,0,7
2026-10-09 19:02:58,3.02,0,0.55,0,0,5
2026-10-09 19:02:58,3.06,0,0.05,0,0,7
2026-10-09 19:02:58,4.39,0,1.32,0,0,8
2026-10-09 19:02:58,3.14,0,1.25,0,0,7
2026-10-09 19:02:58,4.01,0,0.87,0,0,7
2026-10-09 19:02:58,3.42,0,0.59,0,0,5
2026-10-09 19:02:59,2.97,0,0.44,0,0,8
2026-10-09 19:02:59,3.43,0,0.46,0,0,6
2026-10-09 19:02:59,4.33,0,0.9,0,0,8
2026-10-09 19:02:59,3.14,0,1.19,0,0,6
2026-10-09 19:02:59,4.41,0,1.27,0,0,6
2026-10-09 19:02:59,3.83,0,0.58,0,0,6
2026-10-09 19:02:59,2.73,0,1.1,0,0,9
2026-10-09 19:02:59,4.34,0,1.61,0,0,6
2026-10-09 19:02:59,3.28,0,1.06,0,0,7
2026-10-09 19:02:59,3.47,0,0.19,0,0,6
2026-10-09 19:03:00,3.65,0,0.19,0,0,7
2026-10-09 19:03:00,4.56,0,0.91,0,0,6
2026-10-09 19:03:00,4.17,0,0.39,0,0,8
2026-10-09 19:03:00,3.67,0,0.5,0,0,8
2026-10-09 19:03:00,3.5,0,0.17,0,0,9
2026-10-09 19:03:00,3.59,0,0.09,0,0,8
2026-10-09 19:03:00,3.09,0,0.5,0,0,7
2026-10-09 19:03:00,3.93,0,0.84,0,0,6
2026-10-09 19:03:00,3.22,0,0.71,0,0,6
2026-10-09 19:03:01,4.21,0,0.99,0,0,8
2026-10-09 19:03:01,3.87,0,0.34,0,0,7
2026-10-09 19:03:01,3.44,0,0.43,0,0,7
2026-10-09 19:03:01,3.79,0,0.35,0,0,6
2026-10-09 19:03:01,4.46,0,0.67,0,0,6
2026-10-09 19:03:01,3.92,0,0.55,0,0,6
2026-10-09 19:03:01,3.64,0,0.28,0,0,6
2026-10-09 19:03:01,2.31,0,1.33,0,0,5
2026-10-09 19:03:01,4.46,0,2.15,0,0,8
2026-10-09 19:03:01,3.48,0,0.98,0,0,8
2026-10-09 19:03:02,2.42,0,1.06,0,0,8
2026-10-09 19:03:02,2.55,0,0.14,0,0,6
2026-10-09 19:03:02,3.42,0,0.87,0,0,7
2026-10-09 19:03:02,3.03,0,0.39,0,0,8
2026-10-09 19:03:02,3.0,0,0.03,0,0,7
2026-10-09 19:03:02,3.0,0,0.0,0,0,7
2026-10-09 19:03:02,2.8,0,0.2,0,0,9
2026-10-09 19:03:02,4.93,0,2.13,0,0,8
2026-10-09 19:03:02,3.39,0,1.54,0,0,8
2026-10-09 19:03:03,3.45,0,0.06,0,0,6
2026-10-09 19:03:03,3.22,0,0.23,0,0,6
2026-10-09 19:03:03,3.06,0,0.16,0,0,6
2026-10-09 19:03:03,3.17,0,0.11,0,0,9
2026-10-09 19:03:03,2.86,0,0.3,0,0,8
2026-10-09 19:03:03,3.16,0,0.29,0,0,7
2026-10-09 19:03:03,2.13,0,1.02,0,0,8
2026-10-09 19:03:03,3.53,0,1.4,0,0,7
2026-10-09 19:03:03,2.88,0,0.64,0,0,6
2026-10-09 19:03:03,3.03,0,0.15,0,0,8
2026-10-09 19:03:04,2.45,0,0.59,0,0,7
2026-10-09 19:03:04,2.59,0,0.15,0,0,7
2026-10-09 19:03:04,3.21,0,0.62,0,0,8
2026-10-09 19:03:04,2.75,0,0.46,0,0,7
2026-10-09 19:03:04,2.57,0,0.19,0,0,7
2026-10-09 19:03:04,3.69,0,1.13,0,0,8
2026-10-09 19:03:04,21.43,0,17.74,0,2,6
2026-10-09 19:03:04,31.09,0,9.65,0,0,8
2026-10-09 19:03:04,31.48,0,0.4,0,1,7
2026-10-09 19:03:05,31.11,0,0.38,0,1,8
2026-10-09 19:03:05,30.57,0,0.53,0,1,8
2026-10-09 19:03:05,31.17,0,0.6,0,0,8
2026-10-09 19:03:05,30.49,0,0.68,0,0,8
2026-10-09 19:03:05,3.42,0,27.07,0,0,9
2026-10-09 19:03:05,3.56,0,0.15,0,0,8
2026-10-09 19:03:05,2.83,0,0.73,0,0,6
2026-10-09 19:03:05,4.41,0,1.58,0,0,6
2026-10-09 19:03:06,3.15,0,1.26,0,0,6
2026-10-09 19:03:06,3.21,0,0.06,0,0,7
2026-10-09 19:03:06,4.75,0,1.55,0,0,6
2026-10-09 19:03:06,15.4,0,10.64,0,0,7
2026-10-09 19:03:06,31.6,0,16.2,0,1,7
2026-10-09 19:03:06,31.18,0,0.42,0,1,9
2026-10-09 19:03:06,30.9,0,0.28,0,0,8
2026-10-09 19:03:06,3.57,0,27.33,0,0,8
2026-10-09 19:03:07,3.94,0,0.37,0,0,6
2026-10-09 19:03:07,2.82,0,1.13,0,0,7
2026-10-09 19:03:07,3.23,0,0.41,0,0,6
2026-10-09 19:03:07,3.24,0,0.01,0,0,6
2026-10-09 19:03:07,3.01,0,0.23,0,0,8
2026-10-09 19:03:07,3.42,0,0.42,0,0,7
2026-10-09 19:03:07,4.2,0,0.78,0,0,8
2026-10-09 19:03:07,3.42,0,0.79,0,0,7
2026-10-09 19:03:07,3.41,0,0.01,0,0,5
2026-10-09 19:03:07,3.36,0,0.05,0,0,7
2026-10-09 19:03:08,4.13,0,0.78,0,0,6
2026-10-09 19:03:08,5.92,0,1.78,0,0,6
2026-10-09 19:03:08,4.05,0,1.87,0,0,8
2026-10-09 19:03:08,2.54,0,1.5,0,0,8
2026-10-09 19:03:08,3.46,0,0.91,0,0,7
2026-10-09 19:03:08,3.15,0,0.31,0,0,8
2026-10-09 19:03:08,3.44,0,0.29,0,0,8
2026-10-09 19:03:08,3.74,0,0.3,0,0,9
2026-10-09 19:03:08,4.24,0,0.5,0,0,7
2026-10-09 19:03:09,2.82,0,1.42,0,0,7
2026-10-09 19:03:09,3.16,0,0.34,0,0,5
2026-10-09 19:03:09,3.98,0,0.82,0,0,7
2026-10-09 19:03:09,3.36,0,0.62,0,0,7
2026-10-09 19:03:09,3.06,0,0.3,0,0,5
2026-10-09 19:03:09,3.99,0,0.93,0,0,6
2026-10-09 19:03:09,3.16,0,0.83,0,0,5
2026-10-09 19:03:09,3.73,0,0.57,0,0,7
2026-10-09 19:03:09,3.24,0,0.49,0,0,6
2026-10-09 19:03:09,2.96,0,0.27,0,0,7
2026-10-09 19:03:10,3.43,0,0.46,0,0,7
2026-10-09 19:03:10,3.6,0,0.18,0,0,8
2026-10-09 19:03:10,4.87,0,1.27,0,0,7
2026-10-09 19:03:10,4.16,0,0.71,0,0,6
2026-10-09 19:03:10,3.04,0,1.12,0,0,7
2026-10-09 19:03:10,3.2,0,0.16,0,0,7
2026-10-09 19:03:10,3.84,0,0.64,0,0,6
2026-10-09 19:03:10,3.56,0,0.28,0,0,5
2026-10-09 19:03:10,4.27,0,0.71,0,0,7
2026-10-09 19:03:11,5.03,0,0.76,0,0,6
2026-10-09 19:03:11,4.29,0,0.74,0,0,6
2026-10-09 19:03:11,3.92,0,0.37,0,0,7
2026-10-09 19:03:11,3.56,0,0.37,0,0,9
2026-10-09 19:03:11,4.96,0,1.4,0,0,7
2026-10-09 19:03:11,3.66,0,1.3,0,0,7
2026-10-09 19:03:11,6.64,0,2.98,0,0,7
2026-10-09 19:03:11,4.26,0,2.37,0,0,8
2026-10-09 19:03:11,4.38,0,0.12,0,0,8
2026-10-09 19:03:11,3.97,0,0.42,0,0,8
2026-10-09 19:03:12,4.02,0,0.05,0,0,7
2026-10-09 19:03:12,5.56,0,1.54,0,0,7
2026-10-09 19:03:12,4.14,0,1.42,0,0,8
2026-10-09 19:03:12,4.61,0,0.48,0,0,8
2026-10-09 19:03:12,3.84,0,0.77,0,0,5
2026-10-09 19:03:12,3.99,0,0.15,0,0,7
2026-10-09 19:03:12,4.78,0,0.78,0,0,8
2026-10-09 19:03:12,7.38,0,2.6,0,0,8
2026-10-09 19:03:12,5.4,0,1.98,0,0,6
2026-10-09 19:03:13,5.14,0,0.26,0,0,8
2026-10-09 19:03:13,2.88,0,2.25,0,0,8
2026-10-09 19:03:13,4.48,0,1.6,0,0,9
2026-10-09 19:03:13,3.77,0,0.71,0,0,8
2026-10-09 19:03:13,5.8,0,2.03,0,0,7
2026-10-09 19:03:13,3.82,0,1.98,0,0,6
2026-10-09 19:03:13,4.56,0,0.75,0,0,8
2026-10-09 19:03:13,4.11,0,0.45,0,0,6
2026-10-09 19:03:13,4.41,0,0.3,0,0,8
2026-10-09 19:03:14,4.8,0,0.39,0,0,7
2026-10-09 19:03:14,4.68,0,0.12,0,0,6
2026-10-09 19:03:14,3.33,0,1.35,0,0,6
2026-10-09 19:03:14,4.21,0,0.88,0,0,6
2026-10-09 19:03:14,3.95,0,0.26,0,0,6
2026-10-09 19:03:14,7.63,0,3.68,0,0,7
2026-10-09 19:03:14,4.92,0,2.72,0,0,8
2026-10-09 19:03:14,3.42,0,1.5,0,0,7
2026-10-09 19:03:14,5.95,0,2.54,0,0,7
2026-10-09 19:03:14,4.63,0,1.33,0,0,6
2026-10-09 19:03:15,4.27,0,0.36,0,0,6
2026-10-09 19:03:15,4.69,0,0.42,0,0,6
2026-10-09 19:03:15,5.56,0,0.88,0,0,5
2026-10-09 19:03:15,5.73,0,0.17,0,0,5
2026-10-09 19:03:15,4.63,0,1.1,0,0,6
2026-10-09 19:03:15,4.5,0,0.13,0,0,6
2026-10-09 19:03:15,4.08,0,0.43,0,0,6
2026-10-09 19:03:15,4.39,0,0.32,0,0,8
2026-10-09 19:03:15,6.66,0,2.27,0,0,7
2026-10-09 19:03:16,5.49,0,1.17,0,0,7
2026-10-09 19:03:16,3.5,0,1.99,0,0,5
2026-10-09 19:03:16,4.02,0,0.52,0,0,6
2026-10-09 19:03:16,4.53,0,0.51,0,0,5
2026-10-09 19:03:16,4.42,0,0.12,0,0,8
2026-10-09 19:03:16,4.37,0,0.04,0,0,6
2026-10-09 19:03:16,4.04,0,0.34,0,0,7
2026-10-09 19:03:16,3.67,0,0.37,0,0,8
2026-10-09 19:03:16,4.75,0,1.08,0,0,7
2026-10-09 19:03:17,7.12,0,2.37,0,0,6
2026-10-09 19:03:17,5.12,0,2.0,0,0,5
2026-10-09 19:03:17,4.47,0,0.65,0,0,6
2026-10-09 19:03:17,3.91,0,0.56,0,0,5
2026-10-09 19:03:17,4.51,0,0.6,0,0,7
2026-10-09 19:03:17,4.78,0,0.27,0,0,7
2026-10-09 19:03:17,5.81,0,1.04,0,0,6
2026-10-09 19:03:17,5.12,0,0.69,0,0,6
2026-10-09 19:03:17,4.82,0,0.31,0,0,7
2026-10-09 19:03:18,4.15,0,0.66,0,0,5
2026-10-09 19:03:18,4.79,0,0.64,0,0,5
2026-10-09 19:03:18,7.75,0,2.96,0,0,8
2026-10-09 19:03:18,5.72,0,2.03,0,0,6
2026-10-09 19:03:18,12.46,0,6.75,0,0,6
2026-10-09 19:03:18,11.98,0,0.48,0,2,8
2026-10-09 19:03:18,6.8,0,5.19,0,0,8
2026-10-09 19:03:18,18.52,0,11.73,0,0,8
2026-10-09 19:03:18,7.5,0,11.02,0,0,6
2026-10-09 19:03:19,5.64,0,1.86,0,0,8
2026-10-09 19:03:19,5.71,0,0.07,0,0,6
2026-10-09 19:03:19,10.66,0,4.95,0,0,7
2026-10-09 19:03:19,16.56,0,5.9,0,0,8
2026-10-09 19:03:19,18.94,0,2.38,0,0,8
2026-10-09 19:03:19,17.02,0,1.91,0,1,7
2026-10-09 19:03:19,15.03,0,1.99,0,0,7
2026-10-09 19:03:19,33.5,0,18.47,0,1,9
2026-10-09 19:03:20,21.53,0,11.97,0,0,8
2026-10-09 19:03:20,8.99,0,12.53,0,0,7
2026-10-09 19:03:20,11.16,0,2.16,0,0,8
2026-10-09 19:03:20,8.66,0,2.5,0,0,7
2026-10-09 19:03:20,15.61,0,6.95,0,0,8
2026-10-09 19:03:20,5.4,0,10.21,0,0,9
2026-10-09 19:03:20,5.78,0,0.38,0,0,8
2026-10-09 19:03:20,5.14,0,0.65,0,0,7
2026-10-09 19:03:20,4.38,0,0.76,0,0,7
2026-10-09 19:03:21,3.49,0,0.89,0,0,6
2026-10-09 19:03:21,29.62,0,26.13,0,1,7
2026-10-09 19:03:21,15.05,0,14.57,0,0,7
2026-10-09 19:03:21,30.55,0,15.5,0,1,8
2026-10-09 19:03:21,16.25,0,14.29,0,0,8
2026-10-09 19:03:21,30.99,0,14.74,0,0,8
2026-10-09 19:03:21,22.97,0,8.02,0,0,7
2026-10-09 19:03:22,29.9,0,6.93,0,0,7
2026-10-09 19:03:22,15.58,0,14.32,0,0,8
2026-10-09 19:03:22,10.16,0,5.42,0,0,6
2026-10-09 19:03:22,29.71,0,19.55,0,0,7
2026-10-09 19:03:22,16.15,0,13.56,0,0,7
2026-10-09 19:03:22,14.84,0,1.31,0,0,7
2026-10-09 19:03:22,29.03,0,14.19,0,0,7
2026-10-09 19:03:22,15.53,0,13.5,0,0,6
2026-10-09 19:03:23,33.17,0,17.64,0,0,7
2026-10-09 19:03:23,18.96,0,14.21,0,0,8
2026-10-09 19:03:23,31.08,0,12.12,0,0,7
2026-10-09 19:03:23,4.2,0,26.88,0,0,7
2026-10-09 19:03:23,23.63,0,19.43,0,0,7
2026-10-09 19:03:23,15.95,0,7.69,0,0,7
2026-10-09 19:03:23,5.67,0,10.28,0,0,6
2026-10-09 19:03:23,15.51,0,9.84,0,0,7
2026-10-09 19:03:24,31.02,0,15.52,0,0,6
2026-10-09 19:03:24,30.5,0,0.52,0,0,7
2026-10-09 19:03:24,30.8,0,0.29,0,0,6
2026-10-09 19:03:24,15.82,0,14.98,0,0,6
2026-10-09 19:03:24,30.7,0,14.88,0,0,6
2026-10-09 19:03:24,30.41,0,0.29,0,0,6
2026-10-09 19:03:24,15.09,0,15.32,0,0,8
2026-10-09 19:03:25,3.97,0,11.12,0,0,7
2026-10-09 19:03:25,4.53,0,0.56,0,0,8
2026-10-09 19:03:25,14.87,0,10.34,0,0,8
2026-10-09 19:03:25,15.7,0,0.83,0,0,7
2026-10-09 19:03:25,6.45,0,9.25,0,0,8
2026-10-09 19:03:25,15.4,0,8.95,0,0,7
2026-10-09 19:03:25,14.93,0,0.47,0,0,8
2026-10-09 19:03:25,15.18,0,0.24,0,0,7
2026-10-09 19:03:25,15.29,0,0.11,0,0,7
2026-10-09 19:03:26,15.28,0,0.01,3,0,8
2026-10-09 19:03:26,15.81,0,0.52,3,0,8
2026-10-09 19:03:26,6.7,0,9.11,3,0,6
2026-10-09 19:03:26,4.65,0,2.05,3,0,7
2026-10-09 19:03:26,4.35,0,0.3,3,0,7
2026-10-09 19:03:26,15.73,0,11.37,3,0,7
2026-10-09 19:03:26,5.57,0,10.15,3,0,8
2026-10-09 19:03:26,19.57,0,13.99,3,0,8
2026-10-09 19:03:27,31.72,0,12.16,3,0,8
2026-10-09 19:03:27,29.62,0,2.11,3,1,7
2026-10-09 19:03:27,15.94,0,13.68,3,0,8
2026-10-09 19:03:27,30.35,0,14.41,3,0,7
2026-10-09 19:03:27,15.01,0,15.33,3,0,9
2026-10-09 19:03:27,31.83,0,16.82,3,0,8
2026-10-09 19:03:27,30.28,0,1.55,3,0,6
2026-10-09 19:03:27,5.32,0,24.96,3,0,7
2026-10-09 19:03:28,30.94,0,25.62,3,0,6
2026-10-09 19:03:28,15.06,0,15.88,3,0,6
2026-10-09 19:03:28,31.36,0,16.3,3,0,7
2026-10-09 19:03:28,31.05,0,0.31,3,0,7
2026-10-09 19:03:28,14.98,0,16.07,3,0,6
2026-10-09 19:03:28,32.05,0,17.07,3,0,6
2026-10-09 19:03:28,15.71,0,16.34,3,0,7
2026-10-09 19:03:29,30.42,0,14.71,3,0,7
2026-10-09 19:03:29,30.51,0,0.09,3,0,7
2026-10-09 19:03:29,31.79,0,1.27,3,0,6
2026-10-09 19:03:29,30.44,0,1.35,3,0,7
2026-10-09 19:03:29,30.2,0,0.24,3,0,8
2026-10-09 19:03:29,29.72,0,0.48,3,0,6
2026-10-09 19:03:29,15.83,0,13.89,3,0,7
2026-10-09 19:03:30,12.62,0,3.2,3,0,9
2026-10-09 19:03:30,30.4,0,17.77,3,0,7
2026-10-09 19:03:30,31.77,0,1.38,3,0,8
2026-10-09 19:03:30,30.12,0,1.66,3,0,7
2026-10-09 19:03:30,31.43,0,1.31,3,0,8
2026-10-09 19:03:30,15.31,0,16.12,3,0,8
2026-10-09 19:03:30,30.58,0,15.28,3,0,7
2026-10-09 19:03:30,15.19,0,15.39,3,0,7
2026-10-09 19:03:31,9.58,0,5.61,3,0,7
2026-10-09 19:03:32,5000.0,1,4990.42,3,0,4
2026-10-09 19:03:33,5000.0,1,0.0,3,0,4
2026-10-09 19:03:34,5000.0,1,0.0,3,1,2
2026-10-09 19:03:35,5000.0,1,0.0,3,2,0
2026-10-09 19:03:36,5000.0,1,0.0,3,0,0
2026-10-09 19:03:37,5000.0,1,0.0,3,0,0
2026-10-09 19:03:38,5000.0,1,0.0,3,2,0
2026-10-09 19:03:40,5000.0,1,0.0,3,0,0
2026-10-09 19:03:41,5000.0,1,0.0,3,0,0
2026-10-09 19:03:42,5000.0,1,0.0,3,0,0
2026-10-09 19:03:43,5000.0,1,0.0,3,0,0
2026-10-09 19:03:44,5000.0,1,0.0,3,0,0
2026-10-09 19:03:45,5000.0,1,0.0,3,2,0
2026-10-09 19:03:46,5000.0,1,0.0,0,0,6
2026-10-09 19:03:46,61.59,0,4938.41,0,0,9
2026-10-09 19:03:47,31.53,0,30.06,0,0,8
2026-10-09 19:03:47,31.33,0,0.21,0,0,7
2026-10-09 19:03:47,30.98,0,0.35,0,0,7
2026-10-09 19:03:47,30.57,0,0.41,0,0,7
2026-10-09 19:03:47,30.65,0,0.08,0,0,8
2026-10-09 19:03:47,31.02,0,0.37,0,0,8
2026-10-09 19:03:47,30.4,0,0.62,0,0,7
2026-10-09 19:03:48,17.73,0,12.67,0,0,8
2026-10-09 19:03:48,15.59,0,2.14,0,0,8
2026-10-09 19:03:48,30.64,0,15.05,0,0,9
2026-10-09 19:03:48,30.86,0,0.22,0,0,8
2026-10-09 19:03:48,30.7,0,0.16,0,0,7
2026-10-09 19:03:48,30.32,0,0.38,0,0,7
2026-10-09 19:03:48,31.74,0,1.42,0,0,8
2026-10-09 19:03:48,31.35,0,0.39,0,0,9
2026-10-09 19:03:49,32.45,0,1.1,0,0,8
2026-10-09 19:03:49,15.73,0,16.72,0,0,6
2026-10-09 19:03:49,30.46,0,14.73,0,0,6
2026-10-09 19:03:49,29.77,0,0.68,0,0,8
2026-10-09 19:03:49,31.6,0,1.83,0,0,6
2026-10-09 19:03:49,30.39,0,1.22,0,0,8
2026-10-09 19:03:49,5.65,0,24.74,0,0,7
2026-10-09 19:03:50,30.51,0,24.86,0,0,6
2026-10-09 19:03:50,15.39,0,15.12,0,0,8
2026-10-09 19:03:50,6.45,0,8.94,0,0,8
2026-10-09 19:03:50,14.99,0,8.54,0,0,7
2026-10-09 19:03:50,30.71,0,15.72,0,0,7
2026-10-09 19:03:50,31.09,0,0.38,0,0,9
2026-10-09 19:03:50,31.36,0,0.27,0,0,6
2026-10-09 19:03:50,30.89,0,0.47,0,0,7
2026-10-09 19:03:51,39.54,0,8.65,0,0,7
2026-10-09 19:03:51,30.62,0,8.93,0,0,8
2026-10-09 19:03:51,30.97,0,0.35,0,0,7
2026-10-09 19:03:51,31.4,0,0.43,0,0,8
2026-10-09 19:03:51,31.02,0,0.38,0,0,8
2026-10-09 19:03:51,30.86,0,0.17,0,0,8
2026-10-09 19:03:51,15.85,0,15.0,0,0,7
2026-10-09 19:03:52,30.89,0,15.04,0,0,7
2026-10-09 19:03:52,31.18,0,0.29,0,0,9
2026-10-09 19:03:52,15.54,0,15.65,0,0,8
2026-10-09 19:03:52,14.88,0,0.65,0,0,6
2026-10-09 19:03:52,43.29,0,28.41,0,0,7
2026-10-09 19:03:52,30.49,0,12.8,0,0,8
2026-10-09 19:03:52,31.29,0,0.8,0,0,6
2026-10-09 19:03:53,15.81,0,15.48,0,0,6
2026-10-09 19:03:53,15.37,0,0.44,0,0,7
2026-10-09 19:03:53,15.61,0,0.24,0,0,6
2026-10-09 19:03:53,30.36,0,14.76,0,0,6
2026-10-09 19:03:53,31.93,0,1.57,0,0,8
2026-10-09 19:03:53,16.25,0,15.68,0,0,6
2026-10-09 19:03:53,15.68,0,0.57,0,0,7
2026-10-09 19:03:53,30.16,0,14.48,0,0,6
2026-10-09 19:03:54,15.39,0,14.77,0,0,7
2026-10-09 19:03:54,30.34,0,14.96,0,0,7
2026-10-09 19:03:54,14.71,0,15.64,0,0,9
2026-10-09 19:03:54,29.87,0,15.16,0,0,7
2026-10-09 19:03:54,29.48,0,0.39,0,0,7
2026-10-09 19:03:54,30.35,0,0.87,0,0,7
2026-10-09 19:03:54,15.26,0,15.09,0,0,7
2026-10-09 19:03:54,3.16,0,12.1,0,0,6
2026-10-09 19:03:55,19.36,0,16.2,0,0,6
2026-10-09 19:03:55,30.51,0,11.15,0,0,6
2026-10-09 19:03:55,29.97,0,0.54,0,0,7
2026-10-09 19:03:55,15.93,0,14.04,0,0,6
2026-10-09 19:03:55,16.62,0,0.7,0,0,8
2026-10-09 19:03:55,30.3,0,13.68,0,0,9
2026-10-09 19:03:55,30.32,0,0.02,0,0,6
2026-10-09 19:03:56,30.77,0,0.45,0,0,8
2026-10-09 19:03:56,15.86,0,14.91,0,0,8
2026-10-09 19:03:56,30.15,0,14.29,0,0,8
2026-10-09 19:03:56,15.27,0,14.88,0,0,7
2026-10-09 19:03:56,16.08,0,0.82,0,0,7
2026-10-09 19:03:56,15.72,0,0.36,0,0,6
2026-10-09 19:03:56,30.58,0,14.86,0,0,7
2026-10-09 19:03:56,30.82,0,0.23,0,0,6
2026-10-09 19:03:57,18.88,0,11.94,0,0,6
2026-10-09 19:03:57,15.46,0,3.42,0,0,8
2026-10-09 19:03:57,2.98,0,12.48,0,0,7
2026-10-09 19:03:57,30.98,0,28.0,0,0,7
2026-10-09 19:03:57,31.22,0,0.25,0,0,7
2026-10-09 19:03:57,30.97,0,0.25,0,0,7
2026-10-09 19:03:57,30.48,0,0.49,0,0,7
2026-10-09 19:03:57,14.86,0,15.62,0,0,7
2026-10-09 19:03:58,15.2,0,0.34,0,0,8
2026-10-09 19:03:58,15.51,0,0.32,0,0,7
2026-10-09 19:03:58,15.31,0,0.21,0,0,6
2026-10-09 19:03:58,15.53,0,0.22,0,0,7
2026-10-09 19:03:58,15.38,0,0.15,0,0,7
2026-10-09 19:03:58,15.77,0,0.39,0,0,8
2026-10-09 19:03:58,15.32,0,0.45,0,0,7
2026-10-09 19:03:58,15.34,0,0.03,0,0,7
2026-10-09 19:03:59,15.4,0,0.06,0,0,8
2026-10-09 19:03:59,15.86,0,0.46,0,0,7
2026-10-09 19:03:59,15.49,0,0.37,0,0,8
2026-10-09 19:03:59,16.67,0,1.18,0,0,6
2026-10-09 19:03:59,31.57,0,14.9,0,1,7
2026-10-09 19:03:59,15.86,0,15.71,0,0,9
2026-10-09 19:03:59,31.6,0,15.73,0,0,7
2026-10-09 19:04:00,31.19,0,0.4,0,0,7
2026-10-09 19:04:00,30.63,0,0.57,0,0,7
2026-10-09 19:04:00,15.39,0,15.23,0,0,9
2026-10-09 19:04:00,41.85,0,26.46,0,0,7
2026-10-09 19:04:00,30.91,0,10.94,0,0,7
2026-10-09 19:04:00,15.72,0,15.19,0,0,7
2026-10-09 19:04:00,30.81,0,15.09,0,0,8
2026-10-09 19:04:00,15.35,0,15.46,0,0,6
2026-10-09 19:04:01,30.82,0,15.47,0,0,6
2026-10-09 19:04:01,4.1,0,26.72,0,0,8
2026-10-09 19:04:01,29.94,0,25.84,0,0,8
2026-10-09 19:04:01,15.17,0,14.77,0,0,9
2026-10-09 19:04:01,16.95,0,1.79,0,0,7
2026-10-09 19:04:01,14.95,0,2.01,0,0,7
2026-10-09 19:04:01,15.61,0,0.67,0,0,7
2026-10-09 19:04:01,15.6,0,0.01,0,0,6
2026-10-09 19:04:02,31.02,0,15.42,0,0,7
2026-10-09 19:04:02,31.59,0,0.57,0,0,8
2026-10-09 19:04:02,30.74,0,0.85,0,0,8
2026-10-09 19:04:02,31.25,0,0.51,0,0,8
2026-10-09 19:04:02,31.71,0,0.46,0,0,7
2026-10-09 19:04:02,15.81,0,15.9,0,0,8
2026-10-09 19:04:02,30.58,0,14.77,0,0,8
2026-10-09 19:04:03,28.82,0,1.76,0,0,8
2026-10-09 19:04:03,30.55,0,1.73,0,0,7
2026-10-09 19:04:03,31.0,0,0.45,0,0,7
2026-10-09 19:04:03,15.57,0,15.44,0,0,7
2026-10-09 19:04:03,15.41,0,0.15,0,0,8
2026-10-09 19:04:03,15.06,0,0.35,0,0,7
2026-10-09 19:04:03,6.63,0,8.44,0,0,8
2026-10-09 19:04:03,16.23,0,9.6,0,0,8
2026-10-09 19:04:04,15.39,0,0.84,0,0,7
2026-10-09 19:04:04,15.28,0,0.11,0,0,7
2026-10-09 19:04:04,15.25,0,0.03,0,0,6
2026-10-09 19:04:04,14.6,0,0.65,0,0,8
2026-10-09 19:04:04,16.1,0,1.5,0,0,7
2026-10-09 19:04:04,17.1,0,1.0,0,0,6
2026-10-09 19:04:04,4.61,0,12.49,0,0,8
2026-10-09 19:04:04,16.0,0,11.39,0,0,7
2026-10-09 19:04:05,20.99,0,4.99,0,0,8
2026-10-09 19:04:05,15.6,0,5.39,0,0,8
2026-10-09 19:04:05,15.54,0,0.06,0,0,6
2026-10-09 19:04:05,4.92,0,10.61,0,0,6
2026-10-09 19:04:05,14.37,0,9.45,0,0,9
2026-10-09 19:04:05,15.2,0,0.83,0,0,8
2026-10-09 19:04:05,15.33,0,0.13,0,0,8
2026-10-09 19:04:05,15.86,0,0.52,0,0,7
2026-10-09 19:04:06,15.89,0,0.03,0,0,8
2026-10-09 19:04:06,15.37,0,0.51,0,0,7
2026-10-09 19:04:06,5.4,0,9.97,0,0,9
2026-10-09 19:04:06,15.38,0,9.98,0,0,7
2026-10-09 19:04:06,15.48,0,0.1,0,0,8
2026-10-09 19:04:06,15.72,0,0.23,0,0,7
2026-10-09 19:04:06,15.72,0,0.0,0,0,7
2026-10-09 19:04:06,11.61,0,4.11,0,0,7
2026-10-09 19:04:07,15.78,0,4.17,0,0,6
2026-10-09 19:04:07,16.04,0,0.27,0,0,7
2026-10-09 19:04:07,15.21,0,0.83,0,0,7
2026-10-09 19:04:07,16.08,0,0.86,0,0,9
2026-10-09 19:04:07,14.86,0,1.21,0,0,7
2026-10-09 19:04:07,5.14,0,9.72,0,0,8
2026-10-09 19:04:07,13.33,0,8.19,0,0,6
2026-10-09 19:04:07,30.93,0,17.6,0,1,8
2026-10-09 19:04:08,30.32,0,0.6,0,1,8
2026-10-09 19:04:08,29.87,0,0.45,0,0,8
2026-10-09 19:04:08,31.51,0,1.64,0,0,7
2026-10-09 19:04:08,30.67,0,0.83,0,0,6
2026-10-09 19:04:08,15.16,0,15.52,0,0,7
2026-10-09 19:04:08,33.4,0,18.25,0,0,6
2026-10-09 19:04:08,29.84,0,3.57,0,0,6
2026-10-09 19:04:08,29.94,0,0.11,0,0,6
2026-10-09 19:04:09,3.46,0,26.49,0,0,7
2026-10-09 19:04:09,15.51,0,12.05,0,0,7
2026-10-09 19:04:09,2.9,0,12.6,0,0,7
2026-10-09 19:04:09,30.11,0,27.21,0,0,7
2026-10-09 19:04:09,18.28,0,11.83,0,0,6
2026-10-09 19:04:09,30.42,0,12.14,0,0,7
2026-10-09 19:04:09,30.77,0,0.35,0,0,8
2026-10-09 19:04:09,29.94,0,0.84,0,0,7
2026-10-09 19:04:10,31.45,0,1.52,0,0,8
2026-10-09 19:04:10,30.15,0,1.3,0,0,7
2026-10-09 19:04:10,16.02,0,14.14,0,0,7
2026-10-09 19:04:10,29.66,0,13.64,0,0,7
2026-10-09 19:04:10,30.86,0,1.2,0,0,7
2026-10-09 19:04:10,31.47,0,0.6,0,0,9
2026-10-09 19:04:10,31.06,0,0.4,0,0,6
2026-10-09 19:04:11,14.66,0,16.4,0,0,7
2026-10-09 19:04:11,30.59,0,15.92,0,0,6
2026-10-09 19:04:11,30.46,0,0.12,0,0,6
2026-10-09 19:04:11,32.83,0,2.37,0,0,6
2026-10-09 19:04:11,30.31,0,2.52,0,0,6
2026-10-09 19:04:11,31.82,0,1.51,0,0,7
2026-10-09 19:04:11,30.29,0,1.53,0,0,9
2026-10-09 19:04:12,31.2,0,0.91,0,0,7
2026-10-09 19:04:12,30.46,0,0.74,0,0,8
2026-10-09 19:04:12,31.37,0,0.91,0,0,7
2026-10-09 19:04:12,6.56,0,24.8,0,0,7
2026-10-09 19:04:12,29.22,0,22.66,0,0,9
2026-10-09 19:04:12,30.79,0,1.57,0,0,7
2026-10-09 19:04:12,30.35,0,0.44,0,0,8
2026-10-09 19:04:12,30.98,0,0.63,0,0,8
2026-10-09 19:04:13,30.59,0,0.39,0,0,7
2026-10-09 19:04:13,30.08,0,0.51,0,0,7
2026-10-09 19:04:13,15.16,0,14.91,0,0,7
2026-10-09 19:04:13,31.85,0,16.69,0,0,7
2026-10-09 19:04:13,30.27,0,1.59,0,0,6
2026-10-09 19:04:13,3.71,0,26.56,0,0,8
2026-10-09 19:04:13,14.99,0,11.28,0,0,6
2026-10-09 19:04:14,30.8,0,15.81,0,0,6
2026-10-09 19:04:14,6.43,0,24.37,0,0,9
2026-10-09 19:04:14,17.31,0,10.88,0,0,7
2026-10-09 19:04:14,15.8,0,1.5,0,0,7
2026-10-09 19:04:14,5.72,0,10.08,0,0,7
2026-10-09 19:04:14,31.59,0,25.87,0,0,6
2026-10-09 19:04:14,30.29,0,1.3,0,0,7
2026-10-09 19:04:14,30.94,0,0.64,0,0,7
2026-10-09 19:04:15,33.79,0,2.85,0,0,8
2026-10-09 19:04:15,33.66,0,0.13,0,0,7
2026-10-09 19:04:15,31.1,0,2.56,0,0,6
2026-10-09 19:04:15,31.16,0,0.06,0,0,7
2026-10-09 19:04:15,33.46,0,2.3,0,0,8
2026-10-09 19:04:15,30.25,0,3.21,0,0,7
2026-10-09 19:04:15,33.82,0,3.56,0,0,8
2026-10-09 19:04:16,30.77,0,3.05,0,0,7
2026-10-09 19:04:16,484.93,0,454.16,1,2,8
2026-10-09 19:04:17,361.75,0,123.18,1,0,7
2026-10-09 19:04:17,278.13,0,83.62,1,2,9
2026-10-09 19:04:17,275.82,0,2.31,1,2,9
2026-10-09 19:04:18,305.74,0,29.92,1,0,9
2026-10-09 19:04:18,312.76,0,7.02,1,0,6
2026-10-09 19:04:19,324.77,0,12.01,1,0,9
2026-10-09 19:04:19,247.38,0,77.39,1,0,6
2026-10-09 19:04:19,228.76,0,18.62,1,0,8
2026-10-09 19:04:20,232.39,0,3.63,1,0,6
2026-10-09 19:04:20,268.69,0,36.3,1,0,7
2026-10-09 19:04:20,296.0,0,27.31,1,0,6
2026-10-09 19:04:21,305.91,0,9.91,1,0,9
2026-10-09 19:04:21,305.67,0,0.25,1,0,7
2026-10-09 19:04:22,318.65,0,12.98,1,0,8
2026-10-09 19:04:22,296.38,0,22.27,1,1,9
2026-10-09 19:04:23,315.78,0,19.4,1,1,10
2026-10-09 19:04:23,316.47,0,0.69,1,0,8
2026-10-09 19:04:23,339.75,0,23.28,1,0,7
2026-10-09 19:04:24,309.91,0,29.84,1,1,8
2026-10-09 19:04:24,245.25,0,64.66,1,0,7
2026-10-09 19:04:25,339.21,0,93.96,1,0,7
2026-10-09 19:04:25,349.99,0,10.79,1,1,9
2026-10-09 19:04:26,283.43,0,66.57,1,1,8
2026-10-09 19:04:26,326.95,0,43.53,1,0,10
2026-10-09 19:04:26,291.76,0,35.19,1,1,8
2026-10-09 19:04:27,282.57,0,9.2,1,0,7
2026-10-09 19:04:27,352.43,0,69.87,1,1,9
2026-10-09 19:04:28,314.47,0,37.97,1,1,9
2026-10-09 19:04:28,363.9,0,49.43,1,1,9
2026-10-09 19:04:28,216.47,0,147.43,1,0,7
2026-10-09 19:04:29,341.2,0,124.73,1,0,9
2026-10-09 19:04:29,282.71,0,58.48,1,1,7
2026-10-09 19:04:30,283.11,0,0.4,1,0,7
2026-10-09 19:04:30,371.43,0,88.32,1,1,9
2026-10-09 19:04:31,314.51,0,56.93,1,0,9
2026-10-09 19:04:31,263.22,0,51.29,1,1,9
2026-10-09 19:04:31,311.99,0,48.77,1,2,9
2026-10-09 19:04:32,278.87,0,33.12,1,0,8
2026-10-09 19:04:32,290.73,0,11.86,1,0,8
2026-10-09 19:04:33,354.59,0,63.86,1,0,9
2026-10-09 19:04:33,233.36,0,121.24,1,1,8
2026-10-09 19:04:33,282.95,0,49.59,1,1,9
2026-10-09 19:04:34,269.51,0,13.44,1,0,9
2026-10-09 19:04:34,313.25,0,43.74,1,1,10
2026-10-09 19:04:34,213.0,0,100.25,1,0,8
2026-10-09 19:04:35,266.23,0,53.23,1,0,6
2026-10-09 19:04:35,325.9,0,59.67,1,0,6
2026-10-09 19:04:36,246.09,0,79.81,1,0,6
2026-10-09 19:04:36,332.96,0,86.87,1,1,9
2026-10-09 19:04:36,299.46,0,33.49,1,0,8
2026-10-09 19:04:37,258.5,0,40.96,1,1,7
2026-10-09 19:04:37,200.85,0,57.65,1,0,6
2026-10-09 19:04:37,278.27,0,77.42,1,0,6
2026-10-09 19:04:38,285.25,0,6.98,1,0,7
2026-10-09 19:04:38,262.54,0,22.71,1,0,7
2026-10-09 19:04:39,273.61,0,11.07,1,0,7
2026-10-09 19:04:39,261.72,0,11.89,1,0,7
2026-10-09 19:04:39,246.17,0,15.55,1,0,8
2026-10-09 19:04:40,299.91,0,53.74,1,0,8
2026-10-09 19:04:40,316.02,0,16.11,1,0,6
2026-10-09 19:04:41,330.34,0,14.33,1,0,8
2026-10-09 19:04:41,186.65,0,143.69,1,0,8
2026-10-09 19:04:41,347.27,0,160.62,1,0,6
2026-10-09 19:04:42,296.38,0,50.89,1,0,6
2026-10-09 19:04:42,268.99,0,27.4,1,0,6
2026-10-09 19:04:43,313.9,0,44.91,1,0,10
2026-10-09 19:04:43,271.17,0,42.73,1,0,6
2026-10-09 19:04:43,300.84,0,29.68,1,0,7
2026-10-09 19:04:44,209.73,0,91.11,1,0,6
2026-10-09 19:04:44,324.67,0,114.93,1,0,7
2026-10-09 19:04:44,298.93,0,25.74,1,0,6
2026-10-09 19:04:45,277.79,0,21.13,1,0,9
2026-10-09 19:04:45,291.33,0,13.54,1,0,6
2026-10-09 19:04:46,192.26,0,99.07,1,1,8
2026-10-09 19:04:46,433.54,0,241.28,0,2,8
2026-10-09 19:04:46,3.42,0,430.12,0,0,7
2026-10-09 19:04:46,3.23,0,0.19,0,0,8
2026-10-09 19:04:46,3.8,0,0.57,0,0,8
2026-10-09 19:04:47,4.83,0,1.03,0,0,8
2026-10-09 19:04:47,3.43,0,1.4,0,0,6
2026-10-09 19:04:47,3.45,0,0.02,0,0,6
2026-10-09 19:04:47,3.09,0,0.36,0,0,8
2026-10-09 19:04:47,3.61,0,0.53,0,0,7
2026-10-09 19:04:47,4.11,0,0.49,0,0,8
2026-10-09 19:04:47,2.38,0,1.72,0,0,8
2026-10-09 19:04:47,3.43,0,1.04,0,0,8
2026-10-09 19:04:47,10.54,0,7.12,0,0,8
2026-10-09 19:04:47,3.05,0,7.5,0,0,8
2026-10-09 19:04:48,3.7,0,0.65,0,0,6
2026-10-09 19:04:48,4.2,0,0.51,0,0,6
2026-10-09 19:04:48,4.18,0,0.03,0,0,7
2026-10-09 19:04:48,3.43,0,0.74,0,0,6
2026-10-09 19:04:48,3.48,0,0.04,0,0,5
2026-10-09 19:04:48,4.06,0,0.58,0,0,6
2026-10-09 19:04:48,3.25,0,0.81,0,0,8
2026-10-09 19:04:48,4.69,0,1.44,0,0,6
2026-10-09 19:04:48,3.92,0,0.77,0,0,7
2026-10-09 19:04:49,3.98,0,0.06,0,0,7
2026-10-09 19:04:49,32.18,0,28.21,0,3,9
2026-10-09 19:04:49,32.25,0,0.06,0,1,7
2026-10-09 19:04:49,30.34,0,1.9,0,1,9
2026-10-09 19:04:49,31.08,0,0.73,0,0,8
2026-10-09 19:04:49,9.82,0,21.26,0,0,8
2026-10-09 19:04:49,7.42,0,2.4,0,0,7
2026-10-09 19:04:49,7.23,0,0.19,0,0,7
2026-10-09 19:04:50,9.01,0,1.79,0,0,8
2026-10-09 19:04:50,15.28,0,6.26,0,0,7
2026-10-09 19:04:50,15.55,0,0.27,0,0,7
2026-10-09 19:04:50,7.39,0,8.16,0,0,6
2026-10-09 19:04:50,15.22,0,7.83,0,0,6
2026-10-09 19:04:50,15.83,0,0.62,0,0,6
2026-10-09 19:04:50,15.31,0,0.52,0,0,9
2026-10-09 19:04:50,8.24,0,7.08,0,0,7
2026-10-09 19:04:51,15.02,0,6.78,0,0,7
2026-10-09 19:04:51,16.89,0,1.87,0,0,7
2026-10-09 19:04:51,15.79,0,1.1,0,0,9
2026-10-09 19:04:51,15.28,0,0.51,0,0,8
2026-10-09 19:04:51,30.39,0,15.11,0,1,7
2026-10-09 19:04:51,15.82,0,14.57,0,0,8
2026-10-09 19:04:51,24.21,0,8.39,0,0,8
2026-10-09 19:04:51,15.53,0,8.67,0,0,8
2026-10-09 19:04:52,16.14,0,0.61,0,0,9
2026-10-09 19:04:52,30.8,0,14.66,0,0,8
2026-10-09 19:04:52,21.77,0,9.03,0,0,7
2026-10-09 19:04:52,33.27,0,11.5,0,0,7
2026-10-09 19:04:52,40.06,0,6.79,0,0,7
2026-10-09 19:04:52,15.45,0,24.62,0,0,8
2026-10-09 19:04:52,31.0,0,15.56,0,0,7
2026-10-09 19:04:52,29.48,0,1.52,0,0,8
2026-10-09 19:04:53,28.83,0,0.65,0,0,7
2026-10-09 19:04:53,31.01,0,2.18,0,0,8
2026-10-09 19:04:53,30.42,0,0.59,0,0,7
2026-10-09 19:04:53,15.5,0,14.92,0,0,8
2026-10-09 19:04:53,30.71,0,15.2,0,0,8
2026-10-09 19:04:53,30.08,0,0.63,0,0,8
2026-10-09 19:04:53,15.58,0,14.5,0,0,8
2026-10-09 19:04:54,15.81,0,0.24,0,0,7
2026-10-09 19:04:54,14.87,0,0.94,0,0,8
2026-10-09 19:04:54,15.69,0,0.82,0,0,7
2026-10-09 19:04:54,15.93,0,0.24,0,0,8
2026-10-09 19:04:54,33.64,0,17.71,0,0,8
2026-10-09 19:04:54,30.1,0,3.54,0,0,8
2026-10-09 19:04:54,31.61,0,1.51,0,0,6
2026-10-09 19:04:54,15.29,0,16.31,0,0,6
2026-10-09 19:04:55,17.15,0,1.85,0,0,6
2026-10-09 19:04:55,15.04,0,2.11,0,0,6
2026-10-09 19:04:55,30.14,0,15.1,0,0,7
2026-10-09 19:04:55,30.83,0,0.69,0,0,8
2026-10-09 19:04:55,35.92,0,5.1,0,0,7
2026-10-09 19:04:55,16.03,0,19.89,0,0,6
2026-10-09 19:04:55,15.17,0,0.86,0,0,7
2026-10-09 19:04:56,15.35,0,0.18,0,0,7
2026-10-09 19:04:56,31.29,0,15.93,0,0,8
2026-10-09 19:04:56,11.48,0,19.81,0,0,8
2026-10-09 19:04:56,16.02,0,4.54,0,0,7
2026-10-09 19:04:56,15.3,0,0.71,0,0,7
2026-10-09 19:04:56,20.84,0,5.53,0,0,8
2026-10-09 19:04:56,15.02,0,5.82,0,0,8
2026-10-09 19:04:56,31.19,0,16.17,0,0,7
2026-10-09 19:04:57,16.61,0,14.58,0,0,8
2026-10-09 19:04:57,14.98,0,1.64,0,0,7
2026-10-09 19:04:57,31.73,0,16.75,0,0,8
2026-10-09 19:04:57,27.45,0,4.28,0,0,8
2026-10-09 19:04:57,32.03,0,4.58,0,0,7
2026-10-09 19:04:57,31.36,0,0.67,0,0,7
2026-10-09 19:04:57,31.57,0,0.21,0,0,7
2026-10-09 19:04:57,3.27,0,28.3,0,0,9
2026-10-09 19:04:58,30.99,0,27.72,0,0,8
2026-10-09 19:04:58,31.55,0,0.56,0,0,7
2026-10-09 19:04:58,29.78,0,1.77,0,0,8
2026-10-09 19:04:58,15.73,0,14.05,0,0,6
2026-10-09 19:04:58,30.52,0,14.79,0,0,6
2026-10-09 19:04:58,30.22,0,0.29,0,0,7
2026-10-09 19:04:58,31.7,0,1.47,0,0,6
2026-10-09 19:04:59,30.68,0,1.02,0,0,8
2026-10-09 19:04:59,30.92,0,0.24,0,0,8
2026-10-09 19:04:59,31.49,0,0.57,0,0,8
2026-10-09 19:04:59,31.56,0,0.06,0,0,6
2026-10-09 19:04:59,30.46,0,1.09,0,0,8
2026-10-09 19:04:59,30.91,0,0.45,0,0,7
2026-10-09 19:04:59,31.01,0,0.09,0,0,8
2026-10-09 19:05:00,32.19,0,1.18,0,0,7
2026-10-09 19:05:00,31.84,0,0.35,0,0,8
2026-10-09 19:05:00,30.73,0,1.12,0,0,7
2026-10-09 19:05:00,30.52,0,0.21,0,0,6
2026-10-09 19:05:00,31.02,0,0.5,0,0,7
2026-10-09 19:05:00,31.2,0,0.18,0,0,8
2026-10-09 19:05:00,30.42,0,0.78,0,0,8
2026-10-09 19:05:01,31.13,0,0.71,0,0,8
2026-10-09 19:05:01,31.63,0,0.49,0,0,6
2026-10-09 19:05:01,31.58,0,0.05,0,0,6
2026-10-09 19:05:01,31.53,0,0.04,0,0,6
2026-10-09 19:05:01,31.22,0,0.31,0,0,6
2026-10-09 19:05:01,29.36,0,1.86,0,0,7
2026-10-09 19:05:01,30.14,0,0.78,0,0,6
2026-10-09 19:05:02,30.08,0,0.06,0,0,8
2026-10-09 19:05:02,30.36,0,0.28,0,0,6
2026-10-09 19:05:02,17.89,0,12.47,0,0,8
2026-10-09 19:05:02,15.49,0,2.39,0,0,8
2026-10-09 19:05:02,40.12,0,24.63,0,0,7
2026-10-09 19:05:02,30.73,0,9.39,0,0,8
2026-10-09 19:05:02,31.96,0,1.23,0,0,7
2026-10-09 19:05:03,30.67,0,1.29,0,0,8
2026-10-09 19:05:03,32.69,0,2.02,0,0,8
2026-10-09 19:05:03,30.26,0,2.43,0,0,7
2026-10-09 19:05:03,32.36,0,2.1,0,0,7
2026-10-09 19:05:03,27.68,0,4.68,0,0,6
2026-10-09 19:05:03,30.92,0,3.24,0,0,8
2026-10-09 19:05:03,30.59,0,0.33,0,0,6
2026-10-09 19:05:03,30.07,0,0.51,0,0,7
2026-10-09 19:05:04,31.11,0,1.03,0,0,6
2026-10-09 19:05:04,21.11,0,10.0,0,0,7
2026-10-09 19:05:04,30.56,0,9.45,0,0,6
2026-10-09 19:05:04,31.03,0,0.47,0,0,8
2026-10-09 19:05:04,30.74,0,0.29,0,0,9
2026-10-09 19:05:04,31.11,0,0.37,0,0,8
2026-10-09 19:05:04,4.11,0,27.0,0,0,7
2026-10-09 19:05:05,21.35,0,17.24,0,0,6
2026-10-09 19:05:05,31.84,0,10.5,0,0,7
2026-10-09 19:05:05,3.21,0,28.63,0,0,6
2026-10-09 19:05:05,30.87,0,27.66,0,0,7
2026-10-09 19:05:05,30.16,0,0.71,0,0,7
2026-10-09 19:05:05,18.7,0,11.46,0,0,7
2026-10-09 19:05:05,30.15,0,11.45,0,0,7
2026-10-09 19:05:05,30.44,0,0.29,0,0,6
2026-10-09 19:05:06,15.47,0,14.98,0,0,6
2026-10-09 19:05:06,5.17,0,10.29,0,0,7
2026-10-09 19:05:06,16.56,0,11.39,0,0,9
2026-10-09 19:05:06,30.92,0,14.36,0,0,7
2026-10-09 19:05:06,30.48,0,0.44,0,0,8
2026-10-09 19:05:06,31.54,0,1.06,0,0,8
2026-10-09 19:05:06,15.65,0,15.88,0,0,7
2026-10-09 19:05:06,4.26,0,11.39,0,0,6
2026-10-09 19:05:07,3.25,0,1.01,0,0,6
2026-10-09 19:05:07,3.1,0,0.14,0,0,7
2026-10-09 19:05:07,6.23,0,3.13,0,0,9
2026-10-09 19:05:07,15.14,0,8.9,0,0,8
2026-10-09 19:05:07,14.69,0,0.45,0,0,6
2026-10-09 19:05:07,4.54,0,10.14,0,0,8
2026-10-09 19:05:07,15.69,0,11.14,0,0,6
2026-10-09 19:05:07,7.28,0,8.4,0,0,7
2026-10-09 19:05:08,17.93,0,10.65,0,0,7
2026-10-09 19:05:08,3.13,0,14.8,0,0,9
2026-10-09 19:05:08,6.7,0,3.57,0,0,8
2026-10-09 19:05:08,29.49,0,22.79,0,1,7
2026-10-09 19:05:08,15.5,0,13.99,0,0,8
2026-10-09 19:05:08,30.05,0,14.55,0,1,8
2026-10-09 19:05:08,30.99,0,0.94,0,0,8
2026-10-09 19:05:08,30.02,0,0.97,0,0,7
2026-10-09 19:05:09,30.89,0,0.87,0,0,7
2026-10-09 19:05:09,30.73,0,0.16,0,0,7
2026-10-09 19:05:09,15.45,0,15.28,0,0,7
2026-10-09 19:05:09,15.67,0,0.22,0,0,8
2026-10-09 19:05:09,30.94,0,15.27,0,0,8
2026-10-09 19:05:09,31.12,0,0.18,0,0,8
2026-10-09 19:05:09,31.09,0,0.03,0,0,6
2026-10-09 19:05:10,31.47,0,0.38,0,0,8
2026-10-09 19:05:10,29.72,0,1.75,0,0,7
2026-10-09 19:05:10,31.51,0,1.79,0,0,6
2026-10-09 19:05:10,29.96,0,1.55,0,0,7
2026-10-09 19:05:10,30.57,0,0.61,0,0,6
2026-10-09 19:05:10,30.47,0,0.1,0,0,6
2026-10-09 19:05:10,22.72,0,7.75,0,0,8
2026-10-09 19:05:10,30.62,0,7.9,0,0,7
2026-10-09 19:05:11,30.68,0,0.06,0,0,6
2026-10-09 19:05:11,31.28,0,0.59,0,0,7
2026-10-09 19:05:11,30.88,0,0.39,0,0,7
2026-10-09 19:05:11,30.35,0,0.54,0,0,8
2026-10-09 19:05:11,31.16,0,0.82,0,0,6
2026-10-09 19:05:11,31.52,0,0.35,0,0,8
2026-10-09 19:05:11,22.01,0,9.51,0,0,7
2026-10-09 19:05:12,30.28,0,8.27,0,0,6
2026-10-09 19:05:12,30.65,0,0.37,0,0,9
2026-10-09 19:05:12,31.39,0,0.73,0,0,6
2026-10-09 19:05:12,31.06,0,0.33,0,0,8
2026-10-09 19:05:12,29.97,0,1.09,0,0,7
2026-10-09 19:05:12,15.1,0,14.87,0,0,7
2026-10-09 19:05:12,30.17,0,15.07,0,0,6
2026-10-09 19:05:13,14.93,0,15.24,0,0,6
2026-10-09 19:05:13,30.68,0,15.75,0,0,7
2026-10-09 19:05:13,30.34,0,0.34,0,0,8
2026-10-09 19:05:13,31.45,0,1.11,0,0,8
2026-10-09 19:05:13,30.16,0,1.28,0,0,7
2026-10-09 19:05:13,30.63,0,0.46,0,0,7
2026-10-09 19:05:13,29.72,0,0.9,0,0,7
2026-10-09 19:05:14,31.19,0,1.46,0,0,7
2026-10-09 19:05:14,15.74,0,15.45,0,0,7
2026-10-09 19:05:14,29.87,0,14.14,0,0,8
2026-10-09 19:05:14,30.06,0,0.18,0,0,8
2026-10-09 19:05:14,14.58,0,15.48,0,0,8
2026-10-09 19:05:14,32.81,0,18.23,0,0,6
2026-10-09 19:05:14,31.24,0,1.57,0,0,6
2026-10-09 19:05:14,30.66,0,0.58,0,0,6
2026-10-09 19:05:15,30.62,0,0.04,0,0,7
2026-10-09 19:05:15,31.03,0,0.42,0,0,6
2026-10-09 19:05:15,30.76,0,0.27,0,0,6
2026-10-09 19:05:15,30.91,0,0.14,0,0,8
2026-10-09 19:05:15,30.74,0,0.17,0,0,8
2026-10-09 19:05:15,30.26,0,0.48,0,0,6
2026-10-09 19:05:15,30.0,0,0.26,0,0,7
2026-10-09 19:05:16,30.46,0,0.47,0,0,6
2026-10-09 19:05:16,15.55,0,14.92,0,0,6
2026-10-09 19:05:16,14.97,0,0.58,2,0,6
2026-10-09 19:05:16,77.61,0,62.64,2,1,7
2026-10-09 19:05:16,31.51,0,46.1,2,0,6
2026-10-09 19:05:16,15.09,0,16.42,2,0,6
2026-10-09 19:05:16,14.98,0,0.11,2,0,6
2026-10-09 19:05:17,30.56,0,15.58,2,0,6
2026-10-09 19:05:17,19.13,0,11.43,2,0,7
2026-10-09 19:05:17,321.68,0,302.55,2,2,7
2026-10-09 19:05:17,30.15,0,291.54,2,0,7
2026-10-09 19:05:17,124.41,0,94.26,2,3,8
2026-10-09 19:05:18,14.66,0,109.75,2,0,8
2026-10-09 19:05:18,29.55,0,14.89,2,0,7
2026-10-09 19:05:18,14.34,0,15.21,2,0,7
2026-10-09 19:05:18,30.49,0,16.15,2,0,7
2026-10-09 19:05:18,15.16,0,15.33,2,0,7
2026-10-09 19:05:18,15.79,0,0.63,2,0,7
2026-10-09 19:05:18,111.05,0,95.26,2,2,7
2026-10-09 19:05:19,15.62,0,95.42,2,0,6
2026-10-09 19:05:19,103.58,0,87.96,2,1,7
2026-10-09 19:05:19,15.76,0,87.82,2,0,6
2026-10-09 19:05:19,15.14,0,0.63,2,0,6
2026-10-09 19:05:19,16.18,0,1.04,2,0,6
2026-10-09 19:05:20,276.93,0,260.76,2,1,6
2026-10-09 19:05:20,15.38,0,261.55,2,0,7
2026-10-09 19:05:20,16.48,0,1.1,2,0,7
2026-10-09 19:05:20,16.28,0,0.2,2,0,7
2026-10-09 19:05:20,19.35,0,3.08,2,0,7
2026-10-09 19:05:20,15.35,0,4.0,2,0,7
2026-10-09 19:05:20,15.68,0,0.33,2,0,7
2026-10-09 19:05:20,15.27,0,0.41,2,0,7
2026-10-09 19:05:21,60.27,0,45.01,2,1,7
2026-10-09 19:05:21,15.63,0,44.65,2,0,7
2026-10-09 19:05:21,16.27,0,0.64,2,0,7
2026-10-09 19:05:21,9.72,0,6.54,2,0,7
2026-10-09 19:05:22,620.49,0,610.77,2,3,6
2026-10-09 19:05:22,15.79,0,604.7,2,0,7
2026-10-09 19:05:22,15.01,0,0.78,2,0,7
2026-10-09 19:05:22,15.79,0,0.78,2,0,7
2026-10-09 19:05:22,5.37,0,10.42,2,0,7
2026-10-09 19:05:22,124.21,0,118.84,2,2,8
2026-10-09 19:05:23,15.69,0,108.52,2,0,7
2026-10-09 19:05:23,15.95,0,0.26,2,0,7
2026-10-09 19:05:23,16.47,0,0.51,2,0,6
2026-10-09 19:05:23,15.23,0,1.24,2,0,6
2026-10-09 19:05:23,15.07,0,0.16,2,0,6
2026-10-09 19:05:23,10.38,0,4.69,2,0,6
2026-10-09 19:05:23,18.86,0,8.47,2,0,6
2026-10-09 19:05:23,14.52,0,4.34,2,0,6
2026-10-09 19:05:23,16.15,0,1.63,2,0,6
2026-10-09 19:05:24,341.67,0,325.52,2,4,6
2026-10-09 19:05:24,16.33,0,325.34,2,0,7
2026-10-09 19:05:24,30.51,0,14.18,2,0,7
2026-10-09 19:05:25,287.96,0,257.45,2,1,7
2026-10-09 19:05:25,92.85,0,195.11,2,1,8
2026-10-09 19:05:25,390.69,0,297.84,2,2,6
2026-10-09 19:05:25,31.53,0,359.16,2,0,7
2026-10-09 19:05:26,37.39,0,5.86,2,0,7
2026-10-09 19:05:26,30.55,0,6.84,2,0,7
2026-10-09 19:05:26,30.25,0,0.3,2,0,7
2026-10-09 19:05:26,210.9,0,180.65,2,3,7
2026-10-09 19:05:26,24.32,0,186.58,2,0,7
2026-10-09 19:05:26,31.72,0,7.39,2,0,7
2026-10-09 19:05:27,22.39,0,9.33,2,0,7
2026-10-09 19:05:27,15.99,0,6.4,2,0,7
2026-10-09 19:05:27,443.25,0,427.26,2,4,6
2026-10-09 19:05:27,31.08,0,412.17,2,0,7
2026-10-09 19:05:28,31.7,0,0.62,2,0,7
2026-10-09 19:05:28,31.45,0,0.26,2,0,7
2026-10-09 19:05:28,28.53,0,2.92,2,0,7
2026-10-09 19:05:28,123.72,0,95.19,2,2,6
2026-10-09 19:05:28,30.86,0,92.86,2,0,7
2026-10-09 19:05:28,195.45,0,164.59,2,3,8
2026-10-09 19:05:29,18.22,0,177.23,2,0,7
2026-10-09 19:05:29,15.43,0,2.79,2,0,7
2026-10-09 19:05:29,62.43,0,46.99,2,1,7
2026-10-09 19:05:29,30.87,0,31.56,2,0,7
2026-10-09 19:05:30,798.21,0,767.35,2,3,8
2026-10-09 19:05:30,25.17,0,773.04,2,0,7
2026-10-09 19:05:30,29.82,0,4.65,2,0,7
2026-10-09 19:05:31,681.96,0,652.14,2,3,6
2026-10-09 19:05:31,30.8,0,651.15,2,0,7
2026-10-09 19:05:31,14.59,0,16.21,2,0,7
2026-10-09 19:05:31,124.21,0,109.62,2,2,7
2026-10-09 19:05:32,402.04,0,277.83,2,2,8
2026-10-09 19:05:32,31.7,0,370.34,2,0,7
2026-10-09 19:05:32,15.2,0,16.5,2,0,7
2026-10-09 19:05:32,15.76,0,0.56,2,0,7
2026-10-09 19:05:33,15.3,0,0.46,2,0,7
2026-10-09 19:05:33,15.74,0,0.45,2,0,7
2026-10-09 19:05:33,53.33,0,37.58,2,1,7
2026-10-09 19:05:33,15.19,0,38.14,2,0,7
2026-10-09 19:05:33,15.17,0,0.02,2,0,6
2026-10-09 19:05:33,15.94,0,0.77,2,0,6
2026-10-09 19:05:33,15.51,0,0.43,2,0,6
2026-10-09 19:05:33,15.81,0,0.3,2,0,6
2026-10-09 19:05:34,15.84,0,0.03,2,0,6
2026-10-09 19:05:34,147.69,0,131.85,2,2,7
2026-10-09 19:05:34,15.43,0,132.26,2,0,7
2026-10-09 19:05:34,81.55,0,66.11,2,1,7
2026-10-09 19:05:34,15.07,0,66.47,2,0,7
2026-10-09 19:05:34,15.28,0,0.21,2,0,7
2026-10-09 19:05:35,15.8,0,0.52,2,0,7
2026-10-09 19:05:35,16.05,0,0.24,2,0,7
2026-10-09 19:05:35,15.28,0,0.76,2,0,7
2026-10-09 19:05:35,279.03,0,263.74,2,1,7
2026-10-09 19:05:35,15.08,0,263.94,2,0,7
2026-10-09 19:05:35,76.81,0,61.73,2,1,8
2026-10-09 19:05:36,15.51,0,61.3,2,0,7
2026-10-09 19:05:36,15.45,0,0.06,2,0,7
2026-10-09 19:05:37,873.15,0,857.7,2,4,6
2026-10-09 19:05:37,14.9,0,858.25,2,0,7
2026-10-09 19:05:37,14.67,0,0.23,2,0,7
2026-10-09 19:05:37,15.69,0,1.02,2,0,7
2026-10-09 19:05:37,101.12,0,85.43,2,2,7
2026-10-09 19:05:37,5.93,0,95.19,2,0,7
2026-10-09 19:05:37,7.55,0,1.62,2,0,7
2026-10-09 19:05:38,455.39,0,447.84,2,2,8
2026-10-09 19:05:38,5.08,0,450.31,2,0,7
2026-10-09 19:05:38,13.39,0,8.3,2,0,7
2026-10-09 19:05:38,6.38,0,7.01,2,0,7
2026-10-09 19:05:38,26.19,0,19.81,2,1,7
2026-10-09 19:05:39,5.73,0,20.46,2,0,7
2026-10-09 19:05:39,7.43,0,1.7,2,0,7
2026-10-09 19:05:39,5.53,0,1.9,2,0,7
2026-10-09 19:05:39,14.17,0,8.64,2,1,7
2026-10-09 19:05:39,5.99,0,8.18,2,0,6
2026-10-09 19:05:39,5.98,0,0.01,2,0,6
2026-10-09 19:05:39,14.23,0,8.25,2,1,7
2026-10-09 19:05:39,5.84,0,8.39,2,0,6
2026-10-09 19:05:39,5.43,0,0.41,2,0,6
2026-10-09 19:05:40,5.25,0,0.18,2,0,7
2026-10-09 19:05:40,21.07,0,15.82,2,1,7
2026-10-09 19:05:40,7.9,0,13.17,2,0,6
2026-10-09 19:05:40,14.19,0,6.3,2,1,7
2026-10-09 19:05:40,5.49,0,8.7,2,0,6
2026-10-09 19:05:40,5.18,0,0.31,2,0,6
2026-10-09 19:05:40,7.73,0,2.55,2,0,6
2026-10-09 19:05:40,9.37,0,1.64,2,0,6
2026-10-09 19:05:40,6.29,0,3.08,2,0,6
2026-10-09 19:05:41,5.29,0,1.01,2,0,6
2026-10-09 19:05:41,237.77,0,232.49,2,4,6
2026-10-09 19:05:41,5.66,0,232.11,2,0,7
2026-10-09 19:05:41,5.72,0,0.07,2,0,7
2026-10-09 19:05:41,5.96,0,0.23,2,0,7
2026-10-09 19:05:41,5.24,0,0.72,2,0,7
2026-10-09 19:05:41,5.81,0,0.57,2,0,7
2026-10-09 19:05:42,5.56,0,0.25,2,0,7
2026-10-09 19:05:43,5000.0,1,4994.44,2,5,5
2026-10-09 19:05:43,237.97,0,4762.03,2,3,6
2026-10-09 19:05:43,5.67,0,232.3,2,0,8
2026-10-09 19:05:43,5.67,0,0.0,2,0,7
2026-10-09 19:05:43,5.78,0,0.11,2,0,7
2026-10-09 19:05:43,6.36,0,0.58,2,0,7
2026-10-09 19:05:44,5.97,0,0.39,2,0,7
2026-10-09 19:05:44,5.68,0,0.28,2,0,7
2026-10-09 19:05:44,288.04,0,282.35,2,1,6
2026-10-09 19:05:44,7.89,0,280.15,2,0,6
2026-10-09 19:05:44,4.97,0,2.92,2,0,7
2026-10-09 19:05:44,5.32,0,0.35,2,0,7
2026-10-09 19:05:44,13.12,0,7.8,2,1,7
2026-10-09 19:05:45,7.01,0,6.11,2,0,7
2026-10-09 19:05:45,6.17,0,0.84,2,0,7
2026-10-09 19:05:45,5.73,0,0.44,2,0,7
2026-10-09 19:05:45,5.8,0,0.07,2,0,7
2026-10-09 19:05:45,5.46,0,0.34,2,0,7
2026-10-09 19:05:45,7.11,0,1.66,2,0,6
2026-10-09 19:05:45,5.93,0,1.19,2,0,6
2026-10-09 19:05:45,6.49,0,0.56,2,0,6
2026-10-09 19:05:45,6.28,0,0.21,2,0,6
2026-10-09 19:05:46,5.9,0,0.38,2,0,7
2026-10-09 19:05:46,38.78,0,32.88,2,1,7
2026-10-09 19:05:46,4.21,0,34.57,0,0,8
2026-10-09 19:05:46,4.04,0,0.17,0,0,8
2026-10-09 19:05:46,4.2,0,0.16,0,0,8
2026-10-09 19:05:46,4.36,0,0.16,0,0,8
2026-10-09 19:05:46,3.82,0,0.54,0,0,8
2026-10-09 19:05:46,3.94,0,0.12,0,0,8
2026-10-09 19:05:46,4.36,0,0.42,0,0,7
2026-10-09 19:05:47,4.61,0,0.25,0,0,7
2026-10-09 19:05:47,3.99,0,0.62,0,0,6
2026-10-09 19:05:47,5.31,0,1.32,0,0,7
2026-10-09 19:05:47,4.42,0,0.89,0,0,8
2026-10-09 19:05:47,4.14,0,0.28,0,0,7
2026-10-09 19:05:47,3.46,0,0.67,0,0,8
2026-10-09 19:05:47,3.63,0,0.17,0,0,6
2026-10-09 19:05:47,5.11,0,1.48,0,0,6
2026-10-09 19:05:47,3.45,0,1.66,0,0,7
2026-10-09 19:05:48,3.41,0,0.04,0,0,8
2026-10-09 19:05:48,4.03,0,0.62,0,0,6
2026-10-09 19:05:48,3.55,0,0.48,0,0,6
2026-10-09 19:05:48,4.08,0,0.53,0,0,7
2026-10-09 19:05:48,3.83,0,0.26,0,0,8
2026-10-09 19:05:48,4.13,0,0.3,0,0,7
2026-10-09 19:05:48,4.11,0,0.02,0,0,8
2026-10-09 19:05:48,3.74,0,0.36,0,0,8
2026-10-09 19:05:48,2.99,0,0.76,0,0,5
2026-10-09 19:05:48,5.25,0,2.27,0,0,6
2026-10-09 19:05:49,2.97,0,2.28,0,0,5
2026-10-09 19:05:49,3.51,0,0.54,0,0,8
2026-10-09 19:05:49,3.81,0,0.29,0,0,6
2026-10-09 19:05:49,3.6,0,0.2,0,0,7
2026-10-09 19:05:49,5.4,0,1.8,0,0,7
2026-10-09 19:05:49,4.34,0,1.06,0,0,7
2026-10-09 19:05:49,4.18,0,0.16,0,0,6
2026-10-09 19:05:49,4.25,0,0.07,0,0,5
2026-10-09 19:05:49,3.76,0,0.49,0,0,8
2026-10-09 19:05:50,4.17,0,0.41,0,0,6
2026-10-09 19:05:50,2.95,0,1.22,0,0,6
2026-10-09 19:05:50,19.61,0,16.66,0,2,8
2026-10-09 19:05:50,30.47,0,10.86,0,1,9
2026-10-09 19:05:50,31.16,0,0.69,0,1,8
2026-10-09 19:05:50,30.64,0,0.52,0,1,8
2026-10-09 19:05:50,31.31,0,0.68,0,0,8
2026-10-09 19:05:50,31.58,0,0.26,0,0,7
2026-10-09 19:05:51,30.92,0,0.66,0,0,8
2026-10-09 19:05:51,30.46,0,0.46,0,0,6
2026-10-09 19:05:51,30.82,0,0.36,0,0,8
2026-10-09 19:05:51,31.45,0,0.63,0,0,8
2026-10-09 19:05:51,30.36,0,1.09,0,0,8
2026-10-09 19:05:51,36.94,0,6.58,0,0,7
2026-10-09 19:05:51,11.18,0,25.76,0,0,6
2026-10-09 19:05:52,30.29,0,19.11,0,0,6
2026-10-09 19:05:52,4.15,0,26.14,0,0,7
2026-10-09 19:05:52,15.9,0,11.74,0,0,7
2026-10-09 19:05:52,31.4,0,15.5,0,0,8
2026-10-09 19:05:52,15.45,0,15.95,0,0,6
2026-10-09 19:05:52,31.39,0,15.93,0,0,6
2026-10-09 19:05:52,15.88,0,15.51,0,0,7
2026-10-09 19:05:53,31.42,0,15.54,0,0,7
2026-10-09 19:05:53,32.06,0,0.63,0,0,7
2026-10-09 19:05:53,15.84,0,16.22,0,0,7
2026-10-09 19:05:53,30.99,0,15.15,0,0,6
2026-10-09 19:05:53,30.59,0,0.4,0,0,7
2026-10-09 19:05:53,15.26,0,15.33,0,0,9
2026-10-09 19:05:53,29.77,0,14.51,0,0,6
2026-10-09 19:05:53,13.33,0,16.44,0,0,7
2026-10-09 19:05:54,39.34,0,26.0,0,0,8
2026-10-09 19:05:54,15.3,0,24.04,0,0,6
2026-10-09 19:05:54,15.35,0,0.05,0,0,8
2026-10-09 19:05:54,15.9,0,0.55,0,0,7
2026-10-09 19:05:54,15.62,0,0.29,0,0,7
2026-10-09 19:05:54,31.89,0,16.28,0,0,6
2026-10-09 19:05:54,14.6,0,17.29,0,0,6
2026-10-09 19:05:54,14.66,0,0.06,0,0,7
2026-10-09 19:05:55,29.93,0,15.27,0,0,7
2026-10-09 19:05:55,19.18,0,10.75,0,0,9
2026-10-09 19:05:55,30.32,0,11.14,0,0,7
2026-10-09 19:05:55,30.42,0,0.1,0,0,7
2026-10-09 19:05:55,16.25,0,14.17,0,0,7
2026-10-09 19:05:55,31.2,0,14.95,0,0,6
2026-10-09 19:05:55,31.54,0,0.34,0,0,6
2026-10-09 19:05:56,32.69,0,1.15,0,0,8
2026-10-09 19:05:56,7.47,0,25.22,0,0,8
2026-10-09 19:05:56,20.44,0,12.97,0,0,6
2026-10-09 19:05:56,23.06,0,2.63,0,0,7
2026-10-09 19:05:56,31.41,0,8.34,0,0,8
2026-10-09 19:05:56,15.26,0,16.15,0,0,7
2026-10-09 19:05:56,16.1,0,0.83,0,0,9
2026-10-09 19:05:56,16.98,0,0.88,0,0,7
2026-10-09 19:05:57,16.21,0,0.78,0,0,7
2026-10-09 19:05:57,12.86,0,3.35,0,0,7
2026-10-09 19:05:57,21.21,0,8.35,0,0,8
2026-10-09 19:05:57,14.9,0,6.3,0,0,7
2026-10-09 19:05:57,15.83,0,0.93,0,0,7
2026-10-09 19:05:57,14.5,0,1.33,0,0,8
2026-10-09 19:05:57,16.11,0,1.61,0,0,7
2026-10-09 19:05:57,15.1,0,1.01,0,0,7
2026-10-09 19:05:58,3.63,0,11.48,0,0,7
2026-10-09 19:05:58,15.27,0,11.64,0,0,7
2026-10-09 19:05:58,4.31,0,10.96,0,0,9
2026-10-09 19:05:58,15.79,0,11.48,0,0,7
2026-10-09 19:05:58,14.52,0,1.28,0,0,6
2026-10-09 19:05:58,14.61,0,0.09,0,0,6
2026-10-09 19:05:58,14.82,0,0.21,0,0,8
2026-10-09 19:05:58,15.7,0,0.88,0,0,7
2026-10-09 19:05:59,18.91,0,3.21,0,0,7
2026-10-09 19:05:59,15.79,0,3.12,0,0,6
2026-10-09 19:05:59,15.4,0,0.4,0,0,8
2026-10-09 19:05:59,15.19,0,0.2,0,0,9
2026-10-09 19:05:59,30.6,0,15.4,0,1,7
2026-10-09 19:05:59,4.98,0,25.62,0,0,8
2026-10-09 19:05:59,30.54,0,25.57,0,1,8
2026-10-09 19:05:59,31.57,0,1.03,0,1,8
2026-10-09 19:06:00,28.24,0,3.33,0,0,8
2026-10-09 19:06:00,5.4,0,22.85,0,0,7
2026-10-09 19:06:00,16.2,0,10.81,0,0,9
2026-10-09 19:06:00,15.58,0,0.63,0,0,8
2026-10-09 19:06:00,6.6,0,8.98,0,0,8
2026-10-09 19:06:00,15.74,0,9.14,0,0,7
2026-10-09 19:06:00,6.46,0,9.28,0,0,8
2026-10-09 19:06:00,5.92,0,0.54,0,0,7
2026-10-09 19:06:01,17.42,0,11.5,0,0,7
2026-10-09 19:06:01,5.58,0,11.84,0,0,7
2026-10-09 19:06:01,16.19,0,10.61,0,0,6
2026-10-09 19:06:01,14.99,0,1.2,0,0,7
2026-10-09 19:06:01,16.05,0,1.06,0,0,8
2026-10-09 19:06:01,15.21,0,0.84,0,0,8
2026-10-09 19:06:01,4.45,0,10.76,0,0,7
2026-10-09 19:06:01,5.03,0,0.58,0,0,7
2026-10-09 19:06:01,15.4,0,10.37,0,0,9
2026-10-09 19:06:02,5.93,0,9.47,0,0,7
2026-10-09 19:06:02,30.69,0,24.75,0,1,9
2026-10-09 19:06:02,14.64,0,16.05,0,0,8
2026-10-09 19:06:02,9.48,0,5.16,0,0,8
2026-10-09 19:06:02,16.0,0,6.52,0,0,6
2026-10-09 19:06:02,30.28,0,14.28,0,1,7
2026-10-09 19:06:02,31.6,0,1.32,0,0,9
2026-10-09 19:06:02,30.25,0,1.35,0,0,6
2026-10-09 19:06:03,5.35,0,24.9,0,0,8
2026-10-09 19:06:03,19.19,0,13.84,0,0,8
2026-10-09 19:06:03,15.64,0,3.55,0,0,7
2026-10-09 19:06:03,14.68,0,0.96,0,0,8
2026-10-09 19:06:03,15.77,0,1.09,0,0,7
2026-10-09 19:06:03,6.68,0,9.09,0,0,8
2026-10-09 19:06:03,11.65,0,4.98,0,0,6
2026-10-09 19:06:03,15.83,0,4.17,0,0,6
2026-10-09 19:06:04,5.72,0,10.1,0,0,7
2026-10-09 19:06:04,15.98,0,10.25,0,0,6
2026-10-09 19:06:04,5.24,0,10.74,0,0,8
2026-10-09 19:06:04,15.23,0,9.99,0,0,8
2026-10-09 19:06:04,31.22,0,16.0,0,1,8
2026-10-09 19:06:04,15.15,0,16.07,0,0,7
2026-10-09 19:06:04,14.76,0,0.38,0,0,7
2026-10-09 19:06:04,5.23,0,9.54,0,0,8
2026-10-09 19:06:05,15.95,0,10.72,0,0,6
2026-10-09 19:06:05,15.33,0,0.62,0,0,8
2026-10-09 19:06:05,15.92,0,0.59,0,0,7
2026-10-09 19:06:05,15.14,0,0.78,0,0,8
2026-10-09 19:06:05,15.81,0,0.67,0,0,7
2026-10-09 19:06:05,15.59,0,0.22,0,0,7
2026-10-09 19:06:05,15.52,0,0.07,0,0,8
2026-10-09 19:06:05,15.21,0,0.31,0,0,8
2026-10-09 19:06:06,16.28,0,1.07,0,0,7
2026-10-09 19:06:06,15.45,0,0.83,0,0,8
2026-10-09 19:06:06,15.17,0,0.28,0,0,8
2026-10-09 19:06:06,16.35,0,1.18,0,0,7
2026-10-09 19:06:06,16.18,0,0.17,0,0,7
2026-10-09 19:06:06,14.98,0,1.2,0,0,6
2026-10-09 19:06:06,15.6,0,0.62,0,0,6
2026-10-09 19:06:06,14.72,0,0.88,0,0,7
2026-10-09 19:06:07,14.32,0,0.41,0,0,8
2026-10-09 19:06:07,15.68,0,1.36,0,0,7
2026-10-09 19:06:07,15.23,0,0.45,0,0,7
2026-10-09 19:06:07,15.89,0,0.66,0,0,7
2026-10-09 19:06:07,14.89,0,1.0,0,0,7
2026-10-09 19:06:07,14.7,0,0.19,0,0,8
2026-10-09 19:06:07,31.92,0,17.22,0,1,7
2026-10-09 19:06:07,15.14,0,16.78,0,0,8
2026-10-09 19:06:08,30.88,0,15.74,0,0,7
2026-10-09 19:06:08,30.6,0,0.27,0,0,7
2026-10-09 19:06:08,31.74,0,1.13,0,0,9
2026-10-09 19:06:08,32.57,0,0.83,0,0,8
2026-10-09 19:06:08,25.24,0,7.33,0,0,7
2026-10-09 19:06:08,15.79,0,9.45,0,0,6
2026-10-09 19:06:08,14.89,0,0.9,0,0,9
2026-10-09 19:06:08,30.94,0,16.05,0,0,8
2026-10-09 19:06:09,3.58,0,27.36,0,0,6
2026-10-09 19:06:09,3.98,0,0.4,0,0,7
2026-10-09 19:06:09,30.11,0,26.13,0,0,6
2026-10-09 19:06:09,31.43,0,1.31,0,0,8
2026-10-09 19:06:09,22.48,0,8.95,0,0,6
2026-10-09 19:06:09,30.88,0,8.4,0,0,9
2026-10-09 19:06:09,30.24,0,0.64,0,0,7
2026-10-09 19:06:09,17.34,0,12.9,0,0,6
2026-10-09 19:06:10,30.79,0,13.46,0,0,8
2026-10-09 19:06:10,31.41,0,0.62,0,0,7
2026-10-09 19:06:10,30.63,0,0.79,0,0,6
2026-10-09 19:06:10,31.23,0,0.6,0,0,6
2026-10-09 19:06:10,31.02,0,0.21,0,0,7
2026-10-09 19:06:10,30.91,0,0.11,0,0,7
2026-10-09 19:06:10,30.76,0,0.15,0,0,6
2026-10-09 19:06:11,30.93,0,0.18,0,0,7
2026-10-09 19:06:11,15.88,0,15.05,0,0,8
2026-10-09 19:06:11,30.98,0,15.1,0,0,7
2026-10-09 19:06:11,30.8,0,0.19,0,0,6
2026-10-09 19:06:11,31.37,0,0.57,0,0,7
2026-10-09 19:06:11,30.16,0,1.2,0,0,7
2026-10-09 19:06:11,30.12,0,0.04,0,0,9
2026-10-09 19:06:12,29.98,0,0.14,0,0,8
2026-10-09 19:06:12,30.72,0,0.74,0,0,7
2026-10-09 19:06:12,30.71,0,0.0,0,0,7
2026-10-09 19:06:12,29.69,0,1.02,0,0,7
2026-10-09 19:06:12,15.85,0,13.84,0,0,7
2026-10-09 19:06:12,31.1,0,15.25,0,0,9
2026-10-09 19:06:12,30.98,0,0.12,0,0,7
2026-10-09 19:06:12,31.71,0,0.73,0,0,5
2026-10-09 19:06:13,30.76,0,0.94,0,0,7
2026-10-09 19:06:13,15.1,0,15.66,0,0,7
2026-10-09 19:06:13,15.4,0,0.3,0,0,6
2026-10-09 19:06:13,15.67,0,0.27,0,0,6
2026-10-09 19:06:13,4.11,0,11.56,0,0,9
2026-10-09 19:06:13,4.23,0,0.12,0,0,7
2026-10-09 19:06:13,16.14,0,11.91,0,0,8
2026-10-09 19:06:13,4.75,0,11.39,0,0,7
2026-10-09 19:06:14,5.63,0,0.88,0,0,8
2026-10-09 19:06:14,4.61,0,1.03,0,0,7
2026-10-09 19:06:14,15.21,0,10.61,0,0,9
2026-10-09 19:06:14,4.86,0,10.36,0,0,8
2026-10-09 19:06:14,5.12,0,0.27,0,0,8
2026-10-09 19:06:14,15.94,0,10.82,0,0,8
2026-10-09 19:06:14,15.62,0,0.32,0,0,8
2026-10-09 19:06:14,4.5,0,11.13,0,0,8
2026-10-09 19:06:15,15.71,0,11.22,0,0,8
2026-10-09 19:06:15,7.43,0,8.28,0,0,8
2026-10-09 19:06:15,7.32,0,0.11,0,0,8
2026-10-09 19:06:15,15.44,0,8.12,0,0,7
2026-10-09 19:06:15,3.73,0,11.71,0,0,8
2026-10-09 19:06:15,31.07,0,27.34,0,1,8
2026-10-09 19:06:15,30.06,0,1.01,0,1,8
2026-10-09 19:06:15,30.43,0,0.38,0,0,8
2026-10-09 19:06:16,31.83,0,1.4,0,0,8
2026-10-09 19:06:16,30.48,0,1.35,0,0,9
2026-10-09 19:06:16,26.63,0,3.85,0,0,8
2026-10-09 19:06:16,31.03,0,4.4,3,0,7
2026-10-09 19:06:16,30.05,0,0.98,3,0,7
2026-10-09 19:06:16,31.19,0,1.13,3,0,7
2026-10-09 19:06:16,30.78,0,0.41,3,0,7
2026-10-09 19:06:17,30.07,0,0.71,3,0,8
2026-10-09 19:06:17,19.76,0,10.3,3,0,6
2026-10-09 19:06:17,31.09,0,11.33,3,0,7
2026-10-09 19:06:17,11.49,0,19.6,3,0,9
2026-10-09 19:06:17,15.83,0,4.34,3,0,7
2026-10-09 19:06:17,30.84,0,15.01,3,0,7
2026-10-09 19:06:17,30.83,0,0.01,3,0,7
2026-10-09 19:06:17,31.34,0,0.51,3,0,7
2026-10-09 19:06:18,31.8,0,0.47,3,0,7
2026-10-09 19:06:18,30.85,0,0.95,3,0,7
2026-10-09 19:06:18,30.06,0,0.79,3,0,6
2026-10-09 19:06:18,29.89,0,0.17,3,0,6
2026-10-09 19:06:18,30.94,0,1.05,3,0,7
2026-10-09 19:06:18,31.85,0,0.91,3,0,7
2026-10-09 19:06:18,30.8,0,1.05,3,0,7
2026-10-09 19:06:19,19.82,0,10.98,3,0,7
2026-10-09 19:06:19,15.97,0,3.85,3,0,9
2026-10-09 19:06:19,15.05,0,0.92,3,0,7
2026-10-09 19:06:19,30.56,0,15.51,3,0,7
2026-10-09 19:06:19,29.84,0,0.72,3,0,8
2026-10-09 19:06:19,30.96,0,1.13,3,0,8
2026-10-09 19:06:19,31.61,0,0.64,3,0,8
2026-10-09 19:06:20,31.86,0,0.25,3,0,7
2026-10-09 19:06:20,26.87,0,4.99,3,0,7
2026-10-09 19:06:20,30.7,0,3.83,3,0,7
2026-10-09 19:06:20,30.6,0,0.11,3,0,7
2026-10-09 19:06:20,29.91,0,0.68,3,0,7
2026-10-09 19:06:20,30.85,0,0.94,3,0,8
2026-10-09 19:06:20,30.77,0,0.09,3,0,9
2026-10-09 19:06:20,32.07,0,1.3,3,0,7
2026-10-09 19:06:21,30.44,0,1.63,3,0,6
2026-10-09 19:06:21,30.31,0,0.13,3,0,7
2026-10-09 19:06:22,5000.0,1,4969.69,3,2,6
2026-10-09 19:06:23,5000.0,1,0.0,3,1,4
2026-10-09 19:06:24,5000.0,1,0.0,3,1,4
2026-10-09 19:06:25,5000.0,1,0.0,3,1,0
2026-10-09 19:06:26,5000.0,1,0.0,3,1,0
2026-10-09 19:06:27,5000.0,1,0.0,3,0,0
2026-10-09 19:06:29,5000.0,1,0.0,3,1,0
2026-10-09 19:06:30,5000.0,1,0.0,3,1,0
2026-10-09 19:06:31,5000.0,1,0.0,3,0,0
2026-10-09 19:06:32,5000.0,1,0.0,3,0,0
2026-10-09 19:06:33,5000.0,1,0.0,3,0,0
2026-10-09 19:06:34,5000.0,1,0.0,3,0,0
2026-10-09 19:06:35,5000.0,1,0.0,3,0,0
2026-10-09 19:06:36,5000.0,1,0.0,0,1,1
2026-10-09 19:06:37,79.47,0,4920.53,0,0,6
2026-10-09 19:06:37,16.95,0,62.52,0,0,9
2026-10-09 19:06:37,15.2,0,1.75,0,0,8
2026-10-09 19:06:37,5.35,0,9.86,0,0,8
2026-10-09 19:06:37,2.86,0,2.49,0,0,8
2026-10-09 19:06:37,31.91,0,29.05,0,0,7
2026-10-09 19:06:37,33.11,0,1.2,0,0,7
2026-10-09 19:06:37,31.69,0,1.42,0,0,7
2026-10-09 19:06:38,30.26,0,1.44,0,0,7
2026-10-09 19:06:38,30.24,0,0.01,0,0,8
2026-10-09 19:06:38,30.9,0,0.66,0,0,7
2026-10-09 19:06:38,2.99,0,27.91,0,0,9
2026-10-09 19:06:38,31.08,0,28.09,0,0,6
2026-10-09 19:06:38,30.55,0,0.53,0,0,7
2026-10-09 19:06:38,30.72,0,0.17,0,0,7
2026-10-09 19:06:39,25.26,0,5.47,0,0,7
2026-10-09 19:06:39,6.69,0,18.57,0,0,7
2026-10-09 19:06:39,31.51,0,24.82,0,0,6
2026-10-09 19:06:39,16.32,0,15.19,0,0,7
2026-10-09 19:06:39,30.32,0,14.0,0,0,7
2026-10-09 19:06:39,30.63,0,0.3,0,0,6
2026-10-09 19:06:39,30.84,0,0.21,0,0,7
2026-10-09 19:06:39,30.69,0,0.15,0,0,7
2026-10-09 19:06:40,31.22,0,0.53,0,0,8
2026-10-09 19:06:40,31.44,0,0.22,0,0,7
2026-10-09 19:06:40,30.92,0,0.52,0,0,6
2026-10-09 19:06:40,4.51,0,26.41,0,0,6
2026-10-09 19:06:40,3.83,0,0.67,0,0,8
2026-10-09 19:06:40,2.65,0,1.18,0,0,7
2026-10-09 19:06:40,2.94,0,0.28,0,0,8
2026-10-09 19:06:40,5.02,0,2.09,0,0,7
2026-10-09 19:06:41,3.86,0,1.17,0,0,7
2026-10-09 19:06:41,3.4,0,0.46,0,0,7
2026-10-09 19:06:41,2.89,0,0.51,0,0,5
2026-10-09 19:06:41,3.15,0,0.26,0,0,7
2026-10-09 19:06:41,3.67,0,0.52,0,0,8
2026-10-09 19:06:41,4.38,0,0.71,0,0,7
2026-10-09 19:06:41,3.96,0,0.42,0,0,8
2026-10-09 19:06:41,3.85,0,0.12,0,0,8
2026-10-09 19:06:41,3.87,0,0.03,0,0,8
2026-10-09 19:06:41,4.21,0,0.34,0,0,8
2026-10-09 19:06:42,2.95,0,1.26,0,0,8
2026-10-09 19:06:42,2.94,0,0.01,0,0,6
2026-10-09 19:06:42,3.7,0,0.76,0,0,8
2026-10-09 19:06:42,3.4,0,0.3,0,0,6
2026-10-09 19:06:42,4.3,0,0.9,0,0,7
2026-10-09 19:06:42,4.28,0,0.02,0,0,5
2026-10-09 19:06:42,3.2,0,1.07,0,0,8
2026-10-09 19:06:42,3.87,0,0.67,0,0,6
2026-10-09 19:06:42,3.32,0,0.55,0,0,5
2026-10-09 19:06:43,3.09,0,0.23,0,0,5
2026-10-09 19:06:43,3.45,0,0.36,0,0,6
2026-10-09 19:06:43,4.85,0,1.4,0,0,7
2026-10-09 19:06:43,2.83,0,2.02,0,0,6
2026-10-09 19:06:43,3.24,0,0.41,0,0,6
2026-10-09 19:06:43,3.59,0,0.36,0,0,6
2026-10-09 19:06:43,4.21,0,0.62,0,0,6
2026-10-09 19:06:43,3.89,0,0.32,0,0,6
2026-10-09 19:06:43,4.37,0,0.48,0,0,7
2026-10-09 19:06:43,3.79,0,0.58,0,0,6
2026-10-09 19:06:44,3.41,0,0.38,0,0,8
2026-10-09 19:06:44,3.04,0,0.37,0,0,9
2026-10-09 19:06:44,4.23,0,1.19,0,0,6
2026-10-09 19:06:44,4.2,0,0.04,0,0,6
2026-10-09 19:06:44,3.59,0,0.6,0,0,8
2026-10-09 19:06:44,3.95,0,0.36,0,0,7
2026-10-09 19:06:44,3.28,0,0.67,0,0,7
2026-10-09 19:06:44,3.9,0,0.62,0,0,6
2026-10-09 19:06:44,3.99,0,0.09,0,0,6
2026-10-09 19:06:45,3.88,0,0.11,0,0,7
2026-10-09 19:06:45,2.7,0,1.17,0,0,8
2026-10-09 19:06:45,3.77,0,1.06,0,0,8
2026-10-09 19:06:45,3.02,0,0.74,0,0,6
2026-10-09 19:06:45,3.13,0,0.11,0,0,7
2026-10-09 19:06:45,3.7,0,0.56,0,0,7
2026-10-09 19:06:45,4.12,0,0.43,0,0,8
2026-10-09 19:06:45,3.36,0,0.76,0,0,8
2026-10-09 19:06:45,3.64,0,0.28,0,0,6
2026-10-09 19:06:45,3.87,0,0.23,0,0,6
2026-10-09 19:06:46,5.9,0,2.03,0,0,7
2026-10-09 19:06:46,5.06,0,0.84,0,0,5
2026-10-09 19:06:46,3.7,0,1.36,0,0,8
2026-10-09 19:06:46,3.8,0,0.1,0,0,7
2026-10-09 19:06:46,3.27,0,0.53,0,0,6
2026-10-09 19:06:46,4.08,0,0.81,0,0,6
2026-10-09 19:06:46,4.02,0,0.06,0,0,8
2026-10-09 19:06:46,3.34,0,0.68,0,0,8
2026-10-09 19:06:46,3.3,0,0.04,0,0,6
2026-10-09 19:06:47,4.08,0,0.78,0,0,8
2026-10-09 19:06:47,3.61,0,0.47,0,0,7
2026-10-09 19:06:47,3.73,0,0.12,0,0,8
2026-10-09 19:06:47,3.47,0,0.25,0,0,9
2026-10-09 19:06:47,3.94,0,0.46,0,0,8
2026-10-09 19:06:47,3.54,0,0.4,0,0,6
2026-10-09 19:06:47,3.33,0,0.21,0,0,7
2026-10-09 19:06:47,3.39,0,0.06,0,0,7
2026-10-09 19:06:47,3.4,0,0.01,0,0,7
2026-10-09 19:06:47,3.53,0,0.12,0,0,8
2026-10-09 19:06:48,3.55,0,0.02,0,0,7
2026-10-09 19:06:48,2.78,0,0.77,0,0,9
2026-10-09 19:06:48,3.47,0,0.7,0,0,7
2026-10-09 19:06:48,3.1,0,0.37,0,0,6
2026-10-09 19:06:48,3.93,0,0.83,0,0,7
2026-10-09 19:06:48,3.84,0,0.09,0,0,7
2026-10-09 19:06:48,3.07,0,0.78,0,0,7
2026-10-09 19:06:48,3.03,0,0.04,0,0,5
2026-10-09 19:06:48,3.08,0,0.05,0,0,8
2026-10-09 19:06:49,4.64,0,1.56,0,0,6
2026-10-09 19:06:49,2.64,0,2.0,0,0,8
2026-10-09 19:06:49,3.55,0,0.92,0,0,8
2026-10-09 19:06:49,3.2,0,0.35,0,0,6
2026-10-09 19:06:49,3.37,0,0.17,0,0,7
2026-10-09 19:06:49,3.79,0,0.42,0,0,8
2026-10-09 19:06:49,4.2,0,0.41,0,0,8
2026-10-09 19:06:49,3.12,0,1.08,0,0,8
2026-10-09 19:06:49,3.79,0,0.67,0,0,7
2026-10-09 19:06:49,2.28,0,1.51,0,0,5
2026-10-09 19:06:50,3.1,0,0.82,0,0,6
2026-10-09 19:06:50,3.48,0,0.38,0,0,7
2026-10-09 19:06:50,4.06,0,0.57,0,0,7
2026-10-09 19:06:50,3.13,0,0.93,0,0,8
2026-10-09 19:06:50,2.9,0,0.23,0,0,8
2026-10-09 19:06:50,3.53,0,0.63,0,0,8
2026-10-09 19:06:50,4.08,0,0.55,0,0,6
2026-10-09 19:06:50,3.56,0,0.53,0,0,7
2026-10-09 19:06:50,2.68,0,0.88,0,0,8
2026-10-09 19:06:51,3.37,0,0.69,0,0,7
2026-10-09 19:06:51,3.06,0,0.3,0,0,6
2026-10-09 19:06:51,3.41,0,0.35,0,0,8
2026-10-09 19:06:51,3.35,0,0.06,0,0,5
2026-10-09 19:06:51,2.95,0,0.4,0,0,6
2026-10-09 19:06:51,3.8,0,0.85,0,0,8
2026-10-09 19:06:51,3.32,0,0.47,0,0,8
2026-10-09 19:06:51,2.53,0,0.79,0,0,9
2026-10-09 19:06:51,3.31,0,0.78,0,0,6
2026-10-09 19:06:51,3.54,0,0.23,0,0,8
2026-10-09 19:06:52,3.19,0,0.35,0,0,7
2026-10-09 19:06:52,2.6,0,0.59,0,0,5
2026-10-09 19:06:52,3.98,0,1.38,0,0,7
2026-10-09 19:06:52,4.28,0,0.29,0,0,7
2026-10-09 19:06:52,3.1,0,1.17,0,0,5
2026-10-09 19:06:52,3.4,0,0.3,0,0,8
2026-10-09 19:06:52,2.65,0,0.76,0,0,6
2026-10-09 19:06:52,2.98,0,0.34,0,0,9
2026-10-09 19:06:52,3.56,0,0.58,0,0,8
2026-10-09 19:06:52,6.43,0,2.86,0,0,8
2026-10-09 19:06:53,3.35,0,3.07,0,0,7
2026-10-09 19:06:53,2.92,0,0.43,0,0,6
2026-10-09 19:06:53,4.28,0,1.36,0,0,7
2026-10-09 19:06:53,2.74,0,1.54,0,0,8
2026-10-09 19:06:53,3.63,0,0.89,0,0,8
2026-10-09 19:06:53,3.92,0,0.29,0,0,7
2026-10-09 19:06:53,5.58,0,1.66,0,0,8
2026-10-09 19:06:53,3.33,0,2.25,0,0,6
2026-10-09 19:06:53,4.59,0,1.27,0,0,9
2026-10-09 19:06:54,4.31,0,0.29,0,0,7
2026-10-09 19:06:54,2.99,0,1.32,0,0,8
2026-10-09 19:06:54,3.04,0,0.05,0,0,7
2026-10-09 19:06:54,3.72,0,0.68,0,0,8
2026-10-09 19:06:54,3.74,0,0.02,0,0,6
2026-10-09 19:06:54,3.55,0,0.19,0,0,7
2026-10-09 19:06:54,3.41,0,0.14,0,0,6
2026-10-09 19:06:54,3.0,0,0.42,0,0,9
2026-10-09 19:06:54,3.43,0,0.44,0,0,8
2026-10-09 19:06:54,3.67,0,0.24,0,0,8
2026-10-09 19:06:55,4.48,0,0.81,0,0,7
2026-10-09 19:06:55,3.83,0,0.66,0,0,6
2026-10-09 19:06:55,5.26,0,1.43,0,0,6
2026-10-09 19:06:55,4.02,0,1.24,0,0,8
2026-10-09 19:06:55,4.36,0,0.34,0,0,7
2026-10-09 19:06:55,3.36,0,1.0,0,0,8
2026-10-09 19:06:55,3.89,0,0.54,0,0,9
2026-10-09 19:06:55,3.65,0,0.24,0,0,7
2026-10-09 19:06:55,3.58,0,0.07,0,0,8
2026-10-09 19:06:56,3.53,0,0.05,0,0,8
2026-10-09 19:06:56,5.22,0,1.69,0,0,8
2026-10-09 19:06:56,3.58,0,1.64,0,0,6
2026-10-09 19:06:56,2.96,0,0.62,0,0,8
2026-10-09 19:06:56,3.03,0,0.07,0,0,7
2026-10-09 19:06:56,3.17,0,0.13,0,0,8
2026-10-09 19:06:56,4.66,0,1.5,0,0,7
2026-10-09 19:06:56,3.26,0,1.4,0,0,7
2026-10-09 19:06:56,3.25,0,0.01,0,0,8
2026-10-09 19:06:56,4.02,0,0.77,0,0,6
2026-10-09 19:06:57,3.84,0,0.18,0,0,8
2026-10-09 19:06:57,5.25,0,1.41,0,0,8
2026-10-09 19:06:57,5.79,0,0.54,0,0,8
2026-10-09 19:06:57,3.5,0,2.3,0,0,7
2026-10-09 19:06:57,3.35,0,0.15,0,0,7
2026-10-09 19:06:57,3.79,0,0.44,0,0,8
2026-10-09 19:06:57,4.68,0,0.89,0,0,7
2026-10-09 19:06:57,4.38,0,0.3,0,0,9
2026-10-09 19:06:57,3.23,0,1.15,0,0,7
2026-10-09 19:06:58,4.08,0,0.85,0,0,8
2026-10-09 19:06:58,3.39,0,0.69,0,0,6
2026-10-09 19:06:58,3.26,0,0.14,0,0,7
2026-10-09 19:06:58,3.79,0,0.53,0,0,5
2026-10-09 19:06:58,3.03,0,0.76,0,0,7
2026-10-09 19:06:58,2.43,0,0.6,0,0,8
2026-10-09 19:06:58,3.29,0,0.86,0,0,7
2026-10-09 19:06:58,3.79,0,0.49,0,0,8
2026-10-09 19:06:58,3.12,0,0.67,0,0,6
2026-10-09 19:06:58,3.07,0,0.05,0,0,5
2026-10-09 19:06:59,3.3,0,0.23,0,0,9
2026-10-09 19:06:59,2.78,0,0.52,0,0,7
2026-10-09 19:06:59,3.13,0,0.35,0,0,7
2026-10-09 19:06:59,3.02,0,0.12,0,0,8
2026-10-09 19:06:59,3.5,0,0.49,0,0,8
2026-10-09 19:06:59,2.86,0,0.64,0,0,6
2026-10-09 19:06:59,3.1,0,0.24,0,0,7
2026-10-09 19:06:59,3.52,0,0.42,0,0,7
2026-10-09 19:06:59,2.74,0,0.78,0,0,7
2026-10-09 19:07:00,3.81,0,1.07,0,0,7
2026-10-09 19:07:00,3.46,0,0.34,0,0,8
2026-10-09 19:07:00,4.11,0,0.65,0,0,9
2026-10-09 19:07:00,3.85,0,0.26,0,0,6
2026-10-09 19:07:00,3.93,0,0.08,0,0,8
2026-10-09 19:07:00,4.09,0,0.17,0,0,7
2026-10-09 19:07:00,3.02,0,1.08,0,0,6
2026-10-09 19:07:00,3.01,0,0.01,0,0,6
2026-10-09 19:07:00,3.02,0,0.02,0,0,7
2026-10-09 19:07:00,3.83,0,0.8,0,0,8
2026-10-09 19:07:01,3.49,0,0.34,0,0,7
2026-10-09 19:07:01,2.97,0,0.52,0,0,5
2026-10-09 19:07:01,4.05,0,1.08,0,0,7
2026-10-09 19:07:01,3.36,0,0.69,0,0,8
2026-10-09 19:07:01,4.31,0,0.94,0,0,8
2026-10-09 19:07:01,4.01,0,0.3,0,0,7
2026-10-09 19:07:01,3.15,0,0.86,0,0,7
2026-10-09 19:07:01,3.16,0,0.01,0,0,6
2026-10-09 19:07:01,3.65,0,0.49,0,0,6
2026-10-09 19:07:02,4.1,0,0.44,0,0,6
2026-10-09 19:07:02,3.05,0,1.05,0,0,6
2026-10-09 19:07:02,4.58,0,1.53,0,0,6
2026-10-09 19:07:02,3.3,0,1.28,0,0,6
2026-10-09 19:07:02,2.96,0,0.34,0,0,9
2026-10-09 19:07:02,3.9,0,0.95,0,0,7
2026-10-09 19:07:02,4.75,0,0.85,0,0,8
2026-10-09 19:07:02,3.72,0,1.03,0,0,6
2026-10-09 19:07:02,3.7,0,0.02,0,0,7
2026-10-09 19:07:02,3.89,0,0.19,0,0,8
2026-10-09 19:07:03,4.04,0,0.15,0,0,7
2026-10-09 19:07:03,3.58,0,0.46,0,0,7
2026-10-09 19:07:03,3.79,0,0.21,0,0,7
2026-10-09 19:07:03,4.4,0,0.61,0,0,7
2026-10-09 19:07:03,3.45,0,0.95,0,0,8
2026-10-09 19:07:03,4.3,0,0.85,0,0,7
2026-10-09 19:07:03,4.39,0,0.09,0,0,6
2026-10-09 19:07:03,3.29,0,1.1,0,0,6
2026-10-09 19:07:03,3.85,0,0.55,0,0,9
2026-10-09 19:07:04,4.01,0,0.16,0,0,6
2026-10-09 19:07:04,3.15,0,0.86,0,0,7
2026-10-09 19:07:04,3.54,0,0.39,0,0,7
2026-10-09 19:07:04,2.99,0,0.55,0,0,7
2026-10-09 19:07:04,3.14,0,0.15,0,0,7
2026-10-09 19:07:04,2.98,0,0.16,0,0,6
2026-10-09 19:07:04,3.18,0,0.2,0,0,7
2026-10-09 19:07:04,3.5,0,0.32,0,0,8
2026-10-09 19:07:04,3.72,0,0.22,0,0,6
2026-10-09 19:07:04,2.93,0,0.79,0,0,7
2026-10-09 19:07:05,3.32,0,0.4,0,0,6
2026-10-09 19:07:05,2.78,0,0.55,0,0,8
2026-10-09 19:07:05,3.41,0,0.64,0,0,6
2026-10-09 19:07:05,2.96,0,0.46,0,0,7
2026-10-09 19:07:05,2.5,0,0.46,0,0,6
2026-10-09 19:07:05,3.72,0,1.22,0,0,8
2026-10-09 19:07:05,3.85,0,0.13,0,0,7
2026-10-09 19:07:05,3.19,0,0.66,0,0,6
2026-10-09 19:07:05,3.73,0,0.54,0,0,9
2026-10-09 19:07:06,3.8,0,0.07,0,0,8
2026-10-09 19:07:06,2.28,0,1.52,0,0,5
2026-10-09 19:07:06,3.68,0,1.41,0,0,7
2026-10-09 19:07:06,2.86,0,0.82,0,0,7
2026-10-09 19:07:06,2.97,0,0.11,0,0,7
2026-10-09 19:07:06,369.86,0,366.88,1,2,7
2026-10-09 19:07:07,266.37,0,103.49,1,2,8
2026-10-09 19:07:07,244.25,0,22.12,1,2,11
2026-10-09 19:07:07,276.19,0,31.94,1,2,10
2026-10-09 19:07:08,328.22,0,52.03,1,2,8
2026-10-09 19:07:08,179.34,0,148.88,1,0,8
2026-10-09 19:07:09,238.05,0,58.71,1,0,7
2026-10-09 19:07:09,313.36,0,75.31,1,0,6
2026-10-09 19:07:09,291.85,0,21.51,1,0,6
2026-10-09 19:07:10,239.5,0,52.35,1,0,9
2026-10-09 19:07:10,279.11,0,39.61,1,1,9
2026-10-09 19:07:10,255.73,0,23.38,1,0,7
2026-10-09 19:07:11,269.67,0,13.94,1,0,9
2026-10-09 19:07:11,236.8,0,32.87,1,0,9
2026-10-09 19:07:12,304.85,0,68.05,1,0,9
2026-10-09 19:07:12,236.59,0,68.26,1,0,7
2026-10-09 19:07:12,305.62,0,69.03,1,0,9
2026-10-09 19:07:13,266.93,0,38.69,1,0,9
2026-10-09 19:07:13,234.65,0,32.28,1,0,7
2026-10-09 19:07:13,375.42,0,140.77,1,0,6
2026-10-09 19:07:14,239.39,0,136.02,1,0,8
2026-10-09 19:07:14,352.44,0,113.05,1,0,7
2026-10-09 19:07:15,320.11,0,32.33,1,1,8
2026-10-09 19:07:15,337.5,0,17.39,1,0,9
2026-10-09 19:07:15,226.15,0,111.35,1,0,7
2026-10-09 19:07:16,265.29,0,39.14,1,1,9
2026-10-09 19:07:16,237.28,0,28.01,1,0,8
2026-10-09 19:07:17,301.68,0,64.4,1,0,7
2026-10-09 19:07:17,333.4,0,31.71,1,0,7
2026-10-09 19:07:17,254.24,0,79.15,1,0,6
2026-10-09 19:07:18,368.31,0,114.07,1,1,10
2026-10-09 19:07:18,330.34,0,37.97,1,0,8
2026-10-09 19:07:19,297.19,0,33.15,1,1,8
2026-10-09 19:07:19,291.99,0,5.2,1,0,8
2026-10-09 19:07:19,314.87,0,22.88,1,0,8
2026-10-09 19:07:20,252.16,0,62.7,1,0,6
2026-10-09 19:07:20,329.48,0,77.32,1,1,10
2026-10-09 19:07:21,320.73,0,8.75,1,0,7
2026-10-09 19:07:21,220.25,0,100.48,1,0,8
2026-10-09 19:07:21,245.38,0,25.13,1,1,9
2026-10-09 19:07:22,273.91,0,28.53,1,0,9
2026-10-09 19:07:22,308.76,0,34.85,1,1,9
2026-10-09 19:07:23,271.37,0,37.39,1,0,7
2026-10-09 19:07:23,310.94,0,39.56,1,0,9
2026-10-09 19:07:23,289.36,0,21.57,1,0,6
2026-10-09 19:07:24,297.13,0,7.77,1,0,6
2026-10-09 19:07:24,384.97,0,87.84,1,0,6
2026-10-09 19:07:25,227.68,0,157.29,1,0,6
2026-10-09 19:07:25,327.83,0,100.15,1,1,8
2026-10-09 19:07:25,293.45,0,34.39,1,0,7
2026-10-09 19:07:26,285.21,0,8.24,1,0,6
2026-10-09 19:07:26,181.38,0,103.82,1,0,8
2026-10-09 19:07:26,184.47,0,3.08,1,0,7
2026-10-09 19:07:27,267.6,0,83.13,1,1,9
2026-10-09 19:07:27,358.64,0,91.04,1,1,8
2026-10-09 19:07:27,259.29,0,99.35,1,0,10
2026-10-09 19:07:28,250.46,0,8.82,1,0,8
2026-10-09 19:07:28,252.91,0,2.44,1,0,6
2026-10-09 19:07:28,192.98,0,59.93,1,0,7
2026-10-09 19:07:29,228.29,0,35.32,1,0,8
2026-10-09 19:07:29,272.74,0,44.45,1,1,7
2026-10-09 19:07:30,276.68,0,3.94,1,0,8
2026-10-09 19:07:30,223.51,0,53.18,1,0,9
2026-10-09 19:07:30,202.04,0,21.46,1,0,7
2026-10-09 19:07:31,296.27,0,94.22,1,1,9
2026-10-09 19:07:31,375.83,0,79.57,1,2,11
2026-10-09 19:07:31,317.74,0,58.1,1,0,7
2026-10-09 19:07:32,241.82,0,75.91,1,0,6
2026-10-09 19:07:32,202.14,0,39.68,1,0,7
2026-10-09 19:07:33,275.72,0,73.58,1,0,10
2026-10-09 19:07:33,304.56,0,28.85,1,0,6
2026-10-09 19:07:33,334.82,0,30.26,1,0,8
2026-10-09 19:07:34,242.71,0,92.11,1,0,9
2026-10-09 19:07:34,250.26,0,7.55,1,0,9
2026-10-09 19:07:34,237.2,0,13.06,1,0,8
2026-10-09 19:07:35,255.51,0,18.32,1,0,6
2026-10-09 19:07:35,291.74,0,36.23,1,0,8
2026-10-09 19:07:36,301.89,0,10.15,1,0,9
2026-10-09 19:07:36,345.45,0,43.56,1,0,6
2026-10-09 19:07:36,6.06,0,339.4,0,0,6
2026-10-09 19:07:36,4.45,0,1.61,0,0,8
2026-10-09 19:07:36,5.04,0,0.59,0,0,5
2026-10-09 19:07:36,3.99,0,1.05,0,0,6
2026-10-09 19:07:37,3.79,0,0.2,0,0,6
2026-10-09 19:07:37,3.86,0,0.06,0,0,7
2026-10-09 19:07:37,3.05,0,0.81,0,0,5
2026-10-09 19:07:37,4.16,0,1.11,0,0,8
2026-10-09 19:07:37,3.9,0,0.26,0,0,7
2026-10-09 19:07:37,3.68,0,0.23,0,0,7
2026-10-09 19:07:37,3.13,0,0.55,0,0,6
2026-10-09 19:07:37,3.99,0,0.86,0,0,8
2026-10-09 19:07:37,2.79,0,1.2,0,0,5
2026-10-09 19:07:37,3.25,0,0.47,0,0,7
2026-10-09 19:07:38,3.22,0,0.03,0,0,6
2026-10-09 19:07:38,4.22,0,1.0,0,0,8
2026-10-09 19:07:38,2.98,0,1.23,0,0,6
2026-10-09 19:07:38,4.26,0,1.27,0,0,8
2026-10-09 19:07:38,3.09,0,1.17,0,0,6
2026-10-09 19:07:38,4.41,0,1.32,0,0,8
2026-10-09 19:07:38,3.93,0,0.48,0,0,7
2026-10-09 19:07:38,4.29,0,0.36,0,0,6
2026-10-09 19:07:38,2.97,0,1.32,0,0,6
2026-10-09 19:07:39,3.55,0,0.58,0,0,8
2026-10-09 19:07:39,3.63,0,0.08,0,0,7
2026-10-09 19:07:39,3.65,0,0.02,0,0,8
2026-10-09 19:07:39,3.83,0,0.18,0,0,8
2026-10-09 19:07:39,3.55,0,0.28,0,0,6
2026-10-09 19:07:39,3.4,0,0.16,0,0,6
2026-10-09 19:07:39,3.54,0,0.15,0,0,7
2026-10-09 19:07:39,3.41,0,0.13,0,0,5
2026-10-09 19:07:39,3.43,0,0.02,0,0,8
2026-10-09 19:07:39,3.73,0,0.31,0,0,8
2026-10-09 19:07:40,4.13,0,0.4,0,0,6
2026-10-09 19:07:40,3.29,0,0.84,0,0,9
2026-10-09 19:07:40,3.99,0,0.7,0,0,7
2026-10-09 19:07:40,2.82,0,1.17,0,0,6
2026-10-09 19:07:40,3.53,0,0.71,0,0,6
2026-10-09 19:07:40,3.65,0,0.12,0,0,8
2026-10-09 19:07:40,4.04,0,0.39,0,0,6
2026-10-09 19:07:40,3.47,0,0.57,0,0,8
2026-10-09 19:07:40,2.81,0,0.66,0,0,9
2026-10-09 19:07:41,3.82,0,1.0,0,0,7
2026-10-09 19:07:41,2.26,0,1.56,0,0,6
2026-10-09 19:07:41,3.12,0,0.86,0,0,8
2026-10-09 19:07:41,3.34,0,0.22,0,0,7
2026-10-09 19:07:41,2.94,0,0.4,0,0,6
2026-10-09 19:07:41,3.76,0,0.82,0,0,7
2026-10-09 19:07:41,3.78,0,0.02,0,0,6
2026-10-09 19:07:41,3.01,0,0.77,0,0,7
2026-10-09 19:07:41,3.37,0,0.35,0,0,8
2026-10-09 19:07:41,3.26,0,0.1,0,0,7
2026-10-09 19:07:42,3.02,0,0.24,0,0,6
2026-10-09 19:07:42,2.9,0,0.12,0,0,6
2026-10-09 19:07:42,3.9,0,1.0,0,0,5
2026-10-09 19:07:42,3.13,0,0.77,0,0,6
2026-10-09 19:07:42,2.72,0,0.41,0,0,6
2026-10-09 19:07:42,2.92,0,0.21,0,0,6
2026-10-09 19:07:42,4.0,0,1.07,0,0,6
2026-10-09 19:07:42,3.75,0,0.25,0,0,7
2026-10-09 19:07:42,3.57,0,0.18,0,0,6
2026-10-09 19:07:42,3.5,0,0.06,0,0,9
2026-10-09 19:07:43,3.34,0,0.16,0,0,8
2026-10-09 19:07:43,2.86,0,0.48,0,0,5
2026-10-09 19:07:43,3.54,0,0.68,0,0,7
2026-10-09 19:07:43,4.08,0,0.54,0,0,8
2026-10-09 19:07:43,3.1,0,0.98,0,0,6
2026-10-09 19:07:43,3.17,0,0.07,0,0,8
2026-10-09 19:07:43,3.41,0,0.23,0,0,7
2026-10-09 19:07:43,2.56,0,0.85,0,0,6
2026-10-09 19:07:43,4.25,0,1.69,0,0,7
2026-10-09 19:07:44,3.62,0,0.63,0,0,8
2026-10-09 19:07:44,3.41,0,0.21,0,0,8
2026-10-09 19:07:44,3.41,0,0.0,0,0,9
2026-10-09 19:07:44,3.91,0,0.5,0,0,8
2026-10-09 19:07:44,3.62,0,0.29,0,0,7
2026-10-09 19:07:44,3.32,0,0.3,0,0,5
2026-10-09 19:07:44,3.2,0,0.13,0,0,6
2026-10-09 19:07:44,3.93,0,0.73,0,0,8
2026-10-09 19:07:44,3.6,0,0.33,0,0,9
2026-10-09 19:07:44,3.44,0,0.16,0,0,7
2026-10-09 19:07:45,3.75,0,0.31,0,0,8
2026-10-09 19:07:45,3.74,0,0.01,0,0,7
2026-10-09 19:07:45,3.22,0,0.52,0,0,8
2026-10-09 19:07:45,4.06,0,0.83,0,0,7
2026-10-09 19:07:45,3.84,0,0.22,0,0,7
2026-10-09 19:07:45,3.6,0,0.24,0,0,8
2026-10-09 19:07:45,2.97,0,0.63,0,0,6
2026-10-09 19:07:45,4.15,0,1.18,0,0,8
2026-10-09 19:07:45,3.43,0,0.72,0,0,8
2026-10-09 19:07:46,3.13,0,0.31,0,0,6
2026-10-09 19:07:46,3.05,0,0.08,0,0,6
2026-10-09 19:07:46,3.57,0,0.52,0,0,8
2026-10-09 19:07:46,3.66,0,0.1,0,0,8
2026-10-09 19:07:46,3.59,0,0.07,0,0,7
2026-10-09 19:07:46,3.95,0,0.36,0,0,8
2026-10-09 19:07:46,3.8,0,0.15,0,0,7
2026-10-09 19:07:46,3.65,0,0.14,0,0,7
2026-10-09 19:07:46,4.06,0,0.4,0,0,7
2026-10-09 19:07:46,2.99,0,1.06,0,0,6
2026-10-09 19:07:47,3.75,0,0.76,0,0,9
2026-10-09 19:07:47,3.32,0,0.43,0,0,7
2026-10-09 19:07:47,2.99,0,0.32,0,0,7
2026-10-09 19:07:47,3.24,0,0.24,0,0,7
2026-10-09 19:07:47,4.16,0,0.92,0,0,6
2026-10-09 19:07:47,2.85,0,1.31,0,0,6
2026-10-09 19:07:47,4.06,0,1.21,0,0,8
2026-10-09 19:07:47,3.63,0,0.43,0,0,8
2026-10-09 19:07:47,3.19,0,0.45,0,0,7
2026-10-09 19:07:48,4.04,0,0.85,0,0,7
2026-10-09 19:07:48,3.02,0,1.01,0,0,6
2026-10-09 19:07:48,3.87,0,0.84,0,0,8
2026-10-09 19:07:48,4.06,0,0.19,0,0,8
2026-10-09 19:07:48,3.38,0,0.68,0,0,5
2026-10-09 19:07:48,3.47,0,0.09,0,0,5
2026-10-09 19:07:48,3.13,0,0.34,0,0,7
2026-10-09 19:07:48,3.04,0,0.08,0,0,8
2026-10-09 19:07:48,3.82,0,0.78,0,0,7
2026-10-09 19:07:48,3.58,0,0.24,0,0,5
2026-10-09 19:07:49,4.0,0,0.42,0,0,8
2026-10-09 19:07:49,3.33,0,0.67,0,0,7
2026-10-09 19:07:49,3.49,0,0.15,0,0,7
2026-10-09 19:07:49,3.25,0,0.24,0,0,6
2026-10-09 19:07:49,3.37,0,0.12,0,0,6
2026-10-09 19:07:49,3.12,0,0.25,0,0,9
2026-10-09 19:07:49,3.07,0,0.05,0,0,8
2026-10-09 19:07:49,4.28,0,1.21,0,0,8
2026-10-09 19:07:49,3.06,0,1.23,0,0,7
2026-10-09 19:07:50,3.91,0,0.85,0,0,7
2026-10-09 19:07:50,4.22,0,0.31,0,0,8
2026-10-09 19:07:50,2.78,0,1.44,0,0,7
2026-10-09 19:07:50,2.37,0,0.41,0,0,5
2026-10-09 19:07:50,3.13,0,0.76,0,0,8
2026-10-09 19:07:50,3.37,0,0.24,0,0,8
2026-10-09 19:07:50,3.95,0,0.58,0,0,8
2026-10-09 19:07:50,3.76,0,0.18,0,0,8
2026-10-09 19:07:50,4.55,0,0.78,0,0,8
2026-10-09 19:07:50,3.46,0,1.08,0,0,6
2026-10-09 19:07:51,3.53,0,0.07,0,0,8
2026-10-09 19:07:51,3.51,0,0.02,0,0,7
2026-10-09 19:07:51,3.59,0,0.08,0,0,8
2026-10-09 19:07:51,3.64,0,0.05,0,0,9
2026-10-09 19:07:51,2.67,0,0.98,0,0,7
2026-10-09 19:07:51,3.15,0,0.49,0,0,7
2026-10-09 19:07:51,3.53,0,0.38,0,0,7
2026-10-09 19:07:51,3.22,0,0.31,0,0,7
2026-10-09 19:07:51,3.53,0,0.31,0,0,7
2026-10-09 19:07:52,3.23,0,0.3,0,0,8
2026-10-09 19:07:52,3.16,0,0.08,0,0,7
2026-10-09 19:07:52,4.28,0,1.13,0,0,6
2026-10-09 19:07:52,3.22,0,1.06,0,0,8
2026-10-09 19:07:52,3.49,0,0.27,0,0,8
2026-10-09 19:07:52,3.38,0,0.11,0,0,6
2026-10-09 19:07:52,3.17,0,0.21,0,0,7
2026-10-09 19:07:52,3.96,0,0.79,0,0,7
2026-10-09 19:07:52,2.6,0,1.36,0,0,6
2026-10-09 19:07:52,3.02,0,0.42,0,0,6
2026-10-09 19:07:53,2.87,0,0.15,0,0,6
2026-10-09 19:07:53,4.64,0,1.76,0,0,6
2026-10-09 19:07:53,3.42,0,1.22,0,0,6
2026-10-09 19:07:53,2.95,0,0.47,0,0,9
2026-10-09 19:07:53,2.96,0,0.01,0,0,7
2026-10-09 19:07:53,2.61,0,0.35,0,0,6
2026-10-09 19:07:53,3.58,0,0.98,0,0,6
2026-10-09 19:07:53,3.54,0,0.04,0,0,6
2026-10-09 19:07:53,3.52,0,0.02,0,0,6
2026-10-09 19:07:53,3.56,0,0.04,0,0,7
2026-10-09 19:07:54,3.77,0,0.21,0,0,8
2026-10-09 19:07:54,3.18,0,0.59,0,0,7
2026-10-09 19:07:54,3.61,0,0.43,0,0,8
2026-10-09 19:07:54,3.41,0,0.2,0,0,6
2026-10-09 19:07:54,3.37,0,0.03,0,0,5
2026-10-09 19:07:54,3.68,0,0.31,0,0,8
2026-10-09 19:07:54,2.86,0,0.82,0,0,6
2026-10-09 19:07:54,2.9,0,0.04,0,0,8
2026-10-09 19:07:54,3.55,0,0.65,0,0,8
2026-10-09 19:07:55,3.26,0,0.28,0,0,6
2026-10-09 19:07:55,3.72,0,0.46,0,0,9
2026-10-09 19:07:55,2.93,0,0.79,0,0,5
2026-10-09 19:07:55,3.67,0,0.74,0,0,7
2026-10-09 19:07:55,3.04,0,0.64,0,0,8
2026-10-09 19:07:55,3.03,0,0.01,0,0,6
2026-10-09 19:07:55,3.31,0,0.28,0,0,8
2026-10-09 19:07:55,4.21,0,0.9,0,0,8
2026-10-09 19:07:55,4.27,0,0.06,0,0,9
2026-10-09 19:07:55,3.62,0,0.65,0,0,6
2026-10-09 19:07:56,3.29,0,0.32,0,0,8
2026-10-09 19:07:56,3.66,0,0.37,0,0,6
2026-10-09 19:07:56,2.65,0,1.02,0,0,8
2026-10-09 19:07:56,3.43,0,0.78,0,0,8
2026-10-09 19:07:56,4.83,0,1.4,0,0,8
2026-10-09 19:07:56,3.36,0,1.47,0,0,6
2026-10-09 19:07:56,3.03,0,0.33,0,0,5
2026-10-09 19:07:56,3.03,0,0.01,0,0,7
2026-10-09 19:07:56,4.34,0,1.31,0,0,6
2026-10-09 19:07:57,3.06,0,1.28,0,0,8
2026-10-09 19:07:57,2.51,0,0.54,0,0,8
2026-10-09 19:07:57,2.88,0,0.36,0,0,7
2026-10-09 19:07:57,3.34,0,0.46,0,0,7
2026-10-09 19:07:57,3.54,0,0.2,0,0,8
2026-10-09 19:07:57,2.98,0,0.56,0,0,6
2026-10-09 19:07:57,4.23,0,1.24,0,0,8
2026-10-09 19:07:57,3.5,0,0.73,0,0,9
2026-10-09 19:07:57,3.67,0,0.16,0,0,8
2026-10-09 19:07:57,3.96,0,0.29,0,0,7
2026-10-09 19:07:58,3.23,0,0.73,0,0,8
2026-10-09 19:07:58,3.87,0,0.64,0,0,8
2026-10-09 19:07:58,3.22,0,0.65,0,0,6
2026-10-09 19:07:58,3.25,0,0.03,0,0,6
2026-10-09 19:07:58,3.81,0,0.56,0,0,8
2026-10-09 19:07:58,3.21,0,0.6,0,0,8
2026-10-09 19:07:58,3.01,0,0.2,0,0,6
2026-10-09 19:07:58,3.4,0,0.38,0,0,8
2026-10-09 19:07:58,3.42,0,0.03,0,0,6
2026-10-09 19:07:59,3.1,0,0.32,0,0,6
2026-10-09 19:07:59,3.62,0,0.52,0,0,7
2026-10-09 19:07:59,3.51,0,0.12,0,0,5
2026-10-09 19:07:59,2.89,0,0.62,0,0,8
2026-10-09 19:07:59,4.3,0,1.41,0,0,6
2026-10-09 19:07:59,3.61,0,0.69,0,0,6
2026-10-09 19:07:59,3.54,0,0.07,0,0,8
2026-10-09 19:07:59,3.62,0,0.08,0,0,6
2026-10-09 19:07:59,3.46,0,0.16,0,0,7
2026-10-09 19:07:59,3.34,0,0.12,0,0,8
2026-10-09 19:08:00,3.44,0,0.1,0,0,6
2026-10-09 19:08:00,3.68,0,0.24,0,0,6
2026-10-09 19:08:00,3.51,0,0.17,0,0,7
2026-10-09 19:08:00,4.6,0,1.09,0,0,6
2026-10-09 19:08:00,3.08,0,1.52,0,0,7
2026-10-09 19:08:00,2.9,0,0.18,0,0,7
2026-10-09 19:08:00,2.66,0,0.23,0,0,6
2026-10-09 19:08:00,3.77,0,1.1,0,0,6
2026-10-09 19:08:00,3.07,0,0.7,0,0,5
2026-10-09 19:08:01,3.26,0,0.19,0,0,7
2026-10-09 19:08:01,3.72,0,0.46,0,0,6
2026-10-09 19:08:01,3.53,0,0.19,0,0,7
2026-10-09 19:08:01,3.9,0,0.37,0,0,8
2026-10-09 19:08:01,3.89,0,0.01,0,0,7
2026-10-09 19:08:01,3.98,0,0.08,0,0,6
2026-10-09 19:08:01,4.57,0,0.59,0,0,8
2026-10-09 19:08:01,3.46,0,1.11,0,0,8
2026-10-09 19:08:01,3.57,0,0.11,0,0,7
2026-10-09 19:08:01,2.9,0,0.68,0,0,6
2026-10-09 19:08:02,4.18,0,1.29,0,0,8
2026-10-09 19:08:02,3.59,0,0.59,0,0,7
2026-10-09 19:08:02,3.12,0,0.47,0,0,8
2026-10-09 19:08:02,3.08,0,0.04,0,0,5
2026-10-09 19:08:02,3.72,0,0.64,0,0,8
2026-10-09 19:08:02,4.04,0,0.32,0,0,7
2026-10-09 19:08:02,3.07,0,0.97,0,0,8
2026-10-09 19:08:02,3.5,0,0.43,0,0,6
2026-10-09 19:08:02,2.84,0,0.66,0,0,8
2026-10-09 19:08:03,3.41,0,0.56,0,0,8
2026-10-09 19:08:03,2.74,0,0.67,0,0,6
2026-10-09 19:08:03,3.14,0,0.41,0,0,6
2026-10-09 19:08:03,3.33,0,0.19,0,0,8
2026-10-09 19:08:03,3.25,0,0.08,0,0,7
2026-10-09 19:08:03,3.79,0,0.53,0,0,8
2026-10-09 19:08:03,4.05,0,0.27,0,0,7
2026-10-09 19:08:03,4.26,0,0.2,0,0,7
2026-10-09 19:08:03,4.54,0,0.28,0,0,8
2026-10-09 19:08:03,3.42,0,1.11,0,0,7
2026-10-09 19:08:04,3.24,0,0.19,0,0,7
2026-10-09 19:08:04,3.39,0,0.16,0,0,8
2026-10-09 19:08:04,3.57,0,0.17,0,0,8
2026-10-09 19:08:04,3.48,0,0.09,0,0,6
2026-10-09 19:08:04,3.39,0,0.09,0,0,8
2026-10-09 19:08:04,4.12,0,0.74,0,0,8
2026-10-09 19:08:04,3.7,0,0.42,0,0,7
2026-10-09 19:08:04,3.97,0,0.27,0,0,8
2026-10-09 19:08:04,3.04,0,0.93,0,0,6
2026-10-09 19:08:05,3.67,0,0.63,0,0,7
2026-10-09 19:08:05,3.36,0,0.31,0,0,7
2026-10-09 19:08:05,3.5,0,0.14,0,0,8
2026-10-09 19:08:05,3.37,0,0.13,0,0,6
2026-10-09 19:08:05,3.57,0,0.2,0,0,7
2026-10-09 19:08:05,3.24,0,0.33,0,0,8
2026-10-09 19:08:05,3.89,0,0.64,0,0,9
2026-10-09 19:08:05,3.63,0,0.25,0,0,6
2026-10-09 19:08:05,2.93,0,0.71,0,0,7
2026-10-09 19:08:05,3.31,0,0.38,0,0,6
2026-10-09 19:08:06,3.36,0,0.05,0,0,6
2026-10-09 19:08:06,3.17,0,0.19,0,0,7
2026-10-09 19:08:06,3.3,0,0.12,0,0,7
2026-10-09 19:08:06,3.37,0,0.07,0,0,7
2026-10-09 19:08:06,3.79,0,0.43,0,0,7
2026-10-09 19:08:06,216.8,0,213.0,2,1,7
2026-10-09 19:08:06,4.77,0,212.03,2,0,7
2026-10-09 19:08:07,5.31,0,0.55,2,0,7
2026-10-09 19:08:07,5.0,0,0.31,2,0,7
2026-10-09 19:08:07,5.38,0,0.38,2,0,7
2026-10-09 19:08:07,5.49,0,0.11,2,0,7
2026-10-09 19:08:07,276.41,0,270.92,2,4,7
2026-10-09 19:08:07,5.15,0,271.26,2,0,7
2026-10-09 19:08:07,5.49,0,0.34,2,0,7
2026-10-09 19:08:09,5000.0,1,4994.51,2,3,3
2026-10-09 19:08:10,925.75,0,4074.25,2,1,10
2026-10-09 19:08:10,5.61,0,920.14,2,0,7
2026-10-09 19:08:10,223.45,0,217.84,2,1,7
2026-10-09 19:08:10,4.91,0,218.54,2,0,7
2026-10-09 19:08:10,4.85,0,0.06,2,0,6
2026-10-09 19:08:10,5.4,0,0.55,2,0,7
2026-10-09 19:08:10,5.1,0,0.3,2,0,7
2026-10-09 19:08:11,5.5,0,0.4,2,0,6
2026-10-09 19:08:11,5.91,0,0.41,2,0,6
2026-10-09 19:08:11,19.6,0,13.69,2,1,7
2026-10-09 19:08:11,5.5,0,14.1,2,0,6
2026-10-09 19:08:11,5.55,0,0.06,2,0,6
2026-10-09 19:08:11,5.53,0,0.03,2,0,7
2026-10-09 19:08:11,5.31,0,0.22,2,0,7
2026-10-09 19:08:11,5.71,0,0.4,2,0,7
2026-10-09 19:08:11,5.52,0,0.2,2,0,7
2026-10-09 19:08:11,4.54,0,0.98,2,0,7
2026-10-09 19:08:12,5.26,0,0.72,2,0,7
2026-10-09 19:08:12,4.92,0,0.34,2,0,7
2026-10-09 19:08:12,5.54,0,0.62,2,0,7
2026-10-09 19:08:12,5.87,0,0.33,2,0,6
2026-10-09 19:08:12,5.02,0,0.85,2,0,6
2026-10-09 19:08:12,5.37,0,0.36,2,0,6
2026-10-09 19:08:12,4.92,0,0.46,2,0,6
2026-10-09 19:08:12,4.89,0,0.03,2,0,5
2026-10-09 19:08:12,5.09,0,0.2,2,0,6
2026-10-09 19:08:13,5.25,0,0.16,2,0,6
2026-10-09 19:08:13,5.7,0,0.45,2,0,6
2026-10-09 19:08:13,5.64,0,0.07,2,0,6
2026-10-09 19:08:13,18.55,0,12.91,2,1,7
2026-10-09 19:08:13,5.37,0,13.17,2,0,6
2026-10-09 19:08:13,4.99,0,0.39,2,0,6
2026-10-09 19:08:13,228.32,0,223.34,2,2,5
2026-10-09 19:08:14,5.45,0,222.87,2,0,6
2026-10-09 19:08:14,18.47,0,13.03,2,1,7
2026-10-09 19:08:14,5.53,0,12.94,2,0,6
2026-10-09 19:08:14,23.24,0,17.71,2,2,7
2026-10-09 19:08:14,5.24,0,18.0,2,0,7
2026-10-09 19:08:14,21.62,0,16.38,2,1,7
2026-10-09 19:08:14,217.28,0,195.66,2,1,6
2026-10-09 19:08:15,6.06,0,211.22,2,0,7
2026-10-09 19:08:15,5.43,0,0.63,2,0,7
2026-10-09 19:08:15,5.48,0,0.05,2,0,7
2026-10-09 19:08:15,6.02,0,0.54,2,0,7
2026-10-09 19:08:15,25.28,0,19.26,2,2,7
2026-10-09 19:08:15,4.92,0,20.36,2,0,7
2026-10-09 19:08:15,5.23,0,0.31,2,0,7
2026-10-09 19:08:15,5.87,0,0.64,2,0,7
2026-10-09 19:08:15,5.58,0,0.29,2,0,6
2026-10-09 19:08:16,5.84,0,0.26,2,0,6
2026-10-09 19:08:16,5.11,0,0.73,2,0,6
2026-10-09 19:08:16,5.89,0,0.78,2,0,6
2026-10-09 19:08:16,17.74,0,11.85,2,1,7
2026-10-09 19:08:16,5.22,0,12.53,2,0,6
2026-10-09 19:08:16,4.97,0,0.25,2,0,5
2026-10-09 19:08:16,5.25,0,0.28,2,0,5
2026-10-09 19:08:16,5.38,0,0.13,2,0,6
2026-10-09 19:08:16,5.09,0,0.29,2,0,6
2026-10-09 19:08:17,5.09,0,0.01,2,0,6
2026-10-09 19:08:17,5.87,0,0.78,2,0,6
2026-10-09 19:08:17,4.84,0,1.03,2,0,6
2026-10-09 19:08:17,5.56,0,0.72,2,0,6
2026-10-09 19:08:17,5.74,0,0.18,2,0,6
2026-10-09 19:08:17,5.38,0,0.36,2,0,6
2026-10-09 19:08:18,5000.0,1,4994.62,2,3,5
2026-10-09 19:08:19,453.2,0,4546.8,2,1,6
2026-10-09 19:08:19,37.18,0,416.02,2,3,8
2026-10-09 19:08:19,219.87,0,182.7,2,2,7
2026-10-09 19:08:19,43.55,0,176.32,2,1,8
2026-10-09 19:08:19,5.14,0,38.41,2,0,7
2026-10-09 19:08:20,5.64,0,0.49,2,0,6
2026-10-09 19:08:20,6.01,0,0.37,2,0,7
2026-10-09 19:08:20,5.56,0,0.45,2,0,7
2026-10-09 19:08:20,5.35,0,0.21,2,0,7
2026-10-09 19:08:20,5.21,0,0.14,2,0,7
2026-10-09 19:08:20,4.98,0,0.23,2,0,7
2026-10-09 19:08:20,4.75,0,0.22,2,0,7
2026-10-09 19:08:20,231.25,0,226.5,2,1,6
2026-10-09 19:08:21,5.39,0,225.86,2,0,7
2026-10-09 19:08:21,5.36,0,0.02,2,0,7
2026-10-09 19:08:21,5.85,0,0.49,2,0,7
2026-10-09 19:08:21,5.23,0,0.62,2,0,7
2026-10-09 19:08:21,5.4,0,0.17,2,0,7
2026-10-09 19:08:21,5.85,0,0.45,2,0,7
2026-10-09 19:08:21,4.76,0,1.09,2,0,7
2026-10-09 19:08:22,429.39,0,424.63,2,2,7
2026-10-09 19:08:22,5.43,0,423.96,2,0,7
2026-10-09 19:08:22,237.57,0,232.14,2,4,6
2026-10-09 19:08:22,5.7,0,231.88,2,0,7
2026-10-09 19:08:22,4.6,0,1.1,2,0,7
2026-10-09 19:08:23,24.9,0,20.3,2,2,8
2026-10-09 19:08:23,233.1,0,208.19,2,1,7
2026-10-09 19:08:23,4.98,0,228.12,2,0,7
2026-10-09 19:08:23,4.97,0,0.01,2,0,7
2026-10-09 19:08:24,5000.0,1,4995.03,2,6,3
2026-10-09 19:08:25,667.88,0,4332.12,2,2,6
2026-10-09 19:08:25,5.06,0,662.82,2,0,8
2026-10-09 19:08:25,5.22,0,0.16,2,0,7
2026-10-09 19:08:25,5.54,0,0.33,2,0,7
2026-10-09 19:08:26,233.37,0,227.83,2,3,7
2026-10-09 19:08:26,5.62,0,227.75,2,0,7
2026-10-09 19:08:26,4.81,0,0.81,2,0,7
2026-10-09 19:08:26,5.44,0,0.63,2,0,7
2026-10-09 19:08:26,5.31,0,0.13,2,0,7
2026-10-09 19:08:26,5.4,0,0.09,2,0,7
2026-10-09 19:08:26,5.49,0,0.09,2,0,7
2026-10-09 19:08:26,5.36,0,0.13,2,0,7
2026-10-09 19:08:26,6.63,0,1.27,2,0,7
2026-10-09 19:08:27,7.12,0,0.49,2,0,7
2026-10-09 19:08:27,5.6,0,1.52,2,0,6
2026-10-09 19:08:27,6.24,0,0.65,2,0,6
2026-10-09 19:08:27,5.01,0,1.23,2,0,7
2026-10-09 19:08:27,6.07,0,1.06,2,0,6
2026-10-09 19:08:27,5.68,0,0.39,2,0,6
2026-10-09 19:08:27,5.58,0,0.1,2,0,6
2026-10-09 19:08:27,6.04,0,0.46,2,0,6
2026-10-09 19:08:27,5.33,0,0.7,2,0,6
2026-10-09 19:08:28,5.9,0,0.57,2,0,6
2026-10-09 19:08:28,5.57,0,0.33,2,0,6
2026-10-09 19:08:28,4.49,0,1.08,2,0,7
2026-10-09 19:08:28,5.6,0,1.11,2,0,6
2026-10-09 19:08:28,6.09,0,0.49,2,0,6
2026-10-09 19:08:28,4.98,0,1.12,2,0,7
2026-10-09 19:08:28,4.89,0,0.09,2,0,6
2026-10-09 19:08:28,5.1,0,0.22,2,0,6
2026-10-09 19:08:28,5.14,0,0.03,2,0,7
2026-10-09 19:08:29,5.53,0,0.39,2,0,6
2026-10-09 19:08:29,5.51,0,0.01,2,0,6
2026-10-09 19:08:29,5.15,0,0.37,2,0,6
2026-10-09 19:08:29,5.62,0,0.47,2,0,6
2026-10-09 19:08:29,5.31,0,0.3,2,0,6
2026-10-09 19:08:29,5.07,0,0.25,2,0,6
2026-10-09 19:08:29,5.07,0,0.0,2,0,6
2026-10-09 19:08:29,23.15,0,18.08,2,2,7
2026-10-09 19:08:29,5.43,0,17.72,2,0,6
2026-10-09 19:08:29,5.27,0,0.17,2,0,6
2026-10-09 19:08:30,5.66,0,0.39,2,0,6
2026-10-09 19:08:30,5.41,0,0.25,2,0,6
2026-10-09 19:08:30,22.3,0,16.89,2,2,7
2026-10-09 19:08:30,4.89,0,17.41,2,0,7
2026-10-09 19:08:30,4.82,0,0.06,2,0,6
2026-10-09 19:08:30,222.71,0,217.89,2,1,6
2026-10-09 19:08:30,5.79,0,216.92,2,0,7
2026-10-09 19:08:31,5.12,0,0.67,2,0,7
2026-10-09 19:08:31,5.53,0,0.41,2,0,7
2026-10-09 19:08:31,5.53,0,0.0,2,0,7
2026-10-09 19:08:31,5.12,0,0.4,2,0,7
2026-10-09 19:08:31,17.54,0,12.41,2,1,8
2026-10-09 19:08:31,5.62,0,11.92,2,0,7
2026-10-09 19:08:31,5.6,0,0.02,2,0,7
2026-10-09 19:08:31,5.27,0,0.33,2,0,6
2026-10-09 19:08:31,5.08,0,0.19,2,0,6
2026-10-09 19:08:32,5.46,0,0.37,2,0,6
2026-10-09 19:08:32,5.89,0,0.44,2,0,6
2026-10-09 19:08:32,4.95,0,0.95,2,0,5
2026-10-09 19:08:32,5.35,0,0.4,2,0,7
2026-10-09 19:08:32,6.53,0,1.18,2,0,7
2026-10-09 19:08:32,6.27,0,0.27,2,0,7
2026-10-09 19:08:33,648.8,0,642.53,2,3,8
2026-10-09 19:08:33,5.0,0,643.8,2,0,7
2026-10-09 19:08:33,5.13,0,0.13,2,0,7
2026-10-09 19:08:33,5.62,0,0.5,2,0,7
2026-10-09 19:08:33,4.58,0,1.05,2,0,7
2026-10-09 19:08:33,5.13,0,0.55,2,0,7
2026-10-09 19:08:33,17.14,0,12.0,2,1,8
2026-10-09 19:08:34,5.26,0,11.88,2,0,7
2026-10-09 19:08:34,4.95,0,0.31,2,0,7
2026-10-09 19:08:34,5.28,0,0.33,2,0,7
2026-10-09 19:08:34,5.03,0,0.26,2,0,7
2026-10-09 19:08:34,17.94,0,12.91,2,1,7
2026-10-09 19:08:34,5.27,0,12.67,2,0,7
2026-10-09 19:08:34,5.82,0,0.55,2,0,6
2026-10-09 19:08:34,5.26,0,0.55,2,0,6
2026-10-09 19:08:34,5.13,0,0.13,2,0,6
2026-10-09 19:08:35,5.5,0,0.37,2,0,6
2026-10-09 19:08:35,5.54,0,0.04,2,0,6
2026-10-09 19:08:35,22.53,0,16.99,2,2,6
2026-10-09 19:08:35,6.15,0,16.39,2,0,6
2026-10-09 19:08:35,5.36,0,0.79,2,0,6
2026-10-09 19:08:35,22.75,0,17.39,2,2,7
2026-10-09 19:08:35,5.2,0,17.55,2,0,6
2026-10-09 19:08:36,219.64,0,214.44,2,1,6
2026-10-09 19:08:36,5.39,0,214.25,2,0,7
2026-10-09 19:08:36,5.61,0,0.21,2,0,7
2026-10-09 19:08:36,5.33,0,0.27,2,0,7
2026-10-09 19:08:36,5.0,0,0.33,2,0,7
2026-10-09 19:08:36,3.67,0,1.33,0,0,7
2026-10-09 19:08:36,4.0,0,0.33,0,0,9
2026-10-09 19:08:36,2.52,0,1.48,0,0,6
2026-10-09 19:08:36,3.57,0,1.05,0,0,6
2026-10-09 19:08:37,3.8,0,0.23,0,0,7
2026-10-09 19:08:37,3.51,0,0.29,0,0,6
2026-10-09 19:08:37,3.29,0,0.22,0,0,6
2026-10-09 19:08:37,2.96,0,0.32,0,0,5
2026-10-09 19:08:37,4.14,0,1.17,0,0,6
2026-10-09 19:08:37,2.91,0,1.23,0,0,7
2026-10-09 19:08:37,4.33,0,1.42,0,0,7
2026-10-09 19:08:37,3.7,0,0.62,0,0,8
2026-10-09 19:08:37,3.41,0,0.29,0,0,6
2026-10-09 19:08:37,3.57,0,0.15,0,0,7
2026-10-09 19:08:38,4.6,0,1.03,0,0,6
2026-10-09 19:08:38,3.24,0,1.36,0,0,7
2026-10-09 19:08:38,3.67,0,0.43,0,0,6
2026-10-09 19:08:38,3.41,0,0.26,0,0,5
2026-10-09 19:08:38,4.35,0,0.94,0,0,7
2026-10-09 19:08:38,3.12,0,1.23,0,0,5
2026-10-09 19:08:38,3.2,0,0.08,0,0,6
2026-10-09 19:08:38,3.73,0,0.53,0,0,6
2026-10-09 19:08:38,4.39,0,0.66,0,0,9
2026-10-09 19:08:39,4.3,0,0.09,0,0,6
2026-10-09 19:08:39,2.85,0,1.45,0,0,5
2026-10-09 19:08:39,3.04,0,0.2,0,0,5
2026-10-09 19:08:39,2.42,0,0.62,0,0,6
2026-10-09 19:08:39,3.67,0,1.25,0,0,6
2026-10-09 19:08:39,3.31,0,0.37,0,0,8
2026-10-09 19:08:39,3.45,0,0.14,0,0,6
2026-10-09 19:08:39,3.94,0,0.49,0,0,8
2026-10-09 19:08:39,3.18,0,0.77,0,0,8
2026-10-09 19:08:39,3.6,0,0.42,0,0,7
2026-10-09 19:08:40,3.65,0,0.05,0,0,8
2026-10-09 19:08:40,3.58,0,0.07,0,0,8
2026-10-09 19:08:40,3.42,0,0.16,0,0,7
2026-10-09 19:08:40,4.01,0,0.59,0,0,7
2026-10-09 19:08:40,3.76,0,0.25,0,0,8
2026-10-09 19:08:40,3.56,0,0.2,0,0,7
2026-10-09 19:08:40,2.79,0,0.77,0,0,6
2026-10-09 19:08:40,3.97,0,1.18,0,0,7
2026-10-09 19:08:40,4.24,0,0.27,0,0,6
2026-10-09 19:08:40,3.74,0,0.5,0,0,8
2026-10-09 19:08:41,4.08,0,0.35,0,0,7
2026-10-09 19:08:41,3.71,0,0.37,0,0,9
2026-10-09 19:08:41,3.88,0,0.17,0,0,7
2026-10-09 19:08:41,4.73,0,0.85,0,0,7
2026-10-09 19:08:41,3.68,0,1.05,0,0,8
2026-10-09 19:08:41,4.18,0,0.5,0,0,6
2026-10-09 19:08:41,2.84,0,1.34,0,0,7
2026-10-09 19:08:41,3.28,0,0.44,0,0,6
2026-10-09 19:08:41,3.61,0,0.33,0,0,6
2026-10-09 19:08:42,3.36,0,0.25,0,0,8
2026-10-09 19:08:42,4.17,0,0.81,0,0,7
2026-10-09 19:08:42,3.25,0,0.92,0,0,8
2026-10-09 19:08:42,3.8,0,0.55,0,0,8
2026-10-09 19:08:42,4.22,0,0.42,0,0,7
2026-10-09 19:08:42,4.32,0,0.1,0,0,7
2026-10-09 19:08:42,3.24,0,1.08,0,0,6
2026-10-09 19:08:42,3.21,0,0.04,0,0,8
2026-10-09 19:08:42,3.18,0,0.03,0,0,8
2026-10-09 19:08:43,3.76,0,0.59,0,0,8
2026-10-09 19:08:43,2.82,0,0.94,0,0,6
2026-10-09 19:08:43,3.08,0,0.27,0,0,6
2026-10-09 19:08:43,3.84,0,0.75,0,0,5
2026-10-09 19:08:43,3.71,0,0.13,0,0,8
2026-10-09 19:08:43,3.51,0,0.2,0,0,6
2026-10-09 19:08:43,3.31,0,0.2,0,0,6
2026-10-09 19:08:43,4.22,0,0.92,0,0,8
2026-10-09 19:08:43,3.96,0,0.26,0,0,8
2026-10-09 19:08:43,3.3,0,0.66,0,0,6
2026-10-09 19:08:44,3.53,0,0.23,0,0,8
2026-10-09 19:08:44,3.61,0,0.08,0,0,7
2026-10-09 19:08:44,4.33,0,0.72,0,0,6
2026-10-09 19:08:44,3.88,0,0.45,0,0,7
2026-10-09 19:08:44,3.41,0,0.47,0,0,7
2026-10-09 19:08:44,3.2,0,0.22,0,0,6
2026-10-09 19:08:44,3.49,0,0.29,0,0,6
2026-10-09 19:08:44,2.22,0,1.27,0,0,9
2026-10-09 19:08:44,3.17,0,0.95,0,0,6
2026-10-09 19:08:44,3.42,0,0.25,0,0,8
2026-10-09 19:08:45,3.27,0,0.15,0,0,6
2026-10-09 19:08:45,3.32,0,0.05,0,0,7
2026-10-09 19:08:45,3.88,0,0.56,0,0,8
2026-10-09 19:08:45,3.64,0,0.24,0,0,7
2026-10-09 19:08:45,3.14,0,0.51,0,0,6
2026-10-09 19:08:45,4.13,0,1.0,0,0,8
2026-10-09 19:08:45,3.87,0,0.27,0,0,7
2026-10-09 19:08:45,3.13,0,0.74,0,0,9
2026-10-09 19:08:45,3.09,0,0.04,0,0,7
2026-10-09 19:08:46,3.24,0,0.15,0,0,7
2026-10-09 19:08:46,3.32,0,0.08,0,0,7
2026-10-09 19:08:46,4.01,0,0.7,0,0,7
2026-10-09 19:08:46,3.72,0,0.3,0,0,7
2026-10-09 19:08:46,3.85,0,0.13,0,0,8
2026-10-09 19:08:46,3.52,0,0.33,0,0,9
2026-10-09 19:08:46,4.52,0,0.99,0,0,8
2026-10-09 19:08:46,2.86,0,1.66,0,0,6
2026-10-09 19:08:46,3.64,0,0.78,0,0,8
2026-10-09 19:08:46,4.32,0,0.68,0,0,8
2026-10-09 19:08:47,3.57,0,0.74,0,0,7
2026-10-09 19:08:47,3.65,0,0.08,0,0,6
2026-10-09 19:08:47,2.88,0,0.77,0,0,9
2026-10-09 19:08:47,3.1,0,0.22,0,0,8
2026-10-09 19:08:47,4.0,0,0.9,0,0,8
2026-10-09 19:08:47,3.48,0,0.52,0,0,5
2026-10-09 19:08:47,4.02,0,0.55,0,0,6
2026-10-09 19:08:47,3.39,0,0.63,0,0,5
2026-10-09 19:08:47,3.54,0,0.15,0,0,7
2026-10-09 19:08:48,4.26,0,0.72,0,0,7
2026-10-09 19:08:48,4.93,0,0.67,0,0,8
2026-10-09 19:08:48,2.98,0,1.95,0,0,6
2026-10-09 19:08:48,4.84,0,1.86,0,0,8
2026-10-09 19:08:48,3.45,0,1.39,0,0,6
2026-10-09 19:08:48,3.45,0,0.01,0,0,7
2026-10-09 19:08:48,4.76,0,1.31,0,0,8
2026-10-09 19:08:48,3.34,0,1.42,0,0,8
2026-10-09 19:08:48,3.93,0,0.59,0,0,6
2026-10-09 19:08:48,2.98,0,0.95,0,0,7
2026-10-09 19:08:49,2.89,0,0.1,0,0,7
2026-10-09 19:08:49,2.64,0,0.25,0,0,8
2026-10-09 19:08:49,3.26,0,0.62,0,0,7
2026-10-09 19:08:49,3.38,0,0.12,0,0,6
2026-10-09 19:08:49,3.47,0,0.09,0,0,7
2026-10-09 19:08:49,3.01,0,0.46,0,0,6
2026-10-09 19:08:49,3.29,0,0.28,0,0,8
2026-10-09 19:08:49,3.39,0,0.1,0,0,7
2026-10-09 19:08:49,3.35,0,0.04,0,0,8
2026-10-09 19:08:50,2.9,0,0.45,0,0,5
2026-10-09 19:08:50,2.94,0,0.03,0,0,7
2026-10-09 19:08:50,3.01,0,0.07,0,0,8
2026-10-09 19:08:50,3.36,0,0.35,0,0,5
2026-10-09 19:08:50,4.02,0,0.66,0,0,6
2026-10-09 19:08:50,2.95,0,1.07,0,0,5
2026-10-09 19:08:50,4.26,0,1.32,0,0,7
2026-10-09 19:08:50,3.92,0,0.34,0,0,6
2026-10-09 19:08:50,2.79,0,1.13,0,0,6
2026-10-09 19:08:50,3.04,0,0.25,0,0,8
2026-10-09 19:08:51,3.69,0,0.65,0,0,8
2026-10-09 19:08:51,4.57,0,0.88,0,0,8
2026-10-09 19:08:51,3.37,0,1.2,0,0,7
2026-10-09 19:08:51,4.03,0,0.66,0,0,8
2026-10-09 19:08:51,4.1,0,0.07,0,0,8
2026-10-09 19:08:51,3.43,0,0.67,0,0,6
2026-10-09 19:08:51,3.82,0,0.38,0,0,8
2026-10-09 19:08:51,3.11,0,0.71,0,0,8
2026-10-09 19:08:51,3.65,0,0.54,0,0,6
2026-10-09 19:08:52,2.92,0,0.74,0,0,8
2026-10-09 19:08:52,3.65,0,0.74,0,0,7
2026-10-09 19:08:52,3.25,0,0.4,0,0,5
2026-10-09 19:08:52,3.45,0,0.2,0,0,8
2026-10-09 19:08:52,4.03,0,0.59,0,0,7
2026-10-09 19:08:52,3.27,0,0.76,0,0,6
2026-10-09 19:08:52,3.08,0,0.19,0,0,8
2026-10-09 19:08:52,3.37,0,0.29,0,0,8
2026-10-09 19:08:52,3.35,0,0.02,0,0,7
2026-10-09 19:08:52,4.77,0,1.42,0,0,6
2026-10-09 19:08:53,3.71,0,1.06,0,0,7
2026-10-09 19:08:53,3.6,0,0.11,0,0,8
2026-10-09 19:08:53,3.26,0,0.34,0,0,6
2026-10-09 19:08:53,3.6,0,0.34,0,0,8
2026-10-09 19:08:53,3.55,0,0.05,0,0,8
2026-10-09 19:08:53,3.99,0,0.44,0,0,6
2026-10-09 19:08:53,3.07,0,0.91,0,0,7
2026-10-09 19:08:53,3.3,0,0.22,0,0,6
2026-10-09 19:08:53,3.62,0,0.33,0,0,7
2026-10-09 19:08:54,3.61,0,0.01,0,0,8
2026-10-09 19:08:54,4.27,0,0.65,0,0,8
2026-10-09 19:08:54,3.4,0,0.87,0,0,6
2026-10-09 19:08:54,4.12,0,0.72,0,0,7
2026-10-09 19:08:54,3.02,0,1.1,0,0,8
2026-10-09 19:08:54,3.49,0,0.48,0,0,8
2026-10-09 19:08:54,3.42,0,0.08,0,0,6
2026-10-09 19:08:54,2.99,0,0.43,0,0,5
2026-10-09 19:08:54,2.94,0,0.05,0,0,6
2026-10-09 19:08:54,3.93,0,0.99,0,0,6
2026-10-09 19:08:55,2.84,0,1.08,0,0,7
2026-10-09 19:08:55,3.44,0,0.6,0,0,8
2026-10-09 19:08:55,3.37,0,0.08,0,0,5
2026-10-09 19:08:55,3.04,0,0.33,0,0,7
2026-10-09 19:08:55,3.79,0,0.76,0,0,7
2026-10-09 19:08:55,3.61,0,0.18,0,0,6
2026-10-09 19:08:55,3.99,0,0.38,0,0,6
2026-10-09 19:08:55,4.12,0,0.13,0,0,6
2026-10-09 19:08:55,4.04,0,0.08,0,0,7
2026-10-09 19:08:56,3.82,0,0.22,0,0,7
2026-10-09 19:08:56,3.12,0,0.7,0,0,8
2026-10-09 19:08:56,3.77,0,0.65,0,0,8
2026-10-09 19:08:56,3.87,0,0.09,0,0,6
2026-10-09 19:08:56,2.64,0,1.23,0,0,7
2026-10-09 19:08:56,3.48,0,0.84,0,0,7
2026-10-09 19:08:56,3.08,0,0.39,0,0,6
2026-10-09 19:08:56,3.33,0,0.25,0,0,5
2026-10-09 19:08:56,3.36,0,0.03,0,0,6
2026-10-09 19:08:56,2.88,0,0.48,0,0,7
2026-10-09 19:08:57,2.65,0,0.24,0,0,6
2026-10-09 19:08:57,3.51,0,0.86,0,0,7
2026-10-09 19:08:57,3.69,0,0.18,0,0,8
2026-10-09 19:08:57,3.19,0,0.5,0,0,5
2026-10-09 19:08:57,3.4,0,0.21,0,0,8
2026-10-09 19:08:57,2.83,0,0.57,0,0,7
2026-10-09 19:08:57,3.37,0,0.54,0,0,6
2026-10-09 19:08:57,3.55,0,0.18,0,0,7
2026-10-09 19:08:57,4.32,0,0.77,0,0,8
2026-10-09 19:08:57,3.8,0,0.52,0,0,7
2026-10-09 19:08:58,3.23,0,0.57,0,0,8
2026-10-09 19:08:58,4.26,0,1.02,0,0,6
2026-10-09 19:08:58,3.82,0,0.43,0,0,7
2026-10-09 19:08:58,3.16,0,0.66,0,0,8
2026-10-09 19:08:58,3.83,0,0.67,0,0,8
2026-10-09 19:08:58,3.49,0,0.34,0,0,8
2026-10-09 19:08:58,3.37,0,0.13,0,0,6
2026-10-09 19:08:58,3.97,0,0.6,0,0,7
2026-10-09 19:08:58,3.18,0,0.79,0,0,7
2026-10-09 19:08:59,3.22,0,0.04,0,0,6
2026-10-09 19:08:59,2.93,0,0.29,0,0,8
2026-10-09 19:08:59,3.63,0,0.7,0,0,6
2026-10-09 19:08:59,3.16,0,0.47,0,0,6
2026-10-09 19:08:59,3.02,0,0.14,0,0,6
2026-10-09 19:08:59,3.64,0,0.62,0,0,9
2026-10-09 19:08:59,3.79,0,0.14,0,0,6
2026-10-09 19:08:59,3.27,0,0.51,0,0,8
2026-10-09 19:08:59,3.13,0,0.14,0,0,8
2026-10-09 19:08:59,3.5,0,0.37,0,0,7
2026-10-09 19:09:00,2.89,0,0.61,0,0,7
2026-10-09 19:09:00,3.32,0,0.43,0,0,6
2026-10-09 19:09:00,3.38,0,0.06,0,0,8
2026-10-09 19:09:00,4.26,0,0.88,0,0,7
2026-10-09 19:09:00,2.72,0,1.54,0,0,8
2026-10-09 19:09:00,2.81,0,0.1,0,0,9
2026-10-09 19:09:00,2.53,0,0.28,0,0,6
2026-10-09 19:09:00,2.78,0,0.25,0,0,8
2026-10-09 19:09:00,3.05,0,0.28,0,0,7
2026-10-09 19:09:01,3.12,0,0.07,0,0,5
2026-10-09 19:09:01,3.1,0,0.02,0,0,8
2026-10-09 19:09:01,3.67,0,0.56,0,0,6
2026-10-09 19:09:01,3.98,0,0.32,0,0,7
2026-10-09 19:09:01,3.27,0,0.71,0,0,7
2026-10-09 19:09:01,3.56,0,0.29,0,0,5
2026-10-09 19:09:01,2.84,0,0.71,0,0,7
2026-10-09 19:09:01,4.36,0,1.52,0,0,7
2026-10-09 19:09:01,3.98,0,0.39,0,0,6
2026-10-09 19:09:01,4.3,0,0.32,0,0,8
2026-10-09 19:09:02,4.11,0,0.19,0,0,8
2026-10-09 19:09:02,2.5,0,1.61,0,0,8
2026-10-09 19:09:02,2.8,0,0.3,0,0,8
2026-10-09 19:09:02,2.96,0,0.16,0,0,6
2026-10-09 19:09:02,3.94,0,0.97,0,0,8
2026-10-09 19:09:02,3.35,0,0.59,0,0,8
2026-10-09 19:09:02,3.36,0,0.01,0,0,8
2026-10-09 19:09:02,3.19,0,0.16,0,0,8
2026-10-09 19:09:02,3.96,0,0.77,0,0,8
2026-10-09 19:09:03,3.71,0,0.26,0,0,8
2026-10-09 19:09:03,3.37,0,0.34,0,0,6
2026-10-09 19:09:03,4.6,0,1.23,0,0,7
2026-10-09 19:09:03,3.55,0,1.05,0,0,8
2026-10-09 19:09:03,2.99,0,0.56,0,0,8
2026-10-09 19:09:03,3.32,0,0.34,0,0,8
2026-10-09 19:09:03,3.06,0,0.27,0,0,9
2026-10-09 19:09:03,2.17,0,0.88,0,0,6
2026-10-09 19:09:03,3.36,0,1.19,0,0,8
2026-10-09 19:09:03,3.65,0,0.29,0,0,8
2026-10-09 19:09:04,3.0,0,0.65,0,0,7
2026-10-09 19:09:04,2.65,0,0.35,0,0,6
2026-10-09 19:09:04,4.23,0,1.57,0,0,8
2026-10-09 19:09:04,4.43,0,0.2,0,0,8
2026-10-09 19:09:04,4.46,0,0.03,0,0,6
2026-10-09 19:09:04,3.55,0,0.91,0,0,6
2026-10-09 19:09:04,3.17,0,0.38,0,0,9
2026-10-09 19:09:04,3.77,0,0.6,0,0,5
2026-10-09 19:09:04,3.21,0,0.56,0,0,6
2026-10-09 19:09:05,5.85,0,2.65,0,0,7
2026-10-09 19:09:05,4.03,0,1.82,0,0,8
2026-10-09 19:09:05,3.02,0,1.02,0,0,6
2026-10-09 19:09:05,4.13,0,1.11,0,0,7
2026-10-09 19:09:05,3.37,0,0.76,0,0,6
2026-10-09 19:09:05,3.74,0,0.37,0,0,8
2026-10-09 19:09:05,3.25,0,0.5,0,0,9
2026-10-09 19:09:05,2.23,0,1.01,0,0,6
2026-10-09 19:09:05,3.89,0,1.66,0,0,7
2026-10-09 19:09:05,2.91,0,0.98,0,0,8
2026-10-09 19:09:06,3.56,0,0.65,0,0,8
2026-10-09 19:09:06,3.95,0,0.38,0,0,6
2026-10-09 19:09:06,3.67,0,0.28,0,0,9
2026-10-09 19:09:06,3.44,0,0.23,0,0,8
2026-10-09 19:09:06,2.99,0,0.45,0,0,8
2026-10-09 19:09:06,2.61,0,0.38,3,0,8
2026-10-09 19:09:06,3.74,0,1.13,3,0,7
2026-10-09 19:09:06,2.9,0,0.84,3,0,8
2026-10-09 19:09:06,4.14,0,1.23,3,0,8
2026-10-09 19:09:07,3.84,0,0.3,3,0,8
2026-10-09 19:09:07,2.39,0,1.44,3,0,6
2026-10-09 19:09:07,2.96,0,0.57,3,0,8
2026-10-09 19:09:07,4.83,0,1.86,3,0,9
2026-10-09 19:09:07,3.59,0,1.24,3,0,8
2026-10-09 19:09:07,2.96,0,0.63,3,0,8
2026-10-09 19:09:07,3.93,0,0.98,3,0,7
2026-10-09 19:09:07,4.03,0,0.1,3,0,6
2026-10-09 19:09:07,3.44,0,0.59,3,0,8
2026-10-09 19:09:07,3.3,0,0.14,3,0,8
2026-10-09 19:09:08,3.1,0,0.2,3,0,6
2026-10-09 19:09:08,3.64,0,0.54,3,0,5
2026-10-09 19:09:08,2.81,0,0.82,3,0,7
2026-10-09 19:09:08,2.93,0,0.12,3,0,5
2026-10-09 19:09:08,2.97,0,0.03,3,0,7
2026-10-09 19:09:08,3.88,0,0.91,3,0,6
2026-10-09 19:09:08,2.93,0,0.95,3,0,6
2026-10-09 19:09:08,3.64,0,0.71,3,0,7
2026-10-09 19:09:08,3.92,0,0.27,3,0,6
2026-10-09 19:09:09,2.97,0,0.94,3,0,6
2026-10-09 19:09:09,3.1,0,0.12,3,0,8
2026-10-09 19:09:09,2.88,0,0.22,3,0,7
2026-10-09 19:09:09,3.22,0,0.33,3,0,8
2026-10-09 19:09:09,3.38,0,0.16,3,0,8
2026-10-09 19:09:09,4.09,0,0.71,3,0,7
2026-10-09 19:09:09,3.45,0,0.64,3,0,6
2026-10-09 19:09:09,3.63,0,0.18,3,0,6
2026-10-09 19:09:09,3.7,0,0.08,3,0,6
2026-10-09 19:09:09,3.93,0,0.23,3,0,9
2026-10-09 19:09:10,3.33,0,0.6,3,0,7
2026-10-09 19:09:10,3.33,0,0.01,3,0,7
2026-10-09 19:09:10,3.34,0,0.01,3,0,6
2026-10-09 19:09:10,2.91,0,0.43,3,0,7
2026-10-09 19:09:10,2.99,0,0.09,3,0,7
2026-10-09 19:09:10,3.36,0,0.36,3,0,6
2026-10-09 19:09:10,3.36,0,0.0,3,0,7
2026-10-09 19:09:10,2.79,0,0.56,3,0,5
2026-10-09 19:09:10,2.97,0,0.18,3,0,7
2026-10-09 19:09:10,4.29,0,1.32,3,0,9
2026-10-09 19:09:11,3.21,0,1.09,3,0,7
2026-10-09 19:09:11,3.56,0,0.35,3,0,7
2026-10-09 19:09:11,3.15,0,0.41,3,0,6
2026-10-09 19:09:11,3.39,0,0.24,3,0,6
2026-10-09 19:09:11,3.09,0,0.3,3,0,8
2026-10-09 19:09:12,5000.0,1,4996.91,3,2,6
2026-10-09 19:09:13,5000.0,1,0.0,3,1,4
2026-10-09 19:09:14,5000.0,1,0.0,3,0,2
2026-10-09 19:09:15,5000.0,1,0.0,3,1,0
2026-10-09 19:09:17,5000.0,1,0.0,3,0,0
2026-10-09 19:09:18,5000.0,1,0.0,3,0,0
2026-10-09 19:09:19,5000.0,1,0.0,3,1,0
2026-10-09 19:09:20,5000.0,1,0.0,3,0,0
2026-10-09 19:09:21,5000.0,1,0.0,3,0,0
2026-10-09 19:09:22,5000.0,1,0.0,3,0,0
2026-10-09 19:09:23,5000.0,1,0.0,3,0,0
2026-10-09 19:09:24,5000.0,1,0.0,3,0,0
2026-10-09 19:09:25,5000.0,1,0.0,3,0,0
2026-10-09 19:09:26,5000.0,1,0.0,0,1,0
2026-10-09 19:09:28,5000.0,1,0.0,0,0,0
2026-10-09 19:09:29,5000.0,1,0.0,0,0,0
2026-10-09 19:09:30,5000.0,1,0.0,0,0,0
2026-10-09 19:09:31,5000.0,1,0.0,0,0,0
2026-10-09 19:09:32,5000.0,1,0.0,0,0,0
2026-10-09 19:09:33,5000.0,1,0.0,0,0,0
2026-10-09 19:09:34,5000.0,1,0.0,0,0,0
2026-10-09 19:09:35,5000.0,1,0.0,0,0,0
2026-10-09 19:09:36,5000.0,1,0.0,0,0,0
2026-10-09 19:09:37,5000.0,1,0.0,0,0,0
2026-10-09 19:09:39,5000.0,1,0.0,0,0,0
2026-10-09 19:09:40,5000.0,1,0.0,0,0,0
2026-10-09 19:09:41,5000.0,1,0.0,0,0,0
2026-10-09 19:09:41,6.03,0,4993.97,0,0,7
2026-10-09 19:09:41,4.33,0,1.7,0,0,7
2026-10-09 19:09:41,4.1,0,0.23,0,0,7
2026-10-09 19:09:41,3.62,0,0.48,0,0,7
2026-10-09 19:09:41,3.13,0,0.49,0,0,8
2026-10-09 19:09:41,3.48,0,0.35,0,0,7
2026-10-09 19:09:42,4.03,0,0.55,0,0,6
2026-10-09 19:09:42,2.53,0,1.49,0,0,9
2026-10-09 19:09:42,4.43,0,1.9,0,0,7
2026-10-09 19:09:42,3.98,0,0.45,0,0,7
2026-10-09 19:09:42,2.8,0,1.18,0,0,6
2026-10-09 19:09:42,3.69,0,0.89,0,0,8
2026-10-09 19:09:42,3.72,0,0.03,0,0,8
2026-10-09 19:09:42,3.54,0,0.18,0,0,8
2026-10-09 19:09:42,3.13,0,0.41,0,0,6
2026-10-09 19:09:42,3.13,0,0.01,0,0,7
2026-10-09 19:09:43,4.1,0,0.97,0,0,8
2026-10-09 19:09:43,2.93,0,1.17,0,0,6
2026-10-09 19:09:43,4.46,0,1.54,0,0,7
2026-10-09 19:09:43,2.53,0,1.93,0,0,6
2026-10-09 19:09:43,3.31,0,0.78,0,0,9
2026-10-09 19:09:43,2.88,0,0.43,0,0,7
2026-10-09 19:09:43,3.56,0,0.68,0,0,7
2026-10-09 19:09:43,3.17,0,0.4,0,0,8
2026-10-09 19:09:43,3.92,0,0.76,0,0,8
2026-10-09 19:09:44,3.96,0,0.04,0,0,7
2026-10-09 19:09:44,3.44,0,0.51,0,0,8
2026-10-09 19:09:44,3.39,0,0.06,0,0,7
2026-10-09 19:09:44,3.26,0,0.13,0,0,8
2026-10-09 19:09:44,3.38,0,0.12,0,0,8
2026-10-09 19:09:44,3.84,0,0.47,0,0,8
2026-10-09 19:09:44,3.4,0,0.45,0,0,7
2026-10-09 19:09:44,3.21,0,0.18,0,0,8
2026-10-09 19:09:44,2.65,0,0.56,0,0,7
2026-10-09 19:09:44,3.12,0,0.47,0,0,6
2026-10-09 19:09:45,3.73,0,0.61,0,0,6
2026-10-09 19:09:45,3.44,0,0.29,0,0,6
2026-10-09 19:09:45,3.92,0,0.48,0,0,7
2026-10-09 19:09:45,3.32,0,0.59,0,0,6
2026-10-09 19:09:45,3.57,0,0.24,0,0,9
2026-10-09 19:09:45,3.87,0,0.3,0,0,6
2026-10-09 19:09:45,3.36,0,0.51,0,0,6
2026-10-09 19:09:45,3.77,0,0.41,0,0,6
2026-10-09 19:09:45,3.64,0,0.13,0,0,8
2026-10-09 19:09:46,4.14,0,0.49,0,0,8
2026-10-09 19:09:46,3.43,0,0.71,0,0,7
2026-10-09 19:09:46,3.27,0,0.16,0,0,8
2026-10-09 19:09:46,3.56,0,0.29,0,0,6
2026-10-09 19:09:46,2.94,0,0.62,0,0,5
2026-10-09 19:09:46,2.93,0,0.01,0,0,7
2026-10-09 19:09:46,3.16,0,0.23,0,0,9
2026-10-09 19:09:46,2.74,0,0.42,0,0,6
2026-10-09 19:09:46,3.81,0,1.06,0,0,8
2026-10-09 19:09:46,3.01,0,0.79,0,0,5
2026-10-09 19:09:47,2.8,0,0.21,0,0,7
2026-10-09 19:09:47,4.27,0,1.47,0,0,7
2026-10-09 19:09:47,3.06,0,1.2,0,0,8
2026-10-09 19:09:47,2.66,0,0.4,0,0,7
2026-10-09 19:09:47,3.22,0,0.56,0,0,8
2026-10-09 19:09:47,3.7,0,0.48,0,0,6
2026-10-09 19:09:47,3.5,0,0.2,0,0,8
2026-10-09 19:09:47,3.34,0,0.16,0,0,8
2026-10-09 19:09:47,3.28,0,0.06,0,0,7
2026-10-09 19:09:48,3.66,0,0.38,0,0,6
2026-10-09 19:09:48,3.22,0,0.44,0,0,6
2026-10-09 19:09:48,4.2,0,0.98,0,0,8
2026-10-09 19:09:48,3.71,0,0.49,0,0,8
2026-10-09 19:09:48,3.48,0,0.22,0,0,8
2026-10-09 19:09:48,3.89,0,0.41,0,0,8
2026-10-09 19:09:48,2.65,0,1.25,0,0,6
2026-10-09 19:09:48,3.78,0,1.14,0,0,8
2026-10-09 19:09:48,3.47,0,0.31,0,0,8
2026-10-09 19:09:48,3.36,0,0.11,0,0,8
2026-10-09 19:09:49,3.63,0,0.27,0,0,6
2026-10-09 19:09:49,4.06,0,0.43,0,0,6
2026-10-09 19:09:49,3.22,0,0.85,0,0,8
2026-10-09 19:09:49,3.67,0,0.46,0,0,6
2026-10-09 19:09:49,2.84,0,0.84,0,0,8
2026-10-09 19:09:49,3.28,0,0.45,0,0,6
2026-10-09 19:09:49,3.38,0,0.09,0,0,5
2026-10-09 19:09:49,3.96,0,0.59,0,0,7
2026-10-09 19:09:49,2.96,0,1.01,0,0,8
2026-10-09 19:09:49,4.35,0,1.39,0,0,8
2026-10-09 19:09:50,3.27,0,1.08,0,0,6
2026-10-09 19:09:50,3.4,0,0.14,0,0,7
2026-10-09 19:09:50,3.11,0,0.29,0,0,7
2026-10-09 19:09:50,3.54,0,0.43,0,0,7
2026-10-09 19:09:50,3.36,0,0.18,0,0,7
2026-10-09 19:09:50,3.32,0,0.04,0,0,6
2026-10-09 19:09:50,2.8,0,0.52,0,0,6
2026-10-09 19:09:50,2.75,0,0.05,0,0,6
2026-10-09 19:09:50,3.48,0,0.73,0,0,6
2026-10-09 19:09:51,3.71,0,0.23,0,0,7
2026-10-09 19:09:51,2.93,0,0.78,0,0,8
2026-10-09 19:09:51,2.9,0,0.03,0,0,8
2026-10-09 19:09:51,3.35,0,0.44,0,0,6
2026-10-09 19:09:51,2.72,0,0.63,0,0,7
2026-10-09 19:09:51,3.88,0,1.16,0,0,8
2026-10-09 19:09:51,3.22,0,0.66,0,0,6
2026-10-09 19:09:51,3.57,0,0.35,0,0,6
2026-10-09 19:09:51,3.49,0,0.08,0,0,7
2026-10-09 19:09:51,3.89,0,0.4,0,0,8
2026-10-09 19:09:52,3.07,0,0.82,0,0,7
2026-10-09 19:09:52,3.42,0,0.35,0,0,6
2026-10-09 19:09:52,2.9,0,0.52,0,0,7
2026-10-09 19:09:52,3.78,0,0.88,0,0,7
2026-10-09 19:09:52,4.29,0,0.5,0,0,8
2026-10-09 19:09:52,3.86,0,0.42,0,0,7
2026-10-09 19:09:52,3.53,0,0.33,0,0,8
2026-10-09 19:09:52,3.14,0,0.4,0,0,7
2026-10-09 19:09:52,3.6,0,0.46,0,0,7
2026-10-09 19:09:53,3.96,0,0.36,0,0,7
2026-10-09 19:09:53,2.9,0,1.06,0,0,6
2026-10-09 19:09:53,3.11,0,0.21,0,0,6
2026-10-09 19:09:53,3.21,0,0.1,0,0,5
2026-10-09 19:09:53,3.49,0,0.28,0,0,6
2026-10-09 19:09:53,2.32,0,1.17,0,0,7
2026-10-09 19:09:53,3.02,0,0.7,0,0,7
2026-10-09 19:09:53,3.56,0,0.54,0,0,7
2026-10-09 19:09:53,4.13,0,0.57,0,0,8
2026-10-09 19:09:53,3.7,0,0.43,0,0,7
2026-10-09 19:09:54,2.96,0,0.74,0,0,7
2026-10-09 19:09:54,3.78,0,0.82,0,0,8
2026-10-09 19:09:54,3.65,0,0.13,0,0,7
2026-10-09 19:09:54,4.53,0,0.88,0,0,7
2026-10-09 19:09:54,3.0,0,1.53,0,0,9
2026-10-09 19:09:54,3.28,0,0.28,0,0,8
2026-10-09 19:09:54,2.63,0,0.65,0,0,7
2026-10-09 19:09:54,3.0,0,0.37,0,0,8
2026-10-09 19:09:54,3.89,0,0.9,0,0,8
2026-10-09 19:09:55,2.82,0,1.07,0,0,7
2026-10-09 19:09:55,4.22,0,1.4,0,0,7
2026-10-09 19:09:55,2.59,0,1.64,0,0,6
2026-10-09 19:09:55,4.49,0,1.9,0,0,8
2026-10-09 19:09:55,3.66,0,0.83,0,0,6
2026-10-09 19:09:55,2.71,0,0.95,0,0,6
2026-10-09 19:09:55,3.96,0,1.25,0,0,7
2026-10-09 19:09:55,3.31,0,0.64,0,0,7
2026-10-09 19:09:55,3.04,0,0.28,0,0,7
2026-10-09 19:09:55,4.19,0,1.16,0,0,8
2026-10-09 19:09:56,3.03,0,1.16,0,0,8
2026-10-09 19:09:56,3.82,0,0.79,0,0,6
2026-10-09 19:09:56,2.99,0,0.83,0,0,9
2026-10-09 19:09:56,3.85,0,0.86,0,0,8
2026-10-09 19:09:56,3.37,0,0.48,0,0,7
2026-10-09 19:09:56,3.23,0,0.14,0,0,5
2026-10-09 19:09:57,340.49,0,337.26,1,1,10
2026-10-09 19:09:57,276.6,0,63.89,1,1,8
2026-10-09 19:09:57,295.51,0,18.91,1,0,6
2026-10-09 19:09:58,281.57,0,13.94,1,0,9
2026-10-09 19:09:58,310.16,0,28.59,1,1,11
2026-10-09 19:09:59,308.01,0,2.15,1,0,8
2026-10-09 19:09:59,233.21,0,74.8,1,0,9
2026-10-09 19:09:59,371.47,0,138.26,1,0,7
2026-10-09 19:10:00,332.92,0,38.55,1,0,6
2026-10-09 19:10:00,220.82,0,112.1,1,0,6
2026-10-09 19:10:01,336.74,0,115.92,1,0,8
2026-10-09 19:10:01,234.17,0,102.56,1,0,6
2026-10-09 19:10:01,252.3,0,18.12,1,0,6
2026-10-09 19:10:02,212.53,0,39.77,1,0,8
2026-10-09 19:10:02,261.12,0,48.59,1,0,10
2026-10-09 19:10:02,340.25,0,79.13,1,0,8
2026-10-09 19:10:03,318.56,0,21.69,1,0,6
2026-10-09 19:10:03,270.33,0,48.22,1,0,7
2026-10-09 19:10:04,316.02,0,45.68,1,0,6
2026-10-09 19:10:04,253.41,0,62.61,1,0,7
2026-10-09 19:10:04,298.35,0,44.94,1,0,6
2026-10-09 19:10:05,154.05,0,144.29,1,0,8
2026-10-09 19:10:05,342.13,0,188.08,1,0,8
2026-10-09 19:10:05,318.46,0,23.67,1,0,7
2026-10-09 19:10:06,328.57,0,10.11,1,0,9
2026-10-09 19:10:06,305.35,0,23.22,1,0,8
2026-10-09 19:10:07,265.2,0,40.15,1,0,6
2026-10-09 19:10:07,213.19,0,52.01,1,0,6
2026-10-09 19:10:07,281.1,0,67.91,1,0,6
2026-10-09 19:10:08,233.35,0,47.75,1,1,8
2026-10-09 19:10:08,240.76,0,7.41,1,0,8
2026-10-09 19:10:08,303.75,0,62.99,1,0,8
2026-10-09 19:10:09,308.73,0,4.99,1,0,7
2026-10-09 19:10:09,283.12,0,25.62,1,0,8
2026-10-09 19:10:10,266.36,0,16.76,1,0,7
2026-10-09 19:10:10,305.93,0,39.57,1,0,9
2026-10-09 19:10:10,344.64,0,38.71,1,0,6
2026-10-09 19:10:11,298.05,0,46.59,1,0,6
2026-10-09 19:10:11,322.97,0,24.93,1,0,6
2026-10-09 19:10:12,281.35,0,41.63,1,0,6
2026-10-09 19:10:12,210.94,0,70.4,1,0,9
2026-10-09 19:10:12,290.42,0,79.47,1,0,9
2026-10-09 19:10:13,275.11,0,15.3,1,0,6
2026-10-09 19:10:13,182.04,0,93.07,1,0,6
2026-10-09 19:10:13,333.46,0,151.42,1,0,6
2026-10-09 19:10:14,304.98,0,28.48,1,0,6
2026-10-09 19:10:14,267.9,0,37.08,1,0,8
2026-10-09 19:10:15,251.29,0,16.61,1,0,6
2026-10-09 19:10:15,339.38,0,88.09,1,0,8
2026-10-09 19:10:15,222.07,0,117.3,1,0,6
2026-10-09 19:10:16,226.2,0,4.13,1,0,6
2026-10-09 19:10:16,281.79,0,55.59,1,1,9
2026-10-09 19:10:16,329.26,0,47.46,1,0,7
2026-10-09 19:10:17,305.98,0,23.28,1,2,9
2026-10-09 19:10:17,312.89,0,6.91,1,0,9
2026-10-09 19:10:18,283.01,0,29.89,1,0,6
2026-10-09 19:10:18,235.46,0,47.54,1,0,8
2026-10-09 19:10:18,277.46,0,41.99,1,0,6
2026-10-09 19:10:19,323.09,0,45.63,1,0,8
2026-10-09 19:10:19,271.98,0,51.1,1,0,10
2026-10-09 19:10:20,273.55,0,1.57,1,1,8
2026-10-09 19:10:20,287.23,0,13.68,1,1,11
2026-10-09 19:10:20,233.1,0,54.13,1,0,6
2026-10-09 19:10:21,239.59,0,6.49,1,0,6
2026-10-09 19:10:21,202.88,0,36.71,1,0,6
2026-10-09 19:10:21,156.09,0,46.78,1,0,8
2026-10-09 19:10:22,273.68,0,117.59,1,1,9
2026-10-09 19:10:22,278.92,0,5.23,1,0,7
2026-10-09 19:10:22,270.41,0,8.51,1,2,9
2026-10-09 19:10:23,293.14,0,22.73,1,0,7
2026-10-09 19:10:23,256.58,0,36.56,1,0,7
2026-10-09 19:10:23,269.01,0,12.43,1,0,6
2026-10-09 19:10:24,298.54,0,29.53,1,0,8
2026-10-09 19:10:24,332.91,0,34.36,1,0,7
2026-10-09 19:10:25,203.57,0,129.33,1,0,6
2026-10-09 19:10:25,234.01,0,30.44,1,0,8
2026-10-09 19:10:25,242.62,0,8.61,1,0,8
2026-10-09 19:10:26,283.52,0,40.9,1,0,10
2026-10-09 19:10:26,213.99,0,69.53,1,0,6
2026-10-09 19:10:27,581.59,0,367.6,0,3,7
2026-10-09 19:10:27,2.47,0,579.12,0,0,9
2026-10-09 19:10:27,3.43,0,0.96,0,0,8
2026-10-09 19:10:27,3.3,0,0.13,0,0,8
2026-10-09 19:10:27,3.44,0,0.14,0,0,8
2026-10-09 19:10:27,3.15,0,0.29,0,0,7
2026-10-09 19:10:27,2.44,0,0.71,0,0,9
2026-10-09 19:10:27,3.27,0,0.83,0,0,6
2026-10-09 19:10:27,3.72,0,0.45,0,0,8
2026-10-09 19:10:28,3.37,0,0.34,0,0,8
2026-10-09 19:10:28,3.98,0,0.61,0,0,7
2026-10-09 19:10:28,4.25,0,0.27,0,0,8
2026-10-09 19:10:28,2.87,0,1.38,0,0,6
2026-10-09 19:10:28,4.18,0,1.31,0,0,7
2026-10-09 19:10:28,2.77,0,1.41,0,0,5
2026-10-09 19:10:28,3.24,0,0.47,0,0,7
2026-10-09 19:10:28,2.93,0,0.31,0,0,8
2026-10-09 19:10:28,3.12,0,0.19,0,0,6
2026-10-09 19:10:29,3.57,0,0.45,0,0,5
2026-10-09 19:10:29,4.72,0,1.14,0,0,8
2026-10-09 19:10:29,4.35,0,0.37,0,0,8
2026-10-09 19:10:29,3.09,0,1.26,0,0,6
2026-10-09 19:10:29,3.06,0,0.02,0,0,7
2026-10-09 19:10:29,2.63,0,0.43,0,0,5
2026-10-09 19:10:29,2.76,0,0.13,0,0,7
2026-10-09 19:10:29,3.34,0,0.58,0,0,8
2026-10-09 19:10:29,3.38,0,0.04,0,0,7
2026-10-09 19:10:29,2.73,0,0.65,0,0,9
2026-10-09 19:10:30,3.66,0,0.93,0,0,6
2026-10-09 19:10:30,4.45,0,0.78,0,0,8
2026-10-09 19:10:30,3.65,0,0.8,0,0,7
2026-10-09 19:10:30,3.6,0,0.05,0,0,8
2026-10-09 19:10:30,3.39,0,0.2,0,0,7
2026-10-09 19:10:30,4.64,0,1.24,0,0,9
2026-10-09 19:10:30,3.1,0,1.54,0,0,6
2026-10-09 19:10:30,3.96,0,0.86,0,0,8
2026-10-09 19:10:30,3.47,0,0.49,0,0,7
2026-10-09 19:10:30,3.85,0,0.38,0,0,7
2026-10-09 19:10:31,3.22,0,0.63,0,0,5
2026-10-09 19:10:31,3.96,0,0.74,0,0,9
2026-10-09 19:10:31,3.45,0,0.51,0,0,7
2026-10-09 19:10:31,3.69,0,0.24,0,0,6
2026-10-09 19:10:31,2.98,0,0.71,0,0,7
2026-10-09 19:10:31,3.62,0,0.64,0,0,8
2026-10-09 19:10:31,4.37,0,0.75,0,0,6
2026-10-09 19:10:31,3.01,0,1.36,0,0,6
2026-10-09 19:10:31,3.38,0,0.37,0,0,9
2026-10-09 19:10:32,3.0,0,0.38,0,0,7
2026-10-09 19:10:32,3.2,0,0.2,0,0,6
2026-10-09 19:10:32,3.29,0,0.09,0,0,8
2026-10-09 19:10:32,2.77,0,0.51,0,0,7
2026-10-09 19:10:32,2.64,0,0.13,0,0,6
2026-10-09 19:10:32,3.87,0,1.22,0,0,7
2026-10-09 19:10:32,4.38,0,0.51,0,0,8
2026-10-09 19:10:32,2.8,0,1.57,0,0,7
2026-10-09 19:10:32,4.16,0,1.36,0,0,9
2026-10-09 19:10:32,3.08,0,1.09,0,0,5
2026-10-09 19:10:33,3.98,0,0.9,0,0,8
2026-10-09 19:10:33,2.64,0,1.34,0,0,6
2026-10-09 19:10:33,3.7,0,1.05,0,0,7
2026-10-09 19:10:33,3.7,0,0.0,0,0,8
2026-10-09 19:10:33,3.21,0,0.49,0,0,9
2026-10-09 19:10:33,4.15,0,0.93,0,0,8
2026-10-09 19:10:33,3.6,0,0.55,0,0,8
2026-10-09 19:10:33,3.49,0,0.1,0,0,6
2026-10-09 19:10:33,3.84,0,0.35,0,0,8
2026-10-09 19:10:34,3.21,0,0.63,0,0,8
2026-10-09 19:10:34,3.33,0,0.12,0,0,8
2026-10-09 19:10:34,3.24,0,0.09,0,0,8
2026-10-09 19:10:34,2.91,0,0.33,0,0,8
2026-10-09 19:10:34,2.79,0,0.12,0,0,7
2026-10-09 19:10:34,3.02,0,0.23,0,0,8
2026-10-09 19:10:34,3.78,0,0.76,0,0,8
2026-10-09 19:10:34,3.31,0,0.47,0,0,7
2026-10-09 19:10:34,3.6,0,0.29,0,0,8
2026-10-09 19:10:34,2.94,0,0.66,0,0,8
2026-10-09 19:10:35,3.44,0,0.5,0,0,6
2026-10-09 19:10:35,3.06,0,0.38,0,0,8
2026-10-09 19:10:35,4.2,0,1.14,0,0,6
2026-10-09 19:10:35,3.69,0,0.51,0,0,7
2026-10-09 19:10:35,3.62,0,0.08,0,0,5
2026-10-09 19:10:35,4.81,0,1.19,0,0,8
2026-10-09 19:10:35,2.98,0,1.83,0,0,6
2026-10-09 19:10:35,2.78,0,0.2,0,0,9
2026-10-09 19:10:35,2.78,0,0.0,0,0,8
2026-10-09 19:10:36,3.34,0,0.56,0,0,7
2026-10-09 19:10:36,3.16,0,0.17,0,0,7
2026-10-09 19:10:36,3.66,0,0.5,0,0,7
2026-10-09 19:10:36,3.15,0,0.51,0,0,5
2026-10-09 19:10:36,4.0,0,0.85,0,0,6
2026-10-09 19:10:36,3.66,0,0.35,0,0,8
2026-10-09 19:10:36,3.28,0,0.38,0,0,8
2026-10-09 19:10:36,3.28,0,0.0,0,0,7
2026-10-09 19:10:36,3.53,0,0.25,0,0,7
2026-10-09 19:10:36,2.64,0,0.89,0,0,6
2026-10-09 19:10:37,4.41,0,1.77,0,0,7
2026-10-09 19:10:37,3.97,0,0.43,0,0,6
2026-10-09 19:10:37,2.69,0,1.28,0,0,7
2026-10-09 19:10:37,4.29,0,1.6,0,0,8
2026-10-09 19:10:37,4.1,0,0.19,0,0,7
2026-10-09 19:10:37,3.19,0,0.91,0,0,7
2026-10-09 19:10:37,3.98,0,0.79,0,0,8
2026-10-09 19:10:37,3.11,0,0.87,0,0,6
2026-10-09 19:10:37,3.88,0,0.76,0,0,6
2026-10-09 19:10:38,3.61,0,0.27,0,0,6
2026-10-09 19:10:38,3.93,0,0.32,0,0,8
2026-10-09 19:10:38,3.89,0,0.04,0,0,7
2026-10-09 19:10:38,3.86,0,0.03,0,0,8
2026-10-09 19:10:38,3.64,0,0.23,0,0,7
2026-10-09 19:10:38,2.96,0,0.68,0,0,8
2026-10-09 19:10:38,3.76,0,0.81,0,0,7
2026-10-09 19:10:38,3.53,0,0.24,0,0,9
2026-10-09 19:10:38,2.99,0,0.54,0,0,6
2026-10-09 19:10:38,3.14,0,0.15,0,0,6
2026-10-09 19:10:39,3.11,0,0.02,0,0,8
2026-10-09 19:10:39,3.3,0,0.18,0,0,8
2026-10-09 19:10:39,4.17,0,0.87,0,0,7
2026-10-09 19:10:39,3.03,0,1.14,0,0,5
2026-10-09 19:10:39,3.47,0,0.44,0,0,7
2026-10-09 19:10:39,4.45,0,0.98,0,0,8
2026-10-09 19:10:39,3.34,0,1.11,0,0,7
2026-10-09 19:10:39,3.56,0,0.22,0,0,7
2026-10-09 19:10:39,3.14,0,0.42,0,0,6
2026-10-09 19:10:40,2.76,0,0.38,0,0,6
2026-10-09 19:10:40,4.01,0,1.25,0,0,8
2026-10-09 19:10:40,3.71,0,0.29,0,0,7
2026-10-09 19:10:40,3.45,0,0.27,0,0,7
2026-10-09 19:10:40,2.85,0,0.59,0,0,6
2026-10-09 19:10:40,4.15,0,1.3,0,0,6
2026-10-09 19:10:40,4.1,0,0.05,0,0,8
2026-10-09 19:10:40,3.59,0,0.51,0,0,9
2026-10-09 19:10:40,3.46,0,0.14,0,0,8
2026-10-09 19:10:40,2.84,0,0.62,0,0,7
2026-10-09 19:10:41,4.18,0,1.34,0,0,8
2026-10-09 19:10:41,3.65,0,0.53,0,0,6
2026-10-09 19:10:41,3.28,0,0.37,0,0,7
2026-10-09 19:10:41,4.82,0,1.55,0,0,9
2026-10-09 19:10:41,3.2,0,1.63,0,0,7
2026-10-09 19:10:41,2.84,0,0.35,0,0,5
2026-10-09 19:10:41,3.58,0,0.74,0,0,6
2026-10-09 19:10:41,3.91,0,0.32,0,0,7
2026-10-09 19:10:41,3.31,0,0.6,0,0,5
2026-10-09 19:10:42,3.18,0,0.13,0,0,6
2026-10-09 19:10:42,4.31,0,1.13,0,0,8
2026-10-09 19:10:42,3.09,0,1.22,0,0,8
2026-10-09 19:10:42,3.96,0,0.88,0,0,5
2026-10-09 19:10:42,2.61,0,1.36,0,0,7
2026-10-09 19:10:42,4.32,0,1.71,0,0,8
2026-10-09 19:10:42,3.46,0,0.86,0,0,8
2026-10-09 19:10:42,3.48,0,0.02,0,0,8
2026-10-09 19:10:42,3.78,0,0.31,0,0,8
2026-10-09 19:10:42,5.62,0,1.84,0,0,7
2026-10-09 19:10:43,2.71,0,2.91,0,0,7
2026-10-09 19:10:43,3.15,0,0.44,0,0,7
2026-10-09 19:10:43,5.77,0,2.62,0,0,7
2026-10-09 19:10:43,3.18,0,2.59,0,0,9
2026-10-09 19:10:43,3.05,0,0.14,0,0,6
2026-10-09 19:10:43,3.05,0,0.0,0,0,8
2026-10-09 19:10:43,3.83,0,0.79,0,0,8
2026-10-09 19:10:43,2.27,0,1.57,0,0,6
2026-10-09 19:10:43,3.19,0,0.93,0,0,7
2026-10-09 19:10:44,3.9,0,0.7,0,0,8
2026-10-09 19:10:44,3.42,0,0.48,0,0,8
2026-10-09 19:10:44,2.96,0,0.46,0,0,6
2026-10-09 19:10:44,4.17,0,1.21,0,0,7
2026-10-09 19:10:44,3.71,0,0.46,0,0,8
2026-10-09 19:10:44,3.33,0,0.38,0,0,8
2026-10-09 19:10:44,3.02,0,0.31,0,0,6
2026-10-09 19:10:44,3.57,0,0.55,0,0,6
2026-10-09 19:10:44,2.9,0,0.67,0,0,5
2026-10-09 19:10:44,2.78,0,0.13,0,0,8
2026-10-09 19:10:45,3.2,0,0.42,0,0,8
2026-10-09 19:10:45,2.94,0,0.26,0,0,5
2026-10-09 19:10:45,4.53,0,1.59,0,0,7
2026-10-09 19:10:45,3.73,0,0.8,0,0,6
2026-10-09 19:10:45,3.35,0,0.38,0,0,7
2026-10-09 19:10:45,3.58,0,0.23,0,0,6
2026-10-09 19:10:45,3.91,0,0.33,0,0,6
2026-10-09 19:10:45,3.69,0,0.22,0,0,9
2026-10-09 19:10:45,3.54,0,0.14,0,0,8
2026-10-09 19:10:45,2.26,0,1.28,0,0,8
2026-10-09 19:10:46,3.64,0,1.37,0,0,7
2026-10-09 19:10:46,3.49,0,0.14,0,0,8
2026-10-09 19:10:46,3.49,0,0.01,0,0,6
2026-10-09 19:10:46,3.12,0,0.36,0,0,7
2026-10-09 19:10:46,2.88,0,0.25,0,0,7
2026-10-09 19:10:46,3.47,0,0.6,0,0,6
2026-10-09 19:10:46,3.65,0,0.18,0,0,8
2026-10-09 19:10:46,3.73,0,0.08,0,0,7
2026-10-09 19:10:46,3.95,0,0.22,0,0,8
2026-10-09 19:10:47,3.19,0,0.77,0,0,6
2026-10-09 19:10:47,3.49,0,0.31,0,0,6
2026-10-09 19:10:47,3.55,0,0.06,0,0,7
2026-10-09 19:10:47,3.14,0,0.41,0,0,7
2026-10-09 19:10:47,4.41,0,1.27,0,0,8
2026-10-09 19:10:47,3.62,0,0.79,0,0,6
2026-10-09 19:10:47,3.49,0,0.13,0,0,7
2026-10-09 19:10:47,3.46,0,0.03,0,0,7
2026-10-09 19:10:47,2.34,0,1.12,0,0,8
2026-10-09 19:10:47,3.5,0,1.15,0,0,8
2026-10-09 19:10:48,3.97,0,0.48,0,0,7
2026-10-09 19:10:48,2.69,0,1.29,0,0,6
2026-10-09 19:10:48,2.96,0,0.27,0,0,7
2026-10-09 19:10:48,3.63,0,0.67,0,0,9
2026-10-09 19:10:48,3.41,0,0.23,0,0,8
2026-10-09 19:10:48,3.56,0,0.15,0,0,7
2026-10-09 19:10:48,3.31,0,0.25,0,0,6
2026-10-09 19:10:48,3.89,0,0.58,0,0,7
2026-10-09 19:10:48,2.8,0,1.09,0,0,9
2026-10-09 19:10:49,3.88,0,1.08,0,0,8
2026-10-09 19:10:49,3.74,0,0.14,0,0,6
2026-10-09 19:10:49,3.62,0,0.12,0,0,7
2026-10-09 19:10:49,3.28,0,0.33,0,0,7
2026-10-09 19:10:49,3.4,0,0.11,0,0,7
2026-10-09 19:10:49,3.68,0,0.29,0,0,6
2026-10-09 19:10:49,3.54,0,0.15,0,0,8
2026-10-09 19:10:49,3.08,0,0.46,0,0,8
2026-10-09 19:10:49,3.43,0,0.35,0,0,7
2026-10-09 19:10:49,4.19,0,0.76,0,0,6
2026-10-09 19:10:50,3.61,0,0.58,0,0,7
2026-10-09 19:10:50,2.47,0,1.14,0,0,8
2026-10-09 19:10:50,4.27,0,1.8,0,0,8
2026-10-09 19:10:50,3.04,0,1.23,0,0,6
2026-10-09 19:10:50,3.29,0,0.25,0,0,6
2026-10-09 19:10:50,2.76,0,0.53,0,0,7
2026-10-09 19:10:50,4.25,0,1.49,0,0,9
2026-10-09 19:10:50,2.84,0,1.41,0,0,5
2026-10-09 19:10:50,3.07,0,0.22,0,0,6
2026-10-09 19:10:51,4.2,0,1.13,0,0,8
2026-10-09 19:10:51,3.15,0,1.05,0,0,7
2026-10-09 19:10:51,3.21,0,0.07,0,0,5
2026-10-09 19:10:51,4.13,0,0.91,0,0,8
2026-10-09 19:10:51,4.73,0,0.61,0,0,8
2026-10-09 19:10:51,3.01,0,1.72,0,0,8
2026-10-09 19:10:51,3.94,0,0.93,0,0,8
2026-10-09 19:10:51,2.95,0,0.99,0,0,6
2026-10-09 19:10:51,3.33,0,0.39,0,0,6
2026-10-09 19:10:51,3.59,0,0.26,0,0,8
2026-10-09 19:10:52,3.86,0,0.27,0,0,7
2026-10-09 19:10:52,2.86,0,1.0,0,0,7
2026-10-09 19:10:52,3.74,0,0.88,0,0,8
2026-10-09 19:10:52,3.41,0,0.33,0,0,7
2026-10-09 19:10:52,3.37,0,0.04,0,0,8
2026-10-09 19:10:52,3.55,0,0.18,0,0,7
2026-10-09 19:10:52,3.75,0,0.2,0,0,7
2026-10-09 19:10:52,2.49,0,1.26,0,0,8
2026-10-09 19:10:52,3.31,0,0.82,0,0,7
2026-10-09 19:10:53,3.69,0,0.38,0,0,7
2026-10-09 19:10:53,3.46,0,0.23,0,0,6
2026-10-09 19:10:53,5.11,0,1.65,0,0,7
2026-10-09 19:10:53,4.14,0,0.97,0,0,8
2026-10-09 19:10:53,3.2,0,0.94,0,0,6
2026-10-09 19:10:53,3.59,0,0.39,0,0,7
2026-10-09 19:10:53,3.06,0,0.53,0,0,6
2026-10-09 19:10:53,3.55,0,0.49,0,0,6
2026-10-09 19:10:53,3.05,0,0.5,0,0,8
2026-10-09 19:10:53,3.42,0,0.37,0,0,7
2026-10-09 19:10:54,3.32,0,0.11,0,0,8
2026-10-09 19:10:54,3.76,0,0.44,0,0,8
2026-10-09 19:10:54,4.4,0,0.64,0,0,8
2026-10-09 19:10:54,2.63,0,1.77,0,0,6
2026-10-09 19:10:54,2.89,0,0.26,0,0,7
2026-10-09 19:10:54,3.06,0,0.17,0,0,6
2026-10-09 19:10:54,3.22,0,0.16,0,0,7
2026-10-09 19:10:54,3.4,0,0.19,0,0,7
2026-10-09 19:10:54,3.88,0,0.48,0,0,8
2026-10-09 19:10:55,3.93,0,0.05,0,0,6
2026-10-09 19:10:55,3.94,0,0.01,0,0,7
2026-10-09 19:10:55,3.29,0,0.65,0,0,6
2026-10-09 19:10:55,3.5,0,0.22,0,0,7
2026-10-09 19:10:55,2.88,0,0.62,0,0,7
2026-10-09 19:10:55,3.7,0,0.81,0,0,8
2026-10-09 19:10:55,3.83,0,0.14,0,0,8
2026-10-09 19:10:55,2.97,0,0.86,0,0,8
2026-10-09 19:10:55,3.16,0,0.18,0,0,8
2026-10-09 19:10:55,3.22,0,0.06,0,0,9
2026-10-09 19:10:56,3.0,0,0.22,0,0,5
2026-10-09 19:10:56,3.51,0,0.51,0,0,6
2026-10-09 19:10:56,2.85,0,0.66,0,0,6
2026-10-09 19:10:56,3.48,0,0.63,0,0,6
2026-10-09 19:10:56,3.18,0,0.3,0,0,9
2026-10-09 19:10:56,3.34,0,0.16,0,0,8
2026-10-09 19:10:56,3.11,0,0.22,0,0,6
2026-10-09 19:10:56,4.89,0,1.77,2,0,7
2026-10-09 19:10:56,5.36,0,0.47,2,0,7
2026-10-09 19:10:57,5.6,0,0.24,2,0,6
2026-10-09 19:10:57,5.41,0,0.19,2,0,6
2026-10-09 19:10:57,5.21,0,0.2,2,0,6
2026-10-09 19:10:57,5.86,0,0.65,2,0,6
2026-10-09 19:10:57,224.67,0,218.8,2,2,7
2026-10-09 19:10:57,5.17,0,219.49,2,0,8
2026-10-09 19:10:57,18.25,0,13.08,2,1,8
2026-10-09 19:10:57,21.39,0,3.14,2,1,7
2026-10-09 19:10:58,5.35,0,16.04,2,0,7
2026-10-09 19:10:58,5.24,0,0.11,2,0,7
2026-10-09 19:10:58,5.15,0,0.09,2,0,6
2026-10-09 19:10:58,33.41,0,28.26,2,2,8
2026-10-09 19:10:58,216.3,0,182.89,2,1,6
2026-10-09 19:10:58,5.26,0,211.04,2,0,7
2026-10-09 19:10:58,5.67,0,0.41,2,0,7
2026-10-09 19:10:59,5.5,0,0.17,2,0,6
2026-10-09 19:10:59,5.13,0,0.37,2,0,7
2026-10-09 19:10:59,5.36,0,0.23,2,0,7
2026-10-09 19:10:59,4.71,0,0.64,2,0,7
2026-10-09 19:10:59,4.98,0,0.27,2,0,7
2026-10-09 19:10:59,6.07,0,1.09,2,0,7
2026-10-09 19:10:59,20.55,0,14.48,2,1,7
2026-10-09 19:11:00,248.22,0,227.67,2,2,7
2026-10-09 19:11:00,5.31,0,242.9,2,0,7
2026-10-09 19:11:00,5.29,0,0.02,2,0,7
2026-10-09 19:11:00,4.93,0,0.36,2,0,7
2026-10-09 19:11:00,4.96,0,0.03,2,0,7
2026-10-09 19:11:00,17.14,0,12.18,2,1,8
2026-10-09 19:11:00,4.66,0,12.48,2,0,7
2026-10-09 19:11:00,4.93,0,0.27,2,0,7
2026-10-09 19:11:00,5.28,0,0.35,2,0,7
2026-10-09 19:11:01,5.92,0,0.64,2,0,6
2026-10-09 19:11:01,5.0,0,0.92,2,0,6
2026-10-09 19:11:01,5.32,0,0.31,2,0,6
2026-10-09 19:11:01,5.04,0,0.28,2,0,7
2026-10-09 19:11:01,5.41,0,0.38,2,0,6
2026-10-09 19:11:01,23.25,0,17.83,2,2,7
2026-10-09 19:11:01,5.39,0,17.86,2,0,6
2026-10-09 19:11:01,4.75,0,0.64,2,0,7
2026-10-09 19:11:02,235.13,0,230.39,2,4,6
2026-10-09 19:11:02,5.06,0,230.08,2,0,7
2026-10-09 19:11:02,4.93,0,0.13,2,0,7
2026-10-09 19:11:02,6.26,0,1.33,2,0,7
2026-10-09 19:11:02,5.15,0,1.11,2,0,6
2026-10-09 19:11:02,6.11,0,0.96,2,0,7
2026-10-09 19:11:02,5.73,0,0.38,2,0,7
2026-10-09 19:11:02,5.22,0,0.51,2,0,7
2026-10-09 19:11:03,5.5,0,0.28,2,0,7
2026-10-09 19:11:03,5.84,0,0.34,2,0,6
2026-10-09 19:11:03,430.23,0,424.39,2,3,7
2026-10-09 19:11:04,5000.0,1,4569.77,2,3,7
2026-10-09 19:11:05,600.9,0,4399.1,2,1,6
2026-10-09 19:11:05,18.8,0,582.1,2,1,7
2026-10-09 19:11:05,17.79,0,1.01,2,1,8
2026-10-09 19:11:05,4.96,0,12.83,2,0,7
2026-10-09 19:11:05,5.51,0,0.55,2,0,7
2026-10-09 19:11:06,5.3,0,0.21,2,0,7
2026-10-09 19:11:06,5.16,0,0.13,2,0,7
2026-10-09 19:11:06,5.47,0,0.31,2,0,7
2026-10-09 19:11:06,5.19,0,0.28,2,0,7
2026-10-09 19:11:06,5.72,0,0.53,2,0,6
2026-10-09 19:11:06,5.22,0,0.5,2,0,6
2026-10-09 19:11:06,5.39,0,0.17,2,0,6
2026-10-09 19:11:06,4.78,0,0.61,2,0,6
2026-10-09 19:11:07,5000.0,1,4995.22,2,4,5
2026-10-09 19:11:08,5000.0,1,0.0,2,1,4
2026-10-09 19:11:09,9.82,0,4990.18,2,0,8
2026-10-09 19:11:09,4.87,0,4.95,2,0,7
2026-10-09 19:11:09,5.51,0,0.64,2,0,7
2026-10-09 19:11:09,5.06,0,0.45,2,0,7
2026-10-09 19:11:09,5.27,0,0.2,2,0,7
2026-10-09 19:11:09,5.33,0,0.06,2,0,7
2026-10-09 19:11:09,4.9,0,0.43,2,0,7
2026-10-09 19:11:09,5.37,0,0.47,2,0,7
2026-10-09 19:11:09,5.52,0,0.15,2,0,6
2026-10-09 19:11:10,18.74,0,13.22,2,1,7
2026-10-09 19:11:10,4.83,0,13.91,2,0,5
2026-10-09 19:11:10,5.13,0,0.3,2,0,6
2026-10-09 19:11:10,5.09,0,0.05,2,0,6
2026-10-09 19:11:10,4.8,0,0.29,2,0,6
2026-10-09 19:11:10,5.18,0,0.38,2,0,6
2026-10-09 19:11:10,6.19,0,1.0,2,0,6
2026-10-09 19:11:10,20.87,0,14.69,2,1,7
2026-10-09 19:11:10,5.22,0,15.65,2,0,6
2026-10-09 19:11:11,5.59,0,0.36,2,0,7
2026-10-09 19:11:11,5.68,0,0.09,2,0,6
2026-10-09 19:11:11,5.14,0,0.53,2,0,6
2026-10-09 19:11:11,5.23,0,0.09,2,0,7
2026-10-09 19:11:11,5.48,0,0.25,2,0,6
2026-10-09 19:11:11,5.13,0,0.35,2,0,7
2026-10-09 19:11:11,4.99,0,0.14,2,0,6
2026-10-09 19:11:11,5.39,0,0.4,2,0,6
2026-10-09 19:11:11,5.39,0,0.0,2,0,6
2026-10-09 19:11:12,5.0,0,0.39,2,0,6
2026-10-09 19:11:12,5.69,0,0.68,2,0,6
2026-10-09 19:11:12,5.05,0,0.63,2,0,6
2026-10-09 19:11:12,5.29,0,0.23,2,0,6
2026-10-09 19:11:12,5.57,0,0.28,2,0,6
2026-10-09 19:11:12,4.98,0,0.59,2,0,7
2026-10-09 19:11:12,22.74,0,17.75,2,2,7
2026-10-09 19:11:12,5.58,0,17.15,2,0,6
2026-10-09 19:11:12,5.13,0,0.46,2,0,5
2026-10-09 19:11:12,23.7,0,18.58,2,2,6
2026-10-09 19:11:13,5.74,0,17.96,2,0,6
2026-10-09 19:11:13,5.14,0,0.6,2,0,6
2026-10-09 19:11:13,5.23,0,0.09,2,0,6
2026-10-09 19:11:13,34.1,0,28.88,2,2,8
2026-10-09 19:11:14,659.84,0,625.74,2,3,6
2026-10-09 19:11:14,5.26,0,654.58,2,0,7
2026-10-09 19:11:14,5.16,0,0.1,2,0,7
2026-10-09 19:11:14,5.32,0,0.16,2,0,7
2026-10-09 19:11:14,5.3,0,0.02,2,0,6
2026-10-09 19:11:14,20.7,0,15.4,2,1,7
2026-10-09 19:11:14,4.82,0,15.87,2,0,7
2026-10-09 19:11:14,5.28,0,0.46,2,0,7
2026-10-09 19:11:15,226.01,0,220.73,2,2,7
2026-10-09 19:11:15,5.31,0,220.7,2,0,7
2026-10-09 19:11:15,5.07,0,0.24,2,0,7
2026-10-09 19:11:15,17.38,0,12.3,2,1,8
2026-10-09 19:11:15,5.22,0,12.16,2,0,7
2026-10-09 19:11:15,18.0,0,12.78,2,1,6
2026-10-09 19:11:15,4.93,0,13.07,2,0,7
2026-10-09 19:11:16,5.7,0,0.77,2,0,7
2026-10-09 19:11:16,5.28,0,0.42,2,0,6
2026-10-09 19:11:16,5.66,0,0.38,2,0,6
2026-10-09 19:11:16,5.33,0,0.33,2,0,6
2026-10-09 19:11:16,5.26,0,0.07,2,0,6
2026-10-09 19:11:16,4.96,0,0.3,2,0,6
2026-10-09 19:11:16,5.88,0,0.92,2,0,6
2026-10-09 19:11:16,5.5,0,0.37,2,0,7
2026-10-09 19:11:17,226.85,0,221.35,2,2,7
2026-10-09 19:11:17,6.37,0,220.49,2,0,7
2026-10-09 19:11:17,19.85,0,13.48,2,1,8
2026-10-09 19:11:17,5.74,0,14.11,2,0,7
2026-10-09 19:11:17,5.46,0,0.29,2,0,7
2026-10-09 19:11:17,5.53,0,0.07,2,0,7
2026-10-09 19:11:17,5.0,0,0.53,2,0,7
2026-10-09 19:11:17,5.07,0,0.07,2,0,6
2026-10-09 19:11:18,5.08,0,0.01,2,0,7
2026-10-09 19:11:18,5.21,0,0.14,2,0,6
2026-10-09 19:11:18,4.99,0,0.23,2,0,6
2026-10-09 19:11:18,18.62,0,13.64,2,1,7
2026-10-09 19:11:18,5.4,0,13.22,2,0,6
2026-10-09 19:11:18,5.99,0,0.59,2,0,6
2026-10-09 19:11:18,22.58,0,16.59,2,2,6
2026-10-09 19:11:18,5.28,0,17.3,2,0,6
2026-10-09 19:11:18,5.72,0,0.44,2,0,6
2026-10-09 19:11:19,6.7,0,0.98,2,0,6
2026-10-09 19:11:19,5.49,0,1.22,2,0,7
2026-10-09 19:11:19,6.07,0,0.58,2,0,6
2026-10-09 19:11:19,645.82,0,639.76,2,4,6
2026-10-09 19:11:20,5.39,0,640.43,2,0,7
2026-10-09 19:11:20,5.14,0,0.25,2,0,7
2026-10-09 19:11:20,18.38,0,13.24,2,1,8
2026-10-09 19:11:20,5.26,0,13.12,2,0,7
2026-10-09 19:11:20,17.53,0,12.27,2,1,8
2026-10-09 19:11:20,21.59,0,4.06,2,1,7
2026-10-09 19:11:20,17.83,0,3.76,2,1,8
2026-10-09 19:11:20,7.13,0,10.7,2,0,6
2026-10-09 19:11:20,5.76,0,1.38,2,0,6
2026-10-09 19:11:21,5.62,0,0.14,2,0,6
2026-10-09 19:11:21,5.06,0,0.56,2,0,6
2026-10-09 19:11:21,5.48,0,0.42,2,0,6
2026-10-09 19:11:21,5.51,0,0.02,2,0,6
2026-10-09 19:11:21,18.96,0,13.46,2,1,7
2026-10-09 19:11:21,24.62,0,5.65,2,2,7
2026-10-09 19:11:21,18.91,0,5.71,2,1,7
2026-10-09 19:11:21,6.24,0,12.67,2,0,6
2026-10-09 19:11:22,6.03,0,0.21,2,0,6
2026-10-09 19:11:22,5.49,0,0.53,2,0,6
2026-10-09 19:11:22,6.54,0,1.05,2,0,6
2026-10-09 19:11:22,5.75,0,0.8,2,0,6
2026-10-09 19:11:23,646.1,0,640.36,2,3,5
2026-10-09 19:11:23,25.1,0,621.0,2,2,7
2026-10-09 19:11:23,5.42,0,19.68,2,0,6
2026-10-09 19:11:23,5.36,0,0.06,2,0,6
2026-10-09 19:11:23,18.06,0,12.7,2,1,7
2026-10-09 19:11:23,5.76,0,12.3,2,0,6
2026-10-09 19:11:23,5.77,0,0.01,2,0,6
2026-10-09 19:11:23,18.65,0,12.88,2,1,7
2026-10-09 19:11:23,5.7,0,12.95,2,0,6
2026-10-09 19:11:24,6.99,0,1.29,2,0,6
2026-10-09 19:11:24,6.01,0,0.98,2,0,6
2026-10-09 19:11:24,5.93,0,0.08,2,0,6
2026-10-09 19:11:24,5.61,0,0.32,2,0,6
2026-10-09 19:11:24,5.3,0,0.32,2,0,6
2026-10-09 19:11:24,5.94,0,0.64,2,0,6
2026-10-09 19:11:24,5.18,0,0.76,2,0,6
2026-10-09 19:11:24,5.1,0,0.08,2,0,7
2026-10-09 19:11:24,5.64,0,0.54,2,0,6
2026-10-09 19:11:25,5.02,0,0.61,2,0,6
2026-10-09 19:11:25,5.45,0,0.43,2,0,6
2026-10-09 19:11:25,5.28,0,0.17,2,0,6
2026-10-09 19:11:25,5.45,0,0.18,2,0,6
2026-10-09 19:11:25,5.8,0,0.35,2,0,6
2026-10-09 19:11:25,5.38,0,0.42,2,0,6
2026-10-09 19:11:25,5.27,0,0.1,2,0,6
2026-10-09 19:11:25,5.22,0,0.05,2,0,6
2026-10-09 19:11:25,6.03,0,0.82,2,0,6
2026-10-09 19:11:26,647.87,0,641.84,2,3,5
2026-10-09 19:11:26,3.33,0,644.54,0,0,7
2026-10-09 19:11:26,4.4,0,1.07,0,0,7
2026-10-09 19:11:26,4.5,0,0.1,0,0,6
2026-10-09 19:11:27,3.97,0,0.53,0,0,7
2026-10-09 19:11:27,3.87,0,0.1,0,0,7
2026-10-09 19:11:27,3.05,0,0.82,0,0,6
2026-10-09 19:11:27,3.36,0,0.31,0,0,5
2026-10-09 19:11:27,2.67,0,0.69,0,0,6
2026-10-09 19:11:27,3.08,0,0.41,0,0,6
2026-10-09 19:11:27,3.24,0,0.16,0,0,8
2026-10-09 19:11:27,4.08,0,0.84,0,0,8
2026-10-09 19:11:27,4.27,0,0.19,0,0,7
2026-10-09 19:11:28,4.64,0,0.37,0,0,7
2026-10-09 19:11:28,4.54,0,0.11,0,0,7
2026-10-09 19:11:28,3.07,0,1.46,0,0,6
2026-10-09 19:11:28,3.51,0,0.44,0,0,8
2026-10-09 19:11:28,3.4,0,0.11,0,0,6
2026-10-09 19:11:28,3.05,0,0.35,0,0,5
2026-10-09 19:11:28,4.6,0,1.54,0,0,7
2026-10-09 19:11:28,4.16,0,0.44,0,0,8
2026-10-09 19:11:28,3.44,0,0.72,0,0,6
2026-10-09 19:11:28,3.16,0,0.28,0,0,6
2026-10-09 19:11:29,3.87,0,0.71,0,0,8
2026-10-09 19:11:29,3.68,0,0.18,0,0,7
2026-10-09 19:11:29,3.58,0,0.1,0,0,8
2026-10-09 19:11:29,3.02,0,0.56,0,0,5
2026-10-09 19:11:29,4.99,0,1.98,0,0,6
2026-10-09 19:11:29,3.56,0,1.43,0,0,8
2026-10-09 19:11:29,2.28,0,1.28,0,0,9
2026-10-09 19:11:29,2.85,0,0.56,0,0,6
2026-10-09 19:11:29,3.94,0,1.09,0,0,7
2026-10-09 19:11:30,3.8,0,0.13,0,0,7
2026-10-09 19:11:30,3.97,0,0.17,0,0,7
2026-10-09 19:11:30,3.35,0,0.62,0,0,5
2026-10-09 19:11:30,2.79,0,0.56,0,0,8
2026-10-09 19:11:30,4.73,0,1.94,0,0,6
2026-10-09 19:11:30,2.82,0,1.91,0,0,6
2026-10-09 19:11:30,3.58,0,0.76,0,0,7
2026-10-09 19:11:30,3.13,0,0.45,0,0,6
2026-10-09 19:11:30,3.03,0,0.1,0,0,7
2026-10-09 19:11:30,3.07,0,0.04,0,0,9
2026-10-09 19:11:31,3.56,0,0.49,0,0,8
2026-10-09 19:11:31,3.04,0,0.52,0,0,6
2026-10-09 19:11:31,2.02,0,1.02,0,0,6
2026-10-09 19:11:31,5.18,0,3.16,0,0,7
2026-10-09 19:11:31,3.38,0,1.8,0,0,7
2026-10-09 19:11:31,3.53,0,0.15,0,0,6
2026-10-09 19:11:31,3.86,0,0.33,0,0,8
2026-10-09 19:11:31,3.67,0,0.19,0,0,6
2026-10-09 19:11:31,5.23,0,1.56,0,0,6
2026-10-09 19:11:32,3.7,0,1.53,0,0,8
2026-10-09 19:11:32,3.33,0,0.37,0,0,6
2026-10-09 19:11:32,3.6,0,0.27,0,0,7
2026-10-09 19:11:32,3.61,0,0.01,0,0,6
2026-10-09 19:11:32,2.99,0,0.62,0,0,7
2026-10-09 19:11:32,2.91,0,0.08,0,0,9
2026-10-09 19:11:32,4.74,0,1.82,0,0,7
2026-10-09 19:11:32,3.36,0,1.38,0,0,5
2026-10-09 19:11:32,2.45,0,0.91,0,0,8
2026-10-09 19:11:32,2.73,0,0.29,0,0,8
2026-10-09 19:11:33,3.54,0,0.81,0,0,8
2026-10-09 19:11:33,3.34,0,0.2,0,0,6
2026-10-09 19:11:33,4.68,0,1.34,0,0,6
2026-10-09 19:11:33,3.93,0,0.75,0,0,7
2026-10-09 19:11:33,4.17,0,0.24,0,0,7
2026-10-09 19:11:33,3.37,0,0.8,0,0,8
2026-10-09 19:11:33,3.85,0,0.48,0,0,8
2026-10-09 19:11:33,3.82,0,0.03,0,0,7
2026-10-09 19:11:33,3.14,0,0.68,0,0,6
2026-10-09 19:11:33,3.49,0,0.35,0,0,6
2026-10-09 19:11:34,4.67,0,1.18,0,0,8
2026-10-09 19:11:34,3.88,0,0.79,0,0,8
2026-10-09 19:11:34,2.83,0,1.05,0,0,6
2026-10-09 19:11:34,3.17,0,0.34,0,0,6
2026-10-09 19:11:34,3.9,0,0.73,0,0,6
2026-10-09 19:11:34,3.66,0,0.24,0,0,7
2026-10-09 19:11:34,3.92,0,0.26,0,0,6
2026-10-09 19:11:34,4.55,0,0.63,0,0,8
2026-10-09 19:11:34,4.13,0,0.41,0,0,6
2026-10-09 19:11:35,3.24,0,0.89,0,0,6
2026-10-09 19:11:35,3.36,0,0.11,0,0,8
2026-10-09 19:11:35,3.31,0,0.04,0,0,7
2026-10-09 19:11:35,4.04,0,0.73,0,0,7
2026-10-09 19:11:35,2.95,0,1.09,0,0,7
2026-10-09 19:11:35,4.56,0,1.61,0,0,7
2026-10-09 19:11:35,4.26,0,0.3,0,0,6
2026-10-09 19:11:35,2.57,0,1.69,0,0,6
2026-10-09 19:11:35,3.05,0,0.48,0,0,5
2026-10-09 19:11:35,3.5,0,0.46,0,0,8
2026-10-09 19:11:36,3.16,0,0.35,0,0,8
2026-10-09 19:11:36,2.36,0,0.8,0,0,5
2026-10-09 19:11:36,3.75,0,1.39,0,0,8
2026-10-09 19:11:36,3.16,0,0.59,0,0,8
2026-10-09 19:11:36,4.03,0,0.87,0,0,6
2026-10-09 19:11:36,3.93,0,0.1,0,0,8
2026-10-09 19:11:36,3.4,0,0.53,0,0,6
2026-10-09 19:11:36,4.11,0,0.71,0,0,8
2026-10-09 19:11:36,4.02,0,0.09,0,0,8
2026-10-09 19:11:37,3.46,0,0.56,0,0,7
2026-10-09 19:11:37,3.17,0,0.29,0,0,7
2026-10-09 19:11:37,2.78,0,0.4,0,0,6
2026-10-09 19:11:37,3.72,0,0.95,0,0,6
2026-10-09 19:11:37,2.81,0,0.91,0,0,8
2026-10-09 19:11:37,4.63,0,1.82,0,0,6
2026-10-09 19:11:37,3.35,0,1.28,0,0,8
2026-10-09 19:11:37,3.85,0,0.49,0,0,8
2026-10-09 19:11:37,3.22,0,0.63,0,0,8
2026-10-09 19:11:37,4.13,0,0.91,0,0,8
2026-10-09 19:11:38,3.58,0,0.55,0,0,7
2026-10-09 19:11:38,3.25,0,0.33,0,0,7
2026-10-09 19:11:38,4.66,0,1.41,0,0,7
2026-10-09 19:11:38,2.83,0,1.83,0,0,7
2026-10-09 19:11:38,2.76,0,0.08,0,0,7
2026-10-09 19:11:38,4.01,0,1.25,0,0,7
2026-10-09 19:11:38,3.27,0,0.74,0,0,7
2026-10-09 19:11:38,3.51,0,0.24,0,0,8
2026-10-09 19:11:38,3.94,0,0.43,0,0,8
2026-10-09 19:11:39,4.11,0,0.18,0,0,7
2026-10-09 19:11:39,3.55,0,0.57,0,0,5
2026-10-09 19:11:39,3.33,0,0.22,0,0,6
2026-10-09 19:11:39,3.63,0,0.3,0,0,8
2026-10-09 19:11:39,4.31,0,0.68,0,0,7
2026-10-09 19:11:39,4.14,0,0.17,0,0,6
2026-10-09 19:11:39,4.77,0,0.63,0,0,7
2026-10-09 19:11:39,3.51,0,1.26,0,0,8
2026-10-09 19:11:39,4.01,0,0.5,0,0,6
2026-10-09 19:11:39,4.24,0,0.23,0,0,7
2026-10-09 19:11:40,3.45,0,0.79,0,0,8
2026-10-09 19:11:40,3.47,0,0.02,0,0,6
2026-10-09 19:11:40,4.39,0,0.92,0,0,7
2026-10-09 19:11:40,3.57,0,0.82,0,0,9
2026-10-09 19:11:40,4.98,0,1.41,0,0,8
2026-10-09 19:11:40,3.94,0,1.05,0,0,6
2026-10-09 19:11:40,4.41,0,0.47,0,0,8
2026-10-09 19:11:40,2.62,0,1.79,0,0,6
2026-10-09 19:11:40,5.05,0,2.43,0,0,6
2026-10-09 19:11:41,4.02,0,1.03,0,0,8
2026-10-09 19:11:41,3.2,0,0.82,0,0,8
2026-10-09 19:11:41,5.04,0,1.84,0,0,9
2026-10-09 19:11:41,3.13,0,1.91,0,0,8
2026-10-09 19:11:41,3.45,0,0.32,0,0,6
2026-10-09 19:11:41,3.66,0,0.21,0,0,8
2026-10-09 19:11:41,3.67,0,0.01,0,0,6
2026-10-09 19:11:41,3.93,0,0.26,0,0,8
2026-10-09 19:11:41,3.56,0,0.37,0,0,8
2026-10-09 19:11:41,4.01,0,0.45,0,0,6
2026-10-09 19:11:42,4.74,0,0.73,0,0,7
2026-10-09 19:11:42,3.37,0,1.36,0,0,8
2026-10-09 19:11:42,3.36,0,0.02,0,0,8
2026-10-09 19:11:42,3.34,0,0.01,0,0,6
2026-10-09 19:11:42,2.84,0,0.51,0,0,9
2026-10-09 19:11:42,4.11,0,1.28,0,0,8
2026-10-09 19:11:42,2.77,0,1.34,0,0,7
2026-10-09 19:11:42,3.46,0,0.69,0,0,5
2026-10-09 19:11:42,3.46,0,0.0,0,0,8
2026-10-09 19:11:43,3.48,0,0.03,0,0,7
2026-10-09 19:11:43,4.69,0,1.21,0,0,7
2026-10-09 19:11:43,3.3,0,1.4,0,0,6
2026-10-09 19:11:43,4.02,0,0.73,0,0,6
2026-10-09 19:11:43,3.51,0,0.52,0,0,6
2026-10-09 19:11:43,4.57,0,1.06,0,0,8
2026-10-09 19:11:43,3.74,0,0.83,0,0,8
2026-10-09 19:11:43,3.55,0,0.19,0,0,6
2026-10-09 19:11:43,3.06,0,0.49,0,0,8
2026-10-09 19:11:43,4.04,0,0.99,0,0,8
2026-10-09 19:11:44,3.28,0,0.76,0,0,8
2026-10-09 19:11:44,2.76,0,0.52,0,0,7
2026-10-09 19:11:44,3.53,0,0.77,0,0,7
2026-10-09 19:11:44,3.56,0,0.03,0,0,6
2026-10-09 19:11:44,2.6,0,0.96,0,0,9
2026-10-09 19:11:44,3.59,0,0.98,0,0,7
2026-10-09 19:11:44,3.86,0,0.27,0,0,8
2026-10-09 19:11:44,2.91,0,0.95,0,0,5
2026-10-09 19:11:44,3.75,0,0.84,0,0,6
2026-10-09 19:11:45,3.58,0,0.17,0,0,7
2026-10-09 19:11:45,2.6,0,0.99,0,0,8
2026-10-09 19:11:45,3.73,0,1.13,0,0,6
2026-10-09 19:11:45,3.56,0,0.16,0,0,8
2026-10-09 19:11:45,2.67,0,0.89,0,0,6
2026-10-09 19:11:45,3.92,0,1.25,0,0,8
2026-10-09 19:11:45,2.8,0,1.12,0,0,7
2026-10-09 19:11:45,3.0,0,0.2,0,0,8
2026-10-09 19:11:45,3.36,0,0.36,0,0,6
2026-10-09 19:11:45,3.81,0,0.45,0,0,7
2026-10-09 19:11:46,3.79,0,0.02,0,0,7
2026-10-09 19:11:46,3.15,0,0.64,0,0,6
2026-10-09 19:11:46,3.37,0,0.22,0,0,6
2026-10-09 19:11:46,3.67,0,0.3,0,0,8
2026-10-09 19:11:46,3.35,0,0.32,0,0,5
2026-10-09 19:11:46,3.86,0,0.51,0,0,8
2026-10-09 19:11:46,3.3,0,0.56,0,0,8
2026-10-09 19:11:46,3.16,0,0.14,0,0,8
2026-10-09 19:11:46,2.38,0,0.78,0,0,6
2026-10-09 19:11:47,3.45,0,1.07,0,0,7
2026-10-09 19:11:47,3.37,0,0.08,0,0,8
2026-10-09 19:11:47,2.98,0,0.39,0,0,6
2026-10-09 19:11:47,3.14,0,0.16,0,0,6
2026-10-09 19:11:47,4.34,0,1.2,0,0,7
2026-10-09 19:11:47,3.34,0,1.0,0,0,6
2026-10-09 19:11:47,3.41,0,0.07,0,0,7
2026-10-09 19:11:47,3.69,0,0.28,0,0,6
2026-10-09 19:11:47,2.91,0,0.78,0,0,8
2026-10-09 19:11:47,4.22,0,1.31,0,0,7
2026-10-09 19:11:48,3.13,0,1.09,0,0,6
2026-10-09 19:11:48,2.57,0,0.56,0,0,6
2026-10-09 19:11:48,4.19,0,1.62,0,0,7
2026-10-09 19:11:48,2.36,0,1.82,0,0,6
2026-10-09 19:11:48,3.0,0,0.64,0,0,8
2026-10-09 19:11:48,4.3,0,1.29,0,0,8
2026-10-09 19:11:48,3.91,0,0.39,0,0,9
2026-10-09 19:11:48,3.56,0,0.34,0,0,8
2026-10-09 19:11:48,3.05,0,0.51,0,0,6
2026-10-09 19:11:49,4.18,0,1.13,0,0,6
2026-10-09 19:11:49,14.42,0,10.24,0,2,6
2026-10-09 19:11:49,30.04,0,15.63,0,0,9
2026-10-09 19:11:49,30.95,0,0.91,0,1,7
2026-10-09 19:11:49,15.25,0,15.7,0,0,7
2026-10-09 19:11:49,30.11,0,14.86,0,1,7
2026-10-09 19:11:49,31.97,0,1.86,0,1,8
2026-10-09 19:11:49,30.81,0,1.15,0,0,8
2026-10-09 19:11:50,31.18,0,0.36,0,0,8
2026-10-09 19:11:50,20.43,0,10.75,0,0,8
2026-10-09 19:11:50,30.55,0,10.12,0,0,8
2026-10-09 19:11:50,16.17,0,14.38,0,0,8
2026-10-09 19:11:50,30.51,0,14.34,0,0,8
2026-10-09 19:11:50,30.37,0,0.14,0,0,7
2026-10-09 19:11:50,30.75,0,0.38,0,0,7
2026-10-09 19:11:51,42.23,0,11.48,0,0,8
2026-10-09 19:11:51,30.57,0,11.66,0,0,8
2026-10-09 19:11:51,31.38,0,0.81,0,0,7
2026-10-09 19:11:51,30.35,0,1.02,0,0,7
2026-10-09 19:11:51,21.58,0,8.77,0,0,8
2026-10-09 19:11:51,30.56,0,8.98,0,0,8
2026-10-09 19:11:51,35.57,0,5.01,0,0,7
2026-10-09 19:11:52,15.76,0,19.81,0,0,7
2026-10-09 19:11:52,31.12,0,15.36,0,0,7
2026-10-09 19:11:52,30.1,0,1.03,0,0,7
2026-10-09 19:11:52,16.19,0,13.91,0,0,8
2026-10-09 19:11:52,33.47,0,17.28,0,0,7
2026-10-09 19:11:52,31.83,0,1.64,0,0,7
2026-10-09 19:11:52,30.05,0,1.78,0,0,7
2026-10-09 19:11:52,32.29,0,2.25,0,0,8
2026-10-09 19:11:53,16.32,0,15.98,0,0,8
2026-10-09 19:11:53,31.68,0,15.36,0,0,7
2026-10-09 19:11:53,30.7,0,0.98,0,0,8
2026-10-09 19:11:53,29.89,0,0.81,0,0,8
2026-10-09 19:11:53,15.84,0,14.05,0,0,7
2026-10-09 19:11:53,30.45,0,14.6,0,0,7
2026-10-09 19:11:53,42.61,0,12.17,0,0,7
2026-10-09 19:11:54,41.9,0,0.71,0,0,8
2026-10-09 19:11:54,31.48,0,10.42,0,0,8
2026-10-09 19:11:54,31.71,0,0.23,0,0,7
2026-10-09 19:11:54,18.54,0,13.18,0,0,9
2026-10-09 19:11:54,34.2,0,15.66,0,0,6
2026-10-09 19:11:54,30.24,0,3.96,0,0,6
2026-10-09 19:11:54,15.17,0,15.07,0,0,7
2026-10-09 19:11:55,30.58,0,15.41,0,0,7
2026-10-09 19:11:55,30.96,0,0.39,0,0,8
2026-10-09 19:11:55,30.07,0,0.89,0,0,8
2026-10-09 19:11:55,15.29,0,14.78,0,0,7
2026-10-09 19:11:55,31.98,0,16.69,0,0,7
2026-10-09 19:11:55,31.04,0,0.94,0,0,7
2026-10-09 19:11:55,31.77,0,0.73,0,0,7
2026-10-09 19:11:56,29.95,0,1.82,0,0,7
2026-10-09 19:11:56,31.82,0,1.87,0,0,7
2026-10-09 19:11:56,31.47,0,0.35,0,0,8
2026-10-09 19:11:56,31.0,0,0.47,0,0,8
2026-10-09 19:11:56,30.58,0,0.41,0,0,7
2026-10-09 19:11:56,30.34,0,0.24,0,0,7
2026-10-09 19:11:56,31.3,0,0.96,3,0,8
2026-10-09 19:11:56,12.26,0,19.03,3,0,8
2026-10-09 19:11:57,4.7,0,7.56,3,0,7
2026-10-09 19:11:57,5.06,0,0.36,3,0,6
2026-10-09 19:11:57,4.13,0,0.93,3,0,9
2026-10-09 19:11:57,27.0,0,22.87,3,0,6
2026-10-09 19:11:57,20.18,0,6.82,3,0,8
2026-10-09 19:11:57,30.48,0,10.29,3,0,6
2026-10-09 19:11:57,30.51,0,0.04,3,0,6
2026-10-09 19:11:57,31.56,0,1.04,3,0,8
2026-10-09 19:11:58,30.95,0,0.61,3,0,7
2026-10-09 19:11:58,31.72,0,0.78,3,0,8
2026-10-09 19:11:58,31.0,0,0.72,3,0,8
2026-10-09 19:11:58,31.53,0,0.52,3,0,8
2026-10-09 19:11:58,29.86,0,1.67,3,0,7
2026-10-09 19:11:58,31.28,0,1.42,3,0,8
2026-10-09 19:11:58,31.82,0,0.54,3,0,8
2026-10-09 19:11:59,31.89,0,0.07,3,0,8
2026-10-09 19:11:59,30.14,0,1.75,3,0,8
2026-10-09 19:11:59,15.0,0,15.15,3,0,8
2026-10-09 19:11:59,29.15,0,14.15,3,0,6
2026-10-09 19:11:59,30.1,0,0.95,3,0,6
2026-10-09 19:11:59,31.07,0,0.97,3,0,6
2026-10-09 19:11:59,31.01,0,0.06,3,0,7
2026-10-09 19:12:00,29.32,0,1.69,3,0,7
2026-10-09 19:12:00,22.3,0,7.01,3,0,7
2026-10-09 19:12:00,31.14,0,8.83,3,0,8
2026-10-09 19:12:00,19.55,0,11.59,3,0,7
2026-10-09 19:12:00,14.92,0,4.63,3,0,7
2026-10-09 19:12:00,31.22,0,16.3,3,0,8
2026-10-09 19:12:00,31.74,0,0.52,3,0,7
2026-10-09 19:12:00,15.59,0,16.15,3,0,7
2026-10-09 19:12:01,30.41,0,14.82,3,0,8
2026-10-09 19:12:01,38.66,0,8.24,3,0,7
2026-10-09 19:12:01,30.97,0,7.68,3,0,7
2026-10-09 19:12:01,31.08,0,0.11,3,0,6
2026-10-09 19:12:01,30.98,0,0.1,3,0,7
2026-10-09 19:12:01,21.97,0,9.01,3,0,7
2026-10-09 19:12:02,5000.0,1,4978.03,3,3,3
2026-10-09 19:12:04,5000.0,1,0.0,3,1,0
2026-10-09 19:12:05,5000.0,1,0.0,3,0,0
2026-10-09 19:12:06,5000.0,1,0.0,3,1,0
2026-10-09 19:12:07,5000.0,1,0.0,3,0,0
2026-10-09 19:12:08,5000.0,1,0.0,3,0,0
2026-10-09 19:12:09,5000.0,1,0.0,3,1,0
2026-10-09 19:12:10,5000.0,1,0.0,3,0,0
2026-10-09 19:12:11,5000.0,1,0.0,3,0,0
2026-10-09 19:12:12,5000.0,1,0.0,3,0,0
2026-10-09 19:12:14,5000.0,1,0.0,3,0,0
2026-10-09 19:12:15,5000.0,1,0.0,3,0,0
2026-10-09 19:12:16,5000.0,1,0.0,3,0,0
2026-10-09 19:12:17,589.79,0,4410.21,0,1,12
2026-10-09 19:12:17,31.09,0,558.7,0,0,8
2026-10-09 19:12:17,30.12,0,0.97,0,0,7
2026-10-09 19:12:17,25.4,0,4.72,0,0,8
2026-10-09 19:12:17,14.94,0,10.46,0,0,6
2026-10-09 19:12:17,30.1,0,15.16,0,0,8
2026-10-09 19:12:17,3.84,0,26.26,0,0,7
2026-10-09 19:12:17,30.14,0,26.3,0,0,7
2026-10-09 19:12:18,30.55,0,0.4,0,0,7
2026-10-09 19:12:18,30.39,0,0.16,0,0,7
2026-10-09 19:12:18,31.16,0,0.77,0,0,8
2026-10-09 19:12:18,29.4,0,1.75,0,0,9
2026-10-09 19:12:18,31.48,0,2.07,0,0,7
2026-10-09 19:12:18,30.62,0,0.86,0,0,7
2026-10-09 19:12:18,30.96,0,0.34,0,0,8
2026-10-09 19:12:19,30.62,0,0.34,0,0,9
2026-10-09 19:12:19,15.39,0,15.23,0,0,8
2026-10-09 19:12:19,30.36,0,14.97,0,0,7
2026-10-09 19:12:19,31.74,0,1.37,0,0,8
2026-10-09 19:12:19,15.48,0,16.26,0,0,9
2026-10-09 19:12:19,15.24,0,0.23,0,0,8
2026-10-09 19:12:19,45.8,0,30.56,0,0,7
2026-10-09 19:12:19,30.65,0,15.15,0,0,7
2026-10-09 19:12:20,19.72,0,10.93,0,0,7
2026-10-09 19:12:20,30.45,0,10.73,0,0,7
2026-10-09 19:12:20,30.29,0,0.16,0,0,8
2026-10-09 19:12:20,30.74,0,0.45,0,0,7
2026-10-09 19:12:20,31.43,0,0.69,0,0,7
2026-10-09 19:12:20,31.32,0,0.11,0,0,6
2026-10-09 19:12:20,30.41,0,0.91,0,0,7
2026-10-09 19:12:21,31.52,0,1.11,0,0,7
2026-10-09 19:12:21,30.61,0,0.92,0,0,7
2026-10-09 19:12:21,15.75,0,14.86,0,0,8
2026-10-09 19:12:21,31.86,0,16.11,0,0,6
2026-10-09 19:12:21,14.62,0,17.25,0,0,8
2026-10-09 19:12:21,16.05,0,1.44,0,0,7
2026-10-09 19:12:21,14.41,0,1.65,0,0,6
2026-10-09 19:12:22,30.35,0,15.95,0,0,7
2026-10-09 19:12:22,15.67,0,14.69,0,0,6
2026-10-09 19:12:22,15.2,0,0.47,0,0,6
2026-10-09 19:12:22,30.78,0,15.58,0,0,7
2026-10-09 19:12:22,34.18,0,3.4,0,0,6
2026-10-09 19:12:22,30.56,0,3.61,0,0,7
2026-10-09 19:12:22,31.04,0,0.48,0,0,7
2026-10-09 19:12:22,15.03,0,16.01,0,0,7
2026-10-09 19:12:23,31.49,0,16.46,0,0,7
2026-10-09 19:12:23,15.78,0,15.71,0,0,6
2026-10-09 19:12:23,30.52,0,14.74,0,0,6
2026-10-09 19:12:23,39.27,0,8.75,0,1,7
2026-10-09 19:12:23,29.8,0,9.47,0,0,7
2026-10-09 19:12:23,30.9,0,1.1,0,0,8
2026-10-09 19:12:23,31.22,0,0.33,0,0,7
2026-10-09 19:12:24,10.97,0,20.25,0,0,7
2026-10-09 19:12:24,29.97,0,19.0,0,0,7
2026-10-09 19:12:24,15.04,0,14.93,0,0,6
2026-10-09 19:12:24,15.65,0,0.62,0,0,6
2026-10-09 19:12:24,31.13,0,15.48,0,0,8
2026-10-09 19:12:24,30.46,0,0.67,0,0,8
2026-10-09 19:12:24,14.82,0,15.64,0,0,7
2026-10-09 19:12:24,30.18,0,15.36,0,0,8
2026-10-09 19:12:25,31.83,0,1.65,0,0,7
2026-10-09 19:12:25,31.22,0,0.61,0,0,8
2026-10-09 19:12:25,17.15,0,14.08,0,0,7
2026-10-09 19:12:25,15.12,0,2.03,0,0,6
2026-10-09 19:12:25,30.23,0,15.11,0,0,9
2026-10-09 19:12:25,30.71,0,0.49,0,0,7
2026-10-09 19:12:25,30.75,0,0.04,0,0,7
2026-10-09 19:12:26,19.09,0,11.67,0,0,7
2026-10-09 19:12:26,15.12,0,3.96,0,0,6
2026-10-09 19:12:26,3.25,0,11.87,0,0,6
2026-10-09 19:12:26,31.03,0,27.78,0,0,9
2026-10-09 19:12:26,20.01,0,11.02,0,0,6
2026-10-09 19:12:26,30.84,0,10.83,0,0,7
2026-10-09 19:12:26,14.77,0,16.07,0,0,7
2026-10-09 19:12:26,29.87,0,15.09,0,0,7
2026-10-09 19:12:27,20.12,0,9.75,0,0,7
2026-10-09 19:12:27,2.71,0,17.41,0,0,8
2026-10-09 19:12:27,2.86,0,0.15,0,0,9
2026-10-09 19:12:27,3.45,0,0.59,0,0,7
2026-10-09 19:12:27,3.34,0,0.11,0,0,8
2026-10-09 19:12:27,3.42,0,0.08,0,0,8
2026-10-09 19:12:27,2.86,0,0.55,0,0,6
2026-10-09 19:12:27,3.7,0,0.83,0,0,7
2026-10-09 19:12:27,3.7,0,0.0,0,0,6
2026-10-09 19:12:28,3.45,0,0.25,0,0,6
2026-10-09 19:12:28,3.86,0,0.41,0,0,8
2026-10-09 19:12:28,2.55,0,1.31,0,0,7
2026-10-09 19:12:28,3.58,0,1.04,0,0,6
2026-10-09 19:12:28,4.84,0,1.26,0,0,7
2026-10-09 19:12:28,3.45,0,1.4,0,0,8
2026-10-09 19:12:28,4.38,0,0.94,0,0,7
2026-10-09 19:12:28,4.66,0,0.27,0,0,6
2026-10-09 19:12:28,2.47,0,2.19,0,0,6
2026-10-09 19:12:28,3.67,0,1.2,0,0,8
2026-10-09 19:12:29,3.74,0,0.07,0,0,8
2026-10-09 19:12:29,4.02,0,0.28,0,0,7
2026-10-09 19:12:29,3.15,0,0.87,0,0,6
2026-10-09 19:12:29,4.76,0,1.62,0,0,6
2026-10-09 19:12:29,2.87,0,1.9,0,0,6
2026-10-09 19:12:29,3.11,0,0.24,0,0,6
2026-10-09 19:12:29,3.24,0,0.13,0,0,6
2026-10-09 19:12:29,4.31,0,1.07,0,0,6
2026-10-09 19:12:29,3.1,0,1.21,0,0,7
2026-10-09 19:12:30,3.23,0,0.14,0,0,7
2026-10-09 19:12:30,2.94,0,0.29,0,0,7
2026-10-09 19:12:30,3.13,0,0.2,0,0,5
2026-10-09 19:12:30,3.7,0,0.57,0,0,8
2026-10-09 19:12:30,4.02,0,0.32,0,0,7
2026-10-09 19:12:30,3.34,0,0.68,0,0,7
2026-10-09 19:12:30,3.98,0,0.64,0,0,8
2026-10-09 19:12:30,3.29,0,0.7,0,0,6
2026-10-09 19:12:30,2.77,0,0.51,0,0,8
2026-10-09 19:12:30,3.53,0,0.75,0,0,6
2026-10-09 19:12:31,5.13,0,1.6,0,0,7
2026-10-09 19:12:31,2.89,0,2.24,0,0,6
2026-10-09 19:12:31,3.47,0,0.58,0,0,8
2026-10-09 19:12:31,4.06,0,0.59,0,0,8
2026-10-09 19:12:31,3.56,0,0.5,0,0,7
2026-10-09 19:12:31,2.77,0,0.79,0,0,9
2026-10-09 19:12:31,3.97,0,1.21,0,0,8
2026-10-09 19:12:31,2.81,0,1.17,0,0,8
2026-10-09 19:12:31,3.71,0,0.91,0,0,8
2026-10-09 19:12:32,2.93,0,0.78,0,0,7
2026-10-09 19:12:32,3.45,0,0.53,0,0,8
2026-10-09 19:12:32,4.13,0,0.67,0,0,8
2026-10-09 19:12:32,2.78,0,1.35,0,0,6
2026-10-09 19:12:32,3.69,0,0.92,0,0,9
2026-10-09 19:12:32,3.26,0,0.43,0,0,5
2026-10-09 19:12:32,2.73,0,0.53,0,0,5
2026-10-09 19:12:32,2.07,0,0.66,0,0,6
2026-10-09 19:12:32,2.86,0,0.79,0,0,8
2026-10-09 19:12:32,3.17,0,0.31,0,0,7
2026-10-09 19:12:33,3.6,0,0.44,0,0,6
2026-10-09 19:12:33,3.52,0,0.09,0,0,7
2026-10-09 19:12:33,3.75,0,0.23,0,0,7
2026-10-09 19:12:33,3.57,0,0.18,0,0,7
2026-10-09 19:12:33,3.16,0,0.41,0,0,6
2026-10-09 19:12:33,3.32,0,0.16,0,0,8
2026-10-09 19:12:33,3.92,0,0.6,0,0,8
2026-10-09 19:12:33,3.27,0,0.65,0,0,6
2026-10-09 19:12:33,2.89,0,0.39,0,0,6
2026-10-09 19:12:34,3.04,0,0.15,0,0,6
2026-10-09 19:12:34,4.74,0,1.71,0,0,8
2026-10-09 19:12:34,2.78,0,1.96,0,0,7
2026-10-09 19:12:34,3.34,0,0.57,0,0,8
2026-10-09 19:12:34,3.66,0,0.31,0,0,9
2026-10-09 19:12:34,3.42,0,0.23,0,0,8
2026-10-09 19:12:34,2.73,0,0.69,0,0,7
2026-10-09 19:12:34,3.03,0,0.3,0,0,6
2026-10-09 19:12:34,4.12,0,1.08,0,0,5
2026-10-09 19:12:34,2.2,0,1.92,0,0,5
2026-10-09 19:12:35,3.47,0,1.27,0,0,7
2026-10-09 19:12:35,3.16,0,0.31,0,0,8
2026-10-09 19:12:35,2.2,0,0.96,0,0,8
2026-10-09 19:12:35,3.86,0,1.66,0,0,8
2026-10-09 19:12:35,3.16,0,0.7,0,0,8
2026-10-09 19:12:35,2.38,0,0.78,0,0,5
2026-10-09 19:12:35,2.96,0,0.58,0,0,5
2026-10-09 19:12:35,3.75,0,0.79,0,0,7
2026-10-09 19:12:35,3.15,0,0.6,0,0,8
2026-10-09 19:12:36,2.89,0,0.26,0,0,6
2026-10-09 19:12:36,2.78,0,0.11,0,0,6
2026-10-09 19:12:36,2.95,0,0.17,0,0,5
2026-10-09 19:12:36,3.21,0,0.26,0,0,6
2026-10-09 19:12:36,3.56,0,0.35,0,0,8
2026-10-09 19:12:36,4.47,0,0.92,0,0,7
2026-10-09 19:12:36,4.24,0,0.23,0,0,8
2026-10-09 19:12:36,3.45,0,0.79,0,0,8
2026-10-09 19:12:36,3.97,0,0.52,0,0,7
2026-10-09 19:12:36,3.4,0,0.57,0,0,7
2026-10-09 19:12:37,3.63,0,0.23,0,0,6
2026-10-09 19:12:37,3.78,0,0.15,0,0,8
2026-10-09 19:12:37,3.44,0,0.34,0,0,9
2026-10-09 19:12:37,3.08,0,0.36,0,0,7
2026-10-09 19:12:37,3.32,0,0.24,0,0,6
2026-10-09 19:12:37,3.14,0,0.18,0,0,7
2026-10-09 19:12:37,3.4,0,0.25,0,0,8
2026-10-09 19:12:37,4.06,0,0.66,0,0,5
2026-10-09 19:12:37,3.63,0,0.43,0,0,8
2026-10-09 19:12:37,2.59,0,1.04,0,0,7
2026-10-09 19:12:38,3.82,0,1.23,0,0,6
2026-10-09 19:12:38,3.35,0,0.47,0,0,6
2026-10-09 19:12:38,3.03,0,0.32,0,0,8
2026-10-09 19:12:38,3.18,0,0.15,0,0,8
2026-10-09 19:12:38,4.03,0,0.85,0,0,7
2026-10-09 19:12:38,2.9,0,1.13,0,0,7
2026-10-09 19:12:38,3.24,0,0.34,0,0,7
2026-10-09 19:12:38,3.08,0,0.16,0,0,8
2026-10-09 19:12:38,2.95,0,0.13,0,0,8
2026-10-09 19:12:39,3.25,0,0.3,0,0,8
2026-10-09 19:12:39,3.47,0,0.22,0,0,8
2026-10-09 19:12:39,3.49,0,0.02,0,0,8
2026-10-09 19:12:39,3.2,0,0.29,0,0,6
2026-10-09 19:12:39,4.24,0,1.04,0,0,6
2026-10-09 19:12:39,2.86,0,1.38,0,0,5
2026-10-09 19:12:39,3.98,0,1.12,0,0,6
2026-10-09 19:12:39,3.58,0,0.4,0,0,8
2026-10-09 19:12:39,3.32,0,0.27,0,0,5
2026-10-09 19:12:39,3.29,0,0.03,0,0,5
2026-10-09 19:12:40,3.05,0,0.24,0,0,9
2026-10-09 19:12:40,3.86,0,0.8,0,0,7
2026-10-09 19:12:40,2.73,0,1.12,0,0,6
2026-10-09 19:12:40,2.57,0,0.16,0,0,7
2026-10-09 19:12:40,2.97,0,0.4,0,0,8
2026-10-09 19:12:40,3.65,0,0.68,0,0,6
2026-10-09 19:12:40,3.06,0,0.59,0,0,9
2026-10-09 19:12:40,3.87,0,0.81,0,0,7
2026-10-09 19:12:40,3.06,0,0.81,0,0,5
2026-10-09 19:12:41,3.55,0,0.49,0,0,6
2026-10-09 19:12:41,3.3,0,0.25,0,0,8
2026-10-09 19:12:41,3.25,0,0.04,0,0,6
2026-10-09 19:12:41,3.08,0,0.17,0,0,9
2026-10-09 19:12:41,3.78,0,0.71,0,0,5
2026-10-09 19:12:41,7.01,0,3.23,0,0,7
2026-10-09 19:12:41,3.59,0,3.42,0,0,6
2026-10-09 19:12:41,2.8,0,0.79,0,0,7
2026-10-09 19:12:41,3.85,0,1.05,0,0,8
2026-10-09 19:12:41,3.5,0,0.35,0,0,7
2026-10-09 19:12:42,3.55,0,0.06,0,0,8
2026-10-09 19:12:42,3.68,0,0.13,0,0,7
2026-10-09 19:12:42,3.16,0,0.53,0,0,7
2026-10-09 19:12:42,3.81,0,0.66,0,0,8
2026-10-09 19:12:42,2.34,0,1.47,0,0,7
2026-10-09 19:12:42,3.8,0,1.45,0,0,6
2026-10-09 19:12:42,3.08,0,0.72,0,0,8
2026-10-09 19:12:42,3.62,0,0.54,0,0,7
2026-10-09 19:12:42,3.99,0,0.37,0,0,7
2026-10-09 19:12:43,4.88,0,0.89,0,0,7
2026-10-09 19:12:43,3.35,0,1.53,0,0,7
2026-10-09 19:12:43,4.01,0,0.66,0,0,8
2026-10-09 19:12:43,2.88,0,1.13,0,0,6
2026-10-09 19:12:43,3.56,0,0.68,0,0,6
2026-10-09 19:12:43,3.13,0,0.42,0,0,6
2026-10-09 19:12:43,3.67,0,0.54,0,0,8
2026-10-09 19:12:43,4.2,0,0.53,0,0,7
2026-10-09 19:12:43,3.8,0,0.4,0,0,7
2026-10-09 19:12:43,2.22,0,1.58,0,0,6
2026-10-09 19:12:44,3.71,0,1.48,0,0,8
2026-10-09 19:12:44,3.55,0,0.15,0,0,5
2026-10-09 19:12:44,4.1,0,0.55,0,0,6
2026-10-09 19:12:44,3.42,0,0.69,0,0,7
2026-10-09 19:12:44,4.45,0,1.03,0,0,8
2026-10-09 19:12:44,3.6,0,0.85,0,0,7
2026-10-09 19:12:44,3.27,0,0.33,0,0,8
2026-10-09 19:12:44,4.11,0,0.84,0,0,8
2026-10-09 19:12:44,4.33,0,0.22,0,0,8
2026-10-09 19:12:45,3.72,0,0.61,0,0,9
2026-10-09 19:12:45,3.04,0,0.68,0,0,8
2026-10-09 19:12:45,4.57,0,1.53,0,0,6
2026-10-09 19:12:45,3.09,0,1.48,0,0,8
2026-10-09 19:12:45,3.71,0,0.62,0,0,6
2026-10-09 19:12:45,3.35,0,0.36,0,0,6
2026-10-09 19:12:45,3.87,0,0.52,0,0,7
2026-10-09 19:12:45,3.75,0,0.12,0,0,6
2026-10-09 19:12:45,3.13,0,0.62,0,0,7
2026-10-09 19:12:45,3.14,0,0.01,0,0,6
2026-10-09 19:12:46,3.71,0,0.57,0,0,6
2026-10-09 19:12:46,3.84,0,0.13,0,0,6
2026-10-09 19:12:46,3.78,0,0.06,0,0,8
2026-10-09 19:12:46,3.78,0,0.0,0,0,7
2026-10-09 19:12:46,3.83,0,0.05,0,0,6
2026-10-09 19:12:46,4.14,0,0.31,0,0,6
2026-10-09 19:12:46,3.91,0,0.23,0,0,8
2026-10-09 19:12:46,3.03,0,0.88,0,0,8
2026-10-09 19:12:46,4.64,0,1.61,0,0,7
2026-10-09 19:12:47,318.5,0,313.86,1,1,10
2026-10-09 19:12:47,301.53,0,16.98,1,1,10
2026-10-09 19:12:48,273.35,0,28.17,1,0,9
2026-10-09 19:12:48,321.59,0,48.24,1,2,10
2026-10-09 19:12:48,283.65,0,37.94,1,0,8
2026-10-09 19:12:49,345.41,0,61.75,1,2,9
2026-10-09 19:12:49,250.57,0,94.83,1,0,8
2026-10-09 19:12:50,333.34,0,82.77,1,0,8
2026-10-09 19:12:50,251.61,0,81.73,1,0,6
2026-10-09 19:12:50,263.12,0,11.51,1,0,6
2026-10-09 19:12:51,356.31,0,93.19,1,0,6
2026-10-09 19:12:51,190.47,0,165.84,1,0,6
2026-10-09 19:12:52,318.59,0,128.11,1,2,9
2026-10-09 19:12:52,340.53,0,21.94,1,0,10
2026-10-09 19:12:53,417.05,0,76.52,1,1,11
2026-10-09 19:12:53,278.19,0,138.86,1,0,9
2026-10-09 19:12:53,285.23,0,7.05,1,0,7
2026-10-09 19:12:54,243.26,0,41.97,1,1,8
2026-10-09 19:12:54,349.56,0,106.29,1,0,8
2026-10-09 19:12:55,322.21,0,27.35,1,1,10
2026-10-09 19:12:55,258.91,0,63.3,1,0,9
2026-10-09 19:12:55,229.99,0,28.92,1,0,6
2026-10-09 19:12:56,296.8,0,66.81,1,0,6
2026-10-09 19:12:56,208.44,0,88.36,1,0,6
2026-10-09 19:12:56,218.34,0,9.91,1,0,6
2026-10-09 19:12:57,310.2,0,91.86,1,0,9
2026-10-09 19:12:57,241.5,0,68.7,1,1,8
2026-10-09 19:12:57,300.05,0,58.55,1,1,10
2026-10-09 19:12:58,263.78,0,36.27,1,0,9
2026-10-09 19:12:58,353.23,0,89.45,1,1,10
2026-10-09 19:12:59,258.64,0,94.59,1,1,9
2026-10-09 19:12:59,272.88,0,14.24,1,0,7
2026-10-09 19:12:59,257.99,0,14.88,1,0,8
2026-10-09 19:13:00,302.46,0,44.47,1,0,10
2026-10-09 19:13:00,143.73,0,158.73,1,0,8
2026-10-09 19:13:00,274.75,0,131.02,1,0,6
2026-10-09 19:13:01,290.66,0,15.91,1,0,6
2026-10-09 19:13:01,322.05,0,31.39,1,1,9
2026-10-09 19:13:02,293.5,0,28.56,1,0,8
2026-10-09 19:13:02,323.59,0,30.09,1,1,8
2026-10-09 19:13:02,247.54,0,76.05,1,0,9
2026-10-09 19:13:03,301.77,0,54.23,1,0,10
2026-10-09 19:13:03,253.73,0,48.04,1,0,7
2026-10-09 19:13:04,338.24,0,84.51,1,0,9
2026-10-09 19:13:04,287.12,0,51.12,1,0,8
2026-10-09 19:13:04,294.45,0,7.33,1,0,6
2026-10-09 19:13:05,178.5,0,115.95,1,0,10
2026-10-09 19:13:05,243.85,0,65.34,1,0,6
2026-10-09 19:13:05,302.11,0,58.26,1,1,9
2026-10-09 19:13:06,248.07,0,54.04,1,0,7
2026-10-09 19:13:06,242.64,0,5.44,1,0,6
2026-10-09 19:13:06,251.04,0,8.4,1,0,7
2026-10-09 19:13:07,329.8,0,78.76,1,0,7
2026-10-09 19:13:07,222.88,0,106.92,1,0,6
2026-10-09 19:13:08,304.55,0,81.67,1,0,7
2026-10-09 19:13:08,257.98,0,46.58,1,1,9
2026-10-09 19:13:08,230.45,0,27.52,1,0,8
2026-10-09 19:13:09,343.14,0,112.69,1,0,9
2026-10-09 19:13:09,329.56,0,13.58,1,0,6
2026-10-09 19:13:09,246.84,0,82.73,1,0,6
2026-10-09 19:13:10,348.81,0,101.97,1,0,6
2026-10-09 19:13:10,266.85,0,81.95,1,0,7
2026-10-09 19:13:11,283.25,0,16.4,1,2,11
2026-10-09 19:13:11,308.44,0,25.19,1,0,7
2026-10-09 19:13:12,361.63,0,53.19,1,1,9
2026-10-09 19:13:12,248.94,0,112.69,1,1,8
2026-10-09 19:13:12,300.94,0,52.0,1,0,8
2026-10-09 19:13:13,350.61,0,49.67,1,1,9
2026-10-09 19:13:13,205.04,0,145.56,1,0,8
2026-10-09 19:13:14,341.24,0,136.19,1,0,8
2026-10-09 19:13:14,323.85,0,17.39,1,0,8
2026-10-09 19:13:14,210.15,0,113.7,1,0,7
2026-10-09 19:13:15,244.91,0,34.76,1,1,8
2026-10-09 19:13:15,230.19,0,14.72,1,1,8
2026-10-09 19:13:15,290.41,0,60.21,1,0,8
2026-10-09 19:13:16,314.91,0,24.51,1,0,8
2026-10-09 19:13:16,271.31,0,43.61,1,0,9
2026-10-09 19:13:17,532.19,0,260.89,0,1,7
2026-10-09 19:13:17,3.43,0,528.76,0,0,8
2026-10-09 19:13:17,3.15,0,0.28,0,0,8
2026-10-09 19:13:17,3.92,0,0.77,0,0,7
2026-10-09 19:13:17,3.8,0,0.13,0,0,6
2026-10-09 19:13:17,6.05,0,2.25,0,0,7
2026-10-09 19:13:17,3.26,0,2.79,0,0,8
2026-10-09 19:13:17,3.98,0,0.71,0,0,6
2026-10-09 19:13:18,2.53,0,1.45,0,0,6
2026-10-09 19:13:18,4.67,0,2.14,0,0,6
2026-10-09 19:13:18,3.65,0,1.03,0,0,7
2026-10-09 19:13:18,6.93,0,3.28,0,0,7
2026-10-09 19:13:18,3.56,0,3.37,0,0,7
2026-10-09 19:13:18,3.7,0,0.14,0,0,8
2026-10-09 19:13:18,4.61,0,0.91,0,0,8
2026-10-09 19:13:18,3.25,0,1.37,0,0,7
2026-10-09 19:13:18,2.94,0,0.3,0,0,7
2026-10-09 19:13:19,3.6,0,0.66,0,0,7
2026-10-09 19:13:19,4.27,0,0.67,0,0,8
2026-10-09 19:13:19,4.64,0,0.37,0,0,6
2026-10-09 19:13:19,3.16,0,1.47,0,0,6
2026-10-09 19:13:19,5.39,0,2.22,0,0,8
2026-10-09 19:13:19,3.48,0,1.91,0,0,8
2026-10-09 19:13:19,4.06,0,0.58,0,0,6
2026-10-09 19:13:19,3.84,0,0.22,0,0,7
2026-10-09 19:13:19,3.16,0,0.68,0,0,8
2026-10-09 19:13:20,3.02,0,0.14,0,0,7
2026-10-09 19:13:20,2.83,0,0.19,0,0,5
2026-10-09 19:13:20,3.16,0,0.33,0,0,8
2026-10-09 19:13:20,3.37,0,0.21,0,0,7
2026-10-09 19:13:20,4.31,0,0.94,0,0,8
2026-10-09 19:13:20,3.88,0,0.43,0,0,7
2026-10-09 19:13:20,4.23,0,0.35,0,0,7
2026-10-09 19:13:20,3.66,0,0.57,0,0,8
2026-10-09 19:13:20,3.9,0,0.24,0,0,7
2026-10-09 19:13:20,2.5,0,1.4,0,0,9
2026-10-09 19:13:21,3.38,0,0.87,0,0,7
2026-10-09 19:13:21,2.86,0,0.52,0,0,8
2026-10-09 19:13:21,4.44,0,1.59,0,0,7
2026-10-09 19:13:21,4.67,0,0.23,0,0,7
2026-10-09 19:13:21,3.89,0,0.78,0,0,7
2026-10-09 19:13:21,3.39,0,0.51,0,0,7
2026-10-09 19:13:21,3.29,0,0.09,0,0,6
2026-10-09 19:13:21,2.35,0,0.95,0,0,7
2026-10-09 19:13:21,3.48,0,1.13,0,0,7
2026-10-09 19:13:22,2.75,0,0.73,0,0,6
2026-10-09 19:13:22,2.99,0,0.24,0,0,8
2026-10-09 19:13:22,2.76,0,0.23,0,0,7
2026-10-09 19:13:22,3.18,0,0.42,0,0,8
2026-10-09 19:13:22,3.3,0,0.12,0,0,9
2026-10-09 19:13:22,3.64,0,0.34,0,0,7
2026-10-09 19:13:22,2.93,0,0.71,0,0,6
2026-10-09 19:13:22,3.25,0,0.32,0,0,7
2026-10-09 19:13:22,3.23,0,0.02,0,0,6
2026-10-09 19:13:22,4.42,0,1.19,0,0,9
2026-10-09 19:13:23,2.53,0,1.89,0,0,7
2026-10-09 19:13:23,2.73,0,0.2,0,0,8
2026-10-09 19:13:23,3.89,0,1.16,0,0,7
2026-10-09 19:13:23,3.31,0,0.59,0,0,7
2026-10-09 19:13:23,3.14,0,0.17,0,0,6
2026-10-09 19:13:23,3.06,0,0.08,0,0,6
2026-10-09 19:13:23,3.68,0,0.62,0,0,7
2026-10-09 19:13:23,3.43,0,0.25,0,0,8
2026-10-09 19:13:23,3.65,0,0.22,0,0,8
2026-10-09 19:13:23,3.34,0,0.31,0,0,7
2026-10-09 19:13:24,4.06,0,0.71,0,0,7
2026-10-09 19:13:24,14.87,0,10.82,0,0,7
2026-10-09 19:13:24,18.4,0,3.53,0,1,8
2026-10-09 19:13:24,27.75,0,9.34,0,0,8
2026-10-09 19:13:24,15.91,0,11.84,0,1,6
2026-10-09 19:13:24,15.13,0,0.78,0,0,8
2026-10-09 19:13:24,14.81,0,0.32,0,0,7
2026-10-09 19:13:24,31.33,0,16.51,0,1,8
2026-10-09 19:13:25,14.72,0,16.61,0,0,8
2026-10-09 19:13:25,22.61,0,7.89,0,0,8
2026-10-09 19:13:25,30.02,0,7.41,0,0,8
2026-10-09 19:13:25,15.25,0,14.76,0,0,7
2026-10-09 19:13:25,31.38,0,16.12,0,0,7
2026-10-09 19:13:25,16.66,0,14.72,0,0,7
2026-10-09 19:13:25,23.32,0,6.66,0,0,7
2026-10-09 19:13:26,3.38,0,19.94,0,0,8
2026-10-09 19:13:26,3.38,0,0.0,0,0,9
2026-10-09 19:13:26,2.97,0,0.41,0,0,6
2026-10-09 19:13:26,2.98,0,0.01,0,0,7
2026-10-09 19:13:26,3.69,0,0.71,0,0,8
2026-10-09 19:13:26,2.84,0,0.85,0,0,5
2026-10-09 19:13:26,3.29,0,0.45,0,0,6
2026-10-09 19:13:26,3.64,0,0.35,0,0,7
2026-10-09 19:13:26,3.12,0,0.52,0,0,6
2026-10-09 19:13:26,3.99,0,0.87,0,0,7
2026-10-09 19:13:27,3.4,0,0.58,0,0,7
2026-10-09 19:13:27,2.03,0,1.38,0,0,5
2026-10-09 19:13:27,4.55,0,2.52,0,0,8
2026-10-09 19:13:27,4.47,0,0.08,0,0,7
2026-10-09 19:13:27,6.99,0,2.52,0,0,7
2026-10-09 19:13:27,3.26,0,3.73,0,0,5
2026-10-09 19:13:27,3.68,0,0.41,0,0,8
2026-10-09 19:13:27,3.14,0,0.53,0,0,6
2026-10-09 19:13:27,4.24,0,1.09,0,0,7
2026-10-09 19:13:28,6.32,0,2.08,0,0,7
2026-10-09 19:13:28,3.87,0,2.45,0,0,8
2026-10-09 19:13:28,5.63,0,1.76,0,0,7
2026-10-09 19:13:28,4.48,0,1.14,0,0,7
2026-10-09 19:13:28,3.7,0,0.78,0,0,7
2026-10-09 19:13:28,4.86,0,1.16,0,0,8
2026-10-09 19:13:28,4.69,0,0.17,0,0,8
2026-10-09 19:13:28,5.55,0,0.85,0,0,7
2026-10-09 19:13:28,3.72,0,1.83,0,0,8
2026-10-09 19:13:28,5.73,0,2.01,0,0,6
2026-10-09 19:13:29,4.17,0,1.56,0,0,6
2026-10-09 19:13:29,4.42,0,0.24,0,0,6
2026-10-09 19:13:29,3.09,0,1.33,0,0,7
2026-10-09 19:13:29,4.14,0,1.06,0,0,9
2026-10-09 19:13:29,4.57,0,0.42,0,0,8
2026-10-09 19:13:29,3.65,0,0.92,0,0,5
2026-10-09 19:13:29,3.26,0,0.38,0,0,6
2026-10-09 19:13:29,3.57,0,0.31,0,0,5
2026-10-09 19:13:29,3.85,0,0.28,0,0,6
2026-10-09 19:13:30,4.4,0,0.55,0,0,7
2026-10-09 19:13:30,6.24,0,1.84,0,0,5
2026-10-09 19:13:30,7.06,0,0.81,0,0,6
2026-10-09 19:13:30,4.0,0,3.06,0,0,7
2026-10-09 19:13:30,3.39,0,0.6,0,0,8
2026-10-09 19:13:30,4.13,0,0.74,0,0,6
2026-10-09 19:13:30,3.62,0,0.51,0,0,7
2026-10-09 19:13:30,3.49,0,0.13,0,0,8
2026-10-09 19:13:30,4.55,0,1.06,0,0,8
2026-10-09 19:13:30,3.76,0,0.79,0,0,7
2026-10-09 19:13:31,5.49,0,1.73,0,0,7
2026-10-09 19:13:31,4.26,0,1.23,0,0,8
2026-10-09 19:13:31,5.35,0,1.09,0,0,7
2026-10-09 19:13:31,5.61,0,0.26,0,0,8
2026-10-09 19:13:31,5.28,0,0.33,0,0,8
2026-10-09 19:13:31,4.28,0,1.0,0,0,6
2026-10-09 19:13:31,3.86,0,0.43,0,0,6
2026-10-09 19:13:31,4.39,0,0.53,0,0,7
2026-10-09 19:13:31,4.64,0,0.25,0,0,6
2026-10-09 19:13:32,4.1,0,0.54,0,0,7
2026-10-09 19:13:32,3.46,0,0.64,0,0,6
2026-10-09 19:13:32,4.84,0,1.39,0,0,9
2026-10-09 19:13:32,3.97,0,0.87,0,0,7
2026-10-09 19:13:32,4.52,0,0.55,0,0,8
2026-10-09 19:13:32,4.03,0,0.49,0,0,7
2026-10-09 19:13:32,3.23,0,0.8,0,0,7
2026-10-09 19:13:32,3.34,0,0.11,0,0,5
2026-10-09 19:13:32,3.92,0,0.58,0,0,8
2026-10-09 19:13:33,4.21,0,0.29,0,0,7
2026-10-09 19:13:33,3.57,0,0.64,0,0,7
2026-10-09 19:13:33,3.68,0,0.11,0,0,7
2026-10-09 19:13:33,4.46,0,0.78,0,0,7
2026-10-09 19:13:33,3.64,0,0.81,0,0,8
2026-10-09 19:13:33,4.38,0,0.73,0,0,8
2026-10-09 19:13:33,2.98,0,1.4,0,0,8
2026-10-09 19:13:33,3.1,0,0.13,0,0,6
2026-10-09 19:13:33,2.63,0,0.48,0,0,6
2026-10-09 19:13:33,4.63,0,2.0,0,0,8
2026-10-09 19:13:34,3.67,0,0.96,0,0,7
2026-10-09 19:13:34,2.85,0,0.82,0,0,5
2026-10-09 19:13:34,3.22,0,0.37,0,0,8
2026-10-09 19:13:34,3.1,0,0.12,0,0,5
2026-10-09 19:13:34,3.77,0,0.67,0,0,5
2026-10-09 19:13:34,3.27,0,0.5,0,0,6
2026-10-09 19:13:34,4.25,0,0.97,0,0,7
2026-10-09 19:13:34,3.84,0,0.41,0,0,7
2026-10-09 19:13:34,4.28,0,0.44,0,0,7
2026-10-09 19:13:35,4.35,0,0.07,0,0,5
2026-10-09 19:13:35,3.93,0,0.41,0,0,8
2026-10-09 19:13:35,3.13,0,0.8,0,0,6
2026-10-09 19:13:35,3.51,0,0.38,0,0,6
2026-10-09 19:13:35,3.17,0,0.34,0,0,7
2026-10-09 19:13:35,3.6,0,0.44,0,0,6
2026-10-09 19:13:35,4.18,0,0.58,0,0,9
2026-10-09 19:13:35,3.44,0,0.74,0,0,7
2026-10-09 19:13:35,4.11,0,0.66,0,0,6
2026-10-09 19:13:35,3.8,0,0.31,0,0,8
2026-10-09 19:13:36,2.95,0,0.85,0,0,8
2026-10-09 19:13:36,3.8,0,0.85,0,0,8
2026-10-09 19:13:36,3.67,0,0.13,0,0,8
2026-10-09 19:13:36,3.95,0,0.28,0,0,6
2026-10-09 19:13:36,3.41,0,0.54,0,0,6
2026-10-09 19:13:36,3.83,0,0.42,0,0,7
2026-10-09 19:13:36,3.51,0,0.32,0,0,8
2026-10-09 19:13:36,4.64,0,1.13,0,0,8
2026-10-09 19:13:36,3.71,0,0.92,0,0,8
2026-10-09 19:13:37,3.37,0,0.34,0,0,9
2026-10-09 19:13:37,2.52,0,0.85,0,0,7
2026-10-09 19:13:37,4.15,0,1.64,0,0,8
2026-10-09 19:13:37,2.48,0,1.67,0,0,6
2026-10-09 19:13:37,3.42,0,0.94,0,0,7
2026-10-09 19:13:37,2.64,0,0.77,0,0,6
2026-10-09 19:13:37,3.04,0,0.39,0,0,9
2026-10-09 19:13:37,3.23,0,0.19,0,0,7
2026-10-09 19:13:37,3.19,0,0.04,0,0,7
2026-10-09 19:13:37,3.95,0,0.77,0,0,7
2026-10-09 19:13:38,4.01,0,0.06,0,0,8
2026-10-09 19:13:38,3.08,0,0.93,0,0,7
2026-10-09 19:13:38,3.13,0,0.05,0,0,7
2026-10-09 19:13:38,3.63,0,0.5,0,0,6
2026-10-09 19:13:38,2.58,0,1.05,0,0,6
2026-10-09 19:13:38,3.97,0,1.38,0,0,7
2026-10-09 19:13:38,4.37,0,0.41,0,0,7
2026-10-09 19:13:38,3.52,0,0.85,0,0,8
2026-10-09 19:13:38,2.99,0,0.53,0,0,7
2026-10-09 19:13:38,2.78,0,0.21,0,0,8
2026-10-09 19:13:39,4.34,0,1.56,0,0,8
2026-10-09 19:13:39,3.08,0,1.27,0,0,6
2026-10-09 19:13:39,3.89,0,0.82,0,0,6
2026-10-09 19:13:39,3.14,0,0.75,0,0,6
2026-10-09 19:13:39,4.22,0,1.08,0,0,6
2026-10-09 19:13:39,3.65,0,0.57,0,0,8
2026-10-09 19:13:39,3.89,0,0.24,0,0,6
2026-10-09 19:13:39,3.1,0,0.8,0,0,6
2026-10-09 19:13:39,3.69,0,0.6,0,0,7
2026-10-09 19:13:40,2.81,0,0.88,0,0,8
2026-10-09 19:13:40,2.99,0,0.18,0,0,5
2026-10-09 19:13:40,4.42,0,1.43,0,0,7
2026-10-09 19:13:40,3.47,0,0.95,0,0,8
2026-10-09 19:13:40,4.49,0,1.01,0,0,5
2026-10-09 19:13:40,2.62,0,1.87,0,0,6
2026-10-09 19:13:40,2.99,0,0.37,0,0,8
2026-10-09 19:13:40,4.23,0,1.24,0,0,8
2026-10-09 19:13:40,3.52,0,0.71,0,0,6
2026-10-09 19:13:40,5.56,0,2.04,0,0,5
2026-10-09 19:13:41,4.51,0,1.06,0,0,8
2026-10-09 19:13:41,3.18,0,1.32,0,0,6
2026-10-09 19:13:41,3.04,0,0.14,0,0,9
2026-10-09 19:13:41,3.29,0,0.25,0,0,6
2026-10-09 19:13:41,3.99,0,0.7,0,0,7
2026-10-09 19:13:41,3.13,0,0.86,0,0,6
2026-10-09 19:13:41,3.19,0,0.06,0,0,7
2026-10-09 19:13:41,3.67,0,0.48,0,0,6
2026-10-09 19:13:41,3.77,0,0.1,0,0,5
