2026-09-04 12:19:20,2.49,0,0
2026-09-04 12:19:20,5.8,0,0
2026-09-04 12:19:20,3.51,0,0
2026-09-04 12:19:20,4.95,0,0
2026-09-04 12:19:20,2.72,0,0
2026-09-04 12:19:21,4.9,0,0
2026-09-04 12:19:21,4.29,0,0
2026-09-04 12:19:21,4.65,0,0
2026-09-04 12:19:21,3.75,0,0
2026-09-04 12:19:21,3.63,0,0
2026-09-04 12:19:21,3.06,0,0
2026-09-04 12:19:21,3.14,0,0
2026-09-04 12:19:21,3.41,0,0
2026-09-04 12:19:21,3.5,0,0
2026-09-04 12:19:21,3.56,0,0
2026-09-04 12:19:22,4.23,0,0
2026-09-04 12:19:22,4.98,0,0
2026-09-04 12:19:22,3.73,0,0
2026-09-04 12:19:22,3.48,0,0
2026-09-04 12:19:22,4.03,0,0
2026-09-04 12:19:22,3.25,0,0
2026-09-04 12:19:22,3.71,0,0
2026-09-04 12:19:22,4.17,0,0
2026-09-04 12:19:22,4.39,0,0
2026-09-04 12:19:23,2.77,0,0
2026-09-04 12:19:23,4.43,0,0
2026-09-04 12:19:23,5.14,0,0
2026-09-04 12:19:23,4.09,0,0
2026-09-04 12:19:23,3.24,0,0
2026-09-04 12:19:23,3.41,0,0
2026-09-04 12:19:23,2.75,0,0
2026-09-04 12:19:23,3.36,0,0
2026-09-04 12:19:23,2.94,0,0
2026-09-04 12:19:23,3.42,0,0
2026-09-04 12:19:24,3.81,0,0
2026-09-04 12:19:24,4.46,0,0
2026-09-04 12:19:24,3.8,0,0
2026-09-04 12:19:24,4.18,0,0
2026-09-04 12:19:24,3.25,0,0
2026-09-04 12:19:24,3.65,0,0
2026-09-04 12:19:24,3.03,0,0
2026-09-04 12:19:24,3.5,0,0
2026-09-04 12:19:24,4.79,0,0
2026-09-04 12:19:25,4.37,0,0
2026-09-04 12:19:25,3.49,0,0
2026-09-04 12:19:25,3.97,0,0
2026-09-04 12:19:25,4.08,0,0
2026-09-04 12:19:25,3.8,0,0
2026-09-04 12:19:25,3.87,0,0
2026-09-04 12:19:25,3.91,0,0
2026-09-04 12:19:25,4.47,0,0
2026-09-04 12:19:25,3.47,0,0
2026-09-04 12:19:25,5.23,0,0
2026-09-04 12:19:26,3.74,0,0
2026-09-04 12:19:26,3.3,0,0
2026-09-04 12:19:26,6.05,0,0
2026-09-04 12:19:26,3.86,0,0
2026-09-04 12:19:26,4.12,0,0
2026-09-04 12:19:26,4.49,0,0
2026-09-04 12:19:26,5.3,0,0
2026-09-04 12:19:26,3.66,0,0
2026-09-04 12:19:26,4.08,0,0
2026-09-04 12:19:27,3.58,0,0
2026-09-04 12:19:27,3.39,0,0
2026-09-04 12:19:27,3.65,0,0
2026-09-04 12:19:27,3.15,0,0
2026-09-04 12:19:27,4.08,0,0
2026-09-04 12:19:27,4.63,0,0
2026-09-04 12:19:27,3.08,0,0
2026-09-04 12:19:27,3.47,0,0
2026-09-04 12:19:27,3.41,0,0
2026-09-04 12:19:27,4.52,0,0
2026-09-04 12:19:28,3.82,0,0
2026-09-04 12:19:28,4.65,0,0
2026-09-04 12:19:28,3.5,0,0
2026-09-04 12:19:28,2.9,0,0
2026-09-04 12:19:28,3.83,0,0
2026-09-04 12:19:28,2.94,0,0
2026-09-04 12:19:28,3.62,0,0
2026-09-04 12:19:28,3.12,0,0
2026-09-04 12:19:28,3.96,0,0
2026-09-04 12:19:28,3.35,0,0
2026-09-04 12:19:29,3.35,0,0
2026-09-04 12:19:29,2.84,0,0
2026-09-04 12:19:29,5.77,0,0
2026-09-04 12:19:29,3.39,0,0
2026-09-04 12:19:29,3.5,0,0
2026-09-04 12:19:29,4.99,0,0
2026-09-04 12:19:29,4.06,0,0
2026-09-04 12:19:29,3.44,0,0
2026-09-04 12:19:29,4.59,0,0
2026-09-04 12:19:30,3.8,0,0
2026-09-04 12:19:30,5.8,0,0
2026-09-04 12:19:30,3.73,0,0
2026-09-04 12:19:30,3.38,0,0
2026-09-04 12:19:30,3.36,0,0
2026-09-04 12:19:30,3.59,0,0
2026-09-04 12:19:30,4.75,0,0
2026-09-04 12:19:30,4.31,0,0
2026-09-04 12:19:30,3.09,0,0
2026-09-04 12:19:30,3.61,0,0
2026-09-04 12:19:31,3.05,0,0
2026-09-04 12:19:31,3.46,0,0
2026-09-04 12:19:31,4.63,0,0
2026-09-04 12:19:31,3.68,0,0
2026-09-04 12:19:31,3.92,0,0
2026-09-04 12:19:31,6.29,0,0
2026-09-04 12:19:31,2.59,0,0
2026-09-04 12:19:31,4.38,0,0
2026-09-04 12:19:31,3.75,0,0
2026-09-04 12:19:32,3.03,0,0
2026-09-04 12:19:32,4.26,0,0
2026-09-04 12:19:32,5.25,0,0
2026-09-04 12:19:32,4.31,0,0
2026-09-04 12:19:32,3.02,0,0
2026-09-04 12:19:32,3.42,0,0
2026-09-04 12:19:32,4.16,0,0
2026-09-04 12:19:32,4.12,0,0
2026-09-04 12:19:32,2.72,0,0
2026-09-04 12:19:32,3.67,0,0
2026-09-04 12:19:33,4.15,0,0
2026-09-04 12:19:33,2.97,0,0
2026-09-04 12:19:33,2.93,0,0
2026-09-04 12:19:33,3.62,0,0
2026-09-04 12:19:33,4.85,0,0
2026-09-04 12:19:33,3.1,0,0
2026-09-04 12:19:33,3.8,0,0
2026-09-04 12:19:33,5.01,0,0
2026-09-04 12:19:33,3.31,0,0
2026-09-04 12:19:34,3.77,0,0
2026-09-04 12:19:34,3.62,0,0
2026-09-04 12:19:34,4.76,0,0
2026-09-04 12:19:34,4.13,0,0
2026-09-04 12:19:34,3.02,0,0
2026-09-04 12:19:34,3.89,0,0
2026-09-04 12:19:34,2.72,0,0
2026-09-04 12:19:34,5.21,0,0
2026-09-04 12:19:34,3.51,0,0
2026-09-04 12:19:34,3.82,0,0
2026-09-04 12:19:35,3.84,0,0
2026-09-04 12:19:35,2.57,0,0
2026-09-04 12:19:35,3.63,0,0
2026-09-04 12:19:35,3.85,0,0
2026-09-04 12:19:35,4.22,0,0
2026-09-04 12:19:35,3.9,0,0
2026-09-04 12:19:35,3.57,0,0
2026-09-04 12:19:35,3.27,0,0
2026-09-04 12:19:35,4.86,0,0
2026-09-04 12:19:36,3.58,0,0
2026-09-04 12:19:36,4.1,0,0
2026-09-04 12:19:36,3.72,0,0
2026-09-04 12:19:36,3.3,0,0
2026-09-04 12:19:36,3.33,0,0
2026-09-04 12:19:36,5.16,0,0
2026-09-04 12:19:36,3.56,0,0
2026-09-04 12:19:36,3.49,0,0
2026-09-04 12:19:36,4.05,0,0
2026-09-04 12:19:36,3.03,0,0
2026-09-04 12:19:37,3.45,0,0
2026-09-04 12:19:37,2.22,0,0
2026-09-04 12:19:37,4.35,0,0
2026-09-04 12:19:37,4.57,0,0
2026-09-04 12:19:37,4.24,0,0
2026-09-04 12:19:37,4.54,0,0
2026-09-04 12:19:37,3.39,0,0
2026-09-04 12:19:37,2.8,0,0
2026-09-04 12:19:37,3.99,0,0
2026-09-04 12:19:38,3.91,0,0
2026-09-04 12:19:38,3.25,0,0
2026-09-04 12:19:38,3.02,0,0
2026-09-04 12:19:38,3.24,0,0
2026-09-04 12:19:38,4.46,0,0
2026-09-04 12:19:38,4.95,0,0
2026-09-04 12:19:38,3.48,0,0
2026-09-04 12:19:38,4.4,0,0
2026-09-04 12:19:38,3.31,0,0
2026-09-04 12:19:38,4.47,0,0
2026-09-04 12:19:39,4.19,0,0
2026-09-04 12:19:39,4.01,0,0
2026-09-04 12:19:39,3.56,0,0
2026-09-04 12:19:39,3.26,0,0
2026-09-04 12:19:39,3.54,0,0
2026-09-04 12:19:39,2.75,0,0
2026-09-04 12:19:39,2.92,0,0
2026-09-04 12:19:39,3.77,0,0
2026-09-04 12:19:39,3.82,0,0
2026-09-04 12:19:40,2.91,0,0
2026-09-04 12:19:40,2.4,0,0
2026-09-04 12:19:40,3.66,0,0
2026-09-04 12:19:40,2.97,0,0
2026-09-04 12:19:40,3.37,0,0
2026-09-04 12:19:40,3.6,0,0
2026-09-04 12:19:40,4.76,0,0
2026-09-04 12:19:40,3.61,0,0
2026-09-04 12:19:40,2.96,0,0
2026-09-04 12:19:40,4.23,0,0
2026-09-04 12:19:41,2.9,0,0
2026-09-04 12:19:41,3.33,0,0
2026-09-04 12:19:41,4.07,0,0
2026-09-04 12:19:41,3.79,0,0
2026-09-04 12:19:41,2.62,0,0
2026-09-04 12:19:41,2.49,0,0
2026-09-04 12:19:41,3.76,0,0
2026-09-04 12:19:41,2.58,0,0
2026-09-04 12:19:41,4.56,0,0
2026-09-04 12:19:41,3.86,0,0
2026-09-04 12:19:42,3.34,0,0
2026-09-04 12:19:42,2.43,0,0
2026-09-04 12:19:42,4.27,0,0
2026-09-04 12:19:42,2.87,0,0
2026-09-04 12:19:42,4.29,0,0
2026-09-04 12:19:42,3.95,0,0
2026-09-04 12:19:42,3.34,0,0
2026-09-04 12:19:42,5.62,0,0
2026-09-04 12:19:42,4.01,0,0
2026-09-04 12:19:43,3.82,0,0
2026-09-04 12:19:43,4.43,0,0
2026-09-04 12:19:43,4.21,0,0
2026-09-04 12:19:43,3.61,0,0
2026-09-04 12:19:43,4.09,0,0
2026-09-04 12:19:43,2.7,0,0
2026-09-04 12:19:43,2.68,0,0
2026-09-04 12:19:43,2.4,0,0
2026-09-04 12:19:43,2.74,0,0
2026-09-04 12:19:43,3.7,0,0
2026-09-04 12:19:44,2.96,0,0
2026-09-04 12:19:44,3.04,0,0
2026-09-04 12:19:44,3.58,0,0
2026-09-04 12:19:44,3.26,0,0
2026-09-04 12:19:44,3.0,0,0
2026-09-04 12:19:44,2.93,0,0
2026-09-04 12:19:44,3.29,0,0
2026-09-04 12:19:44,3.18,0,0
2026-09-04 12:19:44,2.73,0,0
2026-09-04 12:19:45,2.99,0,0
2026-09-04 12:19:45,2.94,0,0
2026-09-04 12:19:45,3.61,0,0
2026-09-04 12:19:45,4.86,0,0
2026-09-04 12:19:45,4.16,0,0
2026-09-04 12:19:45,3.6,0,0
2026-09-04 12:19:45,3.13,0,0
2026-09-04 12:19:45,3.62,0,0
2026-09-04 12:19:45,2.53,0,0
2026-09-04 12:19:45,2.54,0,0
2026-09-04 12:19:46,3.06,0,0
2026-09-04 12:19:46,2.8,0,0
2026-09-04 12:19:46,3.53,0,0
2026-09-04 12:19:46,3.1,0,0
2026-09-04 12:19:46,3.56,0,0
2026-09-04 12:19:46,3.65,0,0
2026-09-04 12:19:46,3.58,0,0
2026-09-04 12:19:46,3.47,0,0
2026-09-04 12:19:46,2.86,0,0
2026-09-04 12:19:47,4.7,0,0
2026-09-04 12:19:47,2.54,0,0
2026-09-04 12:19:47,3.38,0,0
2026-09-04 12:19:47,3.42,0,0
2026-09-04 12:19:47,2.32,0,0
2026-09-04 12:19:47,3.43,0,0
2026-09-04 12:19:47,3.23,0,0
2026-09-04 12:19:47,3.16,0,0
2026-09-04 12:19:47,4.15,0,0
2026-09-04 12:19:47,3.17,0,0
2026-09-04 12:19:48,3.5,0,0
2026-09-04 12:19:48,4.67,0,0
2026-09-04 12:19:48,3.19,0,0
2026-09-04 12:19:48,4.44,0,0
2026-09-04 12:19:48,4.16,0,0
2026-09-04 12:19:48,3.74,0,0
2026-09-04 12:19:48,4.66,0,0
2026-09-04 12:19:48,3.97,0,0
2026-09-04 12:19:48,4.65,0,0
2026-09-04 12:19:49,3.08,0,0
2026-09-04 12:19:49,3.08,0,0
2026-09-04 12:19:49,3.96,0,0
2026-09-04 12:19:49,4.48,0,0
2026-09-04 12:19:49,4.41,0,0
2026-09-04 12:19:49,3.9,0,0
2026-09-04 12:19:49,3.2,0,0
2026-09-04 12:19:49,3.44,0,0
2026-09-04 12:19:49,4.4,0,0
2026-09-04 12:19:49,3.98,0,0
2026-09-04 12:19:50,4.65,0,0
2026-09-04 12:19:50,4.67,0,0
2026-09-04 12:19:50,3.31,0,0
2026-09-04 12:19:50,3.36,0,0
2026-09-04 12:20:20,5.04,0,0
2026-09-04 12:20:20,4.68,0,0
2026-09-04 12:20:20,4.54,0,0
2026-09-04 12:20:20,2.87,0,0
2026-09-04 12:20:20,5.03,0,0
2026-09-04 12:20:21,3.31,0,0
2026-09-04 12:20:21,4.13,0,0
2026-09-04 12:20:21,4.71,0,0
2026-09-04 12:20:21,5.08,0,0
2026-09-04 12:20:21,4.8,0,0
2026-09-04 12:20:21,4.22,0,0
2026-09-04 12:20:21,3.1,0,0
2026-09-04 12:20:21,4.54,0,0
2026-09-04 12:20:21,4.45,0,0
2026-09-04 12:20:22,3.55,0,0
2026-09-04 12:20:22,5.06,0,0
2026-09-04 12:20:22,3.84,0,0
2026-09-04 12:20:22,3.98,0,0
2026-09-04 12:20:22,4.82,0,0
2026-09-04 12:20:22,4.2,0,0
2026-09-04 12:20:22,3.86,0,0
2026-09-04 12:20:22,3.97,0,0
2026-09-04 12:20:22,3.18,0,0
2026-09-04 12:20:22,3.97,0,0
2026-09-04 12:20:23,4.05,0,0
2026-09-04 12:20:23,3.85,0,0
2026-09-04 12:20:23,3.49,0,0
2026-09-04 12:20:23,4.27,0,0
2026-09-04 12:20:23,4.84,0,0
2026-09-04 12:20:23,2.91,0,0
2026-09-04 12:20:23,2.71,0,0
2026-09-04 12:20:23,4.19,0,0
2026-09-04 12:20:23,3.59,0,0
2026-09-04 12:20:24,3.68,0,0
2026-09-04 12:20:24,2.75,0,0
2026-09-04 12:20:24,3.6,0,0
2026-09-04 12:20:24,4.37,0,0
2026-09-04 12:20:24,4.33,0,0
2026-09-04 12:20:24,2.45,0,0
2026-09-04 12:20:24,4.32,0,0
2026-09-04 12:20:24,3.63,0,0
2026-09-04 12:20:24,2.81,0,0
2026-09-04 12:20:24,4.15,0,0
2026-09-04 12:20:25,2.83,0,0
2026-09-04 12:20:25,3.83,0,0
2026-09-04 12:20:25,2.52,0,0
2026-09-04 12:20:25,3.66,0,0
2026-09-04 12:20:25,3.22,0,0
2026-09-04 12:20:25,3.93,0,0
2026-09-04 12:20:25,3.71,0,0
2026-09-04 12:20:25,3.42,0,0
2026-09-04 12:20:25,3.83,0,0
2026-09-04 12:20:25,4.73,0,0
2026-09-04 12:20:26,3.15,0,0
2026-09-04 12:20:26,3.4,0,0
2026-09-04 12:20:26,3.47,0,0
2026-09-04 12:20:26,3.38,0,0
2026-09-04 12:20:26,4.91,0,0
2026-09-04 12:20:26,4.05,0,0
2026-09-04 12:20:26,4.47,0,0
2026-09-04 12:20:26,4.31,0,0
2026-09-04 12:20:26,3.74,0,0
2026-09-04 12:20:27,3.72,0,0
2026-09-04 12:20:27,4.06,0,0
2026-09-04 12:20:27,3.37,0,0
2026-09-04 12:20:27,3.84,0,0
2026-09-04 12:20:27,3.93,0,0
2026-09-04 12:20:27,3.57,0,0
2026-09-04 12:20:27,3.5,0,0
2026-09-04 12:20:27,4.22,0,0
2026-09-04 12:20:27,3.07,0,0
2026-09-04 12:20:27,4.7,0,0
2026-09-04 12:20:28,3.61,0,0
2026-09-04 12:20:28,4.39,0,0
2026-09-04 12:20:28,4.82,0,0
2026-09-04 12:20:28,2.82,0,0
2026-09-04 12:20:28,4.77,0,0
2026-09-04 12:20:28,4.08,0,0
2026-09-04 12:20:28,3.39,0,0
2026-09-04 12:20:28,4.6,0,0
2026-09-04 12:20:28,4.56,0,0
2026-09-04 12:20:29,4.69,0,0
2026-09-04 12:20:29,4.11,0,0
2026-09-04 12:20:29,4.66,0,0
2026-09-04 12:20:29,4.78,0,0
2026-09-04 12:20:29,4.37,0,0
2026-09-04 12:20:29,3.81,0,0
2026-09-04 12:20:29,4.51,0,0
2026-09-04 12:20:29,4.35,0,0
2026-09-04 12:20:29,4.09,0,0
2026-09-04 12:20:30,5.32,0,0
2026-09-04 12:20:30,3.64,0,0
2026-09-04 12:20:30,4.12,0,0
2026-09-04 12:20:30,3.18,0,0
2026-09-04 12:20:30,3.65,0,0
2026-09-04 12:20:30,3.54,0,0
2026-09-04 12:20:30,4.33,0,0
2026-09-04 12:20:30,3.02,0,0
2026-09-04 12:20:30,3.69,0,0
2026-09-04 12:20:30,3.99,0,0
2026-09-04 12:20:31,2.93,0,0
2026-09-04 12:20:31,3.53,0,0
2026-09-04 12:20:31,2.82,0,0
2026-09-04 12:20:31,3.13,0,0
2026-09-04 12:20:31,2.54,0,0
2026-09-04 12:20:31,4.51,0,0
2026-09-04 12:20:31,3.28,0,0
2026-09-04 12:20:31,3.83,0,0
2026-09-04 12:20:31,4.71,0,0
2026-09-04 12:20:31,2.85,0,0
2026-09-04 12:20:32,3.09,0,0
2026-09-04 12:20:32,4.12,0,0
2026-09-04 12:20:32,4.9,0,0
2026-09-04 12:20:32,5.64,0,0
2026-09-04 12:20:32,4.88,0,0
2026-09-04 12:20:32,4.75,0,0
2026-09-04 12:20:32,3.92,0,0
2026-09-04 12:20:32,3.8,0,0
2026-09-04 12:20:32,3.22,0,0
2026-09-04 12:20:33,3.7,0,0
2026-09-04 12:20:33,2.95,0,0
2026-09-04 12:20:33,2.49,0,0
2026-09-04 12:20:33,3.13,0,0
2026-09-04 12:20:33,3.68,0,0
2026-09-04 12:20:33,4.25,0,0
2026-09-04 12:20:33,3.9,0,0
2026-09-04 12:20:33,3.57,0,0
2026-09-04 12:20:33,3.86,0,0
2026-09-04 12:20:33,3.6,0,0
2026-09-04 12:20:34,4.79,0,0
2026-09-04 12:20:34,4.86,0,0
2026-09-04 12:20:34,4.09,0,0
2026-09-04 12:20:34,3.37,0,0
2026-09-04 12:20:34,2.74,0,0
2026-09-04 12:20:34,3.46,0,0
2026-09-04 12:20:34,3.97,0,0
2026-09-04 12:20:34,3.67,0,0
2026-09-04 12:20:34,2.62,0,0
2026-09-04 12:20:35,4.04,0,0
2026-09-04 12:20:35,4.36,0,0
2026-09-04 12:20:35,5.91,0,0
2026-09-04 12:20:35,4.09,0,0
2026-09-04 12:20:35,4.79,0,0
2026-09-04 12:20:35,2.98,0,0
2026-09-04 12:20:35,3.16,0,0
2026-09-04 12:20:35,4.83,0,0
2026-09-04 12:20:35,5.1,0,0
2026-09-04 12:20:35,3.73,0,0
2026-09-04 12:20:36,3.29,0,0
2026-09-04 12:20:36,3.48,0,0
2026-09-04 12:20:36,4.31,0,0
2026-09-04 12:20:36,3.63,0,0
2026-09-04 12:20:36,4.02,0,0
2026-09-04 12:20:36,3.15,0,0
2026-09-04 12:20:36,3.91,0,0
2026-09-04 12:20:36,3.83,0,0
2026-09-04 12:20:36,4.49,0,0
2026-09-04 12:20:37,4.6,0,0
2026-09-04 12:20:37,4.02,0,0
2026-09-04 12:20:37,4.62,0,0
2026-09-04 12:20:37,4.55,0,0
2026-09-04 12:20:37,3.74,0,0
2026-09-04 12:20:37,3.77,0,0
2026-09-04 12:20:37,3.43,0,0
2026-09-04 12:20:37,3.09,0,0
2026-09-04 12:20:37,4.61,0,0
2026-09-04 12:20:37,4.52,0,0
2026-09-04 12:20:38,3.27,0,0
2026-09-04 12:20:38,3.7,0,0
2026-09-04 12:20:38,4.26,0,0
2026-09-04 12:20:38,3.36,0,0
2026-09-04 12:20:38,3.42,0,0
2026-09-04 12:20:38,3.41,0,0
2026-09-04 12:20:38,3.17,0,0
2026-09-04 12:20:38,3.66,0,0
2026-09-04 12:20:38,2.7,0,0
2026-09-04 12:20:39,3.45,0,0
2026-09-04 12:20:39,4.28,0,0
2026-09-04 12:20:39,4.03,0,0
2026-09-04 12:20:39,3.24,0,0
2026-09-04 12:20:39,3.39,0,0
2026-09-04 12:20:39,2.73,0,0
2026-09-04 12:20:39,4.2,0,0
2026-09-04 12:20:39,3.38,0,0
2026-09-04 12:20:39,4.45,0,0
2026-09-04 12:20:39,4.2,0,0
2026-09-04 12:20:40,3.46,0,0
2026-09-04 12:20:40,4.64,0,0
2026-09-04 12:20:40,4.94,0,0
2026-09-04 12:20:40,3.19,0,0
2026-09-04 12:20:40,4.51,0,0
2026-09-04 12:20:40,5.65,0,0
2026-09-04 12:20:40,3.76,0,0
2026-09-04 12:20:40,3.32,0,0
2026-09-04 12:20:40,5.78,0,0
2026-09-04 12:20:41,4.22,0,0
2026-09-04 12:20:41,4.62,0,0
2026-09-04 12:20:41,4.32,0,0
2026-09-04 12:20:41,4.19,0,0
2026-09-04 12:20:41,4.7,0,0
2026-09-04 12:20:41,3.86,0,0
2026-09-04 12:20:41,3.6,0,0
2026-09-04 12:20:41,3.45,0,0
2026-09-04 12:20:41,3.42,0,0
2026-09-04 12:20:41,3.68,0,0
2026-09-04 12:20:42,3.79,0,0
2026-09-04 12:20:42,4.08,0,0
2026-09-04 12:20:42,3.7,0,0
2026-09-04 12:20:42,3.44,0,0
2026-09-04 12:20:42,3.56,0,0
2026-09-04 12:20:42,3.82,0,0
2026-09-04 12:20:42,3.77,0,0
2026-09-04 12:20:42,3.29,0,0
2026-09-04 12:20:42,3.45,0,0
2026-09-04 12:20:43,3.19,0,0
2026-09-04 12:20:43,4.09,0,0
2026-09-04 12:20:43,2.99,0,0
2026-09-04 12:20:43,3.82,0,0
2026-09-04 12:20:43,3.59,0,0
2026-09-04 12:20:43,3.74,0,0
2026-09-04 12:20:43,2.55,0,0
2026-09-04 12:20:43,2.81,0,0
2026-09-04 12:20:43,3.16,0,0
2026-09-04 12:20:43,4.44,0,0
2026-09-04 12:20:44,4.82,0,0
2026-09-04 12:20:44,4.88,0,0
2026-09-04 12:20:44,2.92,0,0
2026-09-04 12:20:44,3.82,0,0
2026-09-04 12:20:44,4.3,0,0
2026-09-04 12:20:44,4.01,0,0
2026-09-04 12:20:44,5.21,0,0
2026-09-04 12:20:44,3.56,0,0
2026-09-04 12:20:44,4.96,0,0
2026-09-04 12:20:45,4.81,0,0
2026-09-04 12:20:45,3.97,0,0
2026-09-04 12:20:45,3.83,0,0
2026-09-04 12:20:45,3.68,0,0
2026-09-04 12:20:45,3.03,0,0
2026-09-04 12:20:45,4.59,0,0
2026-09-04 12:20:45,2.8,0,0
2026-09-04 12:20:45,3.64,0,0
2026-09-04 12:20:45,2.9,0,0
2026-09-04 12:20:45,3.06,0,0
2026-09-04 12:20:46,3.84,0,0
2026-09-04 12:20:46,2.97,0,0
2026-09-04 12:20:46,4.19,0,0
2026-09-04 12:20:46,4.64,0,0
2026-09-04 12:20:46,3.52,0,0
2026-09-04 12:20:46,3.21,0,0
2026-09-04 12:20:46,3.36,0,0
2026-09-04 12:20:46,4.6,0,0
2026-09-04 12:20:46,6.02,0,0
2026-09-04 12:20:47,3.25,0,0
2026-09-04 12:20:47,3.4,0,0
2026-09-04 12:20:47,3.93,0,0
2026-09-04 12:20:47,4.99,0,0
2026-09-04 12:20:47,2.71,0,0
2026-09-04 12:20:47,3.23,0,0
2026-09-04 12:20:47,4.43,0,0
2026-09-04 12:20:47,3.49,0,0
2026-09-04 12:20:47,3.79,0,0
2026-09-04 12:20:47,2.52,0,0
2026-09-04 12:20:48,4.07,0,0
2026-09-04 12:20:48,4.55,0,0
2026-09-04 12:20:48,4.18,0,0
2026-09-04 12:20:48,3.12,0,0
2026-09-04 12:20:48,4.71,0,0
2026-09-04 12:20:48,4.85,0,0
2026-09-04 12:20:48,4.17,0,0
2026-09-04 12:20:48,3.34,0,0
2026-09-04 12:20:48,3.96,0,0
2026-09-04 12:20:49,3.36,0,0
2026-09-04 12:20:49,4.06,0,0
2026-09-04 12:20:49,2.97,0,0
2026-09-04 12:20:49,3.54,0,0
2026-09-04 12:20:49,2.72,0,0
2026-09-04 12:20:49,3.73,0,0
2026-09-04 12:20:49,3.41,0,0
2026-09-04 12:20:49,4.76,0,0
2026-09-04 12:20:49,2.55,0,0
2026-09-04 12:20:49,3.21,0,0
2026-09-04 12:20:50,2.49,0,0
2026-09-04 12:20:50,4.52,0,0
2026-09-04 12:20:50,3.94,0,0
2026-09-04 12:20:50,3.42,0,0
2026-09-04 12:21:10,5000,1,0
2026-09-04 12:21:11,5000,1,0
2026-09-04 12:21:13,5000,1,0
2026-09-04 12:21:13,3.94,0,0
2026-09-04 12:21:13,4.96,0,0
2026-09-04 12:21:13,4.43,0,0
2026-09-04 12:21:13,5.21,0,0
2026-09-04 12:21:13,4.24,0,0
2026-09-04 12:21:13,3.67,0,0
2026-09-04 12:21:13,3.49,0,0
2026-09-04 12:21:13,3.78,0,0
2026-09-04 12:21:14,4.39,0,0
2026-09-04 12:21:14,3.24,0,0
2026-09-04 12:21:14,4.62,0,0
2026-09-04 12:21:14,2.71,0,0
2026-09-04 12:21:14,4.5,0,0
2026-09-04 12:21:14,3.39,0,0
2026-09-04 12:21:14,3.0,0,0
2026-09-04 12:21:14,3.71,0,0
2026-09-04 12:21:14,3.19,0,0
2026-09-04 12:21:14,4.17,0,0
2026-09-04 12:21:15,3.95,0,0
2026-09-04 12:21:15,3.44,0,0
2026-09-04 12:21:15,4.02,0,0
2026-09-04 12:21:15,3.41,0,0
2026-09-04 12:21:15,3.48,0,0
2026-09-04 12:21:15,4.78,0,0
2026-09-04 12:21:15,4.29,0,0
2026-09-04 12:21:15,3.84,0,0
2026-09-04 12:21:15,4.21,0,0
2026-09-04 12:21:16,3.25,0,0
2026-09-04 12:21:16,4.74,0,0
2026-09-04 12:21:16,3.65,0,0
2026-09-04 12:21:16,5.03,0,0
2026-09-04 12:21:16,3.56,0,0
2026-09-04 12:21:16,4.22,0,0
2026-09-04 12:21:16,3.41,0,0
2026-09-04 12:21:16,2.52,0,0
2026-09-04 12:21:16,3.51,0,0
2026-09-04 12:21:16,4.39,0,0
2026-09-04 12:21:17,4.3,0,0
2026-09-04 12:21:17,3.11,0,0
2026-09-04 12:21:17,3.04,0,0
2026-09-04 12:21:17,3.74,0,0
2026-09-04 12:21:17,5.12,0,0
2026-09-04 12:21:17,4.11,0,0
2026-09-04 12:21:17,3.48,0,0
2026-09-04 12:21:17,3.79,0,0
2026-09-04 12:21:17,4.73,0,0
2026-09-04 12:21:18,3.84,0,0
2026-09-04 12:21:18,3.55,0,0
2026-09-04 12:21:18,3.28,0,0
2026-09-04 12:21:18,3.93,0,0
2026-09-04 12:21:18,4.3,0,0
2026-09-04 12:21:18,4.44,0,0
2026-09-04 12:21:18,3.7,0,0
2026-09-04 12:21:18,4.5,0,0
2026-09-04 12:21:18,3.61,0,0
2026-09-04 12:21:18,3.99,0,0
2026-09-04 12:21:19,3.14,0,0
2026-09-04 12:21:19,3.48,0,0
2026-09-04 12:21:19,3.25,0,0
2026-09-04 12:21:19,2.86,0,0
2026-09-04 12:21:19,3.19,0,0
2026-09-04 12:21:19,3.28,0,0
2026-09-04 12:21:19,3.22,0,0
2026-09-04 12:21:19,3.69,0,0
2026-09-04 12:21:19,3.36,0,0
2026-09-04 12:21:19,3.53,0,0
2026-09-04 12:21:20,2.53,0,0
2026-09-04 12:21:20,2.71,0,0
2026-09-04 12:21:20,3.21,0,0
2026-09-04 12:21:20,3.43,0,0
2026-09-04 12:21:20,3.53,0,0
2026-09-04 12:21:20,3.42,0,0
2026-09-04 12:21:20,3.33,0,0
2026-09-04 12:21:20,3.11,0,0
2026-09-04 12:21:20,3.25,0,0
2026-09-04 12:21:21,3.2,0,0
2026-09-04 12:21:21,3.1,0,0
2026-09-04 12:21:21,4.48,0,0
2026-09-04 12:21:21,4.26,0,0
2026-09-04 12:21:21,3.31,0,0
2026-09-04 12:21:21,3.83,0,0
2026-09-04 12:21:21,3.88,0,0
2026-09-04 12:21:21,5.07,0,0
2026-09-04 12:21:21,3.85,0,0
2026-09-04 12:21:21,4.32,0,0
2026-09-04 12:21:22,3.83,0,0
2026-09-04 12:21:22,3.58,0,0
2026-09-04 12:21:22,4.31,0,0
2026-09-04 12:21:22,3.11,0,0
2026-09-04 12:21:22,2.43,0,0
2026-09-04 12:21:22,3.41,0,0
2026-09-04 12:21:22,3.28,0,0
2026-09-04 12:21:22,3.18,0,0
2026-09-04 12:21:22,3.61,0,0
2026-09-04 12:21:23,2.56,0,0
2026-09-04 12:21:23,3.15,0,0
2026-09-04 12:21:23,3.36,0,0
2026-09-04 12:21:23,4.69,0,0
2026-09-04 12:21:23,3.9,0,0
2026-09-04 12:21:23,4.4,0,0
2026-09-04 12:21:23,3.21,0,0
2026-09-04 12:21:23,3.39,0,0
2026-09-04 12:21:23,3.31,0,0
2026-09-04 12:21:23,2.44,0,0
2026-09-04 12:21:24,4.42,0,0
2026-09-04 12:21:24,2.75,0,0
2026-09-04 12:21:24,2.76,0,0
2026-09-04 12:21:24,2.8,0,0
2026-09-04 12:21:24,3.49,0,0
2026-09-04 12:21:24,3.17,0,0
2026-09-04 12:21:24,3.61,0,0
2026-09-04 12:21:24,3.05,0,0
2026-09-04 12:21:24,3.63,0,0
2026-09-04 12:21:25,4.54,0,0
2026-09-04 12:21:25,3.3,0,0
2026-09-04 12:21:25,3.5,0,0
2026-09-04 12:21:25,4.61,0,0
2026-09-04 12:21:25,4.14,0,0
2026-09-04 12:21:25,5.02,0,0
2026-09-04 12:21:25,4.43,0,0
2026-09-04 12:21:25,3.8,0,0
2026-09-04 12:21:25,4.42,0,0
2026-09-04 12:21:25,3.36,0,0
2026-09-04 12:21:26,3.38,0,0
2026-09-04 12:21:26,4.06,0,0
2026-09-04 12:21:26,3.12,0,0
2026-09-04 12:21:26,3.26,0,0
2026-09-04 12:21:26,3.33,0,0
2026-09-04 12:21:26,3.64,0,0
2026-09-04 12:21:26,4.45,0,0
2026-09-04 12:21:26,3.43,0,0
2026-09-04 12:21:26,3.11,0,0
2026-09-04 12:21:26,3.52,0,0
2026-09-04 12:21:27,3.23,0,0
2026-09-04 12:21:27,3.6,0,0
2026-09-04 12:21:27,4.19,0,0
2026-09-04 12:21:27,2.68,0,0
2026-09-04 12:21:27,3.2,0,0
2026-09-04 12:21:27,2.82,0,0
2026-09-04 12:21:27,3.38,0,0
2026-09-04 12:21:27,3.13,0,0
2026-09-04 12:21:27,3.82,0,0
2026-09-04 12:21:28,2.69,0,0
2026-09-04 12:21:28,3.26,0,0
2026-09-04 12:21:28,3.16,0,0
2026-09-04 12:21:28,2.75,0,0
2026-09-04 12:21:28,2.5,0,0
2026-09-04 12:21:28,3.9,0,0
2026-09-04 12:21:28,3.71,0,0
2026-09-04 12:21:28,3.92,0,0
2026-09-04 12:21:28,2.77,0,0
2026-09-04 12:21:28,4.18,0,0
2026-09-04 12:21:29,4.1,0,0
2026-09-04 12:21:29,4.05,0,0
2026-09-04 12:21:29,4.72,0,0
2026-09-04 12:21:29,4.12,0,0
2026-09-04 12:21:29,3.87,0,0
2026-09-04 12:21:29,3.05,0,0
2026-09-04 12:21:29,3.11,0,0
2026-09-04 12:21:29,2.99,0,0
2026-09-04 12:21:29,3.49,0,0
2026-09-04 12:21:30,3.4,0,0
2026-09-04 12:21:30,3.88,0,0
2026-09-04 12:21:30,3.64,0,0
2026-09-04 12:21:30,3.47,0,0
2026-09-04 12:21:30,3.53,0,0
2026-09-04 12:21:30,3.65,0,0
2026-09-04 12:21:30,3.14,0,0
2026-09-04 12:21:30,2.98,0,0
2026-09-04 12:21:30,3.87,0,0
2026-09-04 12:21:30,5.04,0,0
2026-09-04 12:21:31,3.6,0,0
2026-09-04 12:21:31,3.89,0,0
2026-09-04 12:21:31,3.04,0,0
2026-09-04 12:21:31,4.25,0,0
2026-09-04 12:21:31,3.97,0,0
2026-09-04 12:21:31,4.79,0,0
2026-09-04 12:21:31,3.42,0,0
2026-09-04 12:21:31,3.44,0,0
2026-09-04 12:21:31,3.53,0,0
2026-09-04 12:21:32,5.05,0,0
2026-09-04 12:21:32,3.65,0,0
2026-09-04 12:21:32,5.4,0,0
2026-09-04 12:21:32,3.52,0,0
2026-09-04 12:21:32,3.58,0,0
2026-09-04 12:21:32,3.06,0,0
2026-09-04 12:21:32,5.52,0,0
2026-09-04 12:21:32,3.39,0,0
2026-09-04 12:21:32,3.74,0,0
2026-09-04 12:21:32,4.49,0,0
2026-09-04 12:21:33,4.73,0,0
2026-09-04 12:21:33,5.15,0,0
2026-09-04 12:21:33,4.07,0,0
2026-09-04 12:21:33,4.95,0,0
2026-09-04 12:21:33,4.86,0,0
2026-09-04 12:21:33,3.13,0,0
2026-09-04 12:21:33,4.02,0,0
2026-09-04 12:21:33,4.44,0,0
2026-09-04 12:21:33,3.43,0,0
2026-09-04 12:21:34,3.59,0,0
2026-09-04 12:21:34,3.23,0,0
2026-09-04 12:21:34,3.13,0,0
2026-09-04 12:21:34,4.53,0,0
2026-09-04 12:21:34,4.21,0,0
2026-09-04 12:21:34,4.03,0,0
2026-09-04 12:21:34,4.29,0,0
2026-09-04 12:21:34,3.23,0,0
2026-09-04 12:21:34,4.33,0,0
2026-09-04 12:21:34,3.65,0,0
2026-09-04 12:21:35,4.54,0,0
2026-09-04 12:21:35,3.06,0,0
2026-09-04 12:21:35,4.74,0,0
2026-09-04 12:21:35,2.65,0,0
2026-09-04 12:21:35,3.7,0,0
2026-09-04 12:21:35,4.4,0,0
2026-09-04 12:21:35,3.18,0,0
2026-09-04 12:21:35,4.37,0,0
2026-09-04 12:21:35,4.15,0,0
2026-09-04 12:21:36,3.09,0,0
2026-09-04 12:21:36,4.41,0,0
2026-09-04 12:21:36,3.45,0,0
2026-09-04 12:21:36,3.14,0,0
2026-09-04 12:21:36,4.09,0,0
2026-09-04 12:21:36,2.92,0,0
2026-09-04 12:21:36,3.06,0,0
2026-09-04 12:21:36,3.87,0,0
2026-09-04 12:21:36,5.44,0,0
2026-09-04 12:21:36,3.86,0,0
2026-09-04 12:21:37,3.57,0,0
2026-09-04 12:21:37,4.02,0,0
2026-09-04 12:21:37,5.38,0,0
2026-09-04 12:21:37,4.68,0,0
2026-09-04 12:21:37,3.36,0,0
2026-09-04 12:21:37,3.3,0,0
2026-09-04 12:21:37,3.55,0,0
2026-09-04 12:21:37,3.56,0,0
2026-09-04 12:21:37,2.93,0,0
2026-09-04 12:21:37,4.22,0,0
2026-09-04 12:21:38,3.47,0,0
2026-09-04 12:21:38,3.31,0,0
2026-09-04 12:21:38,3.72,0,0
2026-09-04 12:21:38,2.94,0,0
2026-09-04 12:21:38,3.04,0,0
2026-09-04 12:21:38,2.74,0,0
2026-09-04 12:21:38,3.15,0,0
2026-09-04 12:21:38,4.16,0,0
2026-09-04 12:21:38,4.02,0,0
2026-09-04 12:21:39,3.28,0,0
2026-09-04 12:21:39,3.07,0,0
2026-09-04 12:21:39,4.37,0,0
2026-09-04 12:21:39,3.39,0,0
2026-09-04 12:21:39,2.87,0,0
2026-09-04 12:21:39,3.5,0,0
2026-09-04 12:21:39,3.43,0,0
2026-09-04 12:21:39,3.76,0,0
2026-09-04 12:21:39,3.0,0,0
2026-09-04 12:21:39,2.4,0,0
2026-09-04 12:21:40,3.66,0,0
2026-09-04 12:21:40,3.17,0,0
2026-09-04 12:21:40,3.45,0,0
2026-09-04 12:21:40,3.53,0,0
2026-09-04 12:21:40,4.08,0,0
2026-09-04 12:22:10,572.89,0,0
2026-09-04 12:22:10,3.76,0,0
2026-09-04 12:22:11,4.26,0,0
2026-09-04 12:22:11,3.99,0,0
2026-09-04 12:22:11,3.19,0,0
2026-09-04 12:22:11,3.1,0,0
2026-09-04 12:22:11,3.36,0,0
2026-09-04 12:22:11,3.77,0,0
2026-09-04 12:22:11,2.84,0,0
2026-09-04 12:22:11,3.57,0,0
2026-09-04 12:22:11,3.58,0,0
2026-09-04 12:22:12,3.12,0,0
2026-09-04 12:22:12,2.84,0,0
2026-09-04 12:22:12,3.06,0,0
2026-09-04 12:22:12,2.89,0,0
2026-09-04 12:22:12,3.14,0,0
2026-09-04 12:22:12,4.34,0,0
2026-09-04 12:22:12,4.33,0,0
2026-09-04 12:22:12,3.53,0,0
2026-09-04 12:22:12,4.78,0,0
2026-09-04 12:22:12,3.25,0,0
2026-09-04 12:22:13,3.79,0,0
2026-09-04 12:22:13,3.98,0,0
2026-09-04 12:22:13,3.23,0,0
2026-09-04 12:22:13,2.97,0,0
2026-09-04 12:22:13,2.4,0,0
2026-09-04 12:22:13,3.86,0,0
2026-09-04 12:22:13,3.62,0,0
2026-09-04 12:22:13,3.34,0,0
2026-09-04 12:22:13,3.42,0,0
2026-09-04 12:22:14,2.82,0,0
2026-09-04 12:22:14,4.26,0,0
2026-09-04 12:22:14,3.66,0,0
2026-09-04 12:22:14,3.34,0,0
2026-09-04 12:22:14,4.28,0,0
2026-09-04 12:22:14,3.54,0,0
2026-09-04 12:22:14,5.04,0,0
2026-09-04 12:22:14,3.16,0,0
2026-09-04 12:22:14,3.71,0,0
2026-09-04 12:22:14,4.27,0,0
2026-09-04 12:22:15,3.74,0,0
2026-09-04 12:22:15,2.81,0,0
2026-09-04 12:22:15,3.62,0,0
2026-09-04 12:22:15,2.99,0,0
2026-09-04 12:22:15,3.3,0,0
2026-09-04 12:22:15,3.45,0,0
2026-09-04 12:22:15,3.42,0,0
2026-09-04 12:22:15,3.48,0,0
2026-09-04 12:22:15,4.37,0,0
2026-09-04 12:22:16,3.39,0,0
2026-09-04 12:22:16,3.43,0,0
2026-09-04 12:22:16,3.29,0,0
2026-09-04 12:22:16,3.51,0,0
2026-09-04 12:22:16,2.35,0,0
2026-09-04 12:22:16,3.59,0,0
2026-09-04 12:22:16,2.77,0,0
2026-09-04 12:22:16,3.57,0,0
2026-09-04 12:22:16,3.0,0,0
2026-09-04 12:22:16,3.19,0,0
2026-09-04 12:22:17,3.27,0,0
2026-09-04 12:22:17,3.3,0,0
2026-09-04 12:22:17,3.45,0,0
2026-09-04 12:22:17,2.8,0,0
2026-09-04 12:22:17,3.64,0,0
2026-09-04 12:22:17,3.62,0,0
2026-09-04 12:22:17,3.27,0,0
2026-09-04 12:22:17,4.44,0,0
2026-09-04 12:22:17,3.21,0,0
2026-09-04 12:22:17,3.75,0,0
2026-09-04 12:22:18,3.38,0,0
2026-09-04 12:22:18,3.92,0,0
2026-09-04 12:22:18,3.64,0,0
2026-09-04 12:22:18,4.34,0,0
2026-09-04 12:22:18,5.44,0,0
2026-09-04 12:22:18,3.62,0,0
2026-09-04 12:22:18,4.18,0,0
2026-09-04 12:22:18,3.93,0,0
2026-09-04 12:22:18,5.46,0,0
2026-09-04 12:22:19,3.53,0,0
2026-09-04 12:22:19,3.76,0,0
2026-09-04 12:22:19,2.41,0,0
2026-09-04 12:22:19,3.52,0,0
2026-09-04 12:22:19,3.4,0,0
2026-09-04 12:22:19,3.65,0,0
2026-09-04 12:22:19,4.4,0,0
2026-09-04 12:22:19,3.35,0,0
2026-09-04 12:22:19,4.33,0,0
2026-09-04 12:22:19,3.89,0,0
2026-09-04 12:22:20,2.38,0,0
2026-09-04 12:22:20,3.57,0,0
2026-09-04 12:22:20,3.45,0,0
2026-09-04 12:22:20,2.56,0,0
2026-09-04 12:22:20,3.09,0,0
2026-09-04 12:22:20,3.32,0,0
2026-09-04 12:22:20,3.22,0,0
2026-09-04 12:22:20,3.9,0,0
2026-09-04 12:22:20,3.54,0,0
2026-09-04 12:22:21,3.95,0,0
2026-09-04 12:22:21,3.56,0,0
2026-09-04 12:22:21,4.18,0,0
2026-09-04 12:22:21,3.75,0,0
2026-09-04 12:22:21,4.08,0,0
2026-09-04 12:22:21,3.66,0,0
2026-09-04 12:22:21,4.46,0,0
2026-09-04 12:22:21,3.42,0,0
2026-09-04 12:22:21,2.82,0,0
2026-09-04 12:22:21,3.48,0,0
2026-09-04 12:22:22,3.84,0,0
2026-09-04 12:22:22,3.01,0,0
2026-09-04 12:22:22,3.51,0,0
2026-09-04 12:22:22,3.23,0,0
2026-09-04 12:22:22,3.47,0,0
2026-09-04 12:22:22,4.48,0,0
2026-09-04 12:22:22,3.12,0,0
2026-09-04 12:22:22,3.37,0,0
2026-09-04 12:22:22,3.45,0,0
2026-09-04 12:22:23,3.25,0,0
2026-09-04 12:22:23,3.78,0,0
2026-09-04 12:22:23,3.23,0,0
2026-09-04 12:22:23,2.99,0,0
2026-09-04 12:22:23,3.05,0,0
2026-09-04 12:22:23,3.69,0,0
2026-09-04 12:22:23,2.94,0,0
2026-09-04 12:22:23,4.76,0,0
2026-09-04 12:22:23,2.56,0,0
2026-09-04 12:22:23,3.02,0,0
2026-09-04 12:22:24,3.27,0,0
2026-09-04 12:22:24,3.28,0,0
2026-09-04 12:22:24,4.27,0,0
2026-09-04 12:22:24,3.98,0,0
2026-09-04 12:22:24,4.53,0,0
2026-09-04 12:22:24,4.26,0,0
2026-09-04 12:22:24,3.62,0,0
2026-09-04 12:22:24,3.13,0,0
2026-09-04 12:22:24,2.76,0,0
2026-09-04 12:22:25,2.46,0,0
2026-09-04 12:22:25,3.98,0,0
2026-09-04 12:22:25,2.79,0,0
2026-09-04 12:22:25,4.19,0,0
2026-09-04 12:22:25,2.91,0,0
2026-09-04 12:22:25,3.21,0,0
2026-09-04 12:22:25,2.85,0,0
2026-09-04 12:22:25,2.56,0,0
2026-09-04 12:22:25,3.5,0,0
2026-09-04 12:22:25,3.94,0,0
2026-09-04 12:22:26,3.23,0,0
2026-09-04 12:22:26,3.66,0,0
2026-09-04 12:22:26,2.93,0,0
2026-09-04 12:22:26,3.67,0,0
2026-09-04 12:22:26,4.01,0,0
2026-09-04 12:22:26,3.52,0,0
2026-09-04 12:22:26,6.12,0,0
2026-09-04 12:22:26,3.76,0,0
2026-09-04 12:22:26,3.11,0,0
2026-09-04 12:22:26,4.29,0,0
2026-09-04 12:22:27,5.7,0,0
2026-09-04 12:22:27,3.72,0,0
2026-09-04 12:22:27,3.88,0,0
2026-09-04 12:22:27,3.74,0,0
2026-09-04 12:22:27,3.32,0,0
2026-09-04 12:22:27,3.92,0,0
2026-09-04 12:22:27,2.71,0,0
2026-09-04 12:22:27,4.21,0,0
2026-09-04 12:22:27,4.73,0,0
2026-09-04 12:22:28,3.59,0,0
2026-09-04 12:22:28,5.2,0,0
2026-09-04 12:22:28,2.78,0,0
2026-09-04 12:22:28,3.53,0,0
2026-09-04 12:22:28,3.66,0,0
2026-09-04 12:22:28,3.41,0,0
2026-09-04 12:22:28,3.56,0,0
2026-09-04 12:22:28,3.56,0,0
2026-09-04 12:22:28,3.68,0,0
2026-09-04 12:22:28,2.96,0,0
2026-09-04 12:22:29,3.17,0,0
2026-09-04 12:22:29,3.57,0,0
2026-09-04 12:22:29,4.06,0,0
2026-09-04 12:22:29,2.8,0,0
2026-09-04 12:22:29,3.18,0,0
2026-09-04 12:22:29,3.79,0,0
2026-09-04 12:22:29,3.88,0,0
2026-09-04 12:22:29,2.95,0,0
2026-09-04 12:22:29,3.84,0,0
2026-09-04 12:22:30,4.12,0,0
2026-09-04 12:22:30,4.35,0,0
2026-09-04 12:22:30,4.2,0,0
2026-09-04 12:22:30,4.32,0,0
2026-09-04 12:22:30,3.31,0,0
2026-09-04 12:22:30,4.21,0,0
2026-09-04 12:22:30,3.46,0,0
2026-09-04 12:22:30,3.76,0,0
2026-09-04 12:22:30,5.09,0,0
2026-09-04 12:22:30,3.44,0,0
2026-09-04 12:22:31,3.64,0,0
2026-09-04 12:22:31,2.92,0,0
2026-09-04 12:22:31,3.56,0,0
2026-09-04 12:22:31,4.43,0,0
2026-09-04 12:22:31,3.41,0,0
2026-09-04 12:22:31,3.71,0,0
2026-09-04 12:22:31,4.09,0,0
2026-09-04 12:22:31,4.81,0,0
2026-09-04 12:22:31,4.56,0,0
2026-09-04 12:22:32,4.06,0,0
2026-09-04 12:22:32,4.18,0,0
2026-09-04 12:22:32,3.83,0,0
2026-09-04 12:22:32,4.89,0,0
2026-09-04 12:22:32,4.04,0,0
2026-09-04 12:22:32,2.45,0,0
2026-09-04 12:22:32,3.61,0,0
2026-09-04 12:22:32,4.6,0,0
2026-09-04 12:22:32,4.94,0,0
2026-09-04 12:22:32,4.38,0,0
2026-09-04 12:22:33,3.33,0,0
2026-09-04 12:22:33,3.64,0,0
2026-09-04 12:22:33,2.5,0,0
2026-09-04 12:22:33,3.58,0,0
2026-09-04 12:22:33,3.4,0,0
2026-09-04 12:22:33,3.96,0,0
2026-09-04 12:22:33,3.26,0,0
2026-09-04 12:22:33,3.93,0,0
2026-09-04 12:22:33,2.59,0,0
2026-09-04 12:22:34,3.95,0,0
2026-09-04 12:22:34,4.44,0,0
2026-09-04 12:22:34,3.46,0,0
2026-09-04 12:22:34,3.77,0,0
2026-09-04 12:22:34,4.13,0,0
2026-09-04 12:22:34,3.74,0,0
2026-09-04 12:22:34,4.77,0,0
2026-09-04 12:22:34,3.31,0,0
2026-09-04 12:22:34,2.85,0,0
2026-09-04 12:22:34,3.63,0,0
2026-09-04 12:22:35,4.52,0,0
2026-09-04 12:22:35,3.84,0,0
2026-09-04 12:22:35,3.06,0,0
2026-09-04 12:22:35,2.99,0,0
2026-09-04 12:22:35,3.83,0,0
2026-09-04 12:22:35,3.24,0,0
2026-09-04 12:22:35,2.79,0,0
2026-09-04 12:22:35,3.49,0,0
2026-09-04 12:22:35,3.78,0,0
2026-09-04 12:22:36,4.89,0,0
2026-09-04 12:22:36,4.2,0,0
2026-09-04 12:22:36,3.49,0,0
2026-09-04 12:22:36,3.98,0,0
2026-09-04 12:22:36,2.69,0,0
2026-09-04 12:22:36,4.32,0,0
2026-09-04 12:22:36,3.53,0,0
2026-09-04 12:22:36,4.03,0,0
2026-09-04 12:22:36,4.2,0,0
2026-09-04 12:22:36,2.67,0,0
2026-09-04 12:22:37,5.5,0,0
2026-09-04 12:22:37,4.26,0,0
2026-09-04 12:22:37,3.54,0,0
2026-09-04 12:22:37,3.33,0,0
2026-09-04 12:22:37,3.0,0,0
2026-09-04 12:22:37,4.43,0,0
2026-09-04 12:22:37,3.68,0,0
2026-09-04 12:22:37,3.63,0,0
2026-09-04 12:22:37,3.65,0,0
2026-09-04 12:22:38,2.74,0,0
2026-09-04 12:22:38,4.43,0,0
2026-09-04 12:22:38,2.91,0,0
2026-09-04 12:22:38,3.79,0,0
2026-09-04 12:22:38,3.17,0,0
2026-09-04 12:22:38,3.83,0,0
2026-09-04 12:22:38,3.04,0,0
2026-09-04 12:22:38,4.11,0,0
2026-09-04 12:22:38,3.73,0,0
2026-09-04 12:22:38,3.44,0,0
2026-09-04 12:22:39,3.44,0,0
2026-09-04 12:22:39,3.08,0,0
2026-09-04 12:22:39,3.34,0,0
2026-09-04 12:22:39,3.92,0,0
2026-09-04 12:22:39,3.09,0,0
2026-09-04 12:22:39,3.57,0,0
2026-09-04 12:22:39,2.79,0,0
2026-09-04 12:22:39,3.61,0,0
2026-09-04 12:22:39,3.4,0,0
2026-09-04 12:22:40,4.07,0,0
2026-09-04 12:22:40,3.16,0,0
2026-09-04 12:22:40,3.83,0,0
2026-09-04 12:22:40,3.76,0,0
2026-09-04 12:22:40,3.61,0,0
2026-09-04 12:22:40,2.2,0,0
2026-09-04 12:23:10,1.08,0,0
2026-09-04 12:23:10,2.82,0,0
2026-09-04 12:23:10,2.85,0,0
2026-09-04 12:23:10,3.48,0,0
2026-09-04 12:23:11,4.7,0,0
2026-09-04 12:23:11,3.67,0,0
2026-09-04 12:23:11,3.75,0,0
2026-09-04 12:23:11,3.56,0,0
2026-09-04 12:23:11,4.36,0,0
2026-09-04 12:23:11,3.4,0,0
2026-09-04 12:23:11,3.89,0,0
2026-09-04 12:23:11,4.87,0,0
2026-09-04 12:23:11,3.13,0,0
2026-09-04 12:23:11,4.74,0,0
2026-09-04 12:23:12,3.97,0,0
2026-09-04 12:23:12,3.85,0,0
2026-09-04 12:23:12,3.83,0,0
2026-09-04 12:23:12,4.19,0,0
2026-09-04 12:23:12,4.56,0,0
2026-09-04 12:23:12,3.75,0,0
2026-09-04 12:23:12,2.99,0,0
2026-09-04 12:23:12,3.79,0,0
2026-09-04 12:23:12,3.27,0,0
2026-09-04 12:23:13,3.58,0,0
2026-09-04 12:23:13,3.12,0,0
2026-09-04 12:23:13,3.82,0,0
2026-09-04 12:23:13,4.87,0,0
2026-09-04 12:23:13,4.14,0,0
2026-09-04 12:23:13,3.5,0,0
2026-09-04 12:23:13,4.16,0,0
2026-09-04 12:23:13,3.07,0,0
2026-09-04 12:23:13,3.73,0,0
2026-09-04 12:23:13,3.21,0,0
2026-09-04 12:23:14,4.56,0,0
2026-09-04 12:23:14,3.97,0,0
2026-09-04 12:23:14,4.51,0,0
2026-09-04 12:23:14,3.75,0,0
2026-09-04 12:23:14,3.32,0,0
2026-09-04 12:23:14,3.75,0,0
2026-09-04 12:23:14,3.63,0,0
2026-09-04 12:23:14,4.31,0,0
2026-09-04 12:23:14,4.5,0,0
2026-09-04 12:23:15,3.95,0,0
2026-09-04 12:23:15,3.2,0,0
2026-09-04 12:23:15,3.68,0,0
2026-09-04 12:23:15,4.01,0,0
2026-09-04 12:23:15,5.05,0,0
2026-09-04 12:23:15,4.66,0,0
2026-09-04 12:23:15,4.05,0,0
2026-09-04 12:23:15,3.97,0,0
2026-09-04 12:23:15,2.98,0,0
2026-09-04 12:23:15,3.63,0,0
2026-09-04 12:23:16,3.49,0,0
2026-09-04 12:23:16,3.73,0,0
2026-09-04 12:23:16,2.71,0,0
2026-09-04 12:23:16,4.15,0,0
2026-09-04 12:23:16,4.29,0,0
2026-09-04 12:23:16,4.5,0,0
2026-09-04 12:23:16,3.89,0,0
2026-09-04 12:23:16,3.17,0,0
2026-09-04 12:23:16,2.97,0,0
2026-09-04 12:23:17,4.08,0,0
2026-09-04 12:23:17,4.16,0,0
2026-09-04 12:23:17,3.36,0,0
2026-09-04 12:23:17,3.69,0,0
2026-09-04 12:23:17,4.15,0,0
2026-09-04 12:23:17,3.89,0,0
2026-09-04 12:23:17,3.58,0,0
2026-09-04 12:23:17,3.85,0,0
2026-09-04 12:23:17,3.73,0,0
2026-09-04 12:23:17,3.62,0,0
2026-09-04 12:23:18,3.13,0,0
2026-09-04 12:23:18,4.08,0,0
2026-09-04 12:23:18,3.15,0,0
2026-09-04 12:23:18,2.68,0,0
2026-09-04 12:23:18,3.63,0,0
2026-09-04 12:23:18,2.83,0,0
2026-09-04 12:23:18,3.12,0,0
2026-09-04 12:23:18,3.52,0,0
2026-09-04 12:23:18,4.68,0,0
2026-09-04 12:23:19,4.93,0,0
2026-09-04 12:23:19,3.27,0,0
2026-09-04 12:23:19,3.89,0,0
2026-09-04 12:23:19,4.48,0,0
2026-09-04 12:23:19,4.58,0,0
2026-09-04 12:23:19,3.72,0,0
2026-09-04 12:23:19,4.56,0,0
2026-09-04 12:23:19,3.87,0,0
2026-09-04 12:23:19,5.3,0,0
2026-09-04 12:23:19,3.67,0,0
2026-09-04 12:23:20,3.09,0,0
2026-09-04 12:23:20,4.12,0,0
2026-09-04 12:23:20,2.89,0,0
2026-09-04 12:23:20,3.22,0,0
2026-09-04 12:23:20,3.46,0,0
2026-09-04 12:23:20,3.69,0,0
2026-09-04 12:23:20,2.32,0,0
2026-09-04 12:23:20,2.46,0,0
2026-09-04 12:23:20,3.24,0,0
2026-09-04 12:23:21,4.1,0,0
2026-09-04 12:23:21,3.19,0,0
2026-09-04 12:23:21,4.01,0,0
2026-09-04 12:23:21,3.67,0,0
2026-09-04 12:23:21,3.29,0,0
2026-09-04 12:23:21,3.21,0,0
2026-09-04 12:23:21,3.81,0,0
2026-09-04 12:23:21,3.64,0,0
2026-09-04 12:23:21,3.1,0,0
2026-09-04 12:23:21,4.27,0,0
2026-09-04 12:23:22,4.75,0,0
2026-09-04 12:23:22,3.39,0,0
2026-09-04 12:23:22,3.2,0,0
2026-09-04 12:23:22,3.39,0,0
2026-09-04 12:23:22,3.14,0,0
2026-09-04 12:23:22,4.27,0,0
2026-09-04 12:23:22,2.65,0,0
2026-09-04 12:23:22,3.77,0,0
2026-09-04 12:23:22,2.8,0,0
2026-09-04 12:23:23,2.73,0,0
2026-09-04 12:23:23,3.29,0,0
2026-09-04 12:23:23,3.41,0,0
2026-09-04 12:23:23,3.71,0,0
2026-09-04 12:23:23,3.61,0,0
2026-09-04 12:23:23,4.13,0,0
2026-09-04 12:23:23,3.72,0,0
2026-09-04 12:23:23,3.28,0,0
2026-09-04 12:23:23,3.45,0,0
2026-09-04 12:23:23,5.13,0,0
2026-09-04 12:23:24,3.64,0,0
2026-09-04 12:23:24,3.17,0,0
2026-09-04 12:23:24,2.95,0,0
2026-09-04 12:23:24,4.04,0,0
2026-09-04 12:23:24,3.89,0,0
2026-09-04 12:23:24,3.53,0,0
2026-09-04 12:23:24,5.83,0,0
2026-09-04 12:23:24,3.83,0,0
2026-09-04 12:23:24,3.95,0,0
2026-09-04 12:23:25,3.35,0,0
2026-09-04 12:23:25,3.27,0,0
2026-09-04 12:23:25,3.49,0,0
2026-09-04 12:23:25,4.02,0,0
2026-09-04 12:23:25,3.59,0,0
2026-09-04 12:23:25,3.8,0,0
2026-09-04 12:23:25,3.55,0,0
2026-09-04 12:23:25,3.19,0,0
2026-09-04 12:23:25,4.57,0,0
2026-09-04 12:23:25,4.18,0,0
2026-09-04 12:23:26,5.16,0,0
2026-09-04 12:23:26,3.3,0,0
2026-09-04 12:23:26,4.1,0,0
2026-09-04 12:23:26,5.06,0,0
2026-09-04 12:23:26,3.78,0,0
2026-09-04 12:23:26,3.37,0,0
2026-09-04 12:23:26,2.5,0,0
2026-09-04 12:23:26,4.95,0,0
2026-09-04 12:23:26,3.59,0,0
2026-09-04 12:23:27,3.84,0,0
2026-09-04 12:23:27,4.33,0,0
2026-09-04 12:23:27,3.19,0,0
2026-09-04 12:23:27,3.87,0,0
2026-09-04 12:23:27,3.72,0,0
2026-09-04 12:23:27,3.46,0,0
2026-09-04 12:23:27,3.35,0,0
2026-09-04 12:23:27,4.18,0,0
2026-09-04 12:23:27,3.98,0,0
2026-09-04 12:23:27,4.76,0,0
2026-09-04 12:23:28,2.75,0,0
2026-09-04 12:23:28,3.04,0,0
2026-09-04 12:23:28,4.09,0,0
2026-09-04 12:23:28,3.73,0,0
2026-09-04 12:23:28,3.94,0,0
2026-09-04 12:23:28,2.57,0,0
2026-09-04 12:23:28,5.08,0,0
2026-09-04 12:23:28,2.96,0,0
2026-09-04 12:23:28,3.22,0,0
2026-09-04 12:23:29,3.62,0,0
2026-09-04 12:23:29,3.59,0,0
2026-09-04 12:23:29,4.57,0,0
2026-09-04 12:23:29,3.02,0,0
2026-09-04 12:23:29,4.18,0,0
2026-09-04 12:23:29,3.71,0,0
2026-09-04 12:23:29,3.29,0,0
2026-09-04 12:23:29,3.9,0,0
2026-09-04 12:23:29,4.43,0,0
2026-09-04 12:23:29,4.12,0,0
2026-09-04 12:23:30,3.37,0,0
2026-09-04 12:23:30,3.68,0,0
2026-09-04 12:23:30,4.07,0,0
2026-09-04 12:23:30,4.07,0,0
2026-09-04 12:23:30,4.06,0,0
2026-09-04 12:23:30,4.38,0,0
2026-09-04 12:23:30,3.24,0,0
2026-09-04 12:23:30,3.35,0,0
2026-09-04 12:23:30,3.38,0,0
2026-09-04 12:23:31,4.44,0,0
2026-09-04 12:23:31,4.44,0,0
2026-09-04 12:23:31,4.84,0,0
2026-09-04 12:23:31,3.75,0,0
2026-09-04 12:23:31,3.73,0,0
2026-09-04 12:23:31,5.96,0,0
2026-09-04 12:23:31,3.27,0,0
2026-09-04 12:23:31,3.18,0,0
2026-09-04 12:23:31,4.2,0,0
2026-09-04 12:23:31,5.03,0,0
2026-09-04 12:23:32,2.96,0,0
2026-09-04 12:23:32,3.57,0,0
2026-09-04 12:23:32,2.85,0,0
2026-09-04 12:23:32,3.93,0,0
2026-09-04 12:23:32,3.11,0,0
2026-09-04 12:23:32,4.69,0,0
2026-09-04 12:23:32,4.31,0,0
2026-09-04 12:23:32,3.63,0,0
2026-09-04 12:23:32,2.96,0,0
2026-09-04 12:23:33,3.12,0,0
2026-09-04 12:23:33,4.41,0,0
2026-09-04 12:23:33,4.39,0,0
2026-09-04 12:23:33,3.31,0,0
2026-09-04 12:23:33,4.24,0,0
2026-09-04 12:23:33,3.23,0,0
2026-09-04 12:23:33,4.71,0,0
2026-09-04 12:23:33,3.7,0,0
2026-09-04 12:23:33,2.99,0,0
2026-09-04 12:23:33,3.78,0,0
2026-09-04 12:23:34,3.57,0,0
2026-09-04 12:23:34,4.5,0,0
2026-09-04 12:23:34,4.35,0,0
2026-09-04 12:23:34,4.65,0,0
2026-09-04 12:23:34,3.8,0,0
2026-09-04 12:23:34,4.59,0,0
2026-09-04 12:23:34,4.17,0,0
2026-09-04 12:23:34,3.67,0,0
2026-09-04 12:23:34,3.62,0,0
2026-09-04 12:23:35,3.28,0,0
2026-09-04 12:23:35,2.99,0,0
2026-09-04 12:23:35,3.6,0,0
2026-09-04 12:23:35,3.66,0,0
2026-09-04 12:23:35,4.68,0,0
2026-09-04 12:23:35,3.33,0,0
2026-09-04 12:23:35,3.91,0,0
2026-09-04 12:23:35,5.48,0,0
2026-09-04 12:23:35,4.41,0,0
2026-09-04 12:23:35,4.85,0,0
2026-09-04 12:23:36,4.34,0,0
2026-09-04 12:23:36,3.51,0,0
2026-09-04 12:23:36,3.32,0,0
2026-09-04 12:23:36,2.97,0,0
2026-09-04 12:23:36,5.64,0,0
2026-09-04 12:23:36,2.97,0,0
2026-09-04 12:23:36,3.64,0,0
2026-09-04 12:23:36,3.89,0,0
2026-09-04 12:23:36,4.13,0,0
2026-09-04 12:23:37,3.35,0,0
2026-09-04 12:23:37,5.22,0,0
2026-09-04 12:23:37,4.44,0,0
2026-09-04 12:23:37,4.15,0,0
2026-09-04 12:23:37,4.03,0,0
2026-09-04 12:23:37,3.04,0,0
2026-09-04 12:23:37,4.18,0,0
2026-09-04 12:23:37,3.39,0,0
2026-09-04 12:23:37,3.6,0,0
2026-09-04 12:23:37,3.52,0,0
2026-09-04 12:23:38,3.77,0,0
2026-09-04 12:23:38,3.67,0,0
2026-09-04 12:23:38,5.02,0,0
2026-09-04 12:23:38,4.43,0,0
2026-09-04 12:23:38,3.99,0,0
2026-09-04 12:23:38,3.2,0,0
2026-09-04 12:23:38,3.6,0,0
2026-09-04 12:23:38,4.6,0,0
2026-09-04 12:23:38,3.6,0,0
2026-09-04 12:23:39,4.38,0,0
2026-09-04 12:23:39,2.67,0,0
2026-09-04 12:23:39,3.49,0,0
2026-09-04 12:23:39,3.8,0,0
2026-09-04 12:23:39,3.97,0,0
2026-09-04 12:23:39,3.84,0,0
2026-09-04 12:23:39,3.88,0,0
2026-09-04 12:23:39,3.8,0,0
2026-09-04 12:23:39,3.32,0,0
2026-09-04 12:23:39,3.58,0,0
2026-09-04 12:23:40,4.51,0,0
2026-09-04 12:23:40,3.08,0,0
2026-09-04 12:23:40,3.18,0,0
2026-09-04 12:23:40,3.25,0,0
2026-09-04 12:23:40,3.54,0,0
2026-09-04 12:23:40,3.46,0,0
2026-09-04 12:24:01,5000,1,0
2026-09-04 12:24:02,5000,1,0
2026-09-04 12:24:03,5000,1,0
2026-09-04 12:24:04,5000,1,0
2026-09-04 12:24:05,657.47,0,0
2026-09-04 12:24:05,3.64,0,0
2026-09-04 12:24:05,4.11,0,0
2026-09-04 12:24:05,3.52,0,0
2026-09-04 12:24:05,4.29,0,0
2026-09-04 12:24:05,3.17,0,0
2026-09-04 12:24:05,4.11,0,0
2026-09-04 12:24:05,3.21,0,0
2026-09-04 12:24:05,2.82,0,0
2026-09-04 12:24:06,3.52,0,0
2026-09-04 12:24:06,3.51,0,0
2026-09-04 12:24:06,3.46,0,0
2026-09-04 12:24:06,3.3,0,0
2026-09-04 12:24:06,3.35,0,0
2026-09-04 12:24:06,3.2,0,0
2026-09-04 12:24:06,4.79,0,0
2026-09-04 12:24:06,3.23,0,0
2026-09-04 12:24:06,3.3,0,0
2026-09-04 12:24:07,3.29,0,0
2026-09-04 12:24:07,3.25,0,0
2026-09-04 12:24:07,3.13,0,0
2026-09-04 12:24:07,3.02,0,0
2026-09-04 12:24:07,3.82,0,0
2026-09-04 12:24:07,3.68,0,0
2026-09-04 12:24:07,4.41,0,0
2026-09-04 12:24:07,4.44,0,0
2026-09-04 12:24:07,3.55,0,0
2026-09-04 12:24:07,3.98,0,0
2026-09-04 12:24:08,3.63,0,0
2026-09-04 12:24:08,3.41,0,0
2026-09-04 12:24:08,3.41,0,0
2026-09-04 12:24:08,3.59,0,0
2026-09-04 12:24:08,5.88,0,0
2026-09-04 12:24:08,3.31,0,0
2026-09-04 12:24:08,3.72,0,0
2026-09-04 12:24:08,3.71,0,0
2026-09-04 12:24:08,4.95,0,0
2026-09-04 12:24:09,4.51,0,0
2026-09-04 12:24:09,2.68,0,0
2026-09-04 12:24:09,3.35,0,0
2026-09-04 12:24:09,4.67,0,0
2026-09-04 12:24:09,3.74,0,0
2026-09-04 12:24:09,3.52,0,0
2026-09-04 12:24:09,3.27,0,0
2026-09-04 12:24:09,4.39,0,0
2026-09-04 12:24:09,3.97,0,0
2026-09-04 12:24:09,4.3,0,0
2026-09-04 12:24:10,3.55,0,0
2026-09-04 12:24:10,3.82,0,0
2026-09-04 12:24:10,3.81,0,0
2026-09-04 12:24:10,3.13,0,0
2026-09-04 12:24:10,3.34,0,0
2026-09-04 12:24:10,4.22,0,0
2026-09-04 12:24:10,3.22,0,0
2026-09-04 12:24:10,4.95,0,0
2026-09-04 12:24:10,2.93,0,0
2026-09-04 12:24:11,3.6,0,0
2026-09-04 12:24:11,2.82,0,0
2026-09-04 12:24:11,3.7,0,0
2026-09-04 12:24:11,4.37,0,0
2026-09-04 12:24:11,4.62,0,0
2026-09-04 12:24:11,3.13,0,0
2026-09-04 12:24:11,3.49,0,0
2026-09-04 12:24:11,3.54,0,0
2026-09-04 12:24:11,3.43,0,0
2026-09-04 12:24:11,3.85,0,0
2026-09-04 12:24:12,3.59,0,0
2026-09-04 12:24:12,3.68,0,0
2026-09-04 12:24:12,3.05,0,0
2026-09-04 12:24:12,4.85,0,0
2026-09-04 12:24:12,3.3,0,0
2026-09-04 12:24:12,3.72,0,0
2026-09-04 12:24:12,4.65,0,0
2026-09-04 12:24:12,4.05,0,0
2026-09-04 12:24:12,3.33,0,0
2026-09-04 12:24:13,4.38,0,0
2026-09-04 12:24:13,3.69,0,0
2026-09-04 12:24:13,2.95,0,0
2026-09-04 12:24:13,3.97,0,0
2026-09-04 12:24:13,3.92,0,0
2026-09-04 12:24:13,3.41,0,0
2026-09-04 12:24:13,2.76,0,0
2026-09-04 12:24:13,3.24,0,0
2026-09-04 12:24:13,3.73,0,0
2026-09-04 12:24:13,4.2,0,0
2026-09-04 12:24:14,3.3,0,0
2026-09-04 12:24:14,3.67,0,0
2026-09-04 12:24:14,4.32,0,0
2026-09-04 12:24:14,3.94,0,0
2026-09-04 12:24:14,3.28,0,0
2026-09-04 12:24:14,3.07,0,0
2026-09-04 12:24:14,3.26,0,0
2026-09-04 12:24:14,3.07,0,0
2026-09-04 12:24:14,3.23,0,0
2026-09-04 12:24:14,5.94,0,0
2026-09-04 12:24:15,3.76,0,0
2026-09-04 12:24:15,4.72,0,0
2026-09-04 12:24:15,4.53,0,0
2026-09-04 12:24:15,3.62,0,0
2026-09-04 12:24:15,3.31,0,0
2026-09-04 12:24:15,3.16,0,0
2026-09-04 12:24:15,3.87,0,0
2026-09-04 12:24:15,3.52,0,0
2026-09-04 12:24:15,3.5,0,0
2026-09-04 12:24:16,2.79,0,0
2026-09-04 12:24:16,3.44,0,0
2026-09-04 12:24:16,3.86,0,0
2026-09-04 12:24:16,3.89,0,0
2026-09-04 12:24:16,3.34,0,0
2026-09-04 12:24:16,2.45,0,0
2026-09-04 12:24:16,2.9,0,0
2026-09-04 12:24:16,3.9,0,0
2026-09-04 12:24:16,2.67,0,0
2026-09-04 12:24:16,2.91,0,0
2026-09-04 12:24:17,3.18,0,0
2026-09-04 12:24:17,3.5,0,0
2026-09-04 12:24:17,3.16,0,0
2026-09-04 12:24:17,3.41,0,0
2026-09-04 12:24:17,4.0,0,0
2026-09-04 12:24:17,2.6,0,0
2026-09-04 12:24:17,2.8,0,0
2026-09-04 12:24:17,3.56,0,0
2026-09-04 12:24:17,3.79,0,0
2026-09-04 12:24:18,3.28,0,0
2026-09-04 12:24:18,3.38,0,0
2026-09-04 12:24:18,3.28,0,0
2026-09-04 12:24:18,4.12,0,0
2026-09-04 12:24:18,3.2,0,0
2026-09-04 12:24:18,3.58,0,0
2026-09-04 12:24:18,3.92,0,0
2026-09-04 12:24:18,3.0,0,0
2026-09-04 12:24:18,2.86,0,0
2026-09-04 12:24:18,3.55,0,0
2026-09-04 12:24:19,3.08,0,0
2026-09-04 12:24:19,3.62,0,0
2026-09-04 12:24:19,3.05,0,0
2026-09-04 12:24:19,3.08,0,0
2026-09-04 12:24:19,3.72,0,0
2026-09-04 12:24:19,3.54,0,0
2026-09-04 12:24:19,4.24,0,0
2026-09-04 12:24:19,3.51,0,0
2026-09-04 12:24:19,2.87,0,0
2026-09-04 12:24:20,2.72,0,0
2026-09-04 12:24:20,3.41,0,0
2026-09-04 12:24:20,3.71,0,0
2026-09-04 12:24:20,3.53,0,0
2026-09-04 12:24:20,2.54,0,0
2026-09-04 12:24:20,3.33,0,0
2026-09-04 12:24:20,2.58,0,0
2026-09-04 12:24:20,4.95,0,0
2026-09-04 12:24:20,3.08,0,0
2026-09-04 12:24:20,3.2,0,0
2026-09-04 12:24:21,4.13,0,0
2026-09-04 12:24:21,4.2,0,0
2026-09-04 12:24:21,3.22,0,0
2026-09-04 12:24:21,2.7,0,0
2026-09-04 12:24:21,3.17,0,0
2026-09-04 12:24:21,3.57,0,0
2026-09-04 12:24:21,4.09,0,0
2026-09-04 12:24:21,3.52,0,0
2026-09-04 12:24:21,2.78,0,0
2026-09-04 12:24:21,3.19,0,0
2026-09-04 12:24:22,4.16,0,0
2026-09-04 12:24:22,4.02,0,0
2026-09-04 12:24:22,3.19,0,0
2026-09-04 12:24:22,3.93,0,0
2026-09-04 12:24:22,2.76,0,0
2026-09-04 12:24:22,3.42,0,0
2026-09-04 12:24:22,2.95,0,0
2026-09-04 12:24:22,3.57,0,0
2026-09-04 12:24:22,3.25,0,0
2026-09-04 12:24:23,4.36,0,0
2026-09-04 12:24:23,4.32,0,0
2026-09-04 12:24:23,2.99,0,0
2026-09-04 12:24:23,3.11,0,0
2026-09-04 12:24:23,2.94,0,0
2026-09-04 12:24:23,3.69,0,0
2026-09-04 12:24:23,3.98,0,0
2026-09-04 12:24:23,4.03,0,0
2026-09-04 12:24:23,4.16,0,0
2026-09-04 12:24:23,3.43,0,0
2026-09-04 12:24:24,3.35,0,0
2026-09-04 12:24:24,2.04,0,0
2026-09-04 12:24:24,3.3,0,0
2026-09-04 12:24:24,3.05,0,0
2026-09-04 12:24:24,3.14,0,0
2026-09-04 12:24:24,3.82,0,0
2026-09-04 12:24:24,4.01,0,0
2026-09-04 12:24:24,3.37,0,0
2026-09-04 12:24:24,3.18,0,0
2026-09-04 12:24:25,4.64,0,0
2026-09-04 12:24:25,3.08,0,0
2026-09-04 12:24:25,3.74,0,0
2026-09-04 12:24:25,4.42,0,0
2026-09-04 12:24:25,3.52,0,0
2026-09-04 12:24:25,3.5,0,0
2026-09-04 12:24:25,3.17,0,0
2026-09-04 12:24:25,3.12,0,0
2026-09-04 12:24:25,3.98,0,0
2026-09-04 12:24:25,3.36,0,0
2026-09-04 12:24:26,3.96,0,0
2026-09-04 12:24:26,2.13,0,0
2026-09-04 12:24:26,2.85,0,0
2026-09-04 12:24:26,3.32,0,0
2026-09-04 12:24:26,3.68,0,0
2026-09-04 12:24:26,2.68,0,0
2026-09-04 12:24:26,3.89,0,0
2026-09-04 12:24:26,3.01,0,0
2026-09-04 12:24:26,3.68,0,0
2026-09-04 12:24:27,2.2,0,0
2026-09-04 12:24:27,4.14,0,0
2026-09-04 12:24:27,3.41,0,0
2026-09-04 12:24:27,5.44,0,0
2026-09-04 12:24:27,4.77,0,0
2026-09-04 12:24:27,3.98,0,0
2026-09-04 12:24:27,2.98,0,0
2026-09-04 12:24:27,3.86,0,0
2026-09-04 12:24:27,2.83,0,0
2026-09-04 12:24:27,3.5,0,0
2026-09-04 12:24:28,3.57,0,0
2026-09-04 12:24:28,3.92,0,0
2026-09-04 12:24:28,2.85,0,0
2026-09-04 12:24:28,3.86,0,0
2026-09-04 12:24:28,3.1,0,0
2026-09-04 12:24:28,3.29,0,0
2026-09-04 12:24:28,3.79,0,0
2026-09-04 12:24:28,2.8,0,0
2026-09-04 12:24:28,3.75,0,0
2026-09-04 12:24:28,4.68,0,0
2026-09-04 12:24:29,3.71,0,0
2026-09-04 12:24:29,3.8,0,0
2026-09-04 12:24:29,5.32,0,0
2026-09-04 12:24:29,3.69,0,0
2026-09-04 12:24:29,4.86,0,0
2026-09-04 12:24:29,3.48,0,0
2026-09-04 12:24:29,3.89,0,0
2026-09-04 12:24:29,3.79,0,0
2026-09-04 12:24:29,3.09,0,0
2026-09-04 12:24:30,3.17,0,0
2026-09-04 12:24:30,2.82,0,0
2026-09-04 12:24:30,4.5,0,0
2026-09-04 12:24:30,3.09,0,0
2026-09-04 12:24:30,2.89,0,0
2026-09-04 12:24:30,4.05,0,0
2026-09-04 12:24:30,4.04,0,0
2026-09-04 12:25:01,5000,1,0
2026-09-04 12:25:01,7.74,0,0
2026-09-04 12:25:01,3.78,0,0
2026-09-04 12:25:01,6.9,0,0
2026-09-04 12:25:01,3.2,0,0
2026-09-04 12:25:02,2.84,0,0
2026-09-04 12:25:02,3.66,0,0
2026-09-04 12:25:02,3.99,0,0
2026-09-04 12:25:02,3.72,0,0
2026-09-04 12:25:02,5.34,0,0
2026-09-04 12:25:02,3.8,0,0
2026-09-04 12:25:02,3.31,0,0
2026-09-04 12:25:02,4.11,0,0
2026-09-04 12:25:02,3.85,0,0
2026-09-04 12:25:02,3.45,0,0
2026-09-04 12:25:03,4.8,0,0
2026-09-04 12:25:03,4.48,0,0
2026-09-04 12:25:03,4.78,0,0
2026-09-04 12:25:03,4.3,0,0
2026-09-04 12:25:03,4.01,0,0
2026-09-04 12:25:03,4.26,0,0
2026-09-04 12:25:03,3.53,0,0
2026-09-04 12:25:03,4.47,0,0
2026-09-04 12:25:03,3.02,0,0
2026-09-04 12:25:04,4.6,0,0
2026-09-04 12:25:04,4.7,0,0
2026-09-04 12:25:04,3.63,0,0
2026-09-04 12:25:04,3.68,0,0
2026-09-04 12:25:04,4.9,0,0
2026-09-04 12:25:04,4.14,0,0
2026-09-04 12:25:04,4.2,0,0
2026-09-04 12:25:04,4.37,0,0
2026-09-04 12:25:04,2.87,0,0
2026-09-04 12:25:04,4.14,0,0
2026-09-04 12:25:05,4.67,0,0
2026-09-04 12:25:05,3.09,0,0
2026-09-04 12:25:05,4.07,0,0
2026-09-04 12:25:05,4.71,0,0
2026-09-04 12:25:05,3.37,0,0
2026-09-04 12:25:05,4.44,0,0
2026-09-04 12:25:05,3.81,0,0
2026-09-04 12:25:05,2.56,0,0
2026-09-04 12:25:05,3.87,0,0
2026-09-04 12:25:06,3.67,0,0
2026-09-04 12:25:06,4.71,0,0
2026-09-04 12:25:06,3.77,0,0
2026-09-04 12:25:06,4.57,0,0
2026-09-04 12:25:06,5.83,0,0
2026-09-04 12:25:06,4.16,0,0
2026-09-04 12:25:06,6.38,0,0
2026-09-04 12:25:06,4.51,0,0
2026-09-04 12:25:06,4.79,0,0
2026-09-04 12:25:06,4.64,0,0
2026-09-04 12:25:07,3.9,0,0
2026-09-04 12:25:07,5.08,0,0
2026-09-04 12:25:07,4.56,0,0
2026-09-04 12:25:07,3.67,0,0
2026-09-04 12:25:07,3.64,0,0
2026-09-04 12:25:07,2.86,0,0
2026-09-04 12:25:07,3.61,0,0
2026-09-04 12:25:07,3.31,0,0
2026-09-04 12:25:07,4.06,0,0
2026-09-04 12:25:08,4.8,0,0
2026-09-04 12:25:08,3.35,0,0
2026-09-04 12:25:08,3.82,0,0
2026-09-04 12:25:08,4.43,0,0
2026-09-04 12:25:08,2.89,0,0
2026-09-04 12:25:08,2.91,0,0
2026-09-04 12:25:08,4.7,0,0
2026-09-04 12:25:08,3.01,0,0
2026-09-04 12:25:08,2.99,0,0
2026-09-04 12:25:08,4.88,0,0
2026-09-04 12:25:09,3.15,0,0
2026-09-04 12:25:09,3.3,0,0
2026-09-04 12:25:09,2.68,0,0
2026-09-04 12:25:09,4.15,0,0
2026-09-04 12:25:09,3.89,0,0
2026-09-04 12:25:09,4.33,0,0
2026-09-04 12:25:09,3.46,0,0
2026-09-04 12:25:09,4.52,0,0
2026-09-04 12:25:09,3.72,0,0
2026-09-04 12:25:10,4.62,0,0
2026-09-04 12:25:10,3.95,0,0
2026-09-04 12:25:10,5.28,0,0
2026-09-04 12:25:10,4.29,0,0
2026-09-04 12:25:10,3.5,0,0
2026-09-04 12:25:10,4.62,0,0
2026-09-04 12:25:10,3.44,0,0
2026-09-04 12:25:10,4.05,0,0
2026-09-04 12:25:10,3.38,0,0
2026-09-04 12:25:10,3.15,0,0
2026-09-04 12:25:11,4.15,0,0
2026-09-04 12:25:11,4.38,0,0
2026-09-04 12:25:11,5.34,0,0
2026-09-04 12:25:11,4.05,0,0
2026-09-04 12:25:11,4.72,0,0
2026-09-04 12:25:11,4.26,0,0
2026-09-04 12:25:11,3.59,0,0
2026-09-04 12:25:11,4.54,0,0
2026-09-04 12:25:11,4.6,0,0
2026-09-04 12:25:12,3.46,0,0
2026-09-04 12:25:12,4.41,0,0
2026-09-04 12:25:12,3.7,0,0
2026-09-04 12:25:12,3.03,0,0
2026-09-04 12:25:12,4.52,0,0
2026-09-04 12:25:12,3.21,0,0
2026-09-04 12:25:12,4.82,0,0
2026-09-04 12:25:12,3.07,0,0
2026-09-04 12:25:12,3.23,0,0
2026-09-04 12:25:12,2.91,0,0
2026-09-04 12:25:13,2.1,0,0
2026-09-04 12:25:13,3.89,0,0
2026-09-04 12:25:13,3.95,0,0
2026-09-04 12:25:13,4.18,0,0
2026-09-04 12:25:13,5.27,0,0
2026-09-04 12:25:13,2.81,0,0
2026-09-04 12:25:13,3.48,0,0
2026-09-04 12:25:13,4.51,0,0
2026-09-04 12:25:13,4.22,0,0
2026-09-04 12:25:14,3.34,0,0
2026-09-04 12:25:14,3.17,0,0
2026-09-04 12:25:14,3.53,0,0
2026-09-04 12:25:14,4.96,0,0
2026-09-04 12:25:14,2.76,0,0
2026-09-04 12:25:14,3.42,0,0
2026-09-04 12:25:14,2.49,0,0
2026-09-04 12:25:14,4.35,0,0
2026-09-04 12:25:14,3.25,0,0
2026-09-04 12:25:14,3.06,0,0
2026-09-04 12:25:15,3.43,0,0
2026-09-04 12:25:15,3.51,0,0
2026-09-04 12:25:15,3.61,0,0
2026-09-04 12:25:15,3.35,0,0
2026-09-04 12:25:15,3.44,0,0
2026-09-04 12:25:15,3.93,0,0
2026-09-04 12:25:15,3.24,0,0
2026-09-04 12:25:15,3.76,0,0
2026-09-04 12:25:15,4.05,0,0
2026-09-04 12:25:15,3.75,0,0
2026-09-04 12:25:16,4.58,0,0
2026-09-04 12:25:16,3.77,0,0
2026-09-04 12:25:16,4.02,0,0
2026-09-04 12:25:16,4.8,0,0
2026-09-04 12:25:16,3.95,0,0
2026-09-04 12:25:16,3.64,0,0
2026-09-04 12:25:16,4.12,0,0
2026-09-04 12:25:16,3.64,0,0
2026-09-04 12:25:16,3.26,0,0
2026-09-04 12:25:17,3.52,0,0
2026-09-04 12:25:17,3.99,0,0
2026-09-04 12:25:17,2.42,0,0
2026-09-04 12:25:17,1.77,0,0
2026-09-04 12:25:17,3.41,0,0
2026-09-04 12:25:17,2.89,0,0
2026-09-04 12:25:17,3.5,0,0
2026-09-04 12:25:17,2.61,0,0
2026-09-04 12:25:17,3.0,0,0
2026-09-04 12:25:17,3.65,0,0
2026-09-04 12:25:18,4.93,0,0
2026-09-04 12:25:18,3.37,0,0
2026-09-04 12:25:18,3.32,0,0
2026-09-04 12:25:18,3.56,0,0
2026-09-04 12:25:18,3.54,0,0
2026-09-04 12:25:18,3.88,0,0
2026-09-04 12:25:18,3.13,0,0
2026-09-04 12:25:18,3.11,0,0
2026-09-04 12:25:18,3.42,0,0
2026-09-04 12:25:19,3.46,0,0
2026-09-04 12:25:19,4.71,0,0
2026-09-04 12:25:19,3.17,0,0
2026-09-04 12:25:19,2.62,0,0
2026-09-04 12:25:19,3.75,0,0
2026-09-04 12:25:19,3.77,0,0
2026-09-04 12:25:19,2.94,0,0
2026-09-04 12:25:19,2.91,0,0
2026-09-04 12:25:19,3.15,0,0
2026-09-04 12:25:19,3.88,0,0
2026-09-04 12:25:20,3.05,0,0
2026-09-04 12:25:20,2.85,0,0
2026-09-04 12:25:20,4.17,0,0
2026-09-04 12:25:20,3.16,0,0
2026-09-04 12:25:20,2.24,0,0
2026-09-04 12:25:20,3.03,0,0
2026-09-04 12:25:20,2.86,0,0
2026-09-04 12:25:20,2.85,0,0
2026-09-04 12:25:20,3.16,0,0
2026-09-04 12:25:21,2.78,0,0
2026-09-04 12:25:21,4.34,0,0
2026-09-04 12:25:21,2.48,0,0
2026-09-04 12:25:21,3.39,0,0
2026-09-04 12:25:21,2.98,0,0
2026-09-04 12:25:21,4.59,0,0
2026-09-04 12:25:21,3.54,0,0
2026-09-04 12:25:21,4.21,0,0
2026-09-04 12:25:21,2.96,0,0
2026-09-04 12:25:21,3.79,0,0
2026-09-04 12:25:22,3.97,0,0
2026-09-04 12:25:22,3.21,0,0
2026-09-04 12:25:22,4.06,0,0
2026-09-04 12:25:22,5.17,0,0
2026-09-04 12:25:22,3.34,0,0
2026-09-04 12:25:22,3.6,0,0
2026-09-04 12:25:22,4.05,0,0
2026-09-04 12:25:22,2.79,0,0
2026-09-04 12:25:22,2.83,0,0
2026-09-04 12:25:23,3.02,0,0
2026-09-04 12:25:23,3.45,0,0
2026-09-04 12:25:23,2.93,0,0
2026-09-04 12:25:23,3.68,0,0
2026-09-04 12:25:23,4.39,0,0
2026-09-04 12:25:23,4.92,0,0
2026-09-04 12:25:23,3.1,0,0
2026-09-04 12:25:23,3.28,0,0
2026-09-04 12:25:23,3.12,0,0
2026-09-04 12:25:23,2.66,0,0
2026-09-04 12:25:24,2.17,0,0
2026-09-04 12:25:24,3.54,0,0
2026-09-04 12:25:24,2.83,0,0
2026-09-04 12:25:24,4.29,0,0
2026-09-04 12:25:24,3.35,0,0
2026-09-04 12:25:24,3.0,0,0
2026-09-04 12:25:24,3.65,0,0
2026-09-04 12:25:24,3.22,0,0
2026-09-04 12:25:24,4.35,0,0
2026-09-04 12:25:24,4.2,0,0
2026-09-04 12:25:25,4.14,0,0
2026-09-04 12:25:25,3.92,0,0
2026-09-04 12:25:25,4.17,0,0
2026-09-04 12:25:25,5.33,0,0
2026-09-04 12:25:25,3.42,0,0
2026-09-04 12:25:25,4.75,0,0
2026-09-04 12:25:25,3.93,0,0
2026-09-04 12:25:25,3.15,0,0
2026-09-04 12:25:25,7.89,0,0
2026-09-04 12:25:26,4.05,0,0
2026-09-04 12:25:26,3.3,0,0
2026-09-04 12:25:26,4.16,0,0
2026-09-04 12:25:26,3.61,0,0
2026-09-04 12:25:26,3.78,0,0
2026-09-04 12:25:26,4.14,0,0
2026-09-04 12:25:26,4.41,0,0
2026-09-04 12:25:26,3.64,0,0
2026-09-04 12:25:26,3.1,0,0
2026-09-04 12:25:26,2.77,0,0
2026-09-04 12:25:27,3.69,0,0
2026-09-04 12:25:27,2.37,0,0
2026-09-04 12:25:27,4.05,0,0
2026-09-04 12:25:27,3.43,0,0
2026-09-04 12:25:27,3.67,0,0
2026-09-04 12:25:27,3.66,0,0
2026-09-04 12:25:27,3.67,0,0
2026-09-04 12:25:27,4.11,0,0
2026-09-04 12:25:27,4.81,0,0
2026-09-04 12:25:28,4.58,0,0
2026-09-04 12:25:28,3.5,0,0
2026-09-04 12:25:28,4.97,0,0
2026-09-04 12:25:28,3.98,0,0
2026-09-04 12:25:28,3.8,0,0
2026-09-04 12:25:28,4.42,0,0
2026-09-04 12:25:28,3.48,0,0
2026-09-04 12:25:28,2.65,0,0
2026-09-04 12:25:28,3.74,0,0
2026-09-04 12:25:28,4.96,0,0
2026-09-04 12:25:29,3.24,0,0
2026-09-04 12:25:29,3.45,0,0
2026-09-04 12:25:29,4.02,0,0
2026-09-04 12:25:29,3.28,0,0
2026-09-04 12:25:29,2.77,0,0
2026-09-04 12:25:29,3.34,0,0
2026-09-04 12:25:29,3.19,0,0
2026-09-04 12:25:29,3.66,0,0
2026-09-04 12:25:29,3.5,0,0
2026-09-04 12:25:30,3.49,0,0
2026-09-04 12:25:30,3.29,0,0
2026-09-04 12:25:30,4.19,0,0
2026-09-04 12:25:30,3.66,0,0
2026-09-04 12:25:30,4.1,0,0
2026-09-04 12:25:30,2.94,0,0
2026-09-04 12:25:30,3.71,0,0
2026-09-04 12:25:30,3.8,0,0
2026-09-04 12:26:00,3.71,0,0
2026-09-04 12:26:00,4.73,0,0
2026-09-04 12:26:01,3.67,0,0
2026-09-04 12:26:01,3.72,0,0
2026-09-04 12:26:01,3.91,0,0
2026-09-04 12:26:01,3.42,0,0
2026-09-04 12:26:01,3.57,0,0
2026-09-04 12:26:01,4.38,0,0
2026-09-04 12:26:01,3.36,0,0
2026-09-04 12:26:01,5.55,0,0
2026-09-04 12:26:01,4.14,0,0
2026-09-04 12:26:02,3.22,0,0
2026-09-04 12:26:02,2.98,0,0
2026-09-04 12:26:02,3.67,0,0
2026-09-04 12:26:02,3.13,0,0
2026-09-04 12:26:02,4.02,0,0
2026-09-04 12:26:02,3.37,0,0
2026-09-04 12:26:02,4.43,0,0
2026-09-04 12:26:02,4.62,0,0
2026-09-04 12:26:02,4.21,0,0
2026-09-04 12:26:02,5.29,0,0
2026-09-04 12:26:03,4.08,0,0
2026-09-04 12:26:03,3.53,0,0
2026-09-04 12:26:03,3.6,0,0
2026-09-04 12:26:03,3.54,0,0
2026-09-04 12:26:03,3.81,0,0
2026-09-04 12:26:03,3.07,0,0
2026-09-04 12:26:03,3.89,0,0
2026-09-04 12:26:03,5.05,0,0
2026-09-04 12:26:03,4.19,0,0
2026-09-04 12:26:04,4.53,0,0
2026-09-04 12:26:04,3.59,0,0
2026-09-04 12:26:04,3.88,0,0
2026-09-04 12:26:04,5.54,0,0
2026-09-04 12:26:04,3.33,0,0
2026-09-04 12:26:04,3.77,0,0
2026-09-04 12:26:04,4.4,0,0
2026-09-04 12:26:04,4.28,0,0
2026-09-04 12:26:04,4.76,0,0
2026-09-04 12:26:04,5.21,0,0
2026-09-04 12:26:05,3.75,0,0
2026-09-04 12:26:05,4.04,0,0
2026-09-04 12:26:05,3.23,0,0
2026-09-04 12:26:05,4.09,0,0
2026-09-04 12:26:05,4.43,0,0
2026-09-04 12:26:05,3.26,0,0
2026-09-04 12:26:05,4.65,0,0
2026-09-04 12:26:05,3.55,0,0
2026-09-04 12:26:05,3.95,0,0
2026-09-04 12:26:06,4.51,0,0
2026-09-04 12:26:06,3.78,0,0
2026-09-04 12:26:06,3.44,0,0
2026-09-04 12:26:06,2.91,0,0
2026-09-04 12:26:06,3.9,0,0
2026-09-04 12:26:06,3.2,0,0
2026-09-04 12:26:06,4.62,0,0
2026-09-04 12:26:06,4.14,0,0
2026-09-04 12:26:06,3.42,0,0
2026-09-04 12:26:06,3.96,0,0
2026-09-04 12:26:07,4.65,0,0
2026-09-04 12:26:07,4.19,0,0
2026-09-04 12:26:07,3.91,0,0
2026-09-04 12:26:07,3.17,0,0
2026-09-04 12:26:07,3.78,0,0
2026-09-04 12:26:07,3.66,0,0
2026-09-04 12:26:07,3.06,0,0
2026-09-04 12:26:07,3.43,0,0
2026-09-04 12:26:07,3.17,0,0
2026-09-04 12:26:07,4.32,0,0
2026-09-04 12:26:08,4.76,0,0
2026-09-04 12:26:08,3.39,0,0
2026-09-04 12:26:08,4.77,0,0
2026-09-04 12:26:08,3.55,0,0
2026-09-04 12:26:08,4.55,0,0
2026-09-04 12:26:08,4.24,0,0
2026-09-04 12:26:08,3.2,0,0
2026-09-04 12:26:08,2.91,0,0
2026-09-04 12:26:08,4.46,0,0
2026-09-04 12:26:09,4.32,0,0
2026-09-04 12:26:09,4.11,0,0
2026-09-04 12:26:09,3.78,0,0
2026-09-04 12:26:09,3.42,0,0
2026-09-04 12:26:09,3.13,0,0
2026-09-04 12:26:09,3.56,0,0
2026-09-04 12:26:09,2.96,0,0
2026-09-04 12:26:09,3.23,0,0
2026-09-04 12:26:09,3.63,0,0
2026-09-04 12:26:09,3.37,0,0
2026-09-04 12:26:10,3.83,0,0
2026-09-04 12:26:10,4.32,0,0
2026-09-04 12:26:10,4.7,0,0
2026-09-04 12:26:10,3.31,0,0
2026-09-04 12:26:10,3.54,0,0
2026-09-04 12:26:10,3.81,0,0
2026-09-04 12:26:10,4.72,0,0
2026-09-04 12:26:10,4.73,0,0
2026-09-04 12:26:10,3.62,0,0
2026-09-04 12:26:11,3.21,0,0
2026-09-04 12:26:11,3.65,0,0
2026-09-04 12:26:11,4.29,0,0
2026-09-04 12:26:11,3.33,0,0
2026-09-04 12:26:11,4.0,0,0
2026-09-04 12:26:11,3.22,0,0
2026-09-04 12:26:11,4.55,0,0
2026-09-04 12:26:11,3.74,0,0
2026-09-04 12:26:11,4.73,0,0
2026-09-04 12:26:11,4.87,0,0
2026-09-04 12:26:12,4.11,0,0
2026-09-04 12:26:12,5.16,0,0
2026-09-04 12:26:12,4.12,0,0
2026-09-04 12:26:12,4.36,0,0
2026-09-04 12:26:12,3.85,0,0
2026-09-04 12:26:12,2.62,0,0
2026-09-04 12:26:12,3.18,0,0
2026-09-04 12:26:12,3.22,0,0
2026-09-04 12:26:12,3.31,0,0
2026-09-04 12:26:13,4.67,0,0
2026-09-04 12:26:13,4.4,0,0
2026-09-04 12:26:13,3.29,0,0
2026-09-04 12:26:13,4.36,0,0
2026-09-04 12:26:13,4.28,0,0
2026-09-04 12:26:13,3.36,0,0
2026-09-04 12:26:13,4.46,0,0
2026-09-04 12:26:13,3.36,0,0
2026-09-04 12:26:13,3.77,0,0
2026-09-04 12:26:13,5.11,0,0
2026-09-04 12:26:14,3.35,0,0
2026-09-04 12:26:14,3.22,0,0
2026-09-04 12:26:14,3.06,0,0
2026-09-04 12:26:14,4.47,0,0
2026-09-04 12:26:14,3.2,0,0
2026-09-04 12:26:14,4.73,0,0
2026-09-04 12:26:14,3.66,0,0
2026-09-04 12:26:14,3.5,0,0
2026-09-04 12:26:14,3.79,0,0
2026-09-04 12:26:15,4.28,0,0
2026-09-04 12:26:15,4.28,0,0
2026-09-04 12:26:15,3.42,0,0
2026-09-04 12:26:15,4.98,0,0
2026-09-04 12:26:15,3.54,0,0
2026-09-04 12:26:15,4.57,0,0
2026-09-04 12:26:15,2.72,0,0
2026-09-04 12:26:15,3.51,0,0
2026-09-04 12:26:15,3.07,0,0
2026-09-04 12:26:15,2.83,0,0
2026-09-04 12:26:16,3.15,0,0
2026-09-04 12:26:16,3.61,0,0
2026-09-04 12:26:16,3.06,0,0
2026-09-04 12:26:16,3.99,0,0
2026-09-04 12:26:16,3.75,0,0
2026-09-04 12:26:16,3.9,0,0
2026-09-04 12:26:16,4.45,0,0
2026-09-04 12:26:16,5.1,0,0
2026-09-04 12:26:16,3.14,0,0
2026-09-04 12:26:17,4.26,0,0
2026-09-04 12:26:17,4.22,0,0
2026-09-04 12:26:17,3.26,0,0
2026-09-04 12:26:17,2.52,0,0
2026-09-04 12:26:17,4.47,0,0
2026-09-04 12:26:17,3.83,0,0
2026-09-04 12:26:17,4.1,0,0
2026-09-04 12:26:17,3.47,0,0
2026-09-04 12:26:17,3.48,0,0
2026-09-04 12:26:17,3.37,0,0
2026-09-04 12:26:18,2.72,0,0
2026-09-04 12:26:18,4.01,0,0
2026-09-04 12:26:18,2.79,0,0
2026-09-04 12:26:18,4.42,0,0
2026-09-04 12:26:18,2.75,0,0
2026-09-04 12:26:18,3.81,0,0
2026-09-04 12:26:18,3.16,0,0
2026-09-04 12:26:18,3.84,0,0
2026-09-04 12:26:18,4.68,0,0
2026-09-04 12:26:19,3.77,0,0
2026-09-04 12:26:19,4.87,0,0
2026-09-04 12:26:19,3.03,0,0
2026-09-04 12:26:19,4.23,0,0
2026-09-04 12:26:19,4.98,0,0
2026-09-04 12:26:19,4.82,0,0
2026-09-04 12:26:19,4.56,0,0
2026-09-04 12:26:19,3.66,0,0
2026-09-04 12:26:19,3.32,0,0
2026-09-04 12:26:19,3.45,0,0
2026-09-04 12:26:20,4.2,0,0
2026-09-04 12:26:20,3.98,0,0
2026-09-04 12:26:20,3.22,0,0
2026-09-04 12:26:20,3.62,0,0
2026-09-04 12:26:20,3.68,0,0
2026-09-04 12:26:20,4.51,0,0
2026-09-04 12:26:20,3.05,0,0
2026-09-04 12:26:20,2.57,0,0
2026-09-04 12:26:20,4.05,0,0
2026-09-04 12:26:21,2.99,0,0
2026-09-04 12:26:21,4.36,0,0
2026-09-04 12:26:21,4.49,0,0
2026-09-04 12:26:21,3.64,0,0
2026-09-04 12:26:21,2.83,0,0
2026-09-04 12:26:21,5.35,0,0
2026-09-04 12:26:21,4.22,0,0
2026-09-04 12:26:21,3.73,0,0
2026-09-04 12:26:21,3.36,0,0
2026-09-04 12:26:21,4.0,0,0
2026-09-04 12:26:22,3.21,0,0
2026-09-04 12:26:22,3.65,0,0
2026-09-04 12:26:22,3.81,0,0
2026-09-04 12:26:22,2.94,0,0
2026-09-04 12:26:22,2.33,0,0
2026-09-04 12:26:22,2.82,0,0
2026-09-04 12:26:22,3.2,0,0
2026-09-04 12:26:22,4.23,0,0
2026-09-04 12:26:22,2.47,0,0
2026-09-04 12:26:23,3.75,0,0
2026-09-04 12:26:23,3.96,0,0
2026-09-04 12:26:23,3.19,0,0
2026-09-04 12:26:23,2.83,0,0
2026-09-04 12:26:23,3.51,0,0
2026-09-04 12:26:23,2.54,0,0
2026-09-04 12:26:23,4.03,0,0
2026-09-04 12:26:23,3.17,0,0
2026-09-04 12:26:23,3.51,0,0
2026-09-04 12:26:23,3.81,0,0
2026-09-04 12:26:24,3.86,0,0
2026-09-04 12:26:24,3.88,0,0
2026-09-04 12:26:24,3.79,0,0
2026-09-04 12:26:24,4.45,0,0
2026-09-04 12:26:24,3.62,0,0
2026-09-04 12:26:24,3.35,0,0
2026-09-04 12:26:24,3.96,0,0
2026-09-04 12:26:24,3.67,0,0
2026-09-04 12:26:24,3.12,0,0
2026-09-04 12:26:25,3.56,0,0
2026-09-04 12:26:25,3.38,0,0
2026-09-04 12:26:25,2.96,0,0
2026-09-04 12:26:25,3.31,0,0
2026-09-04 12:26:25,3.4,0,0
2026-09-04 12:26:25,3.17,0,0
2026-09-04 12:26:25,4.25,0,0
2026-09-04 12:26:25,3.8,0,0
2026-09-04 12:26:25,4.17,0,0
2026-09-04 12:26:25,3.93,0,0
2026-09-04 12:26:26,3.42,0,0
2026-09-04 12:26:26,3.98,0,0
2026-09-04 12:26:26,4.63,0,0
2026-09-04 12:26:26,3.89,0,0
2026-09-04 12:26:26,3.47,0,0
2026-09-04 12:26:26,3.41,0,0
2026-09-04 12:26:26,2.76,0,0
2026-09-04 12:26:26,2.73,0,0
2026-09-04 12:26:26,3.73,0,0
2026-09-04 12:26:26,3.81,0,0
2026-09-04 12:26:27,4.17,0,0
2026-09-04 12:26:27,3.73,0,0
2026-09-04 12:26:27,3.46,0,0
2026-09-04 12:26:27,2.96,0,0
2026-09-04 12:26:27,3.39,0,0
2026-09-04 12:26:27,3.52,0,0
2026-09-04 12:26:27,3.76,0,0
2026-09-04 12:26:27,3.76,0,0
2026-09-04 12:26:27,3.61,0,0
2026-09-04 12:26:28,4.38,0,0
2026-09-04 12:26:28,3.73,0,0
2026-09-04 12:26:28,4.24,0,0
2026-09-04 12:26:28,2.79,0,0
2026-09-04 12:26:28,3.61,0,0
2026-09-04 12:26:28,3.75,0,0
2026-09-04 12:26:28,3.99,0,0
2026-09-04 12:26:28,4.36,0,0
2026-09-04 12:26:28,3.0,0,0
2026-09-04 12:26:28,4.09,0,0
2026-09-04 12:26:29,3.72,0,0
2026-09-04 12:26:29,4.12,0,0
2026-09-04 12:26:29,3.52,0,0
2026-09-04 12:26:29,3.83,0,0
2026-09-04 12:26:29,4.47,0,0
2026-09-04 12:26:29,3.88,0,0
2026-09-04 12:26:29,3.35,0,0
2026-09-04 12:26:29,3.97,0,0
2026-09-04 12:26:29,3.71,0,0
2026-09-04 12:26:30,4.34,0,0
2026-09-04 12:26:30,4.24,0,0
2026-09-04 12:26:30,3.87,0,0
2026-09-04 12:26:30,3.02,0,0
2026-09-04 12:26:30,4.06,0,0
2026-09-04 12:26:30,4.7,0,0
2026-09-04 12:26:30,4.23,0,0
2026-09-04 12:26:30,3.73,0,0
2026-09-04 12:26:51,781.61,0,0
2026-09-04 12:26:51,3.91,0,0
2026-09-04 12:26:51,4.91,0,0
2026-09-04 12:26:51,3.77,0,0
2026-09-04 12:26:51,4.56,0,0
2026-09-04 12:26:51,3.34,0,0
2026-09-04 12:26:51,3.11,0,0
2026-09-04 12:26:51,3.23,0,0
2026-09-04 12:26:51,4.09,0,0
2026-09-04 12:26:51,3.38,0,0
2026-09-04 12:26:52,2.72,0,0
2026-09-04 12:26:52,3.34,0,0
2026-09-04 12:26:52,3.57,0,0
2026-09-04 12:26:52,2.83,0,0
2026-09-04 12:26:52,3.37,0,0
2026-09-04 12:26:52,3.87,0,0
2026-09-04 12:26:52,2.62,0,0
2026-09-04 12:26:52,4.1,0,0
2026-09-04 12:26:52,2.38,0,0
2026-09-04 12:26:53,2.65,0,0
2026-09-04 12:26:53,2.52,0,0
2026-09-04 12:26:53,2.55,0,0
2026-09-04 12:26:53,3.27,0,0
2026-09-04 12:26:53,2.9,0,0
2026-09-04 12:26:53,3.48,0,0
2026-09-04 12:26:53,2.53,0,0
2026-09-04 12:26:53,5.68,0,0
2026-09-04 12:26:53,4.26,0,0
2026-09-04 12:26:53,4.49,0,0
2026-09-04 12:26:54,6.59,0,0
2026-09-04 12:26:54,4.08,0,0
2026-09-04 12:26:54,3.31,0,0
2026-09-04 12:26:54,3.9,0,0
2026-09-04 12:26:54,4.81,0,0
2026-09-04 12:26:54,5.01,0,0
2026-09-04 12:26:54,4.8,0,0
2026-09-04 12:26:54,4.59,0,0
2026-09-04 12:26:54,4.72,0,0
2026-09-04 12:26:55,5.01,0,0
2026-09-04 12:26:55,4.71,0,0
2026-09-04 12:26:55,3.81,0,0
2026-09-04 12:26:55,3.83,0,0
2026-09-04 12:26:55,4.28,0,0
2026-09-04 12:26:55,4.25,0,0
2026-09-04 12:26:55,4.12,0,0
2026-09-04 12:26:55,4.05,0,0
2026-09-04 12:26:55,4.32,0,0
2026-09-04 12:26:55,3.86,0,0
2026-09-04 12:26:56,4.33,0,0
2026-09-04 12:26:56,3.49,0,0
2026-09-04 12:26:56,4.21,0,0
2026-09-04 12:26:56,3.38,0,0
2026-09-04 12:26:56,2.38,0,0
2026-09-04 12:26:56,3.48,0,0
2026-09-04 12:26:56,2.73,0,0
2026-09-04 12:26:56,2.95,0,0
2026-09-04 12:26:56,3.17,0,0
2026-09-04 12:26:56,3.12,0,0
2026-09-04 12:26:57,3.66,0,0
2026-09-04 12:26:57,4.03,0,0
2026-09-04 12:26:57,3.35,0,0
2026-09-04 12:26:57,3.9,0,0
2026-09-04 12:26:57,2.71,0,0
2026-09-04 12:26:57,4.29,0,0
2026-09-04 12:26:57,4.16,0,0
2026-09-04 12:26:57,5.15,0,0
2026-09-04 12:26:57,6.19,0,0
2026-09-04 12:26:58,3.8,0,0
2026-09-04 12:26:58,3.41,0,0
2026-09-04 12:26:58,4.55,0,0
2026-09-04 12:26:58,4.07,0,0
2026-09-04 12:26:58,5.01,0,0
2026-09-04 12:26:58,3.06,0,0
2026-09-04 12:26:58,4.42,0,0
2026-09-04 12:26:58,3.89,0,0
2026-09-04 12:26:58,3.36,0,0
2026-09-04 12:26:59,5.85,0,0
2026-09-04 12:26:59,3.29,0,0
2026-09-04 12:26:59,4.14,0,0
2026-09-04 12:26:59,5.44,0,0
2026-09-04 12:26:59,4.64,0,0
2026-09-04 12:26:59,5.07,0,0
2026-09-04 12:26:59,4.93,0,0
2026-09-04 12:26:59,3.85,0,0
2026-09-04 12:26:59,5.06,0,0
2026-09-04 12:26:59,3.92,0,0
2026-09-04 12:27:00,3.46,0,0
2026-09-04 12:27:00,3.0,0,0
2026-09-04 12:27:00,3.6,0,0
2026-09-04 12:27:00,4.2,0,0
2026-09-04 12:27:00,4.14,0,0
2026-09-04 12:27:00,3.63,0,0
2026-09-04 12:27:00,3.16,0,0
2026-09-04 12:27:00,4.34,0,0
2026-09-04 12:27:00,4.75,0,0
2026-09-04 12:27:01,3.83,0,0
2026-09-04 12:27:01,4.39,0,0
2026-09-04 12:27:01,4.02,0,0
2026-09-04 12:27:01,3.97,0,0
2026-09-04 12:27:01,4.64,0,0
2026-09-04 12:27:01,6.07,0,0
2026-09-04 12:27:01,4.63,0,0
2026-09-04 12:27:01,3.99,0,0
2026-09-04 12:27:01,5.26,0,0
2026-09-04 12:27:01,4.47,0,0
2026-09-04 12:27:02,3.38,0,0
2026-09-04 12:27:02,4.52,0,0
2026-09-04 12:27:02,5.84,0,0
2026-09-04 12:27:02,6.19,0,0
2026-09-04 12:27:02,4.63,0,0
2026-09-04 12:27:02,3.87,0,0
2026-09-04 12:27:02,3.22,0,0
2026-09-04 12:27:02,3.08,0,0
2026-09-04 12:27:02,4.68,0,0
2026-09-04 12:27:03,4.56,0,0
2026-09-04 12:27:03,4.45,0,0
2026-09-04 12:27:03,4.88,0,0
2026-09-04 12:27:03,3.4,0,0
2026-09-04 12:27:03,3.88,0,0
2026-09-04 12:27:03,3.31,0,0
2026-09-04 12:27:03,3.27,0,0
2026-09-04 12:27:03,5.06,0,0
2026-09-04 12:27:03,3.44,0,0
2026-09-04 12:27:03,3.26,0,0
2026-09-04 12:27:04,3.4,0,0
2026-09-04 12:27:04,3.01,0,0
2026-09-04 12:27:04,4.53,0,0
2026-09-04 12:27:04,5.19,0,0
2026-09-04 12:27:04,4.63,0,0
2026-09-04 12:27:04,4.31,0,0
2026-09-04 12:27:04,3.33,0,0
2026-09-04 12:27:04,4.1,0,0
2026-09-04 12:27:04,5.01,0,0
2026-09-04 12:27:05,4.29,0,0
2026-09-04 12:27:05,3.47,0,0
2026-09-04 12:27:05,4.26,0,0
2026-09-04 12:27:05,4.73,0,0
2026-09-04 12:27:05,3.49,0,0
2026-09-04 12:27:05,4.02,0,0
2026-09-04 12:27:05,4.92,0,0
2026-09-04 12:27:05,3.71,0,0
2026-09-04 12:27:05,4.25,0,0
2026-09-04 12:27:05,2.96,0,0
2026-09-04 12:27:06,3.06,0,0
2026-09-04 12:27:06,3.26,0,0
2026-09-04 12:27:06,4.66,0,0
2026-09-04 12:27:06,3.3,0,0
2026-09-04 12:27:06,3.97,0,0
2026-09-04 12:27:06,3.3,0,0
2026-09-04 12:27:06,3.41,0,0
2026-09-04 12:27:06,3.16,0,0
2026-09-04 12:27:06,2.66,0,0
2026-09-04 12:27:07,3.9,0,0
2026-09-04 12:27:07,4.58,0,0
2026-09-04 12:27:07,3.96,0,0
2026-09-04 12:27:07,3.11,0,0
2026-09-04 12:27:07,4.93,0,0
2026-09-04 12:27:07,3.33,0,0
2026-09-04 12:27:07,3.4,0,0
2026-09-04 12:27:07,3.61,0,0
2026-09-04 12:27:07,3.3,0,0
2026-09-04 12:27:07,4.05,0,0
2026-09-04 12:27:08,2.63,0,0
2026-09-04 12:27:08,3.28,0,0
2026-09-04 12:27:08,3.88,0,0
2026-09-04 12:27:08,4.49,0,0
2026-09-04 12:27:08,3.22,0,0
2026-09-04 12:27:08,4.61,0,0
2026-09-04 12:27:08,3.87,0,0
2026-09-04 12:27:08,3.85,0,0
2026-09-04 12:27:08,3.18,0,0
2026-09-04 12:27:09,4.68,0,0
2026-09-04 12:27:09,4.75,0,0
2026-09-04 12:27:09,3.98,0,0
2026-09-04 12:27:09,4.76,0,0
2026-09-04 12:27:09,3.82,0,0
2026-09-04 12:27:09,5.15,0,0
2026-09-04 12:27:09,4.89,0,0
2026-09-04 12:27:09,3.84,0,0
2026-09-04 12:27:09,4.26,0,0
2026-09-04 12:27:09,3.49,0,0
2026-09-04 12:27:10,3.38,0,0
2026-09-04 12:27:10,5.34,0,0
2026-09-04 12:27:10,4.6,0,0
2026-09-04 12:27:10,3.05,0,0
2026-09-04 12:27:10,5.19,0,0
2026-09-04 12:27:10,4.6,0,0
2026-09-04 12:27:10,4.02,0,0
2026-09-04 12:27:10,2.54,0,0
2026-09-04 12:27:10,4.73,0,0
2026-09-04 12:27:11,4.03,0,0
2026-09-04 12:27:11,4.27,0,0
2026-09-04 12:27:11,3.69,0,0
2026-09-04 12:27:11,3.73,0,0
2026-09-04 12:27:11,3.25,0,0
2026-09-04 12:27:11,3.66,0,0
2026-09-04 12:27:11,3.07,0,0
2026-09-04 12:27:11,2.79,0,0
2026-09-04 12:27:11,4.28,0,0
2026-09-04 12:27:11,5.14,0,0
2026-09-04 12:27:12,3.37,0,0
2026-09-04 12:27:12,4.29,0,0
2026-09-04 12:27:12,4.24,0,0
2026-09-04 12:27:12,3.14,0,0
2026-09-04 12:27:12,4.38,0,0
2026-09-04 12:27:12,3.37,0,0
2026-09-04 12:27:12,4.15,0,0
2026-09-04 12:27:12,3.39,0,0
2026-09-04 12:27:12,4.45,0,0
2026-09-04 12:27:13,5.15,0,0
2026-09-04 12:27:13,3.8,0,0
2026-09-04 12:27:13,3.67,0,0
2026-09-04 12:27:13,3.46,0,0
2026-09-04 12:27:13,4.02,0,0
2026-09-04 12:27:13,3.8,0,0
2026-09-04 12:27:13,5.91,0,0
2026-09-04 12:27:13,4.41,0,0
2026-09-04 12:27:13,3.54,0,0
2026-09-04 12:27:13,4.54,0,0
2026-09-04 12:27:14,3.04,0,0
2026-09-04 12:27:14,5.11,0,0
2026-09-04 12:27:14,4.09,0,0
2026-09-04 12:27:14,4.91,0,0
2026-09-04 12:27:14,3.93,0,0
2026-09-04 12:27:14,4.12,0,0
2026-09-04 12:27:14,4.09,0,0
2026-09-04 12:27:14,4.57,0,0
2026-09-04 12:27:14,3.22,0,0
2026-09-04 12:27:15,4.85,0,0
2026-09-04 12:27:15,3.46,0,0
2026-09-04 12:27:15,3.53,0,0
2026-09-04 12:27:15,3.67,0,0
2026-09-04 12:27:15,4.61,0,0
2026-09-04 12:27:15,4.08,0,0
2026-09-04 12:27:15,4.07,0,0
2026-09-04 12:27:15,3.63,0,0
2026-09-04 12:27:15,3.92,0,0
2026-09-04 12:27:15,3.62,0,0
2026-09-04 12:27:16,4.23,0,0
2026-09-04 12:27:16,3.12,0,0
2026-09-04 12:27:16,2.82,0,0
2026-09-04 12:27:16,3.96,0,0
2026-09-04 12:27:16,4.82,0,0
2026-09-04 12:27:16,3.3,0,0
2026-09-04 12:27:16,3.89,0,0
2026-09-04 12:27:16,3.45,0,0
2026-09-04 12:27:16,3.66,0,0
2026-09-04 12:27:17,3.11,0,0
2026-09-04 12:27:17,3.05,0,0
2026-09-04 12:27:17,3.59,0,0
2026-09-04 12:27:17,5.78,0,0
2026-09-04 12:27:17,3.62,0,0
2026-09-04 12:27:17,4.29,0,0
2026-09-04 12:27:17,4.61,0,0
2026-09-04 12:27:17,3.2,0,0
2026-09-04 12:27:17,2.91,0,0
2026-09-04 12:27:17,5.17,0,0
2026-09-04 12:27:18,3.1,0,0
2026-09-04 12:27:18,4.22,0,0
2026-09-04 12:27:18,3.19,0,0
2026-09-04 12:27:18,3.56,0,0
2026-09-04 12:27:18,5.69,0,0
2026-09-04 12:27:18,4.08,0,0
2026-09-04 12:27:18,3.32,0,0
2026-09-04 12:27:18,4.1,0,0
2026-09-04 12:27:18,3.83,0,0
2026-09-04 12:27:19,3.42,0,0
2026-09-04 12:27:19,4.28,0,0
2026-09-04 12:27:19,3.16,0,0
2026-09-04 12:27:19,3.46,0,0
2026-09-04 12:27:19,3.65,0,0
2026-09-04 12:27:19,2.86,0,0
2026-09-04 12:27:19,3.18,0,0
2026-09-04 12:27:19,3.74,0,0
2026-09-04 12:27:19,3.61,0,0
2026-09-04 12:27:19,3.33,0,0
2026-09-04 12:27:20,3.36,0,0
2026-09-04 12:27:20,4.87,0,0
2026-09-04 12:27:20,4.72,0,0
2026-09-04 12:27:20,3.56,0,0
2026-09-04 12:27:20,4.75,0,0
2026-09-04 12:27:20,4.84,0,0
2026-09-04 12:27:20,5.65,0,0
2026-09-04 12:27:20,3.72,0,0
2026-09-04 12:27:20,3.48,0,0
2026-09-04 12:27:51,636.11,0,0
2026-09-04 12:27:51,22.69,0,0
2026-09-04 12:27:51,30.92,0,0
2026-09-04 12:27:51,30.65,0,0
2026-09-04 12:27:51,15.63,0,0
2026-09-04 12:27:52,30.55,0,0
2026-09-04 12:27:52,30.7,0,0
2026-09-04 12:27:52,32.83,0,0
2026-09-04 12:27:52,18.93,0,0
2026-09-04 12:27:52,30.44,0,0
2026-09-04 12:27:52,31.13,0,0
2026-09-04 12:27:52,31.86,0,0
2026-09-04 12:27:53,31.71,0,0
2026-09-04 12:27:53,31.35,0,0
2026-09-04 12:27:53,29.42,0,0
2026-09-04 12:27:53,33.0,0,0
2026-09-04 12:27:53,31.14,0,0
2026-09-04 12:27:53,31.56,0,0
2026-09-04 12:27:53,31.16,0,0
2026-09-04 12:27:54,31.4,0,0
2026-09-04 12:27:54,30.78,0,0
2026-09-04 12:27:54,32.07,0,0
2026-09-04 12:27:54,16.46,0,0
2026-09-04 12:27:54,32.73,0,0
2026-09-04 12:27:54,31.32,0,0
2026-09-04 12:27:54,32.1,0,0
2026-09-04 12:27:55,30.66,0,0
2026-09-04 12:27:55,15.56,0,0
2026-09-04 12:27:55,31.34,0,0
2026-09-04 12:27:55,31.45,0,0
2026-09-04 12:27:55,32.96,0,0
2026-09-04 12:27:55,31.4,0,0
2026-09-04 12:27:55,18.93,0,0
2026-09-04 12:27:55,31.9,0,0
2026-09-04 12:27:56,32.04,0,0
2026-09-04 12:27:56,33.05,0,0
2026-09-04 12:27:56,31.42,0,0
2026-09-04 12:27:56,18.88,0,0
2026-09-04 12:27:56,31.55,0,0
2026-09-04 12:27:56,31.32,0,0
2026-09-04 12:27:56,5.13,0,0
2026-09-04 12:27:57,18.18,0,0
2026-09-04 12:27:57,31.35,0,0
2026-09-04 12:27:57,30.55,0,0
2026-09-04 12:27:57,4.44,0,0
2026-09-04 12:27:57,8.91,0,0
2026-09-04 12:27:57,3.31,0,0
2026-09-04 12:27:57,31.68,0,0
2026-09-04 12:27:57,15.24,0,0
2026-09-04 12:27:58,31.83,0,0
2026-09-04 12:27:58,31.79,0,0
2026-09-04 12:27:58,31.21,0,0
2026-09-04 12:27:58,30.62,0,0
2026-09-04 12:27:58,31.96,0,0
2026-09-04 12:27:58,32.02,0,0
2026-09-04 12:27:58,9.38,0,0
2026-09-04 12:27:58,32.23,0,0
2026-09-04 12:27:59,32.48,0,0
2026-09-04 12:27:59,17.8,0,0
2026-09-04 12:27:59,20.59,0,0
2026-09-04 12:27:59,31.5,0,0
2026-09-04 12:27:59,31.81,0,0
2026-09-04 12:27:59,16.06,0,0
2026-09-04 12:27:59,15.96,0,0
2026-09-04 12:28:00,31.02,0,0
2026-09-04 12:28:00,31.22,0,0
2026-09-04 12:28:00,32.46,0,0
2026-09-04 12:28:00,32.02,0,0
2026-09-04 12:28:00,13.64,0,0
2026-09-04 12:28:00,31.23,0,0
2026-09-04 12:28:00,32.52,0,0
2026-09-04 12:28:01,30.91,0,0
2026-09-04 12:28:01,32.85,0,0
2026-09-04 12:28:01,32.67,0,0
2026-09-04 12:28:01,4.4,0,0
2026-09-04 12:28:01,21.26,0,0
2026-09-04 12:28:01,31.18,0,0
2026-09-04 12:28:01,32.06,0,0
2026-09-04 12:28:01,6.14,0,0
2026-09-04 12:28:02,16.96,0,0
2026-09-04 12:28:02,31.68,0,0
2026-09-04 12:28:02,31.06,0,0
2026-09-04 12:28:02,6.01,0,0
2026-09-04 12:28:02,16.42,0,0
2026-09-04 12:28:02,31.31,0,0
2026-09-04 12:28:02,32.24,0,0
2026-09-04 12:28:02,32.49,0,0
2026-09-04 12:28:03,32.15,0,0
2026-09-04 12:28:03,28.42,0,0
2026-09-04 12:28:03,32.18,0,0
2026-09-04 12:28:03,31.05,0,0
2026-09-04 12:28:03,17.36,0,0
2026-09-04 12:28:03,6.38,0,0
2026-09-04 12:28:03,25.4,0,0
2026-09-04 12:28:04,31.86,0,0
2026-09-04 12:28:04,31.63,0,0
2026-09-04 12:28:04,31.82,0,0
2026-09-04 12:28:04,32.76,0,0
2026-09-04 12:28:04,6.41,0,0
2026-09-04 12:28:04,4.58,0,0
2026-09-04 12:28:04,32.85,0,0
2026-09-04 12:28:04,30.74,0,0
2026-09-04 12:28:05,31.01,0,0
2026-09-04 12:28:05,32.01,0,0
2026-09-04 12:28:05,31.56,0,0
2026-09-04 12:28:05,17.29,0,0
2026-09-04 12:28:05,32.11,0,0
2026-09-04 12:28:05,32.58,0,0
2026-09-04 12:28:05,15.84,0,0
2026-09-04 12:28:06,31.37,0,0
2026-09-04 12:28:06,32.36,0,0
2026-09-04 12:28:06,31.0,0,0
2026-09-04 12:28:06,33.01,0,0
2026-09-04 12:28:06,30.91,0,0
2026-09-04 12:28:06,16.71,0,0
2026-09-04 12:28:06,33.22,0,0
2026-09-04 12:28:07,30.1,0,0
2026-09-04 12:28:07,16.06,0,0
2026-09-04 12:28:07,31.24,0,0
2026-09-04 12:28:07,18.59,0,0
2026-09-04 12:28:07,31.47,0,0
2026-09-04 12:28:07,32.88,0,0
2026-09-04 12:28:07,31.36,0,0
2026-09-04 12:28:07,32.93,0,0
2026-09-04 12:28:08,31.35,0,0
2026-09-04 12:28:08,31.76,0,0
2026-09-04 12:28:08,30.95,0,0
2026-09-04 12:28:08,31.47,0,0
2026-09-04 12:28:08,32.2,0,0
2026-09-04 12:28:08,22.87,0,0
2026-09-04 12:28:08,30.81,0,0
2026-09-04 12:28:09,30.93,0,0
2026-09-04 12:28:09,19.2,0,0
2026-09-04 12:28:09,31.03,0,0
2026-09-04 12:28:09,31.89,0,0
2026-09-04 12:28:09,16.21,0,0
2026-09-04 12:28:09,29.95,0,0
2026-09-04 12:28:09,32.29,0,0
2026-09-04 12:28:10,24.06,0,0
2026-09-04 12:28:10,32.06,0,0
2026-09-04 12:28:10,18.14,0,0
2026-09-04 12:28:10,31.2,0,0
2026-09-04 12:28:10,32.02,0,0
2026-09-04 12:28:10,32.8,0,0
2026-09-04 12:28:10,11.81,0,0
2026-09-04 12:28:10,13.34,0,0
2026-09-04 12:28:11,31.93,0,0
2026-09-04 12:28:11,32.2,0,0
2026-09-04 12:28:11,30.94,0,0
2026-09-04 12:28:11,31.19,0,0
2026-09-04 12:28:11,32.25,0,0
2026-09-04 12:28:11,31.4,0,0
2026-09-04 12:28:11,16.49,0,0
2026-09-04 12:28:12,31.22,0,0
2026-09-04 12:28:12,5.2,0,0
2026-09-04 12:28:12,32.14,0,0
2026-09-04 12:28:12,33.07,0,0
2026-09-04 12:28:12,24.09,0,0
2026-09-04 12:28:12,27.36,0,0
2026-09-04 12:28:12,31.75,0,0
2026-09-04 12:28:12,31.11,0,0
2026-09-04 12:28:13,8.2,0,0
2026-09-04 12:28:13,4.45,0,0
2026-09-04 12:28:13,4.59,0,0
2026-09-04 12:28:13,9.22,0,0
2026-09-04 12:28:13,32.29,0,0
2026-09-04 12:28:13,32.65,0,0
2026-09-04 12:28:13,19.39,0,0
2026-09-04 12:28:13,32.21,0,0
2026-09-04 12:28:14,31.43,0,0
2026-09-04 12:28:14,3.92,0,0
2026-09-04 12:28:14,31.13,0,0
2026-09-04 12:28:14,32.18,0,0
2026-09-04 12:28:14,19.84,0,0
2026-09-04 12:28:14,5.04,0,0
2026-09-04 12:28:14,30.98,0,0
2026-09-04 12:28:14,31.97,0,0
2026-09-04 12:28:15,31.58,0,0
2026-09-04 12:28:15,31.15,0,0
2026-09-04 12:28:15,31.65,0,0
2026-09-04 12:28:15,10.86,0,0
2026-09-04 12:28:15,30.58,0,0
2026-09-04 12:28:15,31.36,0,0
2026-09-04 12:28:15,17.73,0,0
2026-09-04 12:28:16,31.46,0,0
2026-09-04 12:28:16,31.93,0,0
2026-09-04 12:28:16,32.68,0,0
2026-09-04 12:28:16,31.31,0,0
2026-09-04 12:28:16,18.48,0,0
2026-09-04 12:28:16,29.07,0,0
2026-09-04 12:28:16,25.32,0,0
2026-09-04 12:28:17,32.48,0,0
2026-09-04 12:28:17,19.48,0,0
2026-09-04 12:28:17,18.42,0,0
2026-09-04 12:28:17,32.01,0,0
2026-09-04 12:28:17,32.11,0,0
2026-09-04 12:28:17,30.8,0,0
2026-09-04 12:28:17,19.97,0,0
2026-09-04 12:28:17,31.82,0,0
2026-09-04 12:28:18,31.05,0,0
2026-09-04 12:28:18,32.47,0,0
2026-09-04 12:28:18,34.93,0,0
2026-09-04 12:28:18,19.16,0,0
2026-09-04 12:28:18,31.91,0,0
2026-09-04 12:28:18,31.82,0,0
2026-09-04 12:28:18,32.29,0,0
2026-09-04 12:28:19,15.77,0,0
2026-09-04 12:28:19,32.42,0,0
2026-09-04 12:28:19,32.91,0,0
2026-09-04 12:28:19,33.29,0,0
2026-09-04 12:28:19,31.23,0,0
2026-09-04 12:28:19,32.26,0,0
2026-09-04 12:28:19,25.2,0,0
2026-09-04 12:28:20,31.56,0,0
2026-09-04 12:28:20,31.76,0,0
2026-09-04 12:28:20,31.51,0,0
2026-09-04 12:28:20,29.93,0,0
2026-09-04 12:28:20,32.61,0,0
2026-09-04 12:28:20,31.68,0,0
2026-09-04 12:28:20,19.02,0,0
2026-09-04 12:28:51,31.08,0,0
2026-09-04 12:28:51,31.52,0,0
2026-09-04 12:28:51,15.74,0,0
2026-09-04 12:28:51,32.08,0,0
2026-09-04 12:28:51,31.62,0,0
2026-09-04 12:28:51,30.97,0,0
2026-09-04 12:28:51,31.77,0,0
2026-09-04 12:28:52,33.09,0,0
2026-09-04 12:28:52,6.8,0,0
2026-09-04 12:28:52,30.97,0,0
2026-09-04 12:28:52,31.39,0,0
2026-09-04 12:28:52,22.77,0,0
2026-09-04 12:28:52,31.87,0,0
2026-09-04 12:28:52,32.0,0,0
2026-09-04 12:28:53,32.6,0,0
2026-09-04 12:28:53,31.74,0,0
2026-09-04 12:28:53,31.2,0,0
2026-09-04 12:28:53,15.56,0,0
2026-09-04 12:28:53,31.45,0,0
2026-09-04 12:28:53,31.5,0,0
2026-09-04 12:28:53,16.22,0,0
2026-09-04 12:28:53,30.42,0,0
2026-09-04 12:28:54,30.6,0,0
2026-09-04 12:28:54,18.49,0,0
2026-09-04 12:28:54,3.57,0,0
2026-09-04 12:28:54,4.72,0,0
2026-09-04 12:28:54,3.78,0,0
2026-09-04 12:28:54,33.26,0,0
2026-09-04 12:28:54,32.6,0,0
2026-09-04 12:28:54,14.82,0,0
2026-09-04 12:28:55,32.42,0,0
2026-09-04 12:28:55,30.79,0,0
2026-09-04 12:28:55,15.78,0,0
2026-09-04 12:28:55,23.77,0,0
2026-09-04 12:28:55,31.36,0,0
2026-09-04 12:28:55,33.03,0,0
2026-09-04 12:28:55,4.97,0,0
2026-09-04 12:28:56,32.05,0,0
2026-09-04 12:28:56,32.08,0,0
2026-09-04 12:28:56,31.9,0,0
2026-09-04 12:28:56,30.54,0,0
2026-09-04 12:28:56,31.98,0,0
2026-09-04 12:28:56,16.01,0,0
2026-09-04 12:28:56,16.63,0,0
2026-09-04 12:28:56,32.45,0,0
2026-09-04 12:28:57,31.74,0,0
2026-09-04 12:28:57,19.63,0,0
2026-09-04 12:28:57,30.6,0,0
2026-09-04 12:28:57,30.67,0,0
2026-09-04 12:28:57,32.8,0,0
2026-09-04 12:28:57,30.22,0,0
2026-09-04 12:28:57,17.33,0,0
2026-09-04 12:28:58,16.35,0,0
2026-09-04 12:28:58,18.48,0,0
2026-09-04 12:28:58,31.86,0,0
2026-09-04 12:28:58,33.53,0,0
2026-09-04 12:28:58,18.6,0,0
2026-09-04 12:28:58,32.06,0,0
2026-09-04 12:28:58,31.7,0,0
2026-09-04 12:28:58,4.56,0,0
2026-09-04 12:28:59,3.98,0,0
2026-09-04 12:28:59,6.27,0,0
2026-09-04 12:28:59,31.74,0,0
2026-09-04 12:28:59,32.51,0,0
2026-09-04 12:28:59,3.38,0,0
2026-09-04 12:28:59,15.66,0,0
2026-09-04 12:28:59,32.04,0,0
2026-09-04 12:28:59,31.16,0,0
2026-09-04 12:29:00,10.65,0,0
2026-09-04 12:29:00,32.57,0,0
2026-09-04 12:29:00,30.59,0,0
2026-09-04 12:29:00,31.34,0,0
2026-09-04 12:29:00,16.91,0,0
2026-09-04 12:29:00,33.45,0,0
2026-09-04 12:29:00,31.14,0,0
2026-09-04 12:29:01,32.77,0,0
2026-09-04 12:29:01,33.0,0,0
2026-09-04 12:29:01,15.74,0,0
2026-09-04 12:29:01,3.91,0,0
2026-09-04 12:29:01,26.18,0,0
2026-09-04 12:29:01,34.9,0,0
2026-09-04 12:29:01,31.45,0,0
2026-09-04 12:29:01,32.19,0,0
2026-09-04 12:29:02,32.59,0,0
2026-09-04 12:29:02,15.03,0,0
2026-09-04 12:29:02,32.76,0,0
2026-09-04 12:29:02,30.73,0,0
2026-09-04 12:29:02,32.48,0,0
2026-09-04 12:29:02,31.43,0,0
2026-09-04 12:29:02,16.02,0,0
2026-09-04 12:29:03,19.09,0,0
2026-09-04 12:29:03,3.57,0,0
2026-09-04 12:29:03,3.84,0,0
2026-09-04 12:29:03,31.22,0,0
2026-09-04 12:29:03,32.01,0,0
2026-09-04 12:29:03,32.44,0,0
2026-09-04 12:29:03,14.67,0,0
2026-09-04 12:29:03,15.19,0,0
2026-09-04 12:29:04,31.11,0,0
2026-09-04 12:29:04,16.7,0,0
2026-09-04 12:29:04,32.81,0,0
2026-09-04 12:29:04,32.45,0,0
2026-09-04 12:29:04,31.71,0,0
2026-09-04 12:29:04,32.33,0,0
2026-09-04 12:29:04,31.24,0,0
2026-09-04 12:29:05,16.04,0,0
2026-09-04 12:29:05,32.29,0,0
2026-09-04 12:29:05,34.33,0,0
2026-09-04 12:29:05,31.35,0,0
2026-09-04 12:29:05,31.05,0,0
2026-09-04 12:29:05,30.9,0,0
2026-09-04 12:29:05,31.55,0,0
2026-09-04 12:29:05,31.85,0,0
2026-09-04 12:29:06,30.97,0,0
2026-09-04 12:29:06,31.0,0,0
2026-09-04 12:29:06,30.1,0,0
2026-09-04 12:29:06,31.54,0,0
2026-09-04 12:29:06,32.33,0,0
2026-09-04 12:29:06,32.49,0,0
2026-09-04 12:29:06,31.32,0,0
2026-09-04 12:29:07,30.96,0,0
2026-09-04 12:29:07,26.68,0,0
2026-09-04 12:29:07,25.71,0,0
2026-09-04 12:29:07,31.4,0,0
2026-09-04 12:29:07,31.85,0,0
2026-09-04 12:29:07,23.99,0,0
2026-09-04 12:29:07,27.85,0,0
2026-09-04 12:29:08,33.24,0,0
2026-09-04 12:29:08,4.2,0,0
2026-09-04 12:29:08,5.53,0,0
2026-09-04 12:29:08,31.51,0,0
2026-09-04 12:29:08,31.64,0,0
2026-09-04 12:29:08,31.07,0,0
2026-09-04 12:29:08,31.84,0,0
2026-09-04 12:29:08,31.91,0,0
2026-09-04 12:29:09,16.09,0,0
2026-09-04 12:29:09,31.76,0,0
2026-09-04 12:29:09,15.56,0,0
2026-09-04 12:29:09,31.84,0,0
2026-09-04 12:29:09,23.2,0,0
2026-09-04 12:29:09,31.91,0,0
2026-09-04 12:29:09,31.6,0,0
2026-09-04 12:29:10,7.75,0,0
2026-09-04 12:29:10,23.74,0,0
2026-09-04 12:29:10,31.29,0,0
2026-09-04 12:29:10,31.91,0,0
2026-09-04 12:29:10,7.18,0,0
2026-09-04 12:29:10,31.48,0,0
2026-09-04 12:29:10,32.01,0,0
2026-09-04 12:29:10,34.03,0,0
2026-09-04 12:29:11,30.79,0,0
2026-09-04 12:29:11,31.01,0,0
2026-09-04 12:29:11,16.44,0,0
2026-09-04 12:29:11,31.56,0,0
2026-09-04 12:29:11,31.31,0,0
2026-09-04 12:29:11,30.36,0,0
2026-09-04 12:29:11,32.22,0,0
2026-09-04 12:29:12,31.27,0,0
2026-09-04 12:29:12,15.15,0,0
2026-09-04 12:29:12,30.78,0,0
2026-09-04 12:29:12,31.55,0,0
2026-09-04 12:29:12,16.14,0,0
2026-09-04 12:29:12,30.69,0,0
2026-09-04 12:29:12,30.96,0,0
2026-09-04 12:29:12,30.29,0,0
2026-09-04 12:29:13,31.4,0,0
2026-09-04 12:29:13,30.78,0,0
2026-09-04 12:29:13,30.85,0,0
2026-09-04 12:29:13,32.74,0,0
2026-09-04 12:29:13,31.64,0,0
2026-09-04 12:29:13,31.07,0,0
2026-09-04 12:29:13,30.74,0,0
2026-09-04 12:29:14,31.37,0,0
2026-09-04 12:29:14,3.31,0,0
2026-09-04 12:29:14,7.81,0,0
2026-09-04 12:29:14,30.07,0,0
2026-09-04 12:29:14,30.01,0,0
2026-09-04 12:29:14,15.71,0,0
2026-09-04 12:29:14,31.76,0,0
2026-09-04 12:29:14,33.05,0,0
2026-09-04 12:29:15,30.42,0,0
2026-09-04 12:29:15,30.73,0,0
2026-09-04 12:29:15,31.24,0,0
2026-09-04 12:29:15,15.47,0,0
2026-09-04 12:29:15,6.09,0,0
2026-09-04 12:29:15,30.83,0,0
2026-09-04 12:29:15,20.68,0,0
2026-09-04 12:29:16,32.82,0,0
2026-09-04 12:29:16,20.6,0,0
2026-09-04 12:29:16,33.41,0,0
2026-09-04 12:29:16,33.14,0,0
2026-09-04 12:29:16,33.25,0,0
2026-09-04 12:29:16,30.97,0,0
2026-09-04 12:29:16,21.15,0,0
2026-09-04 12:29:17,32.58,0,0
2026-09-04 12:29:17,33.46,0,0
2026-09-04 12:29:17,23.85,0,0
2026-09-04 12:29:17,29.85,0,0
2026-09-04 12:29:17,31.53,0,0
2026-09-04 12:29:17,26.85,0,0
2026-09-04 12:29:17,22.09,0,0
2026-09-04 12:29:17,21.8,0,0
2026-09-04 12:29:18,31.99,0,0
2026-09-04 12:29:18,18.22,0,0
2026-09-04 12:29:18,30.87,0,0
2026-09-04 12:29:18,32.56,0,0
2026-09-04 12:29:18,18.11,0,0
2026-09-04 12:29:18,17.89,0,0
2026-09-04 12:29:18,32.26,0,0
2026-09-04 12:29:19,31.45,0,0
2026-09-04 12:29:19,15.77,0,0
2026-09-04 12:29:19,32.31,0,0
2026-09-04 12:29:19,32.91,0,0
2026-09-04 12:29:19,31.17,0,0
2026-09-04 12:29:19,30.99,0,0
2026-09-04 12:29:19,32.67,0,0
2026-09-04 12:29:19,17.58,0,0
2026-09-04 12:29:20,31.1,0,0
2026-09-04 12:29:20,30.63,0,0
2026-09-04 12:29:20,9.41,0,0
2026-09-04 12:29:20,28.93,0,0
2026-09-04 12:29:20,32.11,0,0
2026-09-04 12:29:20,32.4,0,0
2026-09-04 12:29:20,21.66,0,0
2026-09-04 12:29:21,22.05,0,0
2026-09-04 12:29:41,5000,1,0
2026-09-04 12:29:42,5000,1,0
2026-09-04 12:29:43,840.29,0,0
2026-09-04 12:29:43,30.66,0,0
2026-09-04 12:29:43,30.75,0,0
2026-09-04 12:29:44,32.11,0,0
2026-09-04 12:29:44,17.39,0,0
2026-09-04 12:29:44,31.66,0,0
2026-09-04 12:29:44,31.68,0,0
2026-09-04 12:29:44,32.08,0,0
2026-09-04 12:29:44,31.5,0,0
2026-09-04 12:29:44,30.39,0,0
2026-09-04 12:29:45,31.12,0,0
2026-09-04 12:29:45,32.87,0,0
2026-09-04 12:29:45,30.71,0,0
2026-09-04 12:29:45,31.12,0,0
2026-09-04 12:29:45,31.83,0,0
2026-09-04 12:29:45,22.78,0,0
2026-09-04 12:29:45,33.24,0,0
2026-09-04 12:29:46,31.6,0,0
2026-09-04 12:29:46,15.68,0,0
2026-09-04 12:29:46,15.3,0,0
2026-09-04 12:29:46,31.61,0,0
2026-09-04 12:29:46,31.38,0,0
2026-09-04 12:29:46,15.66,0,0
2026-09-04 12:29:46,31.23,0,0
2026-09-04 12:29:46,15.3,0,0
2026-09-04 12:29:47,16.04,0,0
2026-09-04 12:29:47,30.81,0,0
2026-09-04 12:29:47,30.8,0,0
2026-09-04 12:29:47,33.26,0,0
2026-09-04 12:29:47,15.06,0,0
2026-09-04 12:29:47,31.91,0,0
2026-09-04 12:29:47,4.51,0,0
2026-09-04 12:29:47,31.84,0,0
2026-09-04 12:29:48,30.24,0,0
2026-09-04 12:29:48,32.94,0,0
2026-09-04 12:29:48,31.57,0,0
2026-09-04 12:29:48,31.3,0,0
2026-09-04 12:29:48,32.81,0,0
2026-09-04 12:29:48,32.09,0,0
2026-09-04 12:29:48,9.63,0,0
2026-09-04 12:29:49,30.75,0,0
2026-09-04 12:29:49,30.85,0,0
2026-09-04 12:29:49,15.31,0,0
2026-09-04 12:29:49,32.41,0,0
2026-09-04 12:29:49,30.96,0,0
2026-09-04 12:29:49,17.84,0,0
2026-09-04 12:29:49,20.24,0,0
2026-09-04 12:29:49,30.58,0,0
2026-09-04 12:29:50,31.68,0,0
2026-09-04 12:29:50,30.68,0,0
2026-09-04 12:29:50,31.34,0,0
2026-09-04 12:29:50,31.83,0,0
2026-09-04 12:29:50,31.8,0,0
2026-09-04 12:29:50,31.69,0,0
2026-09-04 12:29:50,32.49,0,0
2026-09-04 12:29:51,31.59,0,0
2026-09-04 12:29:51,30.59,0,0
2026-09-04 12:29:51,18.04,0,0
2026-09-04 12:29:51,18.37,0,0
2026-09-04 12:29:51,31.38,0,0
2026-09-04 12:29:51,15.68,0,0
2026-09-04 12:29:51,15.53,0,0
2026-09-04 12:29:52,22.27,0,0
2026-09-04 12:29:52,32.07,0,0
2026-09-04 12:29:52,31.49,0,0
2026-09-04 12:29:52,32.77,0,0
2026-09-04 12:29:52,30.44,0,0
2026-09-04 12:29:52,32.36,0,0
2026-09-04 12:29:52,29.68,0,0
2026-09-04 12:29:52,31.97,0,0
2026-09-04 12:29:53,13.94,0,0
2026-09-04 12:29:53,32.42,0,0
2026-09-04 12:29:53,32.46,0,0
2026-09-04 12:29:53,29.64,0,0
2026-09-04 12:29:53,31.29,0,0
2026-09-04 12:29:53,31.1,0,0
2026-09-04 12:29:53,19.36,0,0
2026-09-04 12:29:54,31.74,0,0
2026-09-04 12:29:54,31.09,0,0
2026-09-04 12:29:54,31.28,0,0
2026-09-04 12:29:54,32.56,0,0
2026-09-04 12:29:54,31.79,0,0
2026-09-04 12:29:54,31.03,0,0
2026-09-04 12:29:54,31.44,0,0
2026-09-04 12:29:55,31.53,0,0
2026-09-04 12:29:55,31.58,0,0
2026-09-04 12:29:55,29.81,0,0
2026-09-04 12:29:55,31.93,0,0
2026-09-04 12:29:55,32.25,0,0
2026-09-04 12:29:55,18.8,0,0
2026-09-04 12:29:55,31.5,0,0
2026-09-04 12:29:56,31.74,0,0
2026-09-04 12:29:56,33.52,0,0
2026-09-04 12:29:56,30.35,0,0
2026-09-04 12:29:56,23.91,0,0
2026-09-04 12:29:56,31.72,0,0
2026-09-04 12:29:56,12.55,0,0
2026-09-04 12:29:56,10.34,0,0
2026-09-04 12:29:56,16.63,0,0
2026-09-04 12:29:57,32.27,0,0
2026-09-04 12:29:57,30.43,0,0
2026-09-04 12:29:57,31.78,0,0
2026-09-04 12:29:57,31.98,0,0
2026-09-04 12:29:57,31.5,0,0
2026-09-04 12:29:57,31.91,0,0
2026-09-04 12:29:57,31.04,0,0
2026-09-04 12:29:58,31.71,0,0
2026-09-04 12:29:58,21.13,0,0
2026-09-04 12:29:58,31.86,0,0
2026-09-04 12:29:58,31.49,0,0
2026-09-04 12:29:58,31.36,0,0
2026-09-04 12:29:58,30.92,0,0
2026-09-04 12:29:58,19.42,0,0
2026-09-04 12:29:59,30.73,0,0
2026-09-04 12:29:59,31.96,0,0
2026-09-04 12:29:59,32.07,0,0
2026-09-04 12:29:59,31.58,0,0
2026-09-04 12:29:59,29.55,0,0
2026-09-04 12:29:59,32.21,0,0
2026-09-04 12:29:59,30.77,0,0
2026-09-04 12:29:59,22.36,0,0
2026-09-04 12:30:00,30.44,0,0
2026-09-04 12:30:00,31.04,0,0
2026-09-04 12:30:00,15.88,0,0
2026-09-04 12:30:00,6.34,0,0
2026-09-04 12:30:00,15.12,0,0
2026-09-04 12:30:00,31.58,0,0
2026-09-04 12:30:00,31.28,0,0
2026-09-04 12:30:01,16.11,0,0
2026-09-04 12:30:01,31.24,0,0
2026-09-04 12:30:01,31.56,0,0
2026-09-04 12:30:01,21.07,0,0
2026-09-04 12:30:01,29.89,0,0
2026-09-04 12:30:01,31.2,0,0
2026-09-04 12:30:01,22.19,0,0
2026-09-04 12:30:01,15.55,0,0
2026-09-04 12:30:02,33.13,0,0
2026-09-04 12:30:02,31.88,0,0
2026-09-04 12:30:02,32.35,0,0
2026-09-04 12:30:02,30.34,0,0
2026-09-04 12:30:02,30.23,0,0
2026-09-04 12:30:02,31.16,0,0
2026-09-04 12:30:02,31.03,0,0
2026-09-04 12:30:03,26.54,0,0
2026-09-04 12:30:03,18.07,0,0
2026-09-04 12:30:03,32.46,0,0
2026-09-04 12:30:03,29.98,0,0
2026-09-04 12:30:03,24.47,0,0
2026-09-04 12:30:03,30.36,0,0
2026-09-04 12:30:03,31.48,0,0
2026-09-04 12:30:04,29.72,0,0
2026-09-04 12:30:04,31.91,0,0
2026-09-04 12:30:04,29.43,0,0
2026-09-04 12:30:04,31.39,0,0
2026-09-04 12:30:04,31.67,0,0
2026-09-04 12:30:04,31.18,0,0
2026-09-04 12:30:04,31.61,0,0
2026-09-04 12:30:04,32.07,0,0
2026-09-04 12:30:05,30.95,0,0
2026-09-04 12:30:05,32.15,0,0
2026-09-04 12:30:05,31.01,0,0
2026-09-04 12:30:05,21.37,0,0
2026-09-04 12:30:05,31.31,0,0
2026-09-04 12:30:05,31.69,0,0
2026-09-04 12:30:05,4.03,0,0
2026-09-04 12:30:06,30.58,0,0
2026-09-04 12:30:06,32.15,0,0
2026-09-04 12:30:06,21.72,0,0
2026-09-04 12:30:06,31.09,0,0
2026-09-04 12:30:06,34.96,0,0
2026-09-04 12:30:06,32.65,0,0
2026-09-04 12:30:06,32.72,0,0
2026-09-04 12:30:07,32.13,0,0
2026-09-04 12:30:07,32.21,0,0
2026-09-04 12:30:07,32.05,0,0
2026-09-04 12:30:07,32.32,0,0
2026-09-04 12:30:07,15.61,0,0
2026-09-04 12:30:07,32.96,0,0
2026-09-04 12:30:07,16.38,0,0
2026-09-04 12:30:07,19.51,0,0
2026-09-04 12:30:08,16.51,0,0
2026-09-04 12:30:08,31.58,0,0
2026-09-04 12:30:08,15.5,0,0
2026-09-04 12:30:08,30.64,0,0
2026-09-04 12:30:08,30.51,0,0
2026-09-04 12:30:08,31.27,0,0
2026-09-04 12:30:08,32.06,0,0
2026-09-04 12:30:09,31.87,0,0
2026-09-04 12:30:09,19.25,0,0
2026-09-04 12:30:09,30.99,0,0
2026-09-04 12:30:09,31.52,0,0
2026-09-04 12:30:09,32.08,0,0
2026-09-04 12:30:09,30.54,0,0
2026-09-04 12:30:09,32.63,0,0
2026-09-04 12:30:09,32.9,0,0
2026-09-04 12:30:10,15.15,0,0
2026-09-04 12:30:10,31.04,0,0
2026-09-04 12:30:10,15.88,0,0
2026-09-04 12:30:10,30.66,0,0
2026-09-04 12:30:10,31.49,0,0
2026-09-04 12:30:10,33.47,0,0
2026-09-04 12:30:10,31.27,0,0
2026-09-04 12:30:11,30.95,0,0
2026-09-04 12:30:41,725.26,0,0
2026-09-04 12:30:41,31.78,0,0
2026-09-04 12:30:41,31.28,0,0
2026-09-04 12:30:41,22.95,0,0
2026-09-04 12:30:42,31.73,0,0
2026-09-04 12:30:42,32.14,0,0
2026-09-04 12:30:42,15.09,0,0
2026-09-04 12:30:42,23.6,0,0
2026-09-04 12:30:42,18.05,0,0
2026-09-04 12:30:42,32.24,0,0
2026-09-04 12:30:42,10.22,0,0
2026-09-04 12:30:42,3.28,0,0
2026-09-04 12:30:43,4.85,0,0
2026-09-04 12:30:43,30.33,0,0
2026-09-04 12:30:43,30.94,0,0
2026-09-04 12:30:43,19.78,0,0
2026-09-04 12:30:43,2.29,0,0
2026-09-04 12:30:43,7.11,0,0
2026-09-04 12:30:43,18.1,0,0
2026-09-04 12:30:43,14.65,0,0
2026-09-04 12:30:44,32.15,0,0
2026-09-04 12:30:44,9.72,0,0
2026-09-04 12:30:44,28.96,0,0
2026-09-04 12:30:44,31.53,0,0
2026-09-04 12:30:44,31.44,0,0
2026-09-04 12:30:44,20.26,0,0
2026-09-04 12:30:44,30.72,0,0
2026-09-04 12:30:45,31.46,0,0
2026-09-04 12:30:45,31.95,0,0
2026-09-04 12:30:45,31.04,0,0
2026-09-04 12:30:45,31.39,0,0
2026-09-04 12:30:45,3.11,0,0
2026-09-04 12:30:45,3.08,0,0
2026-09-04 12:30:45,2.9,0,0
2026-09-04 12:30:45,3.27,0,0
2026-09-04 12:30:45,30.64,0,0
2026-09-04 12:30:46,32.52,0,0
2026-09-04 12:30:46,20.69,0,0
2026-09-04 12:30:46,31.01,0,0
2026-09-04 12:30:46,31.87,0,0
2026-09-04 12:30:46,17.79,0,0
2026-09-04 12:30:46,3.95,0,0
2026-09-04 12:30:46,3.9,0,0
2026-09-04 12:30:47,30.67,0,0
2026-09-04 12:30:47,31.33,0,0
2026-09-04 12:30:47,18.53,0,0
2026-09-04 12:30:47,31.88,0,0
2026-09-04 12:30:47,32.23,0,0
2026-09-04 12:30:47,21.43,0,0
2026-09-04 12:30:47,27.98,0,0
2026-09-04 12:30:47,22.79,0,0
2026-09-04 12:30:48,18.59,0,0
2026-09-04 12:30:48,26.15,0,0
2026-09-04 12:30:48,26.94,0,0
2026-09-04 12:30:48,32.41,0,0
2026-09-04 12:30:48,31.06,0,0
2026-09-04 12:30:48,21.02,0,0
2026-09-04 12:30:48,31.21,0,0
2026-09-04 12:30:49,32.07,0,0
2026-09-04 12:30:49,21.13,0,0
2026-09-04 12:30:49,30.98,0,0
2026-09-04 12:30:49,33.05,0,0
2026-09-04 12:30:49,15.04,0,0
2026-09-04 12:30:49,31.71,0,0
2026-09-04 12:30:49,31.72,0,0
2026-09-04 12:30:49,10.88,0,0
2026-09-04 12:30:50,29.25,0,0
2026-09-04 12:30:50,31.04,0,0
2026-09-04 12:30:50,30.87,0,0
2026-09-04 12:30:50,25.08,0,0
2026-09-04 12:30:50,31.34,0,0
2026-09-04 12:30:50,31.11,0,0
2026-09-04 12:30:50,3.91,0,0
2026-09-04 12:30:50,20.57,0,0
2026-09-04 12:30:51,31.37,0,0
2026-09-04 12:30:51,31.66,0,0
2026-09-04 12:30:51,3.0,0,0
2026-09-04 12:30:51,19.3,0,0
2026-09-04 12:30:51,31.87,0,0
2026-09-04 12:30:51,32.04,0,0
2026-09-04 12:30:51,6.22,0,0
2026-09-04 12:30:52,31.96,0,0
2026-09-04 12:30:52,32.34,0,0
2026-09-04 12:30:52,24.1,0,0
2026-09-04 12:30:52,28.29,0,0
2026-09-04 12:30:52,32.01,0,0
2026-09-04 12:30:52,31.78,0,0
2026-09-04 12:30:52,24.5,0,0
2026-09-04 12:30:52,15.24,0,0
2026-09-04 12:30:53,31.71,0,0
2026-09-04 12:30:53,15.78,0,0
2026-09-04 12:30:53,31.69,0,0
2026-09-04 12:30:53,32.55,0,0
2026-09-04 12:30:53,17.72,0,0
2026-09-04 12:30:53,21.9,0,0
2026-09-04 12:30:53,30.5,0,0
2026-09-04 12:30:54,31.49,0,0
2026-09-04 12:30:54,5.3,0,0
2026-09-04 12:30:54,32.88,0,0
2026-09-04 12:30:54,31.19,0,0
2026-09-04 12:30:54,22.09,0,0
2026-09-04 12:30:54,32.28,0,0
2026-09-04 12:30:54,31.28,0,0
2026-09-04 12:30:54,17.45,0,0
2026-09-04 12:30:55,16.14,0,0
2026-09-04 12:30:55,31.0,0,0
2026-09-04 12:30:55,31.42,0,0
2026-09-04 12:30:55,16.59,0,0
2026-09-04 12:30:55,32.52,0,0
2026-09-04 12:30:55,32.11,0,0
2026-09-04 12:30:55,15.41,0,0
2026-09-04 12:30:56,32.04,0,0
2026-09-04 12:30:56,30.52,0,0
2026-09-04 12:30:56,20.63,0,0
2026-09-04 12:30:56,2.95,0,0
2026-09-04 12:30:56,30.59,0,0
2026-09-04 12:30:56,30.97,0,0
2026-09-04 12:30:56,22.28,0,0
2026-09-04 12:30:56,30.92,0,0
2026-09-04 12:30:57,30.65,0,0
2026-09-04 12:30:57,33.79,0,0
2026-09-04 12:30:57,30.85,0,0
2026-09-04 12:30:57,31.15,0,0
2026-09-04 12:30:57,19.41,0,0
2026-09-04 12:30:57,3.93,0,0
2026-09-04 12:30:57,3.82,0,0
2026-09-04 12:30:57,15.88,0,0
2026-09-04 12:30:58,31.78,0,0
2026-09-04 12:30:58,30.83,0,0
2026-09-04 12:30:58,22.28,0,0
2026-09-04 12:30:58,18.29,0,0
2026-09-04 12:30:58,31.4,0,0
2026-09-04 12:30:58,32.21,0,0
2026-09-04 12:30:58,30.86,0,0
2026-09-04 12:30:59,32.51,0,0
2026-09-04 12:30:59,15.86,0,0
2026-09-04 12:30:59,31.39,0,0
2026-09-04 12:30:59,31.76,0,0
2026-09-04 12:30:59,32.2,0,0
2026-09-04 12:30:59,4.22,0,0
2026-09-04 12:30:59,31.0,0,0
2026-09-04 12:30:59,15.82,0,0
2026-09-04 12:31:00,18.76,0,0
2026-09-04 12:31:00,31.07,0,0
2026-09-04 12:31:00,31.24,0,0
2026-09-04 12:31:00,18.9,0,0
2026-09-04 12:31:00,31.21,0,0
2026-09-04 12:31:00,32.21,0,0
2026-09-04 12:31:00,24.12,0,0
2026-09-04 12:31:01,31.45,0,0
2026-09-04 12:31:01,32.04,0,0
2026-09-04 12:31:01,31.95,0,0
2026-09-04 12:31:01,31.99,0,0
2026-09-04 12:31:01,31.45,0,0
2026-09-04 12:31:01,30.91,0,0
2026-09-04 12:31:01,31.43,0,0
2026-09-04 12:31:02,31.2,0,0
2026-09-04 12:31:02,31.33,0,0
2026-09-04 12:31:02,30.45,0,0
2026-09-04 12:31:02,21.03,0,0
2026-09-04 12:31:02,31.69,0,0
2026-09-04 12:31:02,31.76,0,0
2026-09-04 12:31:02,26.85,0,0
2026-09-04 12:31:02,12.68,0,0
2026-09-04 12:31:03,30.35,0,0
2026-09-04 12:31:03,31.55,0,0
2026-09-04 12:31:03,14.96,0,0
2026-09-04 12:31:03,30.26,0,0
2026-09-04 12:31:03,30.95,0,0
2026-09-04 12:31:03,32.44,0,0
2026-09-04 12:31:03,32.26,0,0
2026-09-04 12:31:04,30.85,0,0
2026-09-04 12:31:04,15.76,0,0
2026-09-04 12:31:04,4.16,0,0
2026-09-04 12:31:04,32.03,0,0
2026-09-04 12:31:04,16.69,0,0
2026-09-04 12:31:04,27.92,0,0
2026-09-04 12:31:04,2.54,0,0
2026-09-04 12:31:04,31.29,0,0
2026-09-04 12:31:05,31.84,0,0
2026-09-04 12:31:05,26.28,0,0
2026-09-04 12:31:05,30.5,0,0
2026-09-04 12:31:05,31.78,0,0
2026-09-04 12:31:05,23.69,0,0
2026-09-04 12:31:05,31.9,0,0
2026-09-04 12:31:05,33.15,0,0
2026-09-04 12:31:06,31.81,0,0
2026-09-04 12:31:06,30.54,0,0
2026-09-04 12:31:06,30.85,0,0
2026-09-04 12:31:06,19.3,0,0
2026-09-04 12:31:06,19.4,0,0
2026-09-04 12:31:06,31.89,0,0
2026-09-04 12:31:06,31.71,0,0
2026-09-04 12:31:06,4.13,0,0
2026-09-04 12:31:07,24.87,0,0
2026-09-04 12:31:07,30.58,0,0
2026-09-04 12:31:07,31.55,0,0
2026-09-04 12:31:07,20.97,0,0
2026-09-04 12:31:07,31.31,0,0
2026-09-04 12:31:07,30.16,0,0
2026-09-04 12:31:07,15.26,0,0
2026-09-04 12:31:08,32.39,0,0
2026-09-04 12:31:08,32.16,0,0
2026-09-04 12:31:08,8.21,0,0
2026-09-04 12:31:08,5.47,0,0
2026-09-04 12:31:08,30.9,0,0
2026-09-04 12:31:08,31.71,0,0
2026-09-04 12:31:08,31.54,0,0
2026-09-04 12:31:08,31.66,0,0
2026-09-04 12:31:09,31.49,0,0
2026-09-04 12:31:09,15.73,0,0
2026-09-04 12:31:09,3.84,0,0
2026-09-04 12:31:09,19.31,0,0
2026-09-04 12:31:09,33.08,0,0
2026-09-04 12:31:09,31.0,0,0
2026-09-04 12:31:09,22.86,0,0
2026-09-04 12:31:09,18.1,0,0
2026-09-04 12:31:10,33.66,0,0
2026-09-04 12:31:10,15.77,0,0
2026-09-04 12:31:10,2.93,0,0
2026-09-04 12:31:10,22.74,0,0
2026-09-04 12:31:10,30.89,0,0
2026-09-04 12:31:10,30.41,0,0
2026-09-04 12:31:10,3.41,0,0
2026-09-04 12:31:10,19.5,0,0
2026-09-04 12:31:11,32.27,0,0
2026-09-04 12:31:11,5.29,0,0
2026-09-04 12:31:41,31.22,0,0
2026-09-04 12:31:41,31.16,0,0
2026-09-04 12:31:41,31.47,0,0
2026-09-04 12:31:41,31.65,0,0
2026-09-04 12:31:41,31.09,0,0
2026-09-04 12:31:42,31.04,0,0
2026-09-04 12:31:42,30.12,0,0
2026-09-04 12:31:42,30.71,0,0
2026-09-04 12:31:42,31.72,0,0
2026-09-04 12:31:42,31.66,0,0
2026-09-04 12:31:42,31.44,0,0
2026-09-04 12:31:42,30.79,0,0
2026-09-04 12:31:43,31.14,0,0
2026-09-04 12:31:43,31.63,0,0
2026-09-04 12:31:43,18.23,0,0
2026-09-04 12:31:43,3.24,0,0
2026-09-04 12:31:43,3.13,0,0
2026-09-04 12:31:43,32.02,0,0
2026-09-04 12:31:43,31.12,0,0
2026-09-04 12:31:43,26.02,0,0
2026-09-04 12:31:44,31.08,0,0
2026-09-04 12:31:44,32.95,0,0
2026-09-04 12:31:44,17.49,0,0
2026-09-04 12:31:44,31.41,0,0
2026-09-04 12:31:44,31.3,0,0
2026-09-04 12:31:44,17.27,0,0
2026-09-04 12:31:44,6.8,0,0
2026-09-04 12:31:44,26.42,0,0
2026-09-04 12:31:45,33.52,0,0
2026-09-04 12:31:45,31.75,0,0
2026-09-04 12:31:45,31.66,0,0
2026-09-04 12:31:45,32.08,0,0
2026-09-04 12:31:45,17.53,0,0
2026-09-04 12:31:45,31.66,0,0
2026-09-04 12:31:45,31.51,0,0
2026-09-04 12:31:46,30.37,0,0
2026-09-04 12:31:46,31.18,0,0
2026-09-04 12:31:46,21.22,0,0
2026-09-04 12:31:46,31.45,0,0
2026-09-04 12:31:46,31.08,0,0
2026-09-04 12:31:46,31.55,0,0
2026-09-04 12:31:46,31.63,0,0
2026-09-04 12:31:47,30.78,0,0
2026-09-04 12:31:47,31.56,0,0
2026-09-04 12:31:47,20.68,0,0
2026-09-04 12:31:47,31.38,0,0
2026-09-04 12:31:47,3.86,0,0
2026-09-04 12:31:47,31.28,0,0
2026-09-04 12:31:47,4.06,0,0
2026-09-04 12:31:47,30.78,0,0
2026-09-04 12:31:48,31.1,0,0
2026-09-04 12:31:48,31.73,0,0
2026-09-04 12:31:48,32.05,0,0
2026-09-04 12:31:48,31.93,0,0
2026-09-04 12:31:48,14.9,0,0
2026-09-04 12:31:48,33.01,0,0
2026-09-04 12:31:48,31.96,0,0
2026-09-04 12:31:49,14.32,0,0
2026-09-04 12:31:49,22.45,0,0
2026-09-04 12:31:49,30.69,0,0
2026-09-04 12:31:49,32.38,0,0
2026-09-04 12:31:49,31.7,0,0
2026-09-04 12:31:49,31.63,0,0
2026-09-04 12:31:49,23.75,0,0
2026-09-04 12:31:49,25.0,0,0
2026-09-04 12:31:50,30.84,0,0
2026-09-04 12:31:50,30.55,0,0
2026-09-04 12:31:50,30.94,0,0
2026-09-04 12:31:50,30.92,0,0
2026-09-04 12:31:50,19.6,0,0
2026-09-04 12:31:50,31.23,0,0
2026-09-04 12:31:50,30.86,0,0
2026-09-04 12:31:51,27.82,0,0
2026-09-04 12:31:51,14.49,0,0
2026-09-04 12:31:51,30.83,0,0
2026-09-04 12:31:51,31.32,0,0
2026-09-04 12:31:51,32.24,0,0
2026-09-04 12:31:51,33.54,0,0
2026-09-04 12:31:51,31.92,0,0
2026-09-04 12:31:52,32.0,0,0
2026-09-04 12:31:52,32.61,0,0
2026-09-04 12:31:52,31.59,0,0
2026-09-04 12:31:52,31.75,0,0
2026-09-04 12:31:52,30.38,0,0
2026-09-04 12:31:52,4.92,0,0
2026-09-04 12:31:52,18.38,0,0
2026-09-04 12:31:52,29.66,0,0
2026-09-04 12:31:53,31.9,0,0
2026-09-04 12:31:53,30.14,0,0
2026-09-04 12:31:53,31.88,0,0
2026-09-04 12:31:53,31.89,0,0
2026-09-04 12:31:53,32.46,0,0
2026-09-04 12:31:53,32.66,0,0
2026-09-04 12:31:53,30.87,0,0
2026-09-04 12:31:54,30.53,0,0
2026-09-04 12:31:54,32.97,0,0
2026-09-04 12:31:54,31.02,0,0
2026-09-04 12:31:54,33.13,0,0
2026-09-04 12:31:54,30.61,0,0
2026-09-04 12:31:54,31.69,0,0
2026-09-04 12:31:54,15.33,0,0
2026-09-04 12:31:55,30.66,0,0
2026-09-04 12:31:55,30.99,0,0
2026-09-04 12:31:55,32.27,0,0
2026-09-04 12:31:55,31.87,0,0
2026-09-04 12:31:55,31.32,0,0
2026-09-04 12:31:55,31.73,0,0
2026-09-04 12:31:55,32.06,0,0
2026-09-04 12:31:56,32.12,0,0
2026-09-04 12:31:56,32.38,0,0
2026-09-04 12:31:56,16.49,0,0
2026-09-04 12:31:56,31.87,0,0
2026-09-04 12:31:56,32.76,0,0
2026-09-04 12:31:56,31.69,0,0
2026-09-04 12:31:56,30.83,0,0
2026-09-04 12:31:56,16.18,0,0
2026-09-04 12:31:57,29.9,0,0
2026-09-04 12:31:57,31.93,0,0
2026-09-04 12:31:57,32.24,0,0
2026-09-04 12:31:57,31.03,0,0
2026-09-04 12:31:57,32.04,0,0
2026-09-04 12:31:57,32.2,0,0
2026-09-04 12:31:57,31.45,0,0
2026-09-04 12:31:58,32.07,0,0
2026-09-04 12:31:58,31.44,0,0
2026-09-04 12:31:58,30.9,0,0
2026-09-04 12:31:58,32.49,0,0
2026-09-04 12:31:58,31.01,0,0
2026-09-04 12:31:58,30.99,0,0
2026-09-04 12:31:58,31.51,0,0
2026-09-04 12:31:59,30.42,0,0
2026-09-04 12:31:59,30.9,0,0
2026-09-04 12:31:59,30.5,0,0
2026-09-04 12:31:59,9.81,0,0
2026-09-04 12:31:59,12.65,0,0
2026-09-04 12:31:59,31.5,0,0
2026-09-04 12:31:59,32.08,0,0
2026-09-04 12:31:59,9.31,0,0
2026-09-04 12:32:00,2.91,0,0
2026-09-04 12:32:00,31.0,0,0
2026-09-04 12:32:00,19.49,0,0
2026-09-04 12:32:00,27.83,0,0
2026-09-04 12:32:00,11.81,0,0
2026-09-04 12:32:00,18.56,0,0
2026-09-04 12:32:00,30.99,0,0
2026-09-04 12:32:01,22.29,0,0
2026-09-04 12:32:01,15.2,0,0
2026-09-04 12:32:01,32.46,0,0
2026-09-04 12:32:01,31.63,0,0
2026-09-04 12:32:01,15.3,0,0
2026-09-04 12:32:01,30.85,0,0
2026-09-04 12:32:01,30.98,0,0
2026-09-04 12:32:01,31.15,0,0
2026-09-04 12:32:02,31.88,0,0
2026-09-04 12:32:02,30.57,0,0
2026-09-04 12:32:02,16.3,0,0
2026-09-04 12:32:02,31.33,0,0
2026-09-04 12:32:02,31.97,0,0
2026-09-04 12:32:02,12.27,0,0
2026-09-04 12:32:02,26.65,0,0
2026-09-04 12:32:03,30.86,0,0
2026-09-04 12:32:03,31.36,0,0
2026-09-04 12:32:03,31.17,0,0
2026-09-04 12:32:03,30.82,0,0
2026-09-04 12:32:03,30.71,0,0
2026-09-04 12:32:03,32.22,0,0
2026-09-04 12:32:03,32.56,0,0
2026-09-04 12:32:03,15.58,0,0
2026-09-04 12:32:04,31.83,0,0
2026-09-04 12:32:04,30.55,0,0
2026-09-04 12:32:04,31.48,0,0
2026-09-04 12:32:04,30.79,0,0
2026-09-04 12:32:04,15.73,0,0
2026-09-04 12:32:04,32.18,0,0
2026-09-04 12:32:04,31.39,0,0
2026-09-04 12:32:05,31.96,0,0
2026-09-04 12:32:05,17.35,0,0
2026-09-04 12:32:05,23.65,0,0
2026-09-04 12:32:05,32.31,0,0
2026-09-04 12:32:05,32.85,0,0
2026-09-04 12:32:05,3.61,0,0
2026-09-04 12:32:05,32.26,0,0
2026-09-04 12:32:05,15.85,0,0
2026-09-04 12:32:06,32.87,0,0
2026-09-04 12:32:06,30.17,0,0
2026-09-04 12:32:06,31.23,0,0
2026-09-04 12:32:06,21.96,0,0
2026-09-04 12:32:06,32.73,0,0
2026-09-04 12:32:06,20.19,0,0
2026-09-04 12:32:06,16.92,0,0
2026-09-04 12:32:07,32.03,0,0
2026-09-04 12:32:07,32.16,0,0
2026-09-04 12:32:07,32.63,0,0
2026-09-04 12:32:07,11.97,0,0
2026-09-04 12:32:07,28.71,0,0
2026-09-04 12:32:07,31.47,0,0
2026-09-04 12:32:07,29.55,0,0
2026-09-04 12:32:07,3.66,0,0
2026-09-04 12:32:08,4.25,0,0
2026-09-04 12:32:08,30.93,0,0
2026-09-04 12:32:08,31.86,0,0
2026-09-04 12:32:08,22.7,0,0
2026-09-04 12:32:08,15.72,0,0
2026-09-04 12:32:08,31.1,0,0
2026-09-04 12:32:08,31.66,0,0
2026-09-04 12:32:09,23.29,0,0
2026-09-04 12:32:09,30.52,0,0
2026-09-04 12:32:09,31.71,0,0
2026-09-04 12:32:09,18.74,0,0
2026-09-04 12:32:09,32.74,0,0
2026-09-04 12:32:09,30.51,0,0
2026-09-04 12:32:09,30.69,0,0
2026-09-04 12:32:09,31.64,0,0
2026-09-04 12:32:10,30.6,0,0
2026-09-04 12:32:10,31.21,0,0
2026-09-04 12:32:10,31.6,0,0
2026-09-04 12:32:10,32.01,0,0
2026-09-04 12:32:10,30.93,0,0
2026-09-04 12:32:10,31.65,0,0
2026-09-04 12:32:10,32.06,0,0
2026-09-04 12:32:11,30.74,0,0
2026-09-04 12:32:11,31.07,0,0
2026-09-04 12:32:31,5000,1,0
2026-09-04 12:32:33,5000,1,0
2026-09-04 12:32:33,33.1,0,0
2026-09-04 12:32:33,30.7,0,0
2026-09-04 12:32:33,30.47,0,0
2026-09-04 12:32:33,23.88,0,0
2026-09-04 12:32:33,31.95,0,0
2026-09-04 12:32:33,32.13,0,0
2026-09-04 12:32:34,21.85,0,0
2026-09-04 12:32:34,32.4,0,0
2026-09-04 12:32:34,33.18,0,0
2026-09-04 12:32:34,32.18,0,0
2026-09-04 12:32:34,32.22,0,0
2026-09-04 12:32:34,31.4,0,0
2026-09-04 12:32:34,20.23,0,0
2026-09-04 12:32:34,31.16,0,0
2026-09-04 12:32:35,31.1,0,0
2026-09-04 12:32:35,15.94,0,0
2026-09-04 12:32:35,32.46,0,0
2026-09-04 12:32:35,31.65,0,0
2026-09-04 12:32:35,14.96,0,0
2026-09-04 12:32:35,31.96,0,0
2026-09-04 12:32:35,32.8,0,0
2026-09-04 12:32:36,6.87,0,0
2026-09-04 12:32:36,32.82,0,0
2026-09-04 12:32:36,30.61,0,0
2026-09-04 12:32:36,15.49,0,0
2026-09-04 12:32:36,23.33,0,0
2026-09-04 12:32:36,31.03,0,0
2026-09-04 12:32:36,31.15,0,0
2026-09-04 12:32:36,17.03,0,0
2026-09-04 12:32:37,31.08,0,0
2026-09-04 12:32:37,32.17,0,0
2026-09-04 12:32:37,31.32,0,0
2026-09-04 12:32:37,30.28,0,0
2026-09-04 12:32:37,31.75,0,0
2026-09-04 12:32:37,29.82,0,0
2026-09-04 12:32:37,31.49,0,0
2026-09-04 12:32:38,30.99,0,0
2026-09-04 12:32:38,31.0,0,0
2026-09-04 12:32:38,30.64,0,0
2026-09-04 12:32:38,15.97,0,0
2026-09-04 12:32:38,32.11,0,0
2026-09-04 12:32:38,31.01,0,0
2026-09-04 12:32:38,25.74,0,0
2026-09-04 12:32:39,32.38,0,0
2026-09-04 12:32:39,31.48,0,0
2026-09-04 12:32:39,31.56,0,0
2026-09-04 12:32:39,30.64,0,0
2026-09-04 12:32:39,30.88,0,0
2026-09-04 12:32:39,15.96,0,0
2026-09-04 12:32:39,6.71,0,0
2026-09-04 12:32:39,31.84,0,0
2026-09-04 12:32:40,31.12,0,0
2026-09-04 12:32:40,30.89,0,0
2026-09-04 12:32:40,31.0,0,0
2026-09-04 12:32:40,31.5,0,0
2026-09-04 12:32:40,31.26,0,0
2026-09-04 12:32:40,30.41,0,0
2026-09-04 12:32:40,30.53,0,0
2026-09-04 12:32:41,31.59,0,0
2026-09-04 12:32:41,31.08,0,0
2026-09-04 12:32:41,33.07,0,0
2026-09-04 12:32:41,32.34,0,0
2026-09-04 12:32:41,30.9,0,0
2026-09-04 12:32:41,30.92,0,0
2026-09-04 12:32:41,32.33,0,0
2026-09-04 12:32:42,32.01,0,0
2026-09-04 12:32:42,30.83,0,0
2026-09-04 12:32:42,30.76,0,0
2026-09-04 12:32:42,31.8,0,0
2026-09-04 12:32:42,31.05,0,0
2026-09-04 12:32:42,31.19,0,0
2026-09-04 12:32:42,30.72,0,0
2026-09-04 12:32:43,15.58,0,0
2026-09-04 12:32:43,31.76,0,0
2026-09-04 12:32:43,32.54,0,0
2026-09-04 12:32:43,32.16,0,0
2026-09-04 12:32:43,30.94,0,0
2026-09-04 12:32:43,31.03,0,0
2026-09-04 12:32:43,15.36,0,0
2026-09-04 12:32:43,31.07,0,0
2026-09-04 12:32:44,31.31,0,0
2026-09-04 12:32:44,31.22,0,0
2026-09-04 12:32:44,30.89,0,0
2026-09-04 12:32:44,18.26,0,0
2026-09-04 12:32:44,30.11,0,0
2026-09-04 12:32:44,7.62,0,0
2026-09-04 12:32:44,32.49,0,0
2026-09-04 12:32:45,31.07,0,0
2026-09-04 12:32:45,7.07,0,0
2026-09-04 12:32:45,30.93,0,0
2026-09-04 12:32:45,31.58,0,0
2026-09-04 12:32:45,30.72,0,0
2026-09-04 12:32:45,30.82,0,0
2026-09-04 12:32:45,31.07,0,0
2026-09-04 12:32:45,21.76,0,0
2026-09-04 12:32:46,31.36,0,0
2026-09-04 12:32:46,31.68,0,0
2026-09-04 12:32:46,31.15,0,0
2026-09-04 12:32:46,30.92,0,0
2026-09-04 12:32:46,31.48,0,0
2026-09-04 12:32:46,31.09,0,0
2026-09-04 12:32:46,17.42,0,0
2026-09-04 12:32:47,31.57,0,0
2026-09-04 12:32:47,30.25,0,0
2026-09-04 12:32:47,28.42,0,0
2026-09-04 12:32:47,32.09,0,0
2026-09-04 12:32:47,31.09,0,0
2026-09-04 12:32:47,32.31,0,0
2026-09-04 12:32:47,31.62,0,0
2026-09-04 12:32:48,30.69,0,0
2026-09-04 12:32:48,30.51,0,0
2026-09-04 12:32:48,31.32,0,0
2026-09-04 12:32:48,16.82,0,0
2026-09-04 12:32:48,31.34,0,0
2026-09-04 12:32:48,31.03,0,0
2026-09-04 12:32:48,13.99,0,0
2026-09-04 12:32:48,23.83,0,0
2026-09-04 12:32:49,30.92,0,0
2026-09-04 12:32:49,31.98,0,0
2026-09-04 12:32:49,31.4,0,0
2026-09-04 12:32:49,30.96,0,0
2026-09-04 12:32:49,23.67,0,0
2026-09-04 12:32:49,31.1,0,0
2026-09-04 12:32:49,46.03,0,0
2026-09-04 12:32:50,30.72,0,0
2026-09-04 12:32:50,31.08,0,0
2026-09-04 12:32:50,32.26,0,0
2026-09-04 12:32:50,33.93,0,0
2026-09-04 12:32:50,30.77,0,0
2026-09-04 12:32:50,31.86,0,0
2026-09-04 12:32:50,30.95,0,0
2026-09-04 12:32:51,31.21,0,0
2026-09-04 12:32:51,32.63,0,0
2026-09-04 12:32:51,31.9,0,0
2026-09-04 12:32:51,31.54,0,0
2026-09-04 12:32:51,31.93,0,0
2026-09-04 12:32:51,31.78,0,0
2026-09-04 12:32:51,31.28,0,0
2026-09-04 12:32:52,30.2,0,0
2026-09-04 12:32:52,31.93,0,0
2026-09-04 12:32:52,30.4,0,0
2026-09-04 12:32:52,30.59,0,0
2026-09-04 12:32:52,31.08,0,0
2026-09-04 12:32:52,24.8,0,0
2026-09-04 12:32:52,31.32,0,0
2026-09-04 12:32:52,16.1,0,0
2026-09-04 12:32:53,31.93,0,0
2026-09-04 12:32:53,30.69,0,0
2026-09-04 12:32:53,31.37,0,0
2026-09-04 12:32:53,30.71,0,0
2026-09-04 12:32:53,31.88,0,0
2026-09-04 12:32:53,32.09,0,0
2026-09-04 12:32:53,20.69,0,0
2026-09-04 12:32:54,17.11,0,0
2026-09-04 12:32:54,2.92,0,0
2026-09-04 12:32:54,3.55,0,0
2026-09-04 12:32:54,3.37,0,0
2026-09-04 12:32:54,3.41,0,0
2026-09-04 12:32:54,2.88,0,0
2026-09-04 12:32:54,3.54,0,0
2026-09-04 12:32:54,32.03,0,0
2026-09-04 12:32:54,31.59,0,0
2026-09-04 12:32:55,17.33,0,0
2026-09-04 12:32:55,30.87,0,0
2026-09-04 12:32:55,32.08,0,0
2026-09-04 12:32:55,15.62,0,0
2026-09-04 12:32:55,31.27,0,0
2026-09-04 12:32:55,30.9,0,0
2026-09-04 12:32:55,31.98,0,0
2026-09-04 12:32:56,18.74,0,0
2026-09-04 12:32:56,32.63,0,0
2026-09-04 12:32:56,31.44,0,0
2026-09-04 12:32:56,22.11,0,0
2026-09-04 12:32:56,30.05,0,0
2026-09-04 12:32:56,30.62,0,0
2026-09-04 12:32:56,31.22,0,0
2026-09-04 12:32:57,31.34,0,0
2026-09-04 12:32:57,30.52,0,0
2026-09-04 12:32:57,2.91,0,0
2026-09-04 12:32:57,30.95,0,0
2026-09-04 12:32:57,31.17,0,0
2026-09-04 12:32:57,5.58,0,0
2026-09-04 12:32:57,17.58,0,0
2026-09-04 12:32:57,16.37,0,0
2026-09-04 12:32:58,15.92,0,0
2026-09-04 12:32:58,31.18,0,0
2026-09-04 12:32:58,4.21,0,0
2026-09-04 12:32:58,18.41,0,0
2026-09-04 12:32:58,31.02,0,0
2026-09-04 12:32:58,30.48,0,0
2026-09-04 12:32:58,15.81,0,0
2026-09-04 12:32:58,31.19,0,0
2026-09-04 12:32:59,31.97,0,0
2026-09-04 12:32:59,15.46,0,0
2026-09-04 12:32:59,7.69,0,0
2026-09-04 12:32:59,31.41,0,0
2026-09-04 12:32:59,32.85,0,0
2026-09-04 12:32:59,18.56,0,0
2026-09-04 12:32:59,3.63,0,0
2026-09-04 12:32:59,31.47,0,0
2026-09-04 12:33:00,30.76,0,0
2026-09-04 12:33:00,21.42,0,0
2026-09-04 12:33:00,2.76,0,0
2026-09-04 12:33:00,17.39,0,0
2026-09-04 12:33:00,30.63,0,0
2026-09-04 12:33:00,32.1,0,0
2026-09-04 12:33:00,31.16,0,0
2026-09-04 12:33:00,30.06,0,0
2026-09-04 12:33:01,30.61,0,0
2026-09-04 12:33:01,30.66,0,0
2026-09-04 12:33:01,31.55,0,0
2026-09-04 12:33:31,570.19,0,0
2026-09-04 12:33:32,20.36,0,0
2026-09-04 12:33:32,31.05,0,0
2026-09-04 12:33:32,30.45,0,0
2026-09-04 12:33:32,31.14,0,0
2026-09-04 12:33:32,30.04,0,0
2026-09-04 12:33:32,31.53,0,0
2026-09-04 12:33:32,19.2,0,0
2026-09-04 12:33:33,30.82,0,0
2026-09-04 12:33:33,32.11,0,0
2026-09-04 12:33:33,31.38,0,0
2026-09-04 12:33:33,31.52,0,0
2026-09-04 12:33:33,15.9,0,0
2026-09-04 12:33:33,20.4,0,0
2026-09-04 12:33:33,30.81,0,0
2026-09-04 12:33:33,30.99,0,0
2026-09-04 12:33:34,18.34,0,0
2026-09-04 12:33:34,19.71,0,0
2026-09-04 12:33:34,31.33,0,0
2026-09-04 12:33:34,32.25,0,0
2026-09-04 12:33:34,16.44,0,0
2026-09-04 12:33:34,30.96,0,0
2026-09-04 12:33:34,32.55,0,0
2026-09-04 12:33:35,12.24,0,0
2026-09-04 12:33:35,3.84,0,0
2026-09-04 12:33:35,3.6,0,0
2026-09-04 12:33:35,19.55,0,0
2026-09-04 12:33:35,32.36,0,0
2026-09-04 12:33:35,31.09,0,0
2026-09-04 12:33:35,4.21,0,0
2026-09-04 12:33:35,31.12,0,0
2026-09-04 12:33:36,15.43,0,0
2026-09-04 12:33:36,31.18,0,0
2026-09-04 12:33:36,18.56,0,0
2026-09-04 12:33:36,30.69,0,0
2026-09-04 12:33:36,32.23,0,0
2026-09-04 12:33:36,4.26,0,0
2026-09-04 12:33:36,3.63,0,0
2026-09-04 12:33:36,3.58,0,0
2026-09-04 12:33:36,20.84,0,0
2026-09-04 12:33:37,32.54,0,0
2026-09-04 12:33:37,31.9,0,0
2026-09-04 12:33:37,4.1,0,0
2026-09-04 12:33:37,31.35,0,0
2026-09-04 12:33:37,31.22,0,0
2026-09-04 12:33:37,17.76,0,0
2026-09-04 12:33:37,31.35,0,0
2026-09-04 12:33:38,30.71,0,0
2026-09-04 12:33:38,32.03,0,0
2026-09-04 12:33:38,31.04,0,0
2026-09-04 12:33:38,31.48,0,0
2026-09-04 12:33:38,33.0,0,0
2026-09-04 12:33:38,31.13,0,0
2026-09-04 12:33:38,30.64,0,0
2026-09-04 12:33:39,30.91,0,0
2026-09-04 12:33:39,31.1,0,0
2026-09-04 12:33:39,28.73,0,0
2026-09-04 12:33:39,31.05,0,0
2026-09-04 12:33:39,32.55,0,0
2026-09-04 12:33:39,31.03,0,0
2026-09-04 12:33:39,31.04,0,0
2026-09-04 12:33:40,31.25,0,0
2026-09-04 12:33:40,31.32,0,0
2026-09-04 12:33:40,31.98,0,0
2026-09-04 12:33:40,30.54,0,0
2026-09-04 12:33:40,16.01,0,0
2026-09-04 12:33:40,31.75,0,0
2026-09-04 12:33:40,16.22,0,0
2026-09-04 12:33:40,25.23,0,0
2026-09-04 12:33:41,29.64,0,0
2026-09-04 12:33:41,31.52,0,0
2026-09-04 12:33:41,31.69,0,0
2026-09-04 12:33:41,31.51,0,0
2026-09-04 12:33:41,31.78,0,0
2026-09-04 12:33:41,30.79,0,0
2026-09-04 12:33:41,31.14,0,0
2026-09-04 12:33:42,32.52,0,0
2026-09-04 12:33:42,31.06,0,0
2026-09-04 12:33:42,30.63,0,0
2026-09-04 12:33:42,17.21,0,0
2026-09-04 12:33:42,23.34,0,0
2026-09-04 12:33:42,32.28,0,0
2026-09-04 12:33:42,32.99,0,0
2026-09-04 12:33:43,17.44,0,0
2026-09-04 12:33:43,33.01,0,0
2026-09-04 12:33:43,31.85,0,0
2026-09-04 12:33:43,32.28,0,0
2026-09-04 12:33:43,32.51,0,0
2026-09-04 12:33:43,26.51,0,0
2026-09-04 12:33:43,25.94,0,0
2026-09-04 12:33:43,32.33,0,0
2026-09-04 12:33:44,30.97,0,0
2026-09-04 12:33:44,3.43,0,0
2026-09-04 12:33:44,2.88,0,0
2026-09-04 12:33:44,28.01,0,0
2026-09-04 12:33:44,30.86,0,0
2026-09-04 12:33:44,28.96,0,0
2026-09-04 12:33:44,25.1,0,0
2026-09-04 12:33:45,20.32,0,0
2026-09-04 12:33:45,19.18,0,0
2026-09-04 12:33:45,15.69,0,0
2026-09-04 12:33:45,15.43,0,0
2026-09-04 12:33:45,23.26,0,0
2026-09-04 12:33:45,31.24,0,0
2026-09-04 12:33:45,31.08,0,0
2026-09-04 12:33:45,31.17,0,0
2026-09-04 12:33:46,32.26,0,0
2026-09-04 12:33:46,20.88,0,0
2026-09-04 12:33:46,31.77,0,0
2026-09-04 12:33:46,30.78,0,0
2026-09-04 12:33:46,26.89,0,0
2026-09-04 12:33:46,25.13,0,0
2026-09-04 12:33:46,31.3,0,0
2026-09-04 12:33:46,31.03,0,0
2026-09-04 12:33:47,31.96,0,0
2026-09-04 12:33:47,31.57,0,0
2026-09-04 12:33:47,33.86,0,0
2026-09-04 12:33:47,18.85,0,0
2026-09-04 12:33:47,32.22,0,0
2026-09-04 12:33:47,32.83,0,0
2026-09-04 12:33:47,31.53,0,0
2026-09-04 12:33:48,33.67,0,0
2026-09-04 12:33:48,31.33,0,0
2026-09-04 12:33:48,31.36,0,0
2026-09-04 12:33:48,32.11,0,0
2026-09-04 12:33:48,30.43,0,0
2026-09-04 12:33:48,30.78,0,0
2026-09-04 12:33:48,30.96,0,0
2026-09-04 12:33:49,33.04,0,0
2026-09-04 12:33:49,30.63,0,0
2026-09-04 12:33:49,26.53,0,0
2026-09-04 12:33:49,30.13,0,0
2026-09-04 12:33:49,32.11,0,0
2026-09-04 12:33:49,17.96,0,0
2026-09-04 12:33:49,4.22,0,0
2026-09-04 12:33:50,29.07,0,0
2026-09-04 12:33:50,31.37,0,0
2026-09-04 12:33:50,18.54,0,0
2026-09-04 12:33:50,32.92,0,0
2026-09-04 12:33:50,31.33,0,0
2026-09-04 12:33:50,31.66,0,0
2026-09-04 12:33:50,31.99,0,0
2026-09-04 12:33:50,30.33,0,0
2026-09-04 12:33:51,32.47,0,0
2026-09-04 12:33:51,32.34,0,0
2026-09-04 12:33:51,30.73,0,0
2026-09-04 12:33:51,15.33,0,0
2026-09-04 12:33:51,31.67,0,0
2026-09-04 12:33:51,18.54,0,0
2026-09-04 12:33:51,32.83,0,0
2026-09-04 12:33:52,19.85,0,0
2026-09-04 12:33:52,31.84,0,0
2026-09-04 12:33:52,32.14,0,0
2026-09-04 12:33:52,31.97,0,0
2026-09-04 12:33:52,32.73,0,0
2026-09-04 12:33:52,26.23,0,0
2026-09-04 12:33:52,30.47,0,0
2026-09-04 12:33:52,2.78,0,0
2026-09-04 12:33:53,30.59,0,0
2026-09-04 12:33:53,15.96,0,0
2026-09-04 12:33:53,24.39,0,0
2026-09-04 12:33:53,31.94,0,0
2026-09-04 12:33:53,31.54,0,0
2026-09-04 12:33:53,29.86,0,0
2026-09-04 12:33:53,32.92,0,0
2026-09-04 12:33:54,20.74,0,0
2026-09-04 12:33:54,3.62,0,0
2026-09-04 12:33:54,22.27,0,0
2026-09-04 12:33:54,31.9,0,0
2026-09-04 12:33:54,30.77,0,0
2026-09-04 12:33:54,19.47,0,0
2026-09-04 12:33:54,30.88,0,0
2026-09-04 12:33:54,31.98,0,0
2026-09-04 12:33:55,16.4,0,0
2026-09-04 12:33:55,31.86,0,0
2026-09-04 12:33:55,31.62,0,0
2026-09-04 12:33:55,14.0,0,0
2026-09-04 12:33:55,3.01,0,0
2026-09-04 12:33:55,31.0,0,0
2026-09-04 12:33:55,30.38,0,0
2026-09-04 12:33:56,24.34,0,0
2026-09-04 12:33:56,4.44,0,0
2026-09-04 12:33:56,3.85,0,0
2026-09-04 12:33:56,30.91,0,0
2026-09-04 12:33:56,30.36,0,0
2026-09-04 12:33:56,21.37,0,0
2026-09-04 12:33:56,18.38,0,0
2026-09-04 12:33:56,30.88,0,0
2026-09-04 12:33:57,18.77,0,0
2026-09-04 12:33:57,20.46,0,0
2026-09-04 12:33:57,3.85,0,0
2026-09-04 12:33:57,32.76,0,0
2026-09-04 12:33:57,31.75,0,0
2026-09-04 12:33:57,21.85,0,0
2026-09-04 12:33:57,3.38,0,0
2026-09-04 12:33:57,30.11,0,0
2026-09-04 12:33:58,32.6,0,0
2026-09-04 12:33:58,22.45,0,0
2026-09-04 12:33:58,30.52,0,0
2026-09-04 12:33:58,33.17,0,0
2026-09-04 12:33:58,26.05,0,0
2026-09-04 12:33:58,30.97,0,0
2026-09-04 12:33:58,31.05,0,0
2026-09-04 12:33:58,30.75,0,0
2026-09-04 12:33:59,32.11,0,0
2026-09-04 12:33:59,31.92,0,0
2026-09-04 12:33:59,22.71,0,0
2026-09-04 12:33:59,31.34,0,0
2026-09-04 12:33:59,31.19,0,0
2026-09-04 12:33:59,31.67,0,0
2026-09-04 12:33:59,32.2,0,0
2026-09-04 12:34:00,33.19,0,0
2026-09-04 12:34:00,30.85,0,0
2026-09-04 12:34:00,20.36,0,0
2026-09-04 12:34:00,30.96,0,0
2026-09-04 12:34:00,31.7,0,0
2026-09-04 12:34:00,33.19,0,0
2026-09-04 12:34:00,31.43,0,0
2026-09-04 12:34:01,17.23,0,0
2026-09-04 12:34:01,30.95,0,0
2026-09-04 12:34:01,32.11,0,0
2026-09-04 12:34:01,19.1,0,0
2026-09-04 12:34:31,5000,1,0
2026-09-04 12:34:32,202.6,0,0
2026-09-04 12:34:32,5.08,0,0
2026-09-04 12:34:32,32.0,0,0
2026-09-04 12:34:32,32.62,0,0
2026-09-04 12:34:32,17.4,0,0
2026-09-04 12:34:32,18.33,0,0
2026-09-04 12:34:33,31.66,0,0
2026-09-04 12:34:33,31.28,0,0
2026-09-04 12:34:33,33.36,0,0
2026-09-04 12:34:33,30.59,0,0
2026-09-04 12:34:33,30.77,0,0
2026-09-04 12:34:33,31.67,0,0
2026-09-04 12:34:33,31.22,0,0
2026-09-04 12:34:34,31.75,0,0
2026-09-04 12:34:34,31.47,0,0
2026-09-04 12:34:34,31.52,0,0
2026-09-04 12:34:34,32.15,0,0
2026-09-04 12:34:34,30.37,0,0
2026-09-04 12:34:34,32.41,0,0
2026-09-04 12:34:34,32.12,0,0
2026-09-04 12:34:34,31.14,0,0
2026-09-04 12:34:35,31.52,0,0
2026-09-04 12:34:35,31.85,0,0
2026-09-04 12:34:35,31.65,0,0
2026-09-04 12:34:35,30.98,0,0
2026-09-04 12:34:35,32.78,0,0
2026-09-04 12:34:35,33.04,0,0
2026-09-04 12:34:35,30.71,0,0
2026-09-04 12:34:36,30.16,0,0
2026-09-04 12:34:36,30.42,0,0
2026-09-04 12:34:36,31.36,0,0
2026-09-04 12:34:36,30.67,0,0
2026-09-04 12:34:36,31.79,0,0
2026-09-04 12:34:36,30.51,0,0
2026-09-04 12:34:36,33.09,0,0
2026-09-04 12:34:37,30.34,0,0
2026-09-04 12:34:37,30.79,0,0
2026-09-04 12:34:37,31.79,0,0
2026-09-04 12:34:37,30.32,0,0
2026-09-04 12:34:37,31.47,0,0
2026-09-04 12:34:37,33.17,0,0
2026-09-04 12:34:37,31.84,0,0
2026-09-04 12:34:38,31.31,0,0
2026-09-04 12:34:38,30.98,0,0
2026-09-04 12:34:38,31.51,0,0
2026-09-04 12:34:38,31.3,0,0
2026-09-04 12:34:38,30.7,0,0
2026-09-04 12:34:38,32.23,0,0
2026-09-04 12:34:38,31.27,0,0
2026-09-04 12:34:39,15.92,0,0
2026-09-04 12:34:39,31.56,0,0
2026-09-04 12:34:39,32.67,0,0
2026-09-04 12:34:39,32.13,0,0
2026-09-04 12:34:39,30.43,0,0
2026-09-04 12:34:39,31.9,0,0
2026-09-04 12:34:39,31.98,0,0
2026-09-04 12:34:40,31.05,0,0
2026-09-04 12:34:40,31.05,0,0
2026-09-04 12:34:40,31.3,0,0
2026-09-04 12:34:40,30.19,0,0
2026-09-04 12:34:40,31.45,0,0
2026-09-04 12:34:40,31.95,0,0
2026-09-04 12:34:40,31.75,0,0
2026-09-04 12:34:40,33.85,0,0
2026-09-04 12:34:41,31.92,0,0
2026-09-04 12:34:41,16.3,0,0
2026-09-04 12:34:41,32.66,0,0
2026-09-04 12:34:41,30.71,0,0
2026-09-04 12:34:41,33.04,0,0
2026-09-04 12:34:41,31.58,0,0
2026-09-04 12:34:41,30.27,0,0
2026-09-04 12:34:42,32.78,0,0
2026-09-04 12:34:42,30.52,0,0
2026-09-04 12:34:42,31.57,0,0
2026-09-04 12:34:42,31.19,0,0
2026-09-04 12:34:42,32.41,0,0
2026-09-04 12:34:42,30.84,0,0
2026-09-04 12:34:42,31.56,0,0
2026-09-04 12:34:43,31.88,0,0
2026-09-04 12:34:43,30.26,0,0
2026-09-04 12:34:43,15.99,0,0
2026-09-04 12:34:43,30.94,0,0
2026-09-04 12:34:43,31.94,0,0
2026-09-04 12:34:43,32.25,0,0
2026-09-04 12:34:43,32.15,0,0
2026-09-04 12:34:44,29.88,0,0
2026-09-04 12:34:44,6.48,0,0
2026-09-04 12:34:44,21.69,0,0
2026-09-04 12:34:44,31.3,0,0
2026-09-04 12:34:44,32.87,0,0
2026-09-04 12:34:44,15.05,0,0
2026-09-04 12:34:44,31.62,0,0
2026-09-04 12:34:44,32.74,0,0
2026-09-04 12:34:45,31.35,0,0
2026-09-04 12:34:45,32.15,0,0
2026-09-04 12:34:45,2.95,0,0
2026-09-04 12:34:45,31.26,0,0
2026-09-04 12:34:45,30.62,0,0
2026-09-04 12:34:45,33.45,0,0
2026-09-04 12:34:45,31.46,0,0
2026-09-04 12:34:46,30.79,0,0
2026-09-04 12:34:46,31.52,0,0
2026-09-04 12:34:46,32.21,0,0
2026-09-04 12:34:46,31.89,0,0
2026-09-04 12:34:46,31.6,0,0
2026-09-04 12:34:46,32.55,0,0
2026-09-04 12:34:46,31.87,0,0
2026-09-04 12:34:47,31.45,0,0
2026-09-04 12:34:47,31.12,0,0
2026-09-04 12:34:47,30.71,0,0
2026-09-04 12:34:47,30.92,0,0
2026-09-04 12:34:47,7.42,0,0
2026-09-04 12:34:47,31.06,0,0
2026-09-04 12:34:47,31.81,0,0
2026-09-04 12:34:47,12.58,0,0
2026-09-04 12:34:48,30.91,0,0
2026-09-04 12:34:48,32.63,0,0
2026-09-04 12:34:48,18.11,0,0
2026-09-04 12:34:48,30.36,0,0
2026-09-04 12:34:48,31.31,0,0
2026-09-04 12:34:48,31.91,0,0
2026-09-04 12:34:48,31.87,0,0
2026-09-04 12:34:49,18.66,0,0
2026-09-04 12:34:49,30.9,0,0
2026-09-04 12:34:49,30.96,0,0
2026-09-04 12:34:49,31.12,0,0
2026-09-04 12:34:49,31.52,0,0
2026-09-04 12:34:49,30.72,0,0
2026-09-04 12:34:49,32.42,0,0
2026-09-04 12:34:49,31.88,0,0
2026-09-04 12:34:50,31.35,0,0
2026-09-04 12:34:50,30.55,0,0
2026-09-04 12:34:50,19.44,0,0
2026-09-04 12:34:50,31.1,0,0
2026-09-04 12:34:50,31.11,0,0
2026-09-04 12:34:50,30.45,0,0
2026-09-04 12:34:50,32.16,0,0
2026-09-04 12:34:51,31.36,0,0
2026-09-04 12:34:51,33.13,0,0
2026-09-04 12:34:51,31.86,0,0
2026-09-04 12:34:51,30.09,0,0
2026-09-04 12:34:51,31.97,0,0
2026-09-04 12:34:51,31.01,0,0
2026-09-04 12:34:51,32.17,0,0
2026-09-04 12:34:52,31.37,0,0
2026-09-04 12:34:52,15.21,0,0
2026-09-04 12:34:52,30.43,0,0
2026-09-04 12:34:52,31.11,0,0
2026-09-04 12:34:52,31.49,0,0
2026-09-04 12:34:52,31.17,0,0
2026-09-04 12:34:52,31.4,0,0
2026-09-04 12:34:53,31.31,0,0
2026-09-04 12:34:53,31.02,0,0
2026-09-04 12:34:53,30.45,0,0
2026-09-04 12:34:53,30.91,0,0
2026-09-04 12:34:53,31.05,0,0
2026-09-04 12:34:53,31.53,0,0
2026-09-04 12:34:53,30.02,0,0
2026-09-04 12:34:53,17.88,0,0
2026-09-04 12:34:54,30.95,0,0
2026-09-04 12:34:54,33.19,0,0
2026-09-04 12:34:54,31.4,0,0
2026-09-04 12:34:54,30.12,0,0
2026-09-04 12:34:54,19.86,0,0
2026-09-04 12:34:54,34.86,0,0
2026-09-04 12:34:54,30.19,0,0
2026-09-04 12:34:55,31.79,0,0
2026-09-04 12:34:55,32.94,0,0
2026-09-04 12:34:55,31.57,0,0
2026-09-04 12:34:55,31.6,0,0
2026-09-04 12:34:55,31.23,0,0
2026-09-04 12:34:55,31.97,0,0
2026-09-04 12:34:55,31.0,0,0
2026-09-04 12:34:56,31.05,0,0
2026-09-04 12:34:56,30.39,0,0
2026-09-04 12:34:56,31.66,0,0
2026-09-04 12:34:56,31.07,0,0
2026-09-04 12:34:56,32.02,0,0
2026-09-04 12:34:56,31.86,0,0
2026-09-04 12:34:56,17.17,0,0
2026-09-04 12:34:57,19.35,0,0
2026-09-04 12:34:57,15.95,0,0
2026-09-04 12:34:57,31.79,0,0
2026-09-04 12:34:57,31.73,0,0
2026-09-04 12:34:57,14.02,0,0
2026-09-04 12:34:57,31.67,0,0
2026-09-04 12:34:57,31.23,0,0
2026-09-04 12:34:57,19.13,0,0
2026-09-04 12:34:58,31.37,0,0
2026-09-04 12:34:58,31.11,0,0
2026-09-04 12:34:58,22.93,0,0
2026-09-04 12:34:58,31.1,0,0
2026-09-04 12:34:58,31.22,0,0
2026-09-04 12:34:58,31.21,0,0
2026-09-04 12:34:58,32.13,0,0
2026-09-04 12:34:59,15.73,0,0
2026-09-04 12:34:59,31.74,0,0
2026-09-04 12:34:59,31.06,0,0
2026-09-04 12:34:59,18.62,0,0
2026-09-04 12:34:59,33.35,0,0
2026-09-04 12:34:59,30.64,0,0
2026-09-04 12:34:59,32.23,0,0
2026-09-04 12:35:00,32.03,0,0
2026-09-04 12:35:00,30.76,0,0
2026-09-04 12:35:00,33.98,0,0
2026-09-04 12:35:00,20.16,0,0
2026-09-04 12:35:00,31.35,0,0
2026-09-04 12:35:00,33.93,0,0
2026-09-04 12:35:00,26.04,0,0
2026-09-04 12:35:00,33.44,0,0
2026-09-04 12:35:01,30.53,0,0
2026-09-04 12:35:01,30.51,0,0
2026-09-04 12:35:01,3.71,0,0
2026-09-04 12:35:01,30.35,0,0
2026-09-04 12:35:22,5000,1,0
2026-09-04 12:35:23,5000,1,0
2026-09-04 12:35:24,5000,1,0
2026-09-04 12:35:25,5000,1,0
2026-09-04 12:35:26,5000,1,0
2026-09-04 12:35:27,5000,1,0
2026-09-04 12:35:28,5000,1,0
2026-09-04 12:35:29,5000,1,0
2026-09-04 12:35:31,5000,1,0
2026-09-04 12:35:32,5000,1,0
2026-09-04 12:35:33,5000,1,0
2026-09-04 12:35:34,5000,1,0
2026-09-04 12:35:35,5000,1,0
2026-09-04 12:35:35,311.99,0,0
2026-09-04 12:35:36,32.66,0,0
2026-09-04 12:35:36,18.54,0,0
2026-09-04 12:35:36,30.47,0,0
2026-09-04 12:35:36,32.3,0,0
2026-09-04 12:35:36,16.7,0,0
2026-09-04 12:35:36,31.95,0,0
2026-09-04 12:35:36,32.57,0,0
2026-09-04 12:35:36,15.25,0,0
2026-09-04 12:35:37,30.46,0,0
2026-09-04 12:35:37,31.23,0,0
2026-09-04 12:35:37,30.13,0,0
2026-09-04 12:35:37,31.58,0,0
2026-09-04 12:35:37,31.18,0,0
2026-09-04 12:35:37,31.41,0,0
2026-09-04 12:35:37,30.13,0,0
2026-09-04 12:35:38,31.65,0,0
2026-09-04 12:35:38,31.09,0,0
2026-09-04 12:35:38,31.62,0,0
2026-09-04 12:35:38,30.3,0,0
2026-09-04 12:35:38,7.09,0,0
2026-09-04 12:35:38,7.17,0,0
2026-09-04 12:35:38,31.41,0,0
2026-09-04 12:35:39,32.28,0,0
2026-09-04 12:35:39,16.43,0,0
2026-09-04 12:35:39,17.62,0,0
2026-09-04 12:35:39,31.5,0,0
2026-09-04 12:35:39,32.22,0,0
2026-09-04 12:35:39,31.35,0,0
2026-09-04 12:35:39,31.45,0,0
2026-09-04 12:35:39,25.77,0,0
2026-09-04 12:35:40,19.76,0,0
2026-09-04 12:35:40,30.98,0,0
2026-09-04 12:35:40,32.32,0,0
2026-09-04 12:35:40,32.79,0,0
2026-09-04 12:35:40,31.06,0,0
2026-09-04 12:35:40,25.83,0,0
2026-09-04 12:35:40,31.78,0,0
2026-09-04 12:35:41,18.05,0,0
2026-09-04 12:35:41,30.71,0,0
2026-09-04 12:35:41,32.11,0,0
2026-09-04 12:35:41,31.93,0,0
2026-09-04 12:35:41,24.57,0,0
2026-09-04 12:35:41,28.41,0,0
2026-09-04 12:35:41,29.97,0,0
2026-09-04 12:35:41,31.87,0,0
2026-09-04 12:35:42,30.56,0,0
2026-09-04 12:35:42,16.23,0,0
2026-09-04 12:35:42,31.98,0,0
2026-09-04 12:35:42,31.48,0,0
2026-09-04 12:35:42,31.54,0,0
2026-09-04 12:35:42,27.9,0,0
2026-09-04 12:35:42,7.97,0,0
2026-09-04 12:35:43,32.55,0,0
2026-09-04 12:35:43,32.25,0,0
2026-09-04 12:35:43,31.4,0,0
2026-09-04 12:35:43,16.25,0,0
2026-09-04 12:35:43,31.47,0,0
2026-09-04 12:35:43,30.63,0,0
2026-09-04 12:35:43,31.76,0,0
2026-09-04 12:35:44,31.44,0,0
2026-09-04 12:35:44,15.51,0,0
2026-09-04 12:35:44,31.19,0,0
2026-09-04 12:35:44,31.31,0,0
2026-09-04 12:35:44,18.32,0,0
2026-09-04 12:35:44,32.92,0,0
2026-09-04 12:35:44,31.5,0,0
2026-09-04 12:35:44,18.86,0,0
2026-09-04 12:35:45,6.43,0,0
2026-09-04 12:35:45,30.46,0,0
2026-09-04 12:35:45,32.48,0,0
2026-09-04 12:35:45,18.58,0,0
2026-09-04 12:35:45,20.85,0,0
2026-09-04 12:35:45,31.38,0,0
2026-09-04 12:35:45,31.36,0,0
2026-09-04 12:35:46,30.55,0,0
2026-09-04 12:35:46,31.08,0,0
2026-09-04 12:35:46,30.79,0,0
2026-09-04 12:35:46,22.47,0,0
2026-09-04 12:35:46,31.51,0,0
2026-09-04 12:35:46,31.87,0,0
2026-09-04 12:35:46,32.04,0,0
2026-09-04 12:35:46,31.96,0,0
2026-09-04 12:35:47,26.04,0,0
2026-09-04 12:35:47,31.66,0,0
2026-09-04 12:35:47,31.36,0,0
2026-09-04 12:35:47,31.4,0,0
2026-09-04 12:35:47,31.57,0,0
2026-09-04 12:35:47,32.39,0,0
2026-09-04 12:35:47,31.59,0,0
2026-09-04 12:35:48,19.38,0,0
2026-09-04 12:35:48,31.54,0,0
2026-09-04 12:35:48,29.46,0,0
2026-09-04 12:35:48,32.15,0,0
2026-09-04 12:35:48,31.13,0,0
2026-09-04 12:35:48,15.31,0,0
2026-09-04 12:35:48,31.09,0,0
2026-09-04 12:35:49,32.68,0,0
2026-09-04 12:35:49,16.15,0,0
2026-09-04 12:35:49,32.57,0,0
2026-09-04 12:35:49,31.83,0,0
2026-09-04 12:35:49,15.76,0,0
2026-09-04 12:35:49,31.11,0,0
2026-09-04 12:35:49,31.82,0,0
2026-09-04 12:35:49,31.56,0,0
2026-09-04 12:35:50,32.3,0,0
2026-09-04 12:35:50,31.66,0,0
2026-09-04 12:35:50,15.9,0,0
2026-09-04 12:35:50,31.85,0,0
2026-09-04 12:35:50,31.81,0,0
2026-09-04 12:35:50,18.73,0,0
2026-09-04 12:35:50,31.68,0,0
2026-09-04 12:35:51,15.88,0,0
2026-09-04 12:35:51,26.26,0,0
2026-09-04 12:35:51,2.72,0,0
2026-09-04 12:35:51,3.94,0,0
2026-09-04 12:35:51,30.92,0,0
2026-09-04 12:36:22,470.29,0,0
2026-09-04 12:36:22,32.18,0,0
2026-09-04 12:36:22,33.55,0,0
2026-09-04 12:36:22,29.63,0,0
2026-09-04 12:36:22,10.8,0,0
2026-09-04 12:36:22,15.62,0,0
2026-09-04 12:36:22,33.73,0,0
2026-09-04 12:36:23,26.59,0,0
2026-09-04 12:36:23,8.28,0,0
2026-09-04 12:36:23,31.11,0,0
2026-09-04 12:36:23,29.67,0,0
2026-09-04 12:36:23,30.44,0,0
2026-09-04 12:36:23,31.57,0,0
2026-09-04 12:36:23,30.26,0,0
2026-09-04 12:36:23,15.68,0,0
2026-09-04 12:36:24,31.64,0,0
2026-09-04 12:36:24,31.82,0,0
2026-09-04 12:36:24,16.19,0,0
2026-09-04 12:36:24,21.28,0,0
2026-09-04 12:36:24,31.43,0,0
2026-09-04 12:36:24,30.55,0,0
2026-09-04 12:36:24,15.49,0,0
2026-09-04 12:36:25,30.85,0,0
2026-09-04 12:36:25,31.18,0,0
2026-09-04 12:36:25,15.33,0,0
2026-09-04 12:36:25,30.25,0,0
2026-09-04 12:36:25,31.13,0,0
2026-09-04 12:36:25,19.61,0,0
2026-09-04 12:36:25,19.16,0,0
2026-09-04 12:36:25,31.47,0,0
2026-09-04 12:36:26,32.78,0,0
2026-09-04 12:36:26,16.0,0,0
2026-09-04 12:36:26,30.18,0,0
2026-09-04 12:36:26,31.43,0,0
2026-09-04 12:36:26,12.59,0,0
2026-09-04 12:36:26,31.34,0,0
2026-09-04 12:36:26,33.4,0,0
2026-09-04 12:36:27,15.92,0,0
2026-09-04 12:36:27,30.73,0,0
2026-09-04 12:36:27,31.57,0,0
2026-09-04 12:36:27,29.84,0,0
2026-09-04 12:36:27,30.82,0,0
2026-09-04 12:36:27,31.55,0,0
2026-09-04 12:36:27,31.46,0,0
2026-09-04 12:36:28,33.27,0,0
2026-09-04 12:36:28,31.52,0,0
2026-09-04 12:36:28,14.15,0,0
2026-09-04 12:36:28,31.24,0,0
2026-09-04 12:36:28,31.34,0,0
2026-09-04 12:36:28,20.75,0,0
2026-09-04 12:36:28,19.22,0,0
2026-09-04 12:36:28,31.95,0,0
2026-09-04 12:36:29,18.16,0,0
2026-09-04 12:36:29,31.03,0,0
2026-09-04 12:36:29,32.18,0,0
2026-09-04 12:36:29,31.93,0,0
2026-09-04 12:36:29,30.67,0,0
2026-09-04 12:36:29,32.16,0,0
2026-09-04 12:36:29,33.0,0,0
2026-09-04 12:36:30,31.45,0,0
2026-09-04 12:36:30,31.82,0,0
2026-09-04 12:36:30,30.62,0,0
2026-09-04 12:36:30,31.75,0,0
2026-09-04 12:36:30,30.7,0,0
2026-09-04 12:36:30,21.45,0,0
2026-09-04 12:36:30,29.7,0,0
2026-09-04 12:36:31,32.28,0,0
2026-09-04 12:36:31,24.4,0,0
2026-09-04 12:36:31,31.09,0,0
2026-09-04 12:36:31,32.02,0,0
2026-09-04 12:36:31,31.58,0,0
2026-09-04 12:36:31,31.24,0,0
2026-09-04 12:36:31,32.35,0,0
2026-09-04 12:36:31,30.49,0,0
2026-09-04 12:36:32,24.18,0,0
2026-09-04 12:36:32,31.24,0,0
2026-09-04 12:36:32,21.25,0,0
2026-09-04 12:36:32,30.49,0,0
2026-09-04 12:36:32,31.66,0,0
2026-09-04 12:36:32,29.57,0,0
2026-09-04 12:36:32,24.22,0,0
2026-09-04 12:36:33,31.5,0,0
2026-09-04 12:36:33,31.39,0,0
2026-09-04 12:36:33,3.58,0,0
2026-09-04 12:36:33,30.11,0,0
2026-09-04 12:36:33,30.59,0,0
2026-09-04 12:36:33,32.2,0,0
2026-09-04 12:36:33,30.91,0,0
2026-09-04 12:36:33,31.01,0,0
2026-09-04 12:36:34,31.96,0,0
2026-09-04 12:36:34,31.46,0,0
2026-09-04 12:36:34,31.46,0,0
2026-09-04 12:36:34,4.13,0,0
2026-09-04 12:36:34,16.76,0,0
2026-09-04 12:36:34,31.24,0,0
2026-09-04 12:36:34,31.1,0,0
2026-09-04 12:36:35,7.45,0,0
2026-09-04 12:36:35,16.26,0,0
2026-09-04 12:36:35,30.23,0,0
2026-09-04 12:36:35,30.41,0,0
2026-09-04 12:36:35,14.79,0,0
2026-09-04 12:36:35,31.88,0,0
2026-09-04 12:36:35,31.49,0,0
2026-09-04 12:36:35,15.53,0,0
2026-09-04 12:36:36,15.6,0,0
2026-09-04 12:36:36,31.19,0,0
2026-09-04 12:36:36,25.54,0,0
2026-09-04 12:36:36,31.49,0,0
2026-09-04 12:36:36,31.59,0,0
2026-09-04 12:36:36,5.42,0,0
2026-09-04 12:36:36,15.57,0,0
2026-09-04 12:36:36,4.68,0,0
2026-09-04 12:36:37,4.47,0,0
2026-09-04 12:36:37,31.66,0,0
2026-09-04 12:36:37,31.79,0,0
2026-09-04 12:36:37,20.1,0,0
2026-09-04 12:36:37,31.15,0,0
2026-09-04 12:36:37,33.61,0,0
2026-09-04 12:36:37,20.91,0,0
2026-09-04 12:36:38,32.46,0,0
2026-09-04 12:36:38,32.09,0,0
2026-09-04 12:36:38,24.36,0,0
2026-09-04 12:36:38,3.99,0,0
2026-09-04 12:36:38,4.3,0,0
2026-09-04 12:36:38,15.44,0,0
2026-09-04 12:36:38,30.42,0,0
2026-09-04 12:36:38,31.61,0,0
2026-09-04 12:36:39,3.48,0,0
2026-09-04 12:36:39,18.39,0,0
2026-09-04 12:36:39,30.65,0,0
2026-09-04 12:36:39,31.16,0,0
2026-09-04 12:36:39,17.35,0,0
2026-09-04 12:36:39,31.28,0,0
2026-09-04 12:36:39,5.42,0,0
2026-09-04 12:36:39,32.27,0,0
2026-09-04 12:36:40,8.45,0,0
2026-09-04 12:36:40,4.06,0,0
2026-09-04 12:36:40,3.41,0,0
2026-09-04 12:36:40,5.02,0,0
2026-09-04 12:36:40,32.04,0,0
2026-09-04 12:36:40,35.13,0,0
2026-09-04 12:36:40,32.28,0,0
2026-09-04 12:36:40,31.9,0,0
2026-09-04 12:36:41,32.95,0,0
2026-09-04 12:36:41,6.39,0,0
2026-09-04 12:36:41,27.17,0,0
2026-09-04 12:36:41,32.09,0,0
2026-09-04 12:36:41,30.97,0,0
2026-09-04 12:36:41,31.65,0,0
2026-09-04 12:36:41,32.61,0,0
2026-09-04 12:36:41,18.18,0,0
2026-09-04 12:36:42,3.76,0,0
2026-09-04 12:36:42,21.14,0,0
2026-09-04 12:36:42,3.03,0,0
2026-09-04 12:36:42,31.61,0,0
2026-09-04 12:36:42,30.61,0,0
2026-09-04 12:36:42,21.75,0,0
2026-09-04 12:36:42,31.16,0,0
2026-09-04 12:36:43,30.56,0,0
2026-09-04 12:36:43,18.09,0,0
2026-09-04 12:36:43,30.93,0,0
2026-09-04 12:36:43,31.09,0,0
2026-09-04 12:36:43,6.9,0,0
2026-09-04 12:36:43,3.33,0,0
2026-09-04 12:36:43,31.73,0,0
2026-09-04 12:36:43,32.62,0,0
2026-09-04 12:36:44,18.24,0,0
2026-09-04 12:36:44,6.79,0,0
2026-09-04 12:36:44,31.92,0,0
2026-09-04 12:36:44,32.05,0,0
2026-09-04 12:36:44,20.1,0,0
2026-09-04 12:36:44,5.46,0,0
2026-09-04 12:36:44,31.21,0,0
2026-09-04 12:36:44,30.66,0,0
2026-09-04 12:36:45,26.32,0,0
2026-09-04 12:36:45,30.12,0,0
2026-09-04 12:36:45,30.58,0,0
2026-09-04 12:36:45,31.18,0,0
2026-09-04 12:36:45,31.8,0,0
2026-09-04 12:36:45,30.83,0,0
2026-09-04 12:36:45,30.98,0,0
2026-09-04 12:36:46,32.0,0,0
2026-09-04 12:36:46,23.78,0,0
2026-09-04 12:36:46,30.75,0,0
2026-09-04 12:36:46,31.35,0,0
2026-09-04 12:36:46,16.25,0,0
2026-09-04 12:36:46,16.35,0,0
2026-09-04 12:36:46,31.12,0,0
2026-09-04 12:36:46,30.49,0,0
2026-09-04 12:36:47,30.08,0,0
2026-09-04 12:36:47,31.78,0,0
2026-09-04 12:36:47,33.16,0,0
2026-09-04 12:36:47,5.16,0,0
2026-09-04 12:36:47,17.8,0,0
2026-09-04 12:36:47,32.24,0,0
2026-09-04 12:36:47,31.08,0,0
2026-09-04 12:36:48,15.79,0,0
2026-09-04 12:36:48,31.72,0,0
2026-09-04 12:36:48,31.88,0,0
2026-09-04 12:36:48,10.32,0,0
2026-09-04 12:36:48,11.6,0,0
2026-09-04 12:36:48,30.72,0,0
2026-09-04 12:36:48,33.28,0,0
2026-09-04 12:36:48,11.6,0,0
2026-09-04 12:36:49,18.67,0,0
2026-09-04 12:36:49,32.06,0,0
2026-09-04 12:36:49,32.11,0,0
2026-09-04 12:36:49,15.33,0,0
2026-09-04 12:36:49,18.54,0,0
2026-09-04 12:36:49,29.97,0,0
2026-09-04 12:36:49,30.92,0,0
2026-09-04 12:36:49,5.51,0,0
2026-09-04 12:36:50,31.56,0,0
2026-09-04 12:36:50,30.25,0,0
2026-09-04 12:36:50,31.14,0,0
2026-09-04 12:36:50,34.85,0,0
2026-09-04 12:36:50,30.33,0,0
2026-09-04 12:36:50,15.89,0,0
2026-09-04 12:36:50,22.63,0,0
2026-09-04 12:36:51,30.48,0,0
2026-09-04 12:36:51,31.5,0,0
2026-09-04 12:36:51,16.86,0,0
2026-09-04 12:36:51,30.89,0,0
2026-09-04 12:36:51,30.87,0,0
2026-09-04 12:37:21,5000,1,0
2026-09-04 12:37:23,5000,1,0
2026-09-04 12:37:23,258.85,0,0
2026-09-04 12:37:23,31.07,0,0
2026-09-04 12:37:23,31.86,0,0
2026-09-04 12:37:23,30.92,0,0
2026-09-04 12:37:24,32.71,0,0
2026-09-04 12:37:24,31.63,0,0
2026-09-04 12:37:24,31.06,0,0
2026-09-04 12:37:24,31.23,0,0
2026-09-04 12:37:24,31.16,0,0
2026-09-04 12:37:24,31.23,0,0
2026-09-04 12:37:24,30.18,0,0
2026-09-04 12:37:25,31.98,0,0
2026-09-04 12:37:25,30.94,0,0
2026-09-04 12:37:25,33.2,0,0
2026-09-04 12:37:25,31.03,0,0
2026-09-04 12:37:25,30.69,0,0
2026-09-04 12:37:25,30.95,0,0
2026-09-04 12:37:25,30.69,0,0
2026-09-04 12:37:25,31.7,0,0
2026-09-04 12:37:26,17.97,0,0
2026-09-04 12:37:26,24.18,0,0
2026-09-04 12:37:26,32.56,0,0
2026-09-04 12:37:26,31.31,0,0
2026-09-04 12:37:26,16.16,0,0
2026-09-04 12:37:26,4.98,0,0
2026-09-04 12:37:26,16.17,0,0
2026-09-04 12:37:27,31.39,0,0
2026-09-04 12:37:27,2.82,0,0
2026-09-04 12:37:27,30.79,0,0
2026-09-04 12:37:27,31.35,0,0
2026-09-04 12:37:27,31.65,0,0
2026-09-04 12:37:27,30.35,0,0
2026-09-04 12:37:27,31.7,0,0
2026-09-04 12:37:27,32.2,0,0
2026-09-04 12:37:28,29.94,0,0
2026-09-04 12:37:28,32.39,0,0
2026-09-04 12:37:28,31.93,0,0
2026-09-04 12:37:28,32.23,0,0
2026-09-04 12:37:28,31.66,0,0
2026-09-04 12:37:28,24.52,0,0
2026-09-04 12:37:28,32.56,0,0
2026-09-04 12:37:29,31.23,0,0
2026-09-04 12:37:29,17.29,0,0
2026-09-04 12:37:29,3.63,0,0
2026-09-04 12:37:29,5.75,0,0
2026-09-04 12:37:29,32.02,0,0
2026-09-04 12:37:29,30.88,0,0
2026-09-04 12:37:29,10.58,0,0
2026-09-04 12:37:29,31.46,0,0
2026-09-04 12:37:30,31.6,0,0
2026-09-04 12:37:30,31.76,0,0
2026-09-04 12:37:30,31.36,0,0
2026-09-04 12:37:30,31.07,0,0
2026-09-04 12:37:30,15.26,0,0
2026-09-04 12:37:30,31.06,0,0
2026-09-04 12:37:30,31.41,0,0
2026-09-04 12:37:31,31.87,0,0
2026-09-04 12:37:31,33.01,0,0
2026-09-04 12:37:31,32.02,0,0
2026-09-04 12:37:31,31.07,0,0
2026-09-04 12:37:31,31.43,0,0
2026-09-04 12:37:31,31.23,0,0
2026-09-04 12:37:31,31.45,0,0
2026-09-04 12:37:32,31.08,0,0
2026-09-04 12:37:32,31.4,0,0
2026-09-04 12:37:32,30.0,0,0
2026-09-04 12:37:32,31.53,0,0
2026-09-04 12:37:32,30.65,0,0
2026-09-04 12:37:32,32.46,0,0
2026-09-04 12:37:32,31.07,0,0
2026-09-04 12:37:33,30.86,0,0
2026-09-04 12:37:33,31.55,0,0
2026-09-04 12:37:33,31.24,0,0
2026-09-04 12:37:33,30.23,0,0
2026-09-04 12:37:33,30.56,0,0
2026-09-04 12:37:33,28.32,0,0
2026-09-04 12:37:33,4.34,0,0
2026-09-04 12:37:33,3.7,0,0
2026-09-04 12:37:34,31.78,0,0
2026-09-04 12:37:34,30.51,0,0
2026-09-04 12:37:34,19.82,0,0
2026-09-04 12:37:34,18.8,0,0
2026-09-04 12:37:34,32.51,0,0
2026-09-04 12:37:34,30.44,0,0
2026-09-04 12:37:34,4.96,0,0
2026-09-04 12:37:34,3.75,0,0
2026-09-04 12:37:35,3.56,0,0
2026-09-04 12:37:35,27.73,0,0
2026-09-04 12:37:35,33.64,0,0
2026-09-04 12:37:35,29.02,0,0
2026-09-04 12:37:35,9.27,0,0
2026-09-04 12:37:35,33.03,0,0
2026-09-04 12:37:35,31.41,0,0
2026-09-04 12:37:35,16.06,0,0
2026-09-04 12:37:36,3.81,0,0
2026-09-04 12:37:36,8.84,0,0
2026-09-04 12:37:36,30.33,0,0
2026-09-04 12:37:36,30.25,0,0
2026-09-04 12:37:36,17.17,0,0
2026-09-04 12:37:36,20.69,0,0
2026-09-04 12:37:36,31.46,0,0
2026-09-04 12:37:36,31.73,0,0
2026-09-04 12:37:37,2.56,0,0
2026-09-04 12:37:37,24.81,0,0
2026-09-04 12:37:37,30.59,0,0
2026-09-04 12:37:37,32.74,0,0
2026-09-04 12:37:37,3.52,0,0
2026-09-04 12:37:37,23.88,0,0
2026-09-04 12:37:37,31.64,0,0
2026-09-04 12:37:38,32.13,0,0
2026-09-04 12:37:38,3.46,0,0
2026-09-04 12:37:38,8.98,0,0
2026-09-04 12:37:38,32.56,0,0
2026-09-04 12:37:38,4.46,0,0
2026-09-04 12:37:38,31.87,0,0
2026-09-04 12:37:38,3.2,0,0
2026-09-04 12:37:38,18.97,0,0
2026-09-04 12:37:38,30.63,0,0
2026-09-04 12:37:39,15.76,0,0
2026-09-04 12:37:39,18.85,0,0
2026-09-04 12:37:39,32.25,0,0
2026-09-04 12:37:39,32.38,0,0
2026-09-04 12:37:39,32.01,0,0
2026-09-04 12:37:39,31.29,0,0
2026-09-04 12:37:39,31.81,0,0
2026-09-04 12:37:40,14.58,0,0
2026-09-04 12:37:40,3.96,0,0
2026-09-04 12:37:40,4.38,0,0
2026-09-04 12:37:40,31.45,0,0
2026-09-04 12:37:40,31.25,0,0
2026-09-04 12:37:40,7.08,0,0
2026-09-04 12:37:40,31.41,0,0
2026-09-04 12:37:40,31.83,0,0
2026-09-04 12:37:41,32.29,0,0
2026-09-04 12:37:41,30.98,0,0
2026-09-04 12:37:41,31.94,0,0
2026-09-04 12:37:41,30.85,0,0
2026-09-04 12:37:41,30.61,0,0
2026-09-04 12:37:41,31.76,0,0
2026-09-04 12:37:41,8.16,0,0
2026-09-04 12:37:42,32.49,0,0
2026-09-04 12:37:42,3.35,0,0
2026-09-04 12:37:42,3.71,0,0
2026-09-04 12:37:42,3.74,0,0
2026-09-04 12:37:42,2.73,0,0
2026-09-04 12:37:42,3.77,0,0
2026-09-04 12:37:42,3.99,0,0
2026-09-04 12:37:42,3.43,0,0
2026-09-04 12:37:42,3.61,0,0
2026-09-04 12:37:42,3.54,0,0
2026-09-04 12:37:43,3.82,0,0
2026-09-04 12:37:43,3.79,0,0
2026-09-04 12:37:43,3.96,0,0
2026-09-04 12:37:43,4.81,0,0
2026-09-04 12:37:43,3.93,0,0
2026-09-04 12:37:43,3.31,0,0
2026-09-04 12:37:43,3.89,0,0
2026-09-04 12:37:43,3.54,0,0
2026-09-04 12:37:43,4.52,0,0
2026-09-04 12:37:44,3.37,0,0
2026-09-04 12:37:44,3.4,0,0
2026-09-04 12:37:44,3.35,0,0
2026-09-04 12:37:44,3.09,0,0
2026-09-04 12:37:44,2.95,0,0
2026-09-04 12:37:44,2.82,0,0
2026-09-04 12:37:44,4.32,0,0
2026-09-04 12:37:44,4.57,0,0
2026-09-04 12:37:44,3.18,0,0
2026-09-04 12:37:44,2.8,0,0
2026-09-04 12:37:45,2.57,0,0
2026-09-04 12:37:45,3.41,0,0
2026-09-04 12:37:45,3.46,0,0
2026-09-04 12:37:45,3.49,0,0
2026-09-04 12:37:45,2.93,0,0
2026-09-04 12:37:45,3.98,0,0
2026-09-04 12:37:45,2.91,0,0
2026-09-04 12:37:45,3.93,0,0
2026-09-04 12:37:45,3.49,0,0
2026-09-04 12:37:46,3.66,0,0
2026-09-04 12:37:46,2.96,0,0
2026-09-04 12:37:46,3.68,0,0
2026-09-04 12:37:46,2.99,0,0
2026-09-04 12:37:46,5.62,0,0
2026-09-04 12:37:46,4.18,0,0
2026-09-04 12:37:46,3.41,0,0
2026-09-04 12:37:46,3.3,0,0
2026-09-04 12:37:46,2.91,0,0
2026-09-04 12:37:46,4.51,0,0
2026-09-04 12:37:47,4.11,0,0
2026-09-04 12:37:47,3.39,0,0
2026-09-04 12:37:47,3.37,0,0
2026-09-04 12:37:47,4.16,0,0
2026-09-04 12:37:47,4.32,0,0
2026-09-04 12:37:47,3.91,0,0
2026-09-04 12:37:47,2.72,0,0
2026-09-04 12:37:47,3.76,0,0
2026-09-04 12:37:47,3.23,0,0
2026-09-04 12:37:47,2.65,0,0
2026-09-04 12:37:48,4.71,0,0
2026-09-04 12:37:48,3.28,0,0
2026-09-04 12:37:48,3.4,0,0
2026-09-04 12:37:48,3.26,0,0
2026-09-04 12:37:48,3.55,0,0
2026-09-04 12:37:48,3.05,0,0
2026-09-04 12:37:48,3.05,0,0
2026-09-04 12:37:48,4.05,0,0
2026-09-04 12:37:48,4.03,0,0
2026-09-04 12:37:49,3.08,0,0
2026-09-04 12:37:49,3.0,0,0
2026-09-04 12:37:49,4.42,0,0
2026-09-04 12:37:49,3.95,0,0
2026-09-04 12:37:49,4.11,0,0
2026-09-04 12:37:49,3.13,0,0
2026-09-04 12:37:49,2.97,0,0
2026-09-04 12:37:49,3.23,0,0
2026-09-04 12:37:49,4.24,0,0
2026-09-04 12:37:49,3.62,0,0
2026-09-04 12:37:50,3.05,0,0
2026-09-04 12:37:50,3.5,0,0
2026-09-04 12:37:50,3.29,0,0
2026-09-04 12:37:50,3.37,0,0
2026-09-04 12:37:50,3.57,0,0
2026-09-04 12:37:50,3.61,0,0
2026-09-04 12:37:50,3.89,0,0
2026-09-04 12:37:50,4.02,0,0
2026-09-04 12:37:50,4.24,0,0
2026-09-04 12:37:51,3.21,0,0
2026-09-04 12:37:51,3.74,0,0
2026-09-04 12:37:51,3.86,0,0
2026-09-04 12:37:51,3.09,0,0
2026-09-04 12:37:51,3.7,0,0
2026-09-04 12:37:51,3.13,0,0
2026-09-04 12:37:51,3.59,0,0
2026-09-04 12:37:51,3.7,0,0
2026-09-04 12:38:12,5000,1,0
2026-09-04 12:38:12,92.83,0,0
2026-09-04 12:38:12,30.71,0,0
2026-09-04 12:38:12,30.77,0,0
2026-09-04 12:38:12,31.09,0,0
2026-09-04 12:38:13,33.03,0,0
2026-09-04 12:38:13,30.87,0,0
2026-09-04 12:38:13,29.83,0,0
2026-09-04 12:38:13,33.68,0,0
2026-09-04 12:38:13,31.25,0,0
2026-09-04 12:38:13,32.4,0,0
2026-09-04 12:38:13,29.65,0,0
2026-09-04 12:38:14,31.64,0,0
2026-09-04 12:38:14,31.98,0,0
2026-09-04 12:38:14,31.16,0,0
2026-09-04 12:38:14,32.29,0,0
2026-09-04 12:38:14,32.92,0,0
2026-09-04 12:38:14,31.23,0,0
2026-09-04 12:38:14,30.64,0,0
2026-09-04 12:38:15,31.25,0,0
2026-09-04 12:38:15,31.06,0,0
2026-09-04 12:38:15,32.52,0,0
2026-09-04 12:38:15,30.14,0,0
2026-09-04 12:38:15,31.58,0,0
2026-09-04 12:38:15,31.01,0,0
2026-09-04 12:38:15,22.47,0,0
2026-09-04 12:38:16,31.25,0,0
2026-09-04 12:38:16,32.82,0,0
2026-09-04 12:38:16,29.26,0,0
2026-09-04 12:38:16,31.21,0,0
2026-09-04 12:38:16,32.01,0,0
2026-09-04 12:38:16,19.47,0,0
2026-09-04 12:38:16,18.63,0,0
2026-09-04 12:38:16,30.94,0,0
2026-09-04 12:38:17,31.38,0,0
2026-09-04 12:38:17,31.25,0,0
2026-09-04 12:38:17,31.39,0,0
2026-09-04 12:38:17,31.7,0,0
2026-09-04 12:38:17,30.7,0,0
2026-09-04 12:38:17,32.5,0,0
2026-09-04 12:38:17,30.61,0,0
2026-09-04 12:38:18,30.53,0,0
2026-09-04 12:38:18,31.87,0,0
2026-09-04 12:38:18,31.67,0,0
2026-09-04 12:38:18,30.2,0,0
2026-09-04 12:38:18,30.89,0,0
2026-09-04 12:38:18,31.92,0,0
2026-09-04 12:38:18,31.87,0,0
2026-09-04 12:38:19,30.57,0,0
2026-09-04 12:38:19,31.12,0,0
2026-09-04 12:38:19,30.96,0,0
2026-09-04 12:38:19,31.08,0,0
2026-09-04 12:38:19,31.44,0,0
2026-09-04 12:38:19,31.05,0,0
2026-09-04 12:38:19,30.68,0,0
2026-09-04 12:38:20,31.22,0,0
2026-09-04 12:38:20,31.83,0,0
2026-09-04 12:38:20,15.65,0,0
2026-09-04 12:38:20,31.64,0,0
2026-09-04 12:38:20,31.87,0,0
2026-09-04 12:38:20,23.51,0,0
2026-09-04 12:38:20,29.07,0,0
2026-09-04 12:38:20,32.0,0,0
2026-09-04 12:38:21,31.1,0,0
2026-09-04 12:38:21,31.62,0,0
2026-09-04 12:38:21,31.39,0,0
2026-09-04 12:38:21,30.06,0,0
2026-09-04 12:38:21,31.89,0,0
2026-09-04 12:38:21,31.98,0,0
2026-09-04 12:38:21,30.98,0,0
2026-09-04 12:38:22,31.79,0,0
2026-09-04 12:38:22,31.08,0,0
2026-09-04 12:38:22,31.62,0,0
2026-09-04 12:38:22,31.01,0,0
2026-09-04 12:38:22,31.69,0,0
2026-09-04 12:38:22,30.83,0,0
2026-09-04 12:38:22,31.55,0,0
2026-09-04 12:38:23,27.25,0,0
2026-09-04 12:38:23,26.37,0,0
2026-09-04 12:38:23,30.74,0,0
2026-09-04 12:38:23,25.06,0,0
2026-09-04 12:38:23,30.76,0,0
2026-09-04 12:38:23,31.37,0,0
2026-09-04 12:38:23,31.6,0,0
2026-09-04 12:38:24,31.16,0,0
2026-09-04 12:38:24,31.89,0,0
2026-09-04 12:38:24,32.56,0,0
2026-09-04 12:38:24,30.96,0,0
2026-09-04 12:38:24,32.03,0,0
2026-09-04 12:38:24,31.06,0,0
2026-09-04 12:38:24,32.45,0,0
2026-09-04 12:38:25,31.87,0,0
2026-09-04 12:38:25,22.73,0,0
2026-09-04 12:38:25,32.02,0,0
2026-09-04 12:38:25,26.24,0,0
2026-09-04 12:38:25,31.21,0,0
2026-09-04 12:38:25,30.97,0,0
2026-09-04 12:38:25,30.54,0,0
2026-09-04 12:38:25,32.68,0,0
2026-09-04 12:38:26,31.03,0,0
2026-09-04 12:38:26,32.65,0,0
2026-09-04 12:38:26,32.54,0,0
2026-09-04 12:38:26,32.3,0,0
2026-09-04 12:38:26,3.94,0,0
2026-09-04 12:38:26,31.74,0,0
2026-09-04 12:38:26,30.85,0,0
2026-09-04 12:38:27,30.03,0,0
2026-09-04 12:38:27,30.34,0,0
2026-09-04 12:38:27,31.37,0,0
2026-09-04 12:38:27,31.99,0,0
2026-09-04 12:38:27,33.56,0,0
2026-09-04 12:38:27,31.06,0,0
2026-09-04 12:38:27,30.17,0,0
2026-09-04 12:38:28,32.42,0,0
2026-09-04 12:38:28,33.06,0,0
2026-09-04 12:38:28,7.08,0,0
2026-09-04 12:38:28,31.26,0,0
2026-09-04 12:38:28,31.83,0,0
2026-09-04 12:38:28,30.83,0,0
2026-09-04 12:38:28,30.97,0,0
2026-09-04 12:38:28,33.31,0,0
2026-09-04 12:38:29,32.77,0,0
2026-09-04 12:38:29,32.19,0,0
2026-09-04 12:38:29,27.46,0,0
2026-09-04 12:38:29,2.54,0,0
2026-09-04 12:38:29,13.62,0,0
2026-09-04 12:38:29,30.26,0,0
2026-09-04 12:38:29,32.49,0,0
2026-09-04 12:38:30,15.88,0,0
2026-09-04 12:38:30,31.9,0,0
2026-09-04 12:38:30,31.43,0,0
2026-09-04 12:38:30,15.72,0,0
2026-09-04 12:38:30,6.79,0,0
2026-09-04 12:38:30,22.54,0,0
2026-09-04 12:38:30,30.74,0,0
2026-09-04 12:38:30,31.24,0,0
2026-09-04 12:38:31,4.26,0,0
2026-09-04 12:38:31,31.64,0,0
2026-09-04 12:38:31,30.44,0,0
2026-09-04 12:38:31,16.22,0,0
2026-09-04 12:38:31,31.25,0,0
2026-09-04 12:38:31,31.74,0,0
2026-09-04 12:38:31,19.26,0,0
2026-09-04 12:38:31,6.05,0,0
2026-09-04 12:38:32,4.18,0,0
2026-09-04 12:38:32,30.21,0,0
2026-09-04 12:38:32,31.73,0,0
2026-09-04 12:38:32,16.08,0,0
2026-09-04 12:38:32,32.03,0,0
2026-09-04 12:38:32,32.19,0,0
2026-09-04 12:38:32,18.23,0,0
2026-09-04 12:38:33,20.23,0,0
2026-09-04 12:38:33,21.04,0,0
2026-09-04 12:38:33,32.28,0,0
2026-09-04 12:38:33,17.91,0,0
2026-09-04 12:38:33,19.68,0,0
2026-09-04 12:38:33,32.21,0,0
2026-09-04 12:38:33,32.81,0,0
2026-09-04 12:38:33,30.98,0,0
2026-09-04 12:38:34,30.54,0,0
2026-09-04 12:38:34,32.13,0,0
2026-09-04 12:38:34,6.51,0,0
2026-09-04 12:38:34,31.63,0,0
2026-09-04 12:38:34,32.1,0,0
2026-09-04 12:38:34,15.35,0,0
2026-09-04 12:38:34,8.4,0,0
2026-09-04 12:38:34,32.55,0,0
2026-09-04 12:38:35,25.47,0,0
2026-09-04 12:38:35,32.13,0,0
2026-09-04 12:38:35,31.16,0,0
2026-09-04 12:38:35,32.13,0,0
2026-09-04 12:38:35,18.25,0,0
2026-09-04 12:38:35,30.26,0,0
2026-09-04 12:38:35,32.27,0,0
2026-09-04 12:38:36,15.86,0,0
2026-09-04 12:38:36,31.2,0,0
2026-09-04 12:38:36,32.34,0,0
2026-09-04 12:38:36,15.75,0,0
2026-09-04 12:38:36,31.38,0,0
2026-09-04 12:38:36,32.85,0,0
2026-09-04 12:38:36,19.34,0,0
2026-09-04 12:38:37,31.51,0,0
2026-09-04 12:38:37,30.78,0,0
2026-09-04 12:38:37,26.45,0,0
2026-09-04 12:38:37,25.92,0,0
2026-09-04 12:38:37,32.11,0,0
2026-09-04 12:38:37,31.7,0,0
2026-09-04 12:38:37,18.54,0,0
2026-09-04 12:38:37,31.91,0,0
2026-09-04 12:38:38,32.04,0,0
2026-09-04 12:38:38,31.97,0,0
2026-09-04 12:38:38,31.51,0,0
2026-09-04 12:38:38,29.99,0,0
2026-09-04 12:38:38,23.99,0,0
2026-09-04 12:38:38,33.23,0,0
2026-09-04 12:38:38,31.95,0,0
2026-09-04 12:38:39,3.79,0,0
2026-09-04 12:38:39,5.11,0,0
2026-09-04 12:38:39,30.35,0,0
2026-09-04 12:38:39,30.29,0,0
2026-09-04 12:38:39,30.26,0,0
2026-09-04 12:38:39,30.98,0,0
2026-09-04 12:38:39,31.74,0,0
2026-09-04 12:38:39,10.96,0,0
2026-09-04 12:38:40,3.11,0,0
2026-09-04 12:38:40,32.8,0,0
2026-09-04 12:38:40,33.64,0,0
2026-09-04 12:38:40,23.04,0,0
2026-09-04 12:38:40,11.01,0,0
2026-09-04 12:38:40,31.86,0,0
2026-09-04 12:38:40,30.39,0,0
2026-09-04 12:38:40,16.91,0,0
2026-09-04 12:38:41,20.3,0,0
2026-09-04 12:38:41,32.24,0,0
2026-09-04 12:38:41,29.72,0,0
2026-09-04 12:38:41,24.7,0,0
2026-09-04 12:38:41,34.31,0,0
2026-09-04 12:38:41,31.6,0,0
2026-09-04 12:39:12,527.32,0,0
2026-09-04 12:39:12,15.87,0,0
2026-09-04 12:39:12,32.03,0,0
2026-09-04 12:39:12,31.23,0,0
2026-09-04 12:39:12,32.27,0,0
2026-09-04 12:39:13,31.33,0,0
2026-09-04 12:39:13,30.91,0,0
2026-09-04 12:39:13,30.6,0,0
2026-09-04 12:39:13,31.93,0,0
2026-09-04 12:39:13,31.2,0,0
2026-09-04 12:39:13,31.12,0,0
2026-09-04 12:39:13,32.14,0,0
2026-09-04 12:39:14,31.11,0,0
2026-09-04 12:39:14,30.91,0,0
2026-09-04 12:39:14,31.86,0,0
2026-09-04 12:39:14,14.3,0,0
2026-09-04 12:39:14,31.38,0,0
2026-09-04 12:39:14,31.15,0,0
2026-09-04 12:39:14,30.97,0,0
2026-09-04 12:39:15,30.85,0,0
2026-09-04 12:39:15,31.16,0,0
2026-09-04 12:39:15,31.5,0,0
2026-09-04 12:39:15,31.62,0,0
2026-09-04 12:39:15,32.07,0,0
2026-09-04 12:39:15,31.96,0,0
2026-09-04 12:39:15,31.36,0,0
2026-09-04 12:39:16,26.65,0,0
2026-09-04 12:39:16,30.79,0,0
2026-09-04 12:39:16,31.72,0,0
2026-09-04 12:39:16,30.97,0,0
2026-09-04 12:39:16,31.14,0,0
2026-09-04 12:39:16,31.85,0,0
2026-09-04 12:39:16,31.2,0,0
2026-09-04 12:39:16,30.76,0,0
2026-09-04 12:39:17,33.06,0,0
2026-09-04 12:39:17,30.57,0,0
2026-09-04 12:39:17,33.62,0,0
2026-09-04 12:39:17,30.4,0,0
2026-09-04 12:39:17,32.42,0,0
2026-09-04 12:39:17,32.03,0,0
2026-09-04 12:39:17,31.35,0,0
2026-09-04 12:39:18,31.67,0,0
2026-09-04 12:39:18,31.05,0,0
2026-09-04 12:39:18,30.92,0,0
2026-09-04 12:39:18,32.1,0,0
2026-09-04 12:39:18,30.99,0,0
2026-09-04 12:39:18,32.04,0,0
2026-09-04 12:39:18,31.05,0,0
2026-09-04 12:39:19,30.77,0,0
2026-09-04 12:39:19,32.3,0,0
2026-09-04 12:39:19,31.3,0,0
2026-09-04 12:39:19,30.38,0,0
2026-09-04 12:39:19,31.73,0,0
2026-09-04 12:39:19,30.61,0,0
2026-09-04 12:39:19,9.28,0,0
2026-09-04 12:39:20,11.77,0,0
2026-09-04 12:39:20,15.48,0,0
2026-09-04 12:39:20,30.87,0,0
2026-09-04 12:39:20,20.34,0,0
2026-09-04 12:39:20,16.9,0,0
2026-09-04 12:39:20,17.41,0,0
2026-09-04 12:39:20,30.46,0,0
2026-09-04 12:39:20,31.24,0,0
2026-09-04 12:39:21,31.26,0,0
2026-09-04 12:39:21,31.33,0,0
2026-09-04 12:39:21,30.76,0,0
2026-09-04 12:39:21,31.91,0,0
2026-09-04 12:39:21,30.83,0,0
2026-09-04 12:39:21,22.25,0,0
2026-09-04 12:39:21,31.9,0,0
2026-09-04 12:39:22,32.77,0,0
2026-09-04 12:39:22,32.3,0,0
2026-09-04 12:39:22,31.31,0,0
2026-09-04 12:39:22,29.99,0,0
2026-09-04 12:39:22,8.28,0,0
2026-09-04 12:39:22,31.49,0,0
2026-09-04 12:39:22,31.69,0,0
2026-09-04 12:39:22,32.32,0,0
2026-09-04 12:39:23,32.36,0,0
2026-09-04 12:39:23,31.1,0,0
2026-09-04 12:39:23,4.29,0,0
2026-09-04 12:39:23,3.07,0,0
2026-09-04 12:39:23,33.24,0,0
2026-09-04 12:39:23,31.5,0,0
2026-09-04 12:39:23,14.61,0,0
2026-09-04 12:39:24,8.3,0,0
2026-09-04 12:39:24,23.3,0,0
2026-09-04 12:39:24,32.29,0,0
2026-09-04 12:39:24,28.23,0,0
2026-09-04 12:39:24,3.06,0,0
2026-09-04 12:39:24,29.12,0,0
2026-09-04 12:39:24,31.8,0,0
2026-09-04 12:39:24,30.4,0,0
2026-09-04 12:39:25,31.77,0,0
2026-09-04 12:39:25,30.7,0,0
2026-09-04 12:39:25,31.17,0,0
2026-09-04 12:39:25,31.4,0,0
2026-09-04 12:39:25,32.43,0,0
2026-09-04 12:39:25,19.81,0,0
2026-09-04 12:39:25,30.51,0,0
2026-09-04 12:39:26,31.12,0,0
2026-09-04 12:39:26,13.26,0,0
2026-09-04 12:39:26,32.33,0,0
2026-09-04 12:39:26,31.24,0,0
2026-09-04 12:39:26,30.8,0,0
2026-09-04 12:39:26,15.48,0,0
2026-09-04 12:39:26,32.45,0,0
2026-09-04 12:39:26,25.29,0,0
2026-09-04 12:39:27,29.92,0,0
2026-09-04 12:39:27,30.41,0,0
2026-09-04 12:39:27,27.34,0,0
2026-09-04 12:39:27,31.92,0,0
2026-09-04 12:39:27,31.42,0,0
2026-09-04 12:39:27,16.13,0,0
2026-09-04 12:39:27,7.87,0,0
2026-09-04 12:39:28,31.8,0,0
2026-09-04 12:39:28,32.97,0,0
2026-09-04 12:39:28,16.57,0,0
2026-09-04 12:39:28,8.52,0,0
2026-09-04 12:39:28,31.38,0,0
2026-09-04 12:39:28,30.3,0,0
2026-09-04 12:39:28,15.97,0,0
2026-09-04 12:39:28,13.49,0,0
2026-09-04 12:39:29,32.39,0,0
2026-09-04 12:39:29,30.93,0,0
2026-09-04 12:39:29,15.31,0,0
2026-09-04 12:39:29,6.78,0,0
2026-09-04 12:39:29,30.87,0,0
2026-09-04 12:39:29,31.68,0,0
2026-09-04 12:39:29,30.26,0,0
2026-09-04 12:39:29,32.1,0,0
2026-09-04 12:39:30,31.54,0,0
2026-09-04 12:39:30,31.58,0,0
2026-09-04 12:39:30,30.56,0,0
2026-09-04 12:39:30,32.26,0,0
2026-09-04 12:39:30,31.79,0,0
2026-09-04 12:39:30,31.48,0,0
2026-09-04 12:39:30,24.51,0,0
2026-09-04 12:39:31,31.25,0,0
2026-09-04 12:39:31,31.82,0,0
2026-09-04 12:39:31,32.16,0,0
2026-09-04 12:39:31,32.05,0,0
2026-09-04 12:39:31,31.42,0,0
2026-09-04 12:39:31,30.7,0,0
2026-09-04 12:39:31,31.24,0,0
2026-09-04 12:39:32,31.97,0,0
2026-09-04 12:39:32,30.35,0,0
2026-09-04 12:39:32,31.89,0,0
2026-09-04 12:39:32,28.04,0,0
2026-09-04 12:39:32,31.07,0,0
2026-09-04 12:39:32,31.11,0,0
2026-09-04 12:39:32,17.24,0,0
2026-09-04 12:39:33,33.15,0,0
2026-09-04 12:39:33,30.97,0,0
2026-09-04 12:39:33,30.26,0,0
2026-09-04 12:39:33,31.85,0,0
2026-09-04 12:39:33,31.38,0,0
2026-09-04 12:39:33,31.66,0,0
2026-09-04 12:39:33,30.99,0,0
2026-09-04 12:39:34,30.64,0,0
2026-09-04 12:39:34,15.32,0,0
2026-09-04 12:39:34,32.16,0,0
2026-09-04 12:39:34,31.99,0,0
2026-09-04 12:39:34,30.88,0,0
2026-09-04 12:39:34,30.73,0,0
2026-09-04 12:39:34,30.22,0,0
2026-09-04 12:39:34,32.11,0,0
2026-09-04 12:39:35,31.93,0,0
2026-09-04 12:39:35,30.63,0,0
2026-09-04 12:39:35,32.28,0,0
2026-09-04 12:39:35,30.5,0,0
2026-09-04 12:39:35,31.67,0,0
2026-09-04 12:39:35,31.54,0,0
2026-09-04 12:39:35,30.45,0,0
2026-09-04 12:39:36,30.59,0,0
2026-09-04 12:39:36,31.07,0,0
2026-09-04 12:39:36,31.62,0,0
2026-09-04 12:39:36,30.86,0,0
2026-09-04 12:39:36,32.72,0,0
2026-09-04 12:39:36,31.19,0,0
2026-09-04 12:39:36,6.77,0,0
2026-09-04 12:39:37,3.55,0,0
2026-09-04 12:39:37,27.72,0,0
2026-09-04 12:39:37,31.19,0,0
2026-09-04 12:39:37,20.73,0,0
2026-09-04 12:39:37,18.85,0,0
2026-09-04 12:39:37,29.85,0,0
2026-09-04 12:39:37,33.5,0,0
2026-09-04 12:39:37,8.31,0,0
2026-09-04 12:39:38,16.15,0,0
2026-09-04 12:39:38,3.16,0,0
2026-09-04 12:39:38,32.37,0,0
2026-09-04 12:39:38,31.87,0,0
2026-09-04 12:39:38,5.27,0,0
2026-09-04 12:39:38,31.33,0,0
2026-09-04 12:39:38,30.58,0,0
2026-09-04 12:39:38,32.37,0,0
2026-09-04 12:39:39,30.52,0,0
2026-09-04 12:39:39,31.36,0,0
2026-09-04 12:39:39,6.39,0,0
2026-09-04 12:39:39,18.7,0,0
2026-09-04 12:39:39,30.38,0,0
2026-09-04 12:39:39,31.82,0,0
2026-09-04 12:39:39,15.35,0,0
2026-09-04 12:39:40,32.05,0,0
2026-09-04 12:39:40,16.21,0,0
2026-09-04 12:39:40,22.05,0,0
2026-09-04 12:39:40,33.38,0,0
2026-09-04 12:39:40,32.24,0,0
2026-09-04 12:39:40,26.82,0,0
2026-09-04 12:39:40,7.23,0,0
2026-09-04 12:39:40,31.1,0,0
2026-09-04 12:39:41,32.16,0,0
2026-09-04 12:39:41,13.2,0,0
2026-09-04 12:39:41,21.5,0,0
2026-09-04 12:39:41,32.25,0,0
2026-09-04 12:39:41,31.74,0,0
2026-09-04 12:39:41,15.6,0,0
2026-09-04 12:39:41,31.2,0,0
2026-09-04 12:40:12,259.73,0,0
2026-09-04 12:40:12,3.17,0,0
2026-09-04 12:40:12,3.01,0,0
2026-09-04 12:40:12,3.53,0,0
2026-09-04 12:40:12,2.67,0,0
2026-09-04 12:40:12,4.17,0,0
2026-09-04 12:40:12,3.22,0,0
2026-09-04 12:40:12,3.48,0,0
2026-09-04 12:40:12,3.81,0,0
2026-09-04 12:40:12,2.7,0,0
2026-09-04 12:40:13,3.69,0,0
2026-09-04 12:40:13,3.29,0,0
2026-09-04 12:40:13,3.21,0,0
2026-09-04 12:40:13,3.6,0,0
2026-09-04 12:40:13,3.35,0,0
2026-09-04 12:40:13,3.67,0,0
2026-09-04 12:40:13,3.35,0,0
2026-09-04 12:40:13,3.64,0,0
2026-09-04 12:40:13,3.29,0,0
2026-09-04 12:40:14,5.41,0,0
2026-09-04 12:40:14,3.05,0,0
2026-09-04 12:40:14,2.72,0,0
2026-09-04 12:40:14,3.64,0,0
2026-09-04 12:40:14,3.59,0,0
2026-09-04 12:40:14,5.96,0,0
2026-09-04 12:40:14,2.85,0,0
2026-09-04 12:40:14,3.08,0,0
2026-09-04 12:40:14,2.95,0,0
2026-09-04 12:40:14,3.35,0,0
2026-09-04 12:40:15,5.11,0,0
2026-09-04 12:40:15,3.57,0,0
2026-09-04 12:40:15,3.53,0,0
2026-09-04 12:40:15,2.99,0,0
2026-09-04 12:40:15,4.64,0,0
2026-09-04 12:40:15,3.7,0,0
2026-09-04 12:40:15,3.04,0,0
2026-09-04 12:40:15,3.42,0,0
2026-09-04 12:40:15,2.63,0,0
2026-09-04 12:40:15,3.69,0,0
2026-09-04 12:40:16,3.24,0,0
2026-09-04 12:40:16,5.12,0,0
2026-09-04 12:40:16,4.27,0,0
2026-09-04 12:40:16,3.46,0,0
2026-09-04 12:40:16,2.43,0,0
2026-09-04 12:40:16,4.56,0,0
2026-09-04 12:40:16,3.82,0,0
2026-09-04 12:40:16,3.06,0,0
2026-09-04 12:40:16,3.69,0,0
2026-09-04 12:40:17,4.72,0,0
2026-09-04 12:40:17,3.13,0,0
2026-09-04 12:40:17,3.46,0,0
2026-09-04 12:40:17,3.71,0,0
2026-09-04 12:40:17,3.8,0,0
2026-09-04 12:40:17,2.93,0,0
2026-09-04 12:40:17,2.94,0,0
2026-09-04 12:40:17,3.2,0,0
2026-09-04 12:40:17,3.23,0,0
2026-09-04 12:40:17,3.81,0,0
2026-09-04 12:40:18,4.01,0,0
2026-09-04 12:40:18,3.79,0,0
2026-09-04 12:40:18,3.33,0,0
2026-09-04 12:40:18,4.64,0,0
2026-09-04 12:40:18,3.14,0,0
2026-09-04 12:40:18,2.85,0,0
2026-09-04 12:40:18,3.81,0,0
2026-09-04 12:40:18,4.18,0,0
2026-09-04 12:40:18,3.85,0,0
2026-09-04 12:40:19,4.16,0,0
2026-09-04 12:40:19,4.4,0,0
2026-09-04 12:40:19,3.56,0,0
2026-09-04 12:40:19,3.38,0,0
2026-09-04 12:40:19,3.55,0,0
2026-09-04 12:40:19,3.55,0,0
2026-09-04 12:40:19,4.18,0,0
2026-09-04 12:40:19,3.67,0,0
2026-09-04 12:40:19,4.76,0,0
2026-09-04 12:40:19,4.52,0,0
2026-09-04 12:40:20,2.88,0,0
2026-09-04 12:40:20,3.29,0,0
2026-09-04 12:40:20,3.09,0,0
2026-09-04 12:40:20,5.11,0,0
2026-09-04 12:40:20,3.75,0,0
2026-09-04 12:40:20,3.75,0,0
2026-09-04 12:40:20,3.7,0,0
2026-09-04 12:40:20,4.29,0,0
2026-09-04 12:40:20,2.26,0,0
2026-09-04 12:40:21,2.79,0,0
2026-09-04 12:40:21,3.6,0,0
2026-09-04 12:40:21,3.04,0,0
2026-09-04 12:40:21,4.06,0,0
2026-09-04 12:40:21,3.7,0,0
2026-09-04 12:40:21,3.17,0,0
2026-09-04 12:40:21,3.89,0,0
2026-09-04 12:40:21,3.44,0,0
2026-09-04 12:40:21,3.59,0,0
2026-09-04 12:40:21,3.96,0,0
2026-09-04 12:40:22,2.89,0,0
2026-09-04 12:40:22,3.09,0,0
2026-09-04 12:40:22,3.27,0,0
2026-09-04 12:40:22,3.74,0,0
2026-09-04 12:40:22,4.81,0,0
2026-09-04 12:40:22,2.92,0,0
2026-09-04 12:40:22,2.64,0,0
2026-09-04 12:40:22,5.42,0,0
2026-09-04 12:40:22,3.9,0,0
2026-09-04 12:40:23,3.52,0,0
2026-09-04 12:40:23,3.63,0,0
2026-09-04 12:40:23,3.24,0,0
2026-09-04 12:40:23,2.43,0,0
2026-09-04 12:40:23,3.19,0,0
2026-09-04 12:40:23,3.81,0,0
2026-09-04 12:40:23,4.15,0,0
2026-09-04 12:40:23,3.31,0,0
2026-09-04 12:40:23,3.63,0,0
2026-09-04 12:40:23,4.15,0,0
2026-09-04 12:40:24,3.27,0,0
2026-09-04 12:40:24,3.9,0,0
2026-09-04 12:40:24,4.34,0,0
2026-09-04 12:40:24,3.38,0,0
2026-09-04 12:40:24,3.15,0,0
2026-09-04 12:40:24,3.34,0,0
2026-09-04 12:40:24,3.31,0,0
2026-09-04 12:40:24,4.38,0,0
2026-09-04 12:40:24,3.22,0,0
2026-09-04 12:40:25,2.74,0,0
2026-09-04 12:40:25,2.82,0,0
2026-09-04 12:40:25,4.93,0,0
2026-09-04 12:40:25,3.46,0,0
2026-09-04 12:40:25,4.52,0,0
2026-09-04 12:40:25,4.56,0,0
2026-09-04 12:40:25,2.8,0,0
2026-09-04 12:40:25,3.75,0,0
2026-09-04 12:40:25,3.05,0,0
2026-09-04 12:40:25,3.88,0,0
2026-09-04 12:40:26,3.84,0,0
2026-09-04 12:40:26,3.59,0,0
2026-09-04 12:40:26,3.81,0,0
2026-09-04 12:40:26,5.29,0,0
2026-09-04 12:40:26,4.41,0,0
2026-09-04 12:40:26,3.79,0,0
