rtt,is_anomaly,scenario
202.87752151489255,1,delay
204.78200912475583,1,delay
203.07230949401853,1,delay
202.237606048584,1,delay
202.82673835754397,1,delay
207.0410251617432,1,delay
203.14884185791016,1,delay
202.06427574157715,1,delay
203.67074012756348,1,delay
201.51019096374512,1,delay
203.4142017364502,1,delay
201.4980316162109,1,delay
201.71761512756348,1,delay
203.80735397338867,1,delay
201.8754482269287,1,delay
202.18968391418457,1,delay
202.3608684539795,1,delay
202.82816886901853,1,delay
201.94244384765625,1,delay
201.5020847320557,1,delay
202.08978652954104,1,delay
201.71046257019043,1,delay
201.78461074829104,1,delay
201.89809799194336,1,delay
201.4484405517578,1,delay
202.12507247924805,1,delay
202.46219635009768,1,delay
202.4374008178711,1,delay
201.39408111572263,1,delay
201.61795616149905,1,delay
202.1031379699707,1,delay
201.5697956085205,1,delay
206.59470558166504,1,delay
202.00204849243164,1,delay
202.4745941162109,1,delay
201.8883228302002,1,delay
202.0535469055176,1,delay
202.8324604034424,1,delay
216.9070243835449,1,delay
220.02339363098145,1,delay
217.30494499206543,1,delay
219.4538116455078,1,delay
220.69501876831052,1,delay
218.61028671264648,1,delay
218.0464267730713,1,delay
218.08528900146484,1,delay
218.28627586364743,1,delay
220.24273872375488,1,delay
215.7011032104492,1,delay
219.99430656433103,1,delay
218.17970275878903,1,delay
220.72768211364743,1,delay
218.91045570373532,1,delay
218.4998989105225,1,delay
210.2541923522949,1,delay
220.5331325531006,1,delay
218.26601028442383,1,delay
219.68507766723636,1,delay
217.96560287475583,1,delay
218.51396560668945,1,delay
218.12844276428223,1,delay
216.2201404571533,1,delay
218.55831146240237,1,delay
221.52113914489743,1,delay
218.86873245239255,1,delay
216.43638610839844,1,delay
218.0953025817871,1,delay
215.23380279541016,1,delay
218.3215618133545,1,delay
218.74308586120603,1,delay
217.7121639251709,1,delay
218.2314395904541,1,delay
218.09148788452148,1,delay
219.97809410095212,1,delay
218.2018756866455,1,delay
215.3158187866211,1,delay
218.0500030517578,1,delay
217.90266036987305,1,delay
218.9466953277588,1,delay
217.86904335021973,1,delay
217.47589111328125,1,delay
219.18582916259768,1,delay
218.7471389770508,1,delay
219.72393989562988,1,delay
218.86873245239255,1,delay
219.2232608795166,1,delay
219.3288803100586,1,delay
216.85147285461423,1,delay
217.97871589660645,1,delay
219.52033042907715,1,delay
220.2768325805664,1,delay
216.9828414916992,1,delay
218.6250686645508,1,delay
219.4766998291016,1,delay
222.2344875335693,1,delay
215.48867225646973,1,delay
219.87342834472656,1,delay
217.7276611328125,1,delay
217.36621856689453,1,delay
217.8514003753662,1,delay
217.65851974487305,1,delay
221.39310836791992,1,delay
221.54974937438965,1,delay
218.13559532165527,1,delay
213.0026817321777,1,delay
217.6675796508789,1,delay
219.02084350585935,1,delay
217.37408638000488,1,delay
218.64652633666992,1,delay
216.84861183166504,1,delay
219.91372108459475,1,delay
220.92628479003903,1,delay
210.38103103637692,1,delay
219.5498943328857,1,delay
219.6836471557617,1,delay
218.0464267730713,1,delay
217.2858715057373,1,delay
219.39730644226077,1,delay
215.58117866516116,1,delay
219.1319465637207,1,delay
217.42630004882807,1,delay
217.94724464416504,1,delay
220.6094264984131,1,delay
218.7955379486084,1,delay
218.72925758361816,1,delay
216.45259857177732,1,delay
217.84567832946777,1,delay
219.4373607635498,1,delay
216.55869483947757,1,delay
220.4914093017578,1,delay
220.0491428375244,1,delay
217.3333168029785,1,delay
219.3922996520996,1,delay
217.3597812652588,1,delay
215.51203727722168,1,delay
220.4911708831787,1,delay
217.5736427307129,1,delay
217.27371215820312,1,delay
218.41859817504883,1,delay
218.9347743988037,1,delay
201.3812065124512,1,delay
201.9660472869873,1,delay
203.22322845458984,1,delay
202.2254467010498,1,delay
201.43461227416992,1,delay
203.51076126098636,1,delay
201.95984840393064,1,delay
202.2888660430908,1,delay
202.3918628692627,1,delay
201.66707038879397,1,delay
202.44336128234863,1,delay
201.5707492828369,1,delay
202.07595825195312,1,delay
202.2700309753418,1,delay
203.4780979156494,1,delay
202.2876739501953,1,delay
203.56011390686035,1,delay
202.27503776550293,1,delay
202.1787166595459,1,delay
202.24475860595703,1,delay
202.5463581085205,1,delay
202.10981369018555,1,delay
201.57670974731445,1,delay
202.39782333374023,1,delay
201.90119743347168,1,delay
203.0339241027832,1,delay
202.33917236328125,1,delay
202.27622985839844,1,delay
201.94435119628903,1,delay
202.3618221282959,1,delay
202.32653617858887,1,delay
201.22671127319336,1,delay
202.53419876098636,1,delay
203.383207321167,1,delay
202.63433456420896,1,delay
201.3852596282959,1,delay
201.8425464630127,1,delay
202.6498317718506,1,delay
203.1269073486328,1,delay
203.0136585235596,1,delay
202.6500701904297,1,delay
202.15439796447757,1,delay
201.88641548156735,1,delay
205.9178352355957,1,delay
202.00681686401367,1,delay
202.0871639251709,1,delay
202.27861404418945,1,delay
202.2247314453125,1,delay
202.39758491516116,1,delay
201.4298439025879,1,delay
201.86614990234372,1,delay
201.3492584228516,1,delay
202.775239944458,1,delay
202.0504474639893,1,delay
202.4850845336914,1,delay
202.07762718200684,1,delay
201.9779682159424,1,delay
202.07929611206052,1,delay
204.77652549743647,1,delay
201.92432403564453,1,delay
201.94721221923828,1,delay
202.0070552825928,1,delay
202.6388645172119,1,delay
202.1934986114502,1,delay
201.85160636901853,1,delay
202.30841636657715,1,delay
201.9140720367432,1,delay
202.19063758850095,1,delay
203.05299758911133,1,delay
201.6842365264893,1,delay
202.70299911499023,1,delay
204.20193672180176,1,delay
202.28171348571777,1,delay
202.45718955993647,1,delay
201.82132720947263,1,delay
201.75814628601077,1,delay
200.78587532043457,1,delay
201.54523849487305,1,delay
201.3256549835205,1,delay
200.79493522644043,1,delay
201.19166374206543,1,delay
201.6243934631348,1,delay
201.1857032775879,1,delay
202.1157741546631,1,delay
201.7338275909424,1,delay
201.8752098083496,1,delay
201.22528076171875,1,delay
201.11656188964844,1,delay
201.54857635498047,1,delay
201.03025436401367,1,delay
201.42436027526853,1,delay
201.45630836486816,1,delay
201.73263549804688,1,delay
201.2190818786621,1,delay
200.8833885192871,1,delay
201.64895057678223,1,delay
201.05838775634768,1,delay
201.73978805541992,1,delay
201.3688087463379,1,delay
201.4033794403076,1,delay
201.01261138916016,1,delay
200.8094787597656,1,delay
201.1566162109375,1,delay
201.0469436645508,1,delay
200.9146213531494,1,delay
201.29728317260745,1,delay
201.82156562805176,1,delay
200.98328590393064,1,delay
201.7989158630371,1,delay
201.98559761047363,1,delay
201.2238502502441,1,delay
202.27718353271484,1,delay
202.36849784851077,1,delay
203.3064365386963,1,delay
202.5012969970703,1,delay
201.7066478729248,1,delay
202.93211936950684,1,delay
202.01778411865237,1,delay
202.59714126586917,1,delay
203.09853553771973,1,delay
203.11951637268064,1,delay
202.0106315612793,1,delay
202.7041912078857,1,delay
203.0880451202393,1,delay
202.05378532409668,1,delay
203.1347751617432,1,delay
203.03082466125488,1,delay
201.57694816589355,1,delay
203.2341957092285,1,delay
203.85241508483887,1,delay
202.3310661315918,1,delay
201.45535469055176,1,delay
202.0859718322754,1,delay
203.10139656066892,1,delay
203.46689224243164,1,delay
202.1636962890625,1,delay
201.4799118041992,1,delay
202.4343013763428,1,delay
201.96890830993647,1,delay
202.36635208129883,1,delay
202.67200469970703,1,delay
201.95770263671875,1,delay
202.58235931396484,1,delay
201.77459716796875,1,delay
203.53150367736816,1,delay
204.21242713928223,1,delay
202.5618553161621,1,delay
203.6600112915039,1,delay
202.3565769195557,1,delay
201.9186019897461,1,delay
202.32033729553223,1,delay
202.8160095214844,1,delay
201.3411521911621,1,delay
203.7935256958008,1,delay
203.08399200439453,1,delay
203.3238410949707,1,delay
203.2158374786377,1,delay
202.45790481567383,1,delay
201.9674777984619,1,delay
202.8450965881348,1,delay
201.3108730316162,1,delay
201.52926445007324,1,delay
202.08740234375,1,delay
202.06928253173828,1,delay
203.7496566772461,1,delay
201.80273056030276,1,delay
203.4099102020264,1,delay
203.4444808959961,1,delay
201.93886756896973,1,delay
202.4075984954834,1,delay
202.47268676757807,1,delay
203.3388614654541,1,delay
201.6608715057373,1,delay
202.43501663208008,1,delay
202.07881927490237,1,delay
203.0084133148193,1,delay
203.20796966552732,1,delay
202.4822235107422,1,delay
203.3073902130127,1,delay
205.17349243164065,1,delay
203.94110679626465,1,delay
202.29625701904297,1,delay
206.57896995544436,1,delay
202.83913612365723,1,delay
202.3029327392578,1,delay
203.48381996154785,1,delay
202.4552822113037,1,delay
204.0848731994629,1,delay
201.91025733947757,1,delay
202.3603916168213,1,delay
203.89771461486816,1,delay
202.39853858947757,1,delay
201.75743103027344,1,delay
202.71968841552732,1,delay
205.824613571167,1,delay
202.50439643859863,1,delay
204.38909530639648,1,delay
202.33631134033203,1,delay
201.91359519958496,1,delay
202.0726203918457,1,delay
201.08604431152344,1,delay
202.96525955200195,1,delay
201.56359672546387,1,delay
201.31564140319824,1,delay
202.1512985229492,1,delay
205.0380706787109,1,delay
201.366662979126,1,delay
202.49152183532715,1,delay
202.1024227142334,1,delay
201.55715942382807,1,delay
201.78723335266116,1,delay
202.2500038146973,1,delay
203.9127349853516,1,delay
201.95555686950684,1,delay
203.9504051208496,1,delay
202.87442207336423,1,delay
202.49676704406735,1,delay
203.69410514831543,1,delay
202.0900249481201,1,delay
201.86090469360352,1,delay
202.53396034240723,1,delay
205.3020000457764,1,delay
202.786922454834,1,delay
202.409029006958,1,delay
202.6073932647705,1,delay
204.75006103515625,1,delay
202.97980308532715,1,delay
203.2980918884277,1,delay
202.3296356201172,1,delay
202.42953300476077,1,delay
223.91796112060547,1,delay
202.00467109680176,1,delay
202.10719108581543,1,delay
201.3027667999268,1,delay
202.17442512512207,1,delay
202.55804061889648,1,delay
202.60906219482425,1,delay
203.55963706970212,1,delay
202.83079147338867,1,delay
202.1355628967285,1,delay
202.6877403259277,1,delay
202.5468349456787,1,delay
203.15098762512207,1,delay
203.3224105834961,1,delay
202.26240158081052,1,delay
202.9128074645996,1,delay
201.87997817993164,1,delay
203.3712863922119,1,delay
202.20685005187988,1,delay
203.5121917724609,1,delay
203.0806541442871,1,delay
202.46458053588867,1,delay
202.8670310974121,1,delay
203.1588554382324,1,delay
202.09956169128415,1,delay
203.0367851257324,1,delay
202.66985893249512,1,delay
202.3918628692627,1,delay
203.74464988708496,1,delay
202.6276588439941,1,delay
202.94642448425293,1,delay
203.6843299865723,1,delay
205.15131950378415,1,delay
202.3322582244873,1,delay
201.94268226623532,1,delay
203.0174732208252,1,delay
206.03513717651367,1,delay
202.0871639251709,1,delay
202.5907039642334,1,delay
202.2264003753662,1,delay
202.54778861999512,1,delay
203.70221138000488,1,delay
202.88443565368647,1,delay
202.5141716003418,1,delay
202.04639434814453,1,delay
202.4362087249756,1,delay
202.864408493042,1,delay
202.79693603515625,1,delay
204.0646076202393,1,delay
201.4157772064209,1,delay
201.5976905822754,1,delay
202.41808891296387,1,delay
202.0282745361328,1,delay
201.69711112976077,1,delay
202.24809646606445,1,delay
203.5465240478516,1,delay
202.3255825042725,1,delay
203.46689224243164,1,delay
202.64101028442383,1,delay
202.35466957092285,1,delay
202.195405960083,1,delay
202.4385929107666,1,delay
201.5531063079834,1,delay
202.1031379699707,1,delay
202.3415565490723,1,delay
202.8262615203857,1,delay
202.7606964111328,1,delay
201.8263339996338,1,delay
202.91900634765625,1,delay
203.06038856506348,1,delay
202.298641204834,1,delay
202.90875434875488,1,delay
202.67200469970703,1,delay
202.40545272827148,1,delay
203.6316394805908,1,delay
201.80678367614743,1,delay
202.4705410003662,1,delay
202.2409439086914,1,delay
202.73613929748532,1,delay
202.15415954589844,1,delay
203.1710147857666,1,delay
203.09710502624512,1,delay
202.27646827697757,1,delay
202.01420783996585,1,delay
202.76904106140137,1,delay
202.09312438964844,1,delay
202.0871639251709,1,delay
202.1746635437012,1,delay
202.42595672607425,1,delay
201.9069194793701,1,delay
206.5291404724121,1,delay
202.1667957305908,1,delay
202.7559280395508,1,delay
201.9033432006836,1,delay
202.64887809753415,1,delay
201.6165256500244,1,delay
202.380895614624,1,delay
202.4197578430176,1,delay
202.40354537963867,1,delay
203.25183868408203,1,delay
203.03034782409668,1,delay
203.72819900512692,1,delay
202.7740478515625,1,delay
202.0859718322754,1,delay
201.932430267334,1,delay
201.9040584564209,1,delay
201.75933837890625,1,delay
202.15559005737305,1,delay
202.73208618164065,1,delay
201.7381191253662,1,delay
202.4374008178711,1,delay
201.85518264770508,1,delay
203.45783233642575,1,delay
203.16219329833984,1,delay
202.12507247924805,1,delay
201.97057723999023,1,delay
202.33154296875,1,delay
201.96890830993647,1,delay
202.05974578857425,1,delay
202.04520225524905,1,delay
206.90512657165527,1,delay
202.51822471618647,1,delay
202.18825340271,1,delay
203.566312789917,1,delay
201.8449306488037,1,delay
202.48794555664065,1,delay
204.09703254699707,1,delay
201.5023231506348,1,delay
201.7354965209961,1,delay
202.64816284179688,1,delay
205.7650089263916,1,delay
201.7495632171631,1,delay
202.48150825500488,1,delay
203.67956161499023,1,delay
202.0900249481201,1,delay
202.83889770507807,1,delay
202.70299911499023,1,delay
203.1238079071045,1,delay
201.86328887939453,1,delay
202.65865325927732,1,delay
202.26550102233887,1,delay
202.93307304382324,1,delay
202.60977745056152,1,delay
204.3707370758057,1,delay
203.37486267089844,1,delay
201.7972469329834,1,delay
202.1505832672119,1,delay
202.62813568115237,1,delay
201.77245140075684,1,delay
201.871395111084,1,delay
202.6500701904297,1,delay
203.07302474975583,1,delay
203.4287452697754,1,delay
203.0735015869141,1,delay
201.9345760345459,1,delay
202.3475170135498,1,delay
202.33488082885745,1,delay
202.00657844543457,1,delay
203.07087898254397,1,delay
203.4759521484375,1,delay
202.0969390869141,1,delay
201.9217014312744,1,delay
203.38869094848636,1,delay
201.9815444946289,1,delay
202.13723182678223,1,delay
202.18157768249512,1,delay
202.39830017089844,1,delay
203.10282707214355,1,delay
201.75671577453613,1,delay
201.55572891235352,1,delay
202.35133171081543,1,delay
202.21710205078125,1,delay
202.22997665405276,1,delay
202.1489143371582,1,delay
202.1634578704834,1,delay
204.85687255859372,1,delay
203.033447265625,1,delay
201.8125057220459,1,delay
203.3388614654541,1,delay
201.9524574279785,1,delay
202.14200019836423,1,delay
202.0869255065918,1,delay
202.1045684814453,1,delay
203.8869857788086,1,delay
201.75909996032715,1,delay
201.83277130126956,1,delay
202.1467685699463,1,delay
201.40480995178223,1,delay
202.08024978637692,1,delay
202.2149562835693,1,delay
202.56805419921875,1,delay
202.5408744812012,1,delay
202.22854614257807,1,delay
202.35133171081543,1,delay
201.96866989135745,1,delay
202.1174430847168,1,delay
202.84771919250488,1,delay
202.49509811401367,1,delay
202.75545120239255,1,delay
202.28338241577148,1,delay
201.627254486084,1,delay
202.38184928894043,1,delay
203.23896408081052,1,delay
202.41999626159668,1,delay
201.43675804138184,1,delay
202.09574699401853,1,delay
202.4135589599609,1,delay
201.05385780334475,1,delay
201.94101333618164,1,delay
202.9581069946289,1,delay
202.92377471923828,1,delay
202.3122310638428,1,delay
201.15423202514648,1,delay
202.7297019958496,1,delay
203.03893089294436,1,delay
201.80106163024905,1,delay
201.93934440612796,1,delay
201.3862133026123,1,delay
201.19762420654297,1,delay
204.8780918121338,1,delay
201.1113166809082,1,delay
201.4756202697754,1,delay
201.7970085144043,1,delay
202.52370834350583,1,delay
203.28330993652344,1,delay
206.06493949890137,1,delay
202.876091003418,1,delay
201.07579231262207,1,delay
202.2502422332764,1,delay
203.74131202697757,1,delay
202.82506942749023,1,delay
203.29785346984863,1,delay
201.42722129821777,1,delay
205.46436309814453,1,delay
201.6901969909668,1,delay
205.89518547058103,1,delay
202.16631889343265,1,delay
202.51822471618647,1,delay
202.00395584106445,1,delay
202.28815078735352,1,delay
203.21059226989743,1,delay
202.70109176635745,1,delay
202.7451992034912,1,delay
201.39741897583008,1,delay
203.1655311584473,1,delay
201.89785957336423,1,delay
202.88825035095212,1,delay
202.93879508972168,1,delay
205.85155487060547,1,delay
212.2793197631836,1,delay
201.70998573303223,1,delay
203.20463180541992,1,delay
202.10742950439453,1,delay
201.74169540405276,1,delay
201.78461074829104,1,delay
202.1770477294922,1,delay
202.7747631072998,1,delay
202.51774787902832,1,delay
203.36151123046875,1,delay
202.5125026702881,1,delay
202.91590690612796,1,delay
202.1770477294922,1,delay
204.51116561889648,1,delay
202.5473117828369,1,delay
202.19159126281735,1,delay
201.9906044006348,1,delay
207.53169059753415,1,delay
202.40497589111328,1,delay
202.75044441223145,1,delay
201.31683349609372,1,delay
202.55184173583984,1,delay
201.74169540405276,1,delay
204.32472229003903,1,delay
201.9209861755371,1,delay
201.82418823242188,1,delay
203.36365699768064,1,delay
201.74717903137207,1,delay
202.02016830444336,1,delay
202.40068435668945,1,delay
202.67462730407715,1,delay
208.63056182861328,1,delay
201.6174793243408,1,delay
202.30484008789065,1,delay
203.25064659118647,1,delay
202.09550857543945,1,delay
203.66740226745603,1,delay
202.90303230285645,1,delay
201.6611099243164,1,delay
202.75521278381348,1,delay
202.22949981689453,1,delay
202.67868041992188,1,delay
202.850341796875,1,delay
204.0383815765381,1,delay
201.8413543701172,1,delay
203.1667232513428,1,delay
201.4620304107666,1,delay
206.38537406921387,1,delay
203.5233974456787,1,delay
201.4255523681641,1,delay
201.7223834991455,1,delay
203.5691738128662,1,delay
202.0704746246338,1,delay
204.00214195251465,1,delay
202.7900218963623,1,delay
201.31659507751465,1,delay
203.11713218688965,1,delay
204.39696311950684,1,delay
202.70991325378415,1,delay
202.1734714508057,1,delay
201.69448852539065,1,delay
203.05371284484863,1,delay
201.8859386444092,1,delay
205.62052726745603,1,delay
203.7510871887207,1,delay
201.79080963134768,1,delay
202.77810096740723,1,delay
202.46052742004397,1,delay
202.54778861999512,1,delay
202.3487091064453,1,delay
202.9457092285156,1,delay
202.33750343322757,1,delay
202.17394828796387,1,delay
201.4732360839844,1,delay
203.2287120819092,1,delay
202.09074020385745,1,delay
202.51798629760745,1,delay
202.38304138183597,1,delay
203.10258865356445,1,delay
201.19190216064453,1,delay
202.1849155426025,1,delay
202.5485038757324,1,delay
202.29220390319824,1,delay
202.01897621154785,1,delay
202.1632194519043,1,delay
203.12952995300293,1,delay
202.1656036376953,1,delay
204.67138290405276,1,delay
202.070951461792,1,delay
202.4435997009277,1,delay
202.00753211975095,1,delay
203.77326011657715,1,delay
202.16894149780276,1,delay
201.9202709197998,1,delay
204.3778896331787,1,delay
202.47960090637207,1,delay
202.00204849243164,1,delay
202.0902633666992,1,delay
204.9193382263184,1,delay
201.1370658874512,1,delay
201.6746997833252,1,delay
202.49104499816892,1,delay
201.68805122375488,1,delay
201.951265335083,1,delay
201.56192779541016,1,delay
202.81982421875,1,delay
202.0127773284912,1,delay
201.5321254730225,1,delay
203.1877040863037,1,delay
202.10933685302732,1,delay
201.8239498138428,1,delay
203.66692543029785,1,delay
202.23093032836917,1,delay
202.00562477111816,1,delay
201.94339752197263,1,delay
202.51011848449707,1,delay
201.52926445007324,1,delay
202.6000022888184,1,delay
201.33376121521,1,delay
203.18293571472168,1,delay
202.441930770874,1,delay
202.5046348571777,1,delay
202.07643508911133,1,delay
202.49176025390625,1,delay
204.03194427490237,1,delay
201.4615535736084,1,delay
201.84636116027832,1,delay
201.89332962036133,1,delay
202.09050178527832,1,delay
204.77294921875,1,delay
201.6451358795166,1,delay
204.23078536987305,1,delay
202.09646224975583,1,delay
202.21996307373047,1,delay
201.11083984375,1,delay
201.60508155822757,1,delay
202.59904861450195,1,delay
203.0317783355713,1,delay
0.6656646728515625,0,normal
1.881122589111328,0,normal
1.9376277923583984,0,normal
2.93874740600586,0,normal
2.172470092773437,0,normal
1.1310577392578125,0,normal
1.0285377502441406,0,normal
1.2736320495605469,0,normal
1.2743473052978516,0,normal
1.9829273223876955,0,normal
1.311540603637695,0,normal
2.0139217376708984,0,normal
7.726669311523437,0,normal
0.40435791015625,0,normal
1.7476081848144531,0,normal
2.5587081909179688,0,normal
1.2688636779785156,0,normal
1.2094974517822266,0,normal
0.7436275482177734,0,normal
2.5949478149414062,0,normal
1.0619163513183594,0,normal
1.0478496551513672,0,normal
0.943899154663086,0,normal
1.384735107421875,0,normal
0.8115768432617188,0,normal
2.094268798828125,0,normal
1.2063980102539062,0,normal
3.791332244873047,0,normal
2.273082733154297,0,normal
1.8565654754638672,0,normal
1.9185543060302732,0,normal
1.4050006866455078,0,normal
1.5473365783691406,0,normal
5.430698394775391,0,normal
1.979827880859375,0,normal
1.6753673553466797,0,normal
0.9479522705078124,0,normal
1.4653205871582031,0,normal
2.877473831176758,0,normal
0.8022785186767578,0,normal
1.8970966339111328,0,normal
1.584768295288086,0,normal
1.7316341400146484,0,normal
2.535104751586914,0,normal
1.4178752899169922,0,normal
2.0203590393066406,0,normal
1.0294914245605469,0,normal
0.8990764617919922,0,normal
0.7872581481933594,0,normal
0.431060791015625,0,normal
0.5178451538085938,0,normal
1.315593719482422,0,normal
2.0456314086914062,0,normal
2.298116683959961,0,normal
1.516580581665039,0,normal
1.2121200561523438,0,normal
0.9796619415283204,0,normal
2.4585723876953125,0,normal
1.5921592712402344,0,normal
1.466512680053711,0,normal
1.186370849609375,0,normal
1.354694366455078,0,normal
1.728534698486328,0,normal
0.6473064422607422,0,normal
1.1897087097167969,0,normal
3.307342529296875,0,normal
2.3407936096191406,0,normal
1.4693737030029297,0,normal
1.2848377227783203,0,normal
2.0170211791992188,0,normal
2.3801326751708984,0,normal
1.0030269622802734,0,normal
3.5266876220703125,0,normal
1.2869834899902344,0,normal
1.0733604431152344,0,normal
1.285552978515625,0,normal
1.688241958618164,0,normal
1.1510848999023438,0,normal
0.5915164947509766,0,normal
0.4670619964599609,0,normal
1.3041496276855469,0,normal
2.1436214447021484,0,normal
1.0700225830078125,0,normal
3.657817840576172,0,normal
1.899957656860352,0,normal
2.1076202392578125,0,normal
1.338481903076172,0,normal
2.907991409301758,0,normal
1.1432170867919922,0,normal
1.4238357543945312,0,normal
1.184225082397461,0,normal
1.142263412475586,0,normal
1.9898414611816408,0,normal
2.910137176513672,0,normal
1.9407272338867188,0,normal
0.951528549194336,0,normal
1.3349056243896484,0,normal
1.1456012725830078,0,normal
1.3513565063476562,0,normal
1.5909671783447266,0,normal
1.9125938415527344,0,normal
1.5802383422851562,0,normal
1.033782958984375,0,normal
1.3501644134521484,0,normal
1.5764236450195312,0,normal
1.8014907836914065,0,normal
0.9071826934814452,0,normal
3.272056579589844,0,normal
0.6155967712402344,0,normal
1.15203857421875,0,normal
1.3151168823242188,0,normal
2.2830963134765625,0,normal
0.463724136352539,0,normal
1.823663711547852,0,normal
2.376317977905273,0,normal
2.4521350860595703,0,normal
1.4472007751464844,0,normal
1.2423992156982422,0,normal
1.0023117065429688,0,normal
1.190900802612305,0,normal
1.161813735961914,0,normal
0.4930496215820312,0,normal
1.8947124481201167,0,normal
1.9326210021972656,0,normal
1.5308856964111328,0,normal
1.3034343719482422,0,normal
1.909017562866211,0,normal
3.197669982910156,0,normal
1.5540122985839844,0,normal
1.7862319946289062,0,normal
1.5857219696044922,0,normal
1.5766620635986328,0,normal
1.6431808471679688,0,normal
1.8191337585449217,0,normal
1.4295578002929688,0,normal
2.092123031616211,0,normal
3.894329071044922,0,normal
0.5609989166259766,0,normal
0.7562637329101562,0,normal
1.704692840576172,0,normal
1.7788410186767578,0,normal
3.2079219818115234,0,normal
1.580953598022461,0,normal
2.607107162475586,0,normal
2.234220504760742,0,normal
2.260446548461914,0,normal
1.2531280517578125,0,normal
0.7486343383789062,0,normal
1.6398429870605469,0,normal
2.8007030487060547,0,normal
1.64031982421875,0,normal
2.243518829345703,0,normal
1.597881317138672,0,normal
2.634286880493164,0,normal
1.2400150299072266,0,normal
2.0580291748046875,0,normal
1.4684200286865234,0,normal
0.4742145538330078,0,normal
1.4476776123046875,0,normal
0.7109642028808594,0,normal
1.013994216918945,0,normal
1.793622970581055,0,normal
1.931905746459961,0,normal
1.6655921936035156,0,normal
4.160404205322266,0,normal
3.6058425903320312,0,normal
2.9311180114746094,0,normal
1.0209083557128906,0,normal
0.8633136749267578,0,normal
0.4372596740722656,0,normal
1.9991397857666016,0,normal
0.8296966552734375,0,normal
1.912832260131836,0,normal
1.3256072998046875,0,normal
1.7712116241455078,0,normal
1.6739368438720703,0,normal
1.5845298767089844,0,normal
1.7316341400146484,0,normal
3.2846927642822266,0,normal
1.775979995727539,0,normal
1.457929611206055,0,normal
1.4188289642333984,0,normal
1.3957023620605469,0,normal
2.2406578063964844,0,normal
1.409292221069336,0,normal
2.147674560546875,0,normal
2.2230148315429688,0,normal
2.026557922363281,0,normal
1.4159679412841797,0,normal
2.977132797241211,0,normal
1.7087459564208984,0,normal
1.0786056518554688,0,normal
1.1048316955566406,0,normal
1.113176345825195,0,normal
2.7322769165039062,0,normal
1.7390251159667969,0,normal
1.634359359741211,0,normal
0.6229877471923828,0,normal
0.9093284606933594,0,normal
0.4477500915527344,0,normal
1.6734600067138672,0,normal
1.079082489013672,0,normal
2.4251937866210938,0,normal
1.422405242919922,0,normal
1.397848129272461,0,normal
2.513647079467773,0,normal
1.5742778778076172,0,normal
1.1386871337890625,0,normal
2.0956993103027344,0,normal
1.9826889038085935,0,normal
1.867055892944336,0,normal
1.0602474212646484,0,normal
1.4464855194091797,0,normal
1.899003982543945,0,normal
1.3110637664794922,0,normal
1.7690658569335938,0,normal
1.7039775848388672,0,normal
0.5209445953369141,0,normal
3.709793090820313,0,normal
1.0042190551757812,0,normal
0.9489059448242188,0,normal
1.3380050659179688,0,normal
1.7600059509277344,0,normal
1.914024353027344,0,normal
0.9832382202148438,0,normal
1.1942386627197266,0,normal
2.15911865234375,0,normal
0.8025169372558594,0,normal
0.7233619689941406,0,normal
1.1141300201416016,0,normal
2.880334854125977,0,normal
0.5869865417480469,0,normal
1.621723175048828,0,normal
4.602909088134766,0,normal
2.941608428955078,0,normal
3.2749176025390625,0,normal
1.676797866821289,0,normal
2.54201889038086,0,normal
1.4240741729736328,0,normal
1.6407966613769531,0,normal
3.1011104583740234,0,normal
3.01814079284668,0,normal
1.4777183532714844,0,normal
1.0192394256591797,0,normal
2.2423267364501958,0,normal
1.4443397521972656,0,normal
2.1409988403320312,0,normal
1.5082359313964844,0,normal
2.184391021728516,0,normal
1.9533634185791016,0,normal
1.771688461303711,0,normal
0.8375644683837891,0,normal
1.4238357543945312,0,normal
1.058340072631836,0,normal
2.58636474609375,0,normal
2.597808837890625,0,normal
0.7777214050292969,0,normal
1.557111740112305,0,normal
1.8186569213867188,0,normal
0.4541873931884765,0,normal
0.498056411743164,0,normal
0.5381107330322266,0,normal
1.451253890991211,0,normal
1.3701915740966797,0,normal
2.4018287658691406,0,normal
2.80141830444336,0,normal
2.4204254150390625,0,normal
3.852605819702149,0,normal
2.129077911376953,0,normal
1.7168521881103516,0,normal
1.723527908325195,0,normal
0.5753040313720703,0,normal
1.4514923095703125,0,normal
0.9424686431884766,0,normal
2.3527145385742188,0,normal
4.181146621704102,0,normal
0.6082057952880859,0,normal
1.3611316680908203,0,normal
2.222299575805664,0,normal
0.9260177612304688,0,normal
1.212358474731445,0,normal
2.767801284790039,0,normal
2.3801326751708984,0,normal
1.5087127685546875,0,normal
3.237247467041016,0,normal
1.2600421905517578,0,normal
1.8661022186279297,0,normal
1.363515853881836,0,normal
5.297660827636719,0,normal
0.4885196685791015,0,normal
1.0819435119628906,0,normal
0.8902549743652344,0,normal
1.9109249114990237,0,normal
0.5357265472412109,0,normal
1.481771469116211,0,normal
2.7365684509277344,0,normal
0.926971435546875,0,normal
1.848459243774414,0,normal
4.564762115478516,0,normal
1.4126300811767578,0,normal
1.636028289794922,0,normal
3.326892852783203,0,normal
2.310752868652344,0,normal
1.493215560913086,0,normal
2.491474151611328,0,normal
0.7915496826171875,0,normal
0.8032321929931641,0,normal
1.7805099487304688,0,normal
1.6717910766601562,0,normal
1.0814666748046875,0,normal
1.5110969543457031,0,normal
2.524852752685547,0,normal
1.5811920166015625,0,normal
1.856088638305664,0,normal
1.5087127685546875,0,normal
3.714323043823242,0,normal
1.2569427490234375,0,normal
1.0325908660888672,0,normal
1.180410385131836,0,normal
0.8945465087890625,0,normal
1.5354156494140625,0,normal
1.1022090911865234,0,normal
1.766204833984375,0,normal
1.217365264892578,0,normal
2.25210189819336,0,normal
0.9055137634277344,0,normal
1.930475234985352,0,normal
2.153873443603516,0,normal
1.133441925048828,0,normal
1.128435134887695,0,normal
1.0488033294677734,0,normal
0.8580684661865234,0,normal
1.6362667083740234,0,normal
1.3027191162109375,0,normal
1.591205596923828,0,normal
1.0159015655517578,0,normal
1.725912094116211,0,normal
1.6925334930419922,0,normal
1.7099380493164062,0,normal
2.282142639160156,0,normal
2.290487289428711,0,normal
1.6796588897705078,0,normal
1.2421607971191406,0,normal
1.60980224609375,0,normal
1.4977455139160156,0,normal
1.024484634399414,0,normal
1.2710094451904297,0,normal
1.5180110931396484,0,normal
2.0647048950195312,0,normal
0.7674694061279297,0,normal
1.4674663543701172,0,normal
1.3997554779052734,0,normal
1.5649795532226562,0,normal
1.0502338409423828,0,normal
1.8579959869384768,0,normal
0.5528926849365234,0,normal
2.0236968994140625,0,normal
1.6798973083496094,0,normal
1.7218589782714844,0,normal
1.9724369049072263,0,normal
1.5566349029541016,0,normal
5.982637405395508,0,normal
1.809835433959961,0,normal
2.686738967895508,0,normal
1.630544662475586,0,normal
2.404451370239258,0,normal
1.9831657409667969,0,normal
1.138925552368164,0,normal
1.981496810913086,0,normal
1.560211181640625,0,normal
0.6635189056396484,0,normal
1.3127326965332031,0,normal
2.05683708190918,0,normal
1.2271404266357422,0,normal
1.8894672393798828,0,normal
1.7497539520263672,0,normal
1.926422119140625,0,normal
1.7316341400146484,0,normal
2.2842884063720703,0,normal
0.8409023284912109,0,normal
2.0096302032470703,0,normal
2.300024032592773,0,normal
1.5490055084228516,0,normal
1.5740394592285156,0,normal
1.7147064208984375,0,normal
1.4271736145019531,0,normal
1.452922821044922,0,normal
1.4443397521972656,0,normal
1.1243820190429688,0,normal
2.019166946411133,0,normal
1.344919204711914,0,normal
1.155853271484375,0,normal
1.7499923706054688,0,normal
1.8947124481201167,0,normal
1.979351043701172,0,normal
0.9765625,0,normal
1.444101333618164,0,normal
1.6760826110839844,0,normal
1.1768341064453125,0,normal
1.4312267303466797,0,normal
1.2269020080566406,0,normal
1.4100074768066406,0,normal
1.5003681182861328,0,normal
0.8289813995361328,0,normal
0.8294582366943359,0,normal
1.1920928955078125,0,normal
1.0712146759033203,0,normal
0.74005126953125,0,normal
1.5993118286132812,0,normal
0.4658699035644531,0,normal
0.8325576782226562,0,normal
0.7839202880859375,0,normal
1.2526512145996094,0,normal
2.0029544830322266,0,normal
0.8826255798339844,0,normal
1.4522075653076172,0,normal
1.559734344482422,0,normal
2.048969268798828,0,normal
0.5536079406738281,0,normal
1.3005733489990234,0,normal
1.0976791381835938,0,normal
1.9121170043945312,0,normal
1.0685920715332031,0,normal
2.036094665527344,0,normal
1.3072490692138672,0,normal
1.7461776733398438,0,normal
0.6079673767089844,0,normal
1.3642311096191406,0,normal
0.7903575897216797,0,normal
1.979827880859375,0,normal
1.1379718780517578,0,normal
0.9663105010986328,0,normal
1.779317855834961,0,normal
1.597881317138672,0,normal
0.9510517120361328,0,normal
1.6431808471679688,0,normal
1.4123916625976562,0,normal
2.020835876464844,0,normal
1.4181137084960938,0,normal
1.1560916900634766,0,normal
0.797271728515625,0,normal
1.4636516571044922,0,normal
1.3706684112548828,0,normal
1.1839866638183594,0,normal
1.2340545654296875,0,normal
1.6629695892333984,0,normal
1.7714500427246094,0,normal
2.4576187133789062,0,normal
1.012563705444336,0,normal
1.796722412109375,0,normal
0.8921623229980469,0,normal
1.188516616821289,0,normal
1.5208721160888672,0,normal
1.4700889587402344,0,normal
3.308534622192383,0,normal
1.468658447265625,0,normal
1.3134479522705078,0,normal
2.4967193603515625,0,normal
1.0538101196289062,0,normal
2.349376678466797,0,normal
1.419782638549805,0,normal
1.2333393096923828,0,normal
1.1408329010009766,0,normal
1.3675689697265625,0,normal
1.428365707397461,0,normal
0.69427490234375,0,normal
1.432657241821289,0,normal
1.3298988342285156,0,normal
1.3911724090576172,0,normal
0.7493495941162109,0,normal
1.4586448669433594,0,normal
2.833127975463867,0,normal
1.7139911651611328,0,normal
0.6229877471923828,0,normal
1.9276142120361328,0,normal
1.2500286102294922,0,normal
1.565694808959961,0,normal
1.130819320678711,0,normal
1.186370849609375,0,normal
1.2574195861816406,0,normal
1.6260147094726562,0,normal
1.7175674438476562,0,normal
2.146482467651367,0,normal
1.0640621185302734,0,normal
0.9386539459228516,0,normal
2.221107482910156,0,normal
1.238107681274414,0,normal
2.435445785522461,0,normal
1.2764930725097656,0,normal
1.2843608856201172,0,normal
0.885009765625,0,normal
1.8148422241210935,0,normal
4.51970100402832,0,normal
1.1889934539794922,0,normal
1.8711090087890625,0,normal
1.8527507781982424,0,normal
1.8482208251953125,0,normal
1.0442733764648438,0,normal
1.3849735260009766,0,normal
1.7268657684326172,0,normal
0.8587837219238281,0,normal
1.4832019805908203,0,normal
1.3582706451416016,0,normal
1.4998912811279297,0,normal
1.237630844116211,0,normal
1.6088485717773438,0,normal
2.087831497192383,0,normal
6.052017211914063,0,normal
1.6393661499023438,0,normal
1.1670589447021484,0,normal
0.9982585906982422,0,normal
1.9412040710449217,0,normal
1.5332698822021484,0,normal
1.367330551147461,0,normal
1.6880035400390625,0,normal
2.1576881408691406,0,normal
1.541852951049805,0,normal
1.3518333435058594,0,normal
1.5892982482910156,0,normal
1.0476112365722656,0,normal
2.676963806152344,0,normal
0.8950233459472656,0,normal
1.6164779663085938,0,normal
1.978158950805664,0,normal
1.9137859344482424,0,normal
1.312255859375,0,normal
2.827882766723633,0,normal
1.8677711486816408,0,normal
1.1184215545654297,0,normal
1.3072490692138672,0,normal
0.8962154388427734,0,normal
0.8521080017089844,0,normal
0.8699893951416016,0,normal
1.2776851654052734,0,normal
1.136064529418945,0,normal
1.2309551239013672,0,normal
1.7216205596923828,0,normal
1.6658306121826172,0,normal
2.819299697875977,0,normal
1.989603042602539,0,normal
1.6200542449951172,0,normal
1.5201568603515625,0,normal
1.7676353454589844,0,normal
4.325151443481445,0,normal
2.2406578063964844,0,normal
1.0137557983398438,0,normal
1.5947818756103516,0,normal
0.4422664642333984,0,normal
0.4925727844238281,0,normal
0.4820823669433594,0,normal
1.15966796875,0,normal
1.1701583862304688,0,normal
2.508878707885742,0,normal
2.246856689453125,0,normal
1.884937286376953,0,normal
1.5420913696289062,0,normal
1.6241073608398438,0,normal
4.475593566894531,0,normal
1.3170242309570312,0,normal
1.35040283203125,0,normal
2.9439926147460938,0,normal
0.7016658782958984,0,normal
2.9664039611816406,0,normal
1.4882087707519531,0,normal
1.8284320831298828,0,normal
1.438140869140625,0,normal
2.5475025177001958,0,normal
1.369953155517578,0,normal
2.282857894897461,0,normal
4.268884658813477,0,normal
0.9069442749023438,0,normal
1.8758773803710935,0,normal
1.967191696166992,0,normal
1.0762214660644531,0,normal
1.4410018920898438,0,normal
1.7278194427490234,0,normal
2.066612243652344,0,normal
4.028081893920898,0,normal
1.6350746154785156,0,normal
2.356529235839844,0,normal
0.5714893341064453,0,normal
1.6829967498779297,0,normal
2.1398067474365234,0,normal
1.5201568603515625,0,normal
2.093076705932617,0,normal
2.082347869873047,0,normal
1.7368793487548828,0,normal
1.1017322540283203,0,normal
2.099752426147461,0,normal
0.6208419799804688,0,normal
1.809120178222656,0,normal
9.295940399169922,0,normal
2.495050430297852,0,normal
1.578569412231445,0,normal
2.6276111602783203,0,normal
1.6162395477294922,0,normal
0.965595245361328,0,normal
2.1750926971435547,0,normal
1.688241958618164,0,normal
1.778364181518555,0,normal
1.565694808959961,0,normal
1.378774642944336,0,normal
1.2614727020263672,0,normal
2.8574466705322266,0,normal
1.5931129455566406,0,normal
1.2295246124267578,0,normal
1.432657241821289,0,normal
1.2507438659667969,0,normal
2.210378646850586,0,normal
1.067399978637695,0,normal
3.772735595703125,0,normal
0.9908676147460938,0,normal
1.926422119140625,0,normal
1.5153884887695312,0,normal
1.9693374633789065,0,normal
1.5332698822021484,0,normal
1.9099712371826167,0,normal
0.7665157318115234,0,normal
1.2607574462890625,0,normal
1.325845718383789,0,normal
1.319169998168945,0,normal
0.6287097930908203,0,normal
1.5411376953125,0,normal
1.9083023071289065,0,normal
1.859903335571289,0,normal
1.347064971923828,0,normal
1.2328624725341797,0,normal
1.338481903076172,0,normal
1.2729167938232422,0,normal
1.0099411010742188,0,normal
1.793622970581055,0,normal
1.86920166015625,0,normal
2.2656917572021484,0,normal
1.3277530670166016,0,normal
1.4383792877197266,0,normal
3.44085693359375,0,normal
1.8839836120605469,0,normal
3.4515857696533203,0,normal
1.4185905456542969,0,normal
1.047372817993164,0,normal
0.972747802734375,0,normal
2.315282821655273,0,normal
0.9131431579589844,0,normal
2.63667106628418,0,normal
1.6846656799316406,0,normal
4.450559616088867,0,normal
1.203298568725586,0,normal
1.708984375,0,normal
1.6279220581054688,0,normal
2.022027969360352,0,normal
3.1843185424804688,0,normal
0.7584095001220703,0,normal
0.6189346313476562,0,normal
1.6312599182128906,0,normal
1.857757568359375,0,normal
0.5195140838623047,0,normal
1.697063446044922,0,normal
1.814126968383789,0,normal
1.3952255249023438,0,normal
1.8610954284667969,0,normal
2.1762847900390625,0,normal
5.442380905151367,0,normal
1.2879371643066406,0,normal
3.2737255096435547,0,normal
1.7771720886230469,0,normal
1.4967918395996094,0,normal
1.245737075805664,0,normal
1.1267662048339844,0,normal
1.527547836303711,0,normal
1.2941360473632812,0,normal
1.5883445739746094,0,normal
0.6263256072998047,0,normal
0.4398822784423828,0,normal
1.287698745727539,0,normal
0.4756450653076172,0,normal
0.6916522979736328,0,normal
0.4231929779052734,0,normal
0.6029605865478516,0,normal
0.4472732543945312,0,normal
0.5548000335693359,0,normal
0.6270408630371094,0,normal
1.725912094116211,0,normal
1.2066364288330078,0,normal
0.7612705230712891,0,normal
0.6206035614013672,0,normal
0.415802001953125,0,normal
0.8716583251953125,0,normal
0.9360313415527344,0,normal
1.1670589447021484,0,normal
1.769304275512695,0,normal
0.84686279296875,0,normal
0.7083415985107422,0,normal
0.5505084991455078,0,normal
0.52642822265625,0,normal
1.087665557861328,0,normal
1.3854503631591797,0,normal
1.834869384765625,0,normal
0.5922317504882812,0,normal
1.0776519775390625,0,normal
0.5676746368408203,0,normal
1.0309219360351562,0,normal
0.5018711090087891,0,normal
2.419710159301758,0,normal
1.0907649993896484,0,normal
1.2955665588378906,0,normal
1.5361309051513672,0,normal
1.5406608581542969,0,normal
0.8418560028076172,0,normal
1.4393329620361328,0,normal
0.7584095001220703,0,normal
0.9508132934570312,0,normal
1.4858245849609375,0,normal
0.9596347808837892,0,normal
0.5216598510742188,0,normal
1.7969608306884766,0,normal
0.4763603210449219,0,normal
0.6392002105712891,0,normal
0.9477138519287108,0,normal
0.7646083831787109,0,normal
1.2884140014648438,0,normal
1.163482666015625,0,normal
0.8080005645751953,0,normal
0.9520053863525392,0,normal
0.7851123809814453,0,normal
2.118110656738281,0,normal
0.7061958312988281,0,normal
1.60980224609375,0,normal
3.314495086669922,0,normal
0.911712646484375,0,normal
0.6437301635742188,0,normal
1.3463497161865234,0,normal
1.2187957763671875,0,normal
2.3086071014404297,0,normal
0.4987716674804687,0,normal
0.7412433624267578,0,normal
0.5927085876464844,0,normal
0.8106231689453125,0,normal
1.0051727294921875,0,normal
1.229047775268555,0,normal
1.1217594146728516,0,normal
2.6314258575439453,0,normal
2.060413360595703,0,normal
1.1072158813476562,0,normal
0.7917881011962891,0,normal
1.1622905731201172,0,normal
0.5505084991455078,0,normal
1.0676383972167969,0,normal
1.1637210845947266,0,normal
0.9543895721435548,0,normal
0.8134841918945312,0,normal
1.0089874267578125,0,normal
0.934600830078125,0,normal
0.5054473876953125,0,normal
0.6971359252929688,0,normal
1.1947154998779297,0,normal
2.3381710052490234,0,normal
0.9174346923828124,0,normal
0.4224777221679687,0,normal
0.5347728729248047,0,normal
0.6051063537597656,0,normal
0.4937648773193359,0,normal
0.5381107330322266,0,normal
1.1632442474365234,0,normal
1.5223026275634766,0,normal
1.5652179718017578,0,normal
1.0991096496582031,0,normal
1.127004623413086,0,normal
1.861572265625,0,normal
1.5354156494140625,0,normal
1.3322830200195312,0,normal
1.0018348693847656,0,normal
0.3802776336669922,0,normal
1.131296157836914,0,normal
0.8525848388671875,0,normal
2.328157424926758,0,normal
1.7256736755371094,0,normal
0.6392002105712891,0,normal
1.2297630310058594,0,normal
1.1606216430664062,0,normal
0.8637905120849609,0,normal
0.640869140625,0,normal
0.3976821899414062,0,normal
0.5018711090087891,0,normal
0.7975101470947266,0,normal
0.6821155548095703,0,normal
0.5426406860351562,0,normal
0.6430149078369141,0,normal
0.606536865234375,0,normal
0.7252693176269531,0,normal
0.5078315734863281,0,normal
0.598907470703125,0,normal
0.4785060882568359,0,normal
3.04865837097168,0,normal
0.6017684936523438,0,normal
0.9357929229736328,0,normal
1.1463165283203125,0,normal
0.9608268737792968,0,normal
0.440835952758789,0,normal
0.5548000335693359,0,normal
0.4594326019287109,0,normal
1.678466796875,0,normal
2.4309158325195312,0,normal
1.2221336364746094,0,normal
1.0042190551757812,0,normal
0.9479522705078124,0,normal
1.0488033294677734,0,normal
0.7486343383789062,0,normal
2.1262168884277344,0,normal
1.2755393981933594,0,normal
0.4885196685791015,0,normal
0.8203983306884766,0,normal
1.1570453643798828,0,normal
0.9701251983642578,0,normal
0.5650520324707031,0,normal
0.9541511535644532,0,normal
3.70478630065918,0,normal
0.5724430084228516,0,normal
1.0290145874023438,0,normal
0.7357597351074219,0,normal
0.4379749298095703,0,normal
0.471353530883789,0,normal
0.7786750793457031,0,normal
0.6053447723388672,0,normal
1.9772052764892576,0,normal
0.8680820465087891,0,normal
1.3484954833984375,0,normal
1.3861656188964844,0,normal
0.6592273712158203,0,normal
0.7443428039550781,0,normal
5.0811767578125,0,normal
0.8804798126220703,0,normal
1.0204315185546875,0,normal
0.8184909820556641,0,normal
1.2218952178955078,0,normal
1.973867416381836,0,normal
1.1529922485351562,0,normal
0.6113052368164062,0,normal
0.5295276641845703,0,normal
0.6458759307861328,0,normal
0.4510879516601562,0,normal
0.6096363067626953,0,normal
0.4346370697021484,0,normal
1.0898113250732422,0,normal
2.983331680297852,0,normal
0.8072853088378906,0,normal
0.4181861877441406,0,normal
0.5841255187988281,0,normal
0.7810592651367188,0,normal
1.376628875732422,0,normal
1.1942386627197266,0,normal
0.6470680236816406,0,normal
0.7679462432861328,0,normal
0.4673004150390625,0,normal
0.8275508880615234,0,normal
0.935077667236328,0,normal
0.7214546203613281,0,normal
0.5025863647460938,0,normal
0.7922649383544922,0,normal
0.6787776947021484,0,normal
0.774383544921875,0,normal
0.6840229034423828,0,normal
0.476837158203125,0,normal
0.9791851043701172,0,normal
0.5931854248046875,0,normal
0.4878044128417969,0,normal
1.1599063873291016,0,normal
1.2972354888916016,0,normal
0.9126663208007812,0,normal
0.5846023559570312,0,normal
0.6396770477294922,0,normal
0.3857612609863281,0,normal
0.6809234619140625,0,normal
0.507354736328125,0,normal
0.5168914794921875,0,normal
0.469207763671875,0,normal
1.804351806640625,0,normal
1.2481212615966797,0,normal
0.6716251373291016,0,normal
0.5788803100585938,0,normal
0.6184577941894531,0,normal
0.4894733428955078,0,normal
0.4799365997314453,0,normal
0.6754398345947266,0,normal
1.0912418365478516,0,normal
1.0066032409667969,0,normal
0.6570816040039062,0,normal
0.7569789886474609,0,normal
0.698089599609375,0,normal
0.5826950073242188,0,normal
0.4601478576660156,0,normal
0.4823207855224609,0,normal
0.9295940399169922,0,normal
0.9605884552001952,0,normal
0.4148483276367187,0,normal
0.6895065307617188,0,normal
0.5409717559814453,0,normal
0.5781650543212891,0,normal
0.7905960083007812,0,normal
0.5733966827392578,0,normal
0.4992485046386719,0,normal
0.4518032073974609,0,normal
0.6742477416992188,0,normal
0.3957748413085937,0,normal
0.5426406860351562,0,normal
0.7028579711914062,0,normal
0.6392002105712891,0,normal
0.7050037384033203,0,normal
0.8904933929443359,0,normal
0.3900527954101562,0,normal
0.7889270782470703,0,normal
0.6978511810302734,0,normal
0.5428791046142578,0,normal
0.6668567657470703,0,normal
0.7483959197998047,0,normal
0.4265308380126953,0,normal
0.3857612609863281,0,normal
0.5562305450439453,0,normal
0.5714893341064453,0,normal
0.6971359252929688,0,normal
0.6253719329833984,0,normal
0.4403591156005859,0,normal
0.6594657897949219,0,normal
0.4320144653320312,0,normal
0.6668567657470703,0,normal
0.5857944488525391,0,normal
0.7829666137695312,0,normal
0.4036426544189453,0,normal
0.4513263702392578,0,normal
0.6520748138427734,0,normal
0.7195472717285156,0,normal
0.4246234893798828,0,normal
0.5662441253662109,0,normal
0.3590583801269531,0,normal
1.2357234954833984,0,normal
0.7696151733398438,0,normal
0.6406307220458984,0,normal
0.4496574401855469,0,normal
0.8485317230224609,0,normal
0.4529953002929687,0,normal
0.9851455688476562,0,normal
0.6392002105712891,0,normal
0.5726814270019531,0,normal
0.5693435668945312,0,normal
1.774311065673828,0,normal
0.4670619964599609,0,normal
0.5049705505371094,0,normal
0.5600452423095703,0,normal
0.7998943328857422,0,normal
0.8745193481445312,0,normal
0.3705024719238281,0,normal
0.8671283721923828,0,normal
0.9014606475830078,0,normal
0.591278076171875,0,normal
0.5383491516113281,0,normal
1.1432170867919922,0,normal
0.3767013549804687,0,normal
0.5364418029785156,0,normal
0.5922317504882812,0,normal
0.4537105560302734,0,normal
0.4668235778808594,0,normal
1.245260238647461,0,normal
0.7619857788085938,0,normal
0.9291172027587892,0,normal
0.8244514465332031,0,normal
1.176595687866211,0,normal
0.4787445068359375,0,normal
0.7684230804443359,0,normal
0.7486343383789062,0,normal
1.2664794921875,0,normal
0.8256435394287109,0,normal
0.6639957427978516,0,normal
0.3705024719238281,0,normal
0.5943775177001953,0,normal
0.7112026214599609,0,normal
0.9145736694335938,0,normal
0.7064342498779297,0,normal
1.1873245239257812,0,normal
0.7965564727783203,0,normal
0.9598731994628906,0,normal
1.3859272003173828,0,normal
0.9777545928955078,0,normal
0.5700588226318359,0,normal
0.8914470672607422,0,normal
0.7636547088623047,0,normal
1.1250972747802734,0,normal
0.6299018859863281,0,normal
3.145456314086914,0,normal
1.3408660888671875,0,normal
0.8931159973144531,0,normal
0.438690185546875,0,normal
0.6444454193115234,0,normal
0.9033679962158204,0,normal
1.1773109436035156,0,normal
1.218557357788086,0,normal
2.4356842041015625,0,normal
0.8451938629150391,0,normal
1.3306140899658203,0,normal
0.7262229919433594,0,normal
0.8068084716796875,0,normal
1.2879371643066406,0,normal
1.2531280517578125,0,normal
0.8101463317871094,0,normal
0.5819797515869141,0,normal
0.6055831909179688,0,normal
0.7433891296386719,0,normal
0.7083415985107422,0,normal
1.5718936920166016,0,normal
1.171588897705078,0,normal
0.4720687866210937,0,normal
0.6926059722900391,0,normal
2.774238586425781,0,normal
0.4873275756835937,0,normal
0.732421875,0,normal
0.5061626434326172,0,normal
0.5445480346679688,0,normal
0.4720687866210937,0,normal
0.4537105560302734,0,normal
0.4246234893798828,0,normal
1.2335777282714844,0,normal
1.859903335571289,0,normal
0.5228519439697266,0,normal
0.6620883941650391,0,normal
0.4625320434570312,0,normal
0.5509853363037109,0,normal
0.5247592926025391,0,normal
0.4677772521972656,0,normal
1.796245574951172,0,normal
0.996112823486328,0,normal
0.5695819854736328,0,normal
0.7112026214599609,0,normal
0.7903575897216797,0,normal
0.6804466247558594,0,normal
1.039266586303711,0,normal
0.9548664093017578,0,normal
0.7121562957763672,0,normal
0.3764629364013672,0,normal
0.560760498046875,0,normal
0.9682178497314452,0,normal
0.6303787231445312,0,normal
0.6382465362548828,0,normal
0.4756450653076172,0,normal
0.8101463317871094,0,normal
1.5213489532470703,0,normal
0.4477500915527344,0,normal
0.498056411743164,0,normal
1.0786056518554688,0,normal
0.3941059112548828,0,normal
0.6155967712402344,0,normal
1.6989707946777344,0,normal
0.72479248046875,0,normal
0.4410743713378906,0,normal
0.4630088806152344,0,normal
1.127004623413086,0,normal
0.989675521850586,0,normal
0.568389892578125,0,normal
0.6456375122070312,0,normal
0.4963874816894531,0,normal
0.9360313415527344,0,normal
0.3657341003417969,0,normal
0.4680156707763672,0,normal
0.6282329559326172,0,normal
1.2493133544921875,0,normal
0.5412101745605469,0,normal
0.6418228149414062,0,normal
0.5273818969726562,0,normal
0.940561294555664,0,normal
1.1301040649414062,0,normal
0.7338523864746094,0,normal
0.9472370147705078,0,normal
0.6921291351318359,0,normal
0.75531005859375,0,normal
1.2433528900146484,0,normal
1.0151863098144531,0,normal
1.0361671447753906,0,normal
1.0929107666015625,0,normal
0.4694461822509765,0,normal
1.7201900482177734,0,normal
1.3535022735595703,0,normal
0.7758140563964844,0,normal
1.386404037475586,0,normal
1.5518665313720703,0,normal
0.4410743713378906,0,normal
2.0596981048583984,0,normal
0.5915164947509766,0,normal
0.8478164672851562,0,normal
1.16729736328125,0,normal
1.049041748046875,0,normal
1.2865066528320312,0,normal
2.6121139526367188,0,normal
0.8084774017333984,0,normal
1.1599063873291016,0,normal
1.178741455078125,0,normal
0.9529590606689452,0,normal
1.3821125030517578,0,normal
0.8034706115722656,0,normal
0.7827281951904297,0,normal
0.6611347198486328,0,normal
0.7860660552978516,0,normal
0.7505416870117188,0,normal
1.4469623565673828,0,normal
1.0161399841308594,0,normal
0.8294582366943359,0,normal
1.0957717895507812,0,normal
0.7908344268798828,0,normal
0.6847381591796875,0,normal
0.4353523254394531,0,normal
1.2502670288085938,0,normal
0.8149147033691406,0,normal
0.4861354827880859,0,normal
1.9218921661376955,0,normal
1.7364025115966797,0,normal
0.5495548248291016,0,normal
0.7767677307128906,0,normal
1.2440681457519531,0,normal
0.7500648498535156,0,normal
0.8454322814941406,0,normal
1.5041828155517578,0,normal
0.6289482116699219,0,normal
0.7941722869873047,0,normal
0.4060268402099609,0,normal
0.7641315460205078,0,normal
0.396728515625,0,normal
3.968477249145508,0,normal
1.1444091796875,0,normal
0.5633831024169922,0,normal
1.275777816772461,0,normal
0.7903575897216797,0,normal
0.7328987121582031,0,normal
0.7250308990478516,0,normal
0.5514621734619141,0,normal
0.4279613494873047,0,normal
0.6132125854492188,0,normal
1.6622543334960938,0,normal
2.374887466430664,0,normal
0.9717941284179688,0,normal
0.8232593536376953,0,normal
1.541852951049805,0,normal
1.0898113250732422,0,normal
1.920461654663086,0,normal
0.5815029144287109,0,normal
0.7429122924804688,0,normal
0.9410381317138672,0,normal
1.3074874877929688,0,normal
0.934123992919922,0,normal
0.8838176727294922,0,normal
0.6015300750732422,0,normal
1.9378662109375,0,normal
0.8406639099121094,0,normal
0.4537105560302734,0,normal
0.7443428039550781,0,normal
0.8208751678466797,0,normal
0.7069110870361328,0,normal
0.7033348083496094,0,normal
0.4856586456298828,0,normal
0.5276203155517578,0,normal
1.1606216430664062,0,normal
0.5233287811279297,0,normal
0.6144046783447266,0,normal
0.6177425384521484,0,normal
0.7715225219726562,0,normal
0.3778934478759765,0,normal
1.311540603637695,0,normal
0.7460117340087891,0,normal
1.07574462890625,0,normal
1.023054122924805,0,normal
1.1973381042480469,0,normal
0.8249282836914062,0,normal
0.7276535034179688,0,normal
0.6561279296875,0,normal
1.0745525360107422,0,normal
1.030683517456055,0,normal
4.184722900390625,0,normal
0.4532337188720703,0,normal
0.5347728729248047,0,normal
0.6489753723144531,0,normal
0.4341602325439453,0,normal
2.4907588958740234,0,normal
2.5517940521240234,0,normal
0.5385875701904297,0,normal
1.28936767578125,0,normal
0.3964900970458984,0,normal
1.0161399841308594,0,normal
1.6815662384033203,0,normal
1.2745857238769531,0,normal
1.7659664154052734,0,normal
0.789642333984375,0,normal
0.6349086761474609,0,normal
0.4971027374267578,0,normal
0.438690185546875,0,normal
0.4377365112304687,0,normal
0.8366107940673828,0,normal
0.8230209350585938,0,normal
0.8203983306884766,0,normal
0.6458759307861328,0,normal
1.2111663818359375,0,normal
0.8270740509033203,0,normal
1.024007797241211,0,normal
2.767801284790039,0,normal
0.843048095703125,0,normal
1.0075569152832031,0,normal
1.542806625366211,0,normal
0.8938312530517578,0,normal
1.595258712768555,0,normal
1.153707504272461,0,normal
1.3992786407470703,0,normal
1.7902851104736328,0,normal
1.0848045349121094,0,normal
1.1737346649169922,0,normal
0.9903907775878906,0,normal
1.3895034790039062,0,normal
1.421213150024414,0,normal
2.214908599853516,0,normal
0.8077621459960938,0,normal
0.6623268127441406,0,normal
0.995159149169922,0,normal
0.7412433624267578,0,normal
0.66375732421875,0,normal
0.8225440979003906,0,normal
0.5803108215332031,0,normal
0.3945827484130859,0,normal
0.9858608245849608,0,normal
2.341747283935547,0,normal
2.1762847900390625,0,normal
0.66375732421875,0,normal
1.12152099609375,0,normal
1.1463165283203125,0,normal
0.4963874816894531,0,normal
0.7462501525878906,0,normal
1.177072525024414,0,normal
0.7340908050537109,0,normal
1.0311603546142578,0,normal
0.5767345428466797,0,normal
0.4453659057617187,0,normal
0.5199909210205078,0,normal
0.7696151733398438,0,normal
0.6406307220458984,0,normal
0.8115768432617188,0,normal
1.5816688537597656,0,normal
1.085519790649414,0,normal
0.8950233459472656,0,normal
0.9393692016601562,0,normal
0.5831718444824219,0,normal
0.7445812225341797,0,normal
0.8242130279541016,0,normal
0.7312297821044922,0,normal
0.5295276641845703,0,normal
0.6611347198486328,0,normal
0.7498264312744141,0,normal
0.35858154296875,0,normal
0.5128383636474609,0,normal
0.6699562072753906,0,normal
1.0752677917480469,0,normal
1.753091812133789,0,normal
0.9443759918212892,0,normal
0.5240440368652344,0,normal
0.6155967712402344,0,normal
0.8254051208496094,0,normal
2.543210983276367,0,normal
0.4565715789794922,0,normal
0.8113384246826172,0,normal
0.6468296051025391,0,normal
0.8883476257324219,0,normal
0.5280971527099609,0,normal
0.9407997131347656,0,normal
0.5154609680175781,0,normal
0.9381771087646484,0,normal
0.8573532104492188,0,normal
1.3620853424072266,0,normal
1.9011497497558596,0,normal
1.2307167053222656,0,normal
0.9453296661376952,0,normal
0.6499290466308594,0,normal
1.018524169921875,0,normal
0.9691715240478516,0,normal
0.7424354553222656,0,normal
2.6547908782958984,0,normal
0.5288124084472656,0,normal
1.3060569763183594,0,normal
0.6809234619140625,0,normal
0.9355545043945312,0,normal
0.9911060333251952,0,normal
1.0387897491455078,0,normal
1.0275840759277344,0,normal
0.8800029754638672,0,normal
0.8282661437988281,0,normal
0.701904296875,0,normal
1.262664794921875,0,normal
1.517534255981445,0,normal
2.011537551879883,0,normal
0.9622573852539062,0,normal
0.640869140625,0,normal
0.6992816925048828,0,normal
0.9894371032714844,0,normal
1.0743141174316406,0,normal
1.0747909545898438,0,normal
1.7528533935546875,0,normal
0.8306503295898438,0,normal
1.497030258178711,0,normal
0.9829998016357422,0,normal
1.128435134887695,0,normal
0.7870197296142578,0,normal
0.385284423828125,0,normal
0.8013248443603516,0,normal
0.5888938903808594,0,normal
0.4916191101074219,0,normal
0.7548332214355469,0,normal
0.5786418914794922,0,normal
0.6246566772460938,0,normal
1.0476112365722656,0,normal
0.7681846618652344,0,normal
0.4663467407226562,0,normal
0.8225440979003906,0,normal
1.4736652374267578,0,normal
0.6465911865234375,0,normal
0.545501708984375,0,normal
0.8978843688964844,0,normal
0.8950233459472656,0,normal
0.4856586456298828,0,normal
2.9289722442626958,0,normal
0.5335807800292969,0,normal
0.4525184631347656,0,normal
0.4384517669677734,0,normal
0.4937648773193359,0,normal
0.5686283111572266,0,normal
0.3736019134521484,0,normal
1.3227462768554688,0,normal
1.6398429870605469,0,normal
0.7014274597167969,0,normal
0.7739067077636719,0,normal
0.8666515350341797,0,normal
0.7808208465576172,0,normal
0.7588863372802734,0,normal
0.7634162902832031,0,normal
1.1906623840332031,0,normal
0.7328987121582031,0,normal
1.4052391052246094,0,normal
1.3015270233154297,0,normal
0.4839897155761719,0,normal
0.5486011505126953,0,normal
0.8282661437988281,0,normal
1.051187515258789,0,normal
1.0449886322021484,0,normal
2.54058837890625,0,normal
0.4746913909912109,0,normal
0.3905296325683594,0,normal
0.4088878631591797,0,normal
0.4556179046630859,0,normal
0.4978179931640625,0,normal
0.6170272827148438,0,normal
0.4708766937255859,0,normal
0.629425048828125,0,normal
2.483129501342773,0,normal
1.0352134704589844,0,normal
2.6426315307617188,0,normal
1.3098716735839844,0,normal
1.0454654693603516,0,normal
0.6299018859863281,0,normal
1.4801025390625,0,normal
1.235246658325195,0,normal
0.7271766662597656,0,normal
0.4580020904541015,0,normal
1.4331340789794922,0,normal
0.7719993591308594,0,normal
1.152753829956055,0,normal
1.9681453704833984,0,normal
0.7524490356445312,0,normal
2.5589466094970703,0,normal
0.52642822265625,0,normal
0.4665851593017578,0,normal
0.5102157592773438,0,normal
0.5755424499511719,0,normal
0.4396438598632812,0,normal
1.511335372924805,0,normal
0.762939453125,0,normal
1.903057098388672,0,normal
1.816987991333008,0,normal
1.3990402221679688,0,normal
2.9032230377197266,0,normal
1.7094612121582031,0,normal
0.7255077362060547,0,normal
0.8747577667236328,0,normal
0.3969669342041015,0,normal
1.4989376068115234,0,normal
0.6780624389648438,0,normal
0.4510879516601562,0,normal
0.5061626434326172,0,normal
0.5462169647216797,0,normal
0.5500316619873047,0,normal
0.8001327514648438,0,normal
0.3755092620849609,0,normal
1.2423992156982422,0,normal
0.4372596740722656,0,normal
1.0192394256591797,0,normal
0.6947517395019531,0,normal
4.312992095947266,0,normal
0.9984970092773438,0,normal
0.8425712585449219,0,normal
0.8819103240966797,0,normal
0.9412765502929688,0,normal
4.523277282714844,0,normal
0.926494598388672,0,normal
0.8311271667480469,0,normal
0.4739761352539062,0,normal
0.6694793701171875,0,normal
0.9870529174804688,0,normal
0.4429817199707031,0,normal
0.8349418640136719,0,normal
3.0548572540283203,0,normal
1.274824142456055,0,normal
1.5821456909179688,0,normal
0.6422996520996094,0,normal
1.7528533935546875,0,normal
1.816511154174805,0,normal
0.6892681121826172,0,normal
1.2679100036621094,0,normal
0.8084774017333984,0,normal
1.558065414428711,0,normal
1.295328140258789,0,normal
1.944780349731445,0,normal
1.1088848114013672,0,normal
2.2225379943847656,0,normal
1.117229461669922,0,normal
2.303600311279297,0,normal
1.811504364013672,0,normal
1.2552738189697266,0,normal
1.062631607055664,0,normal
1.3988018035888672,0,normal
1.7483234405517578,0,normal
2.5014877319335938,0,normal
1.773357391357422,0,normal
0.4320144653320312,0,normal
1.2946128845214844,0,normal
1.7619132995605469,0,normal
2.243518829345703,0,normal
2.1245479583740234,0,normal
0.6291866302490234,0,normal
1.1272430419921875,0,normal
1.9550323486328125,0,normal
0.5464553833007812,0,normal
0.4591941833496094,0,normal
0.4193782806396484,0,normal
0.5133152008056641,0,normal
1.3675689697265625,0,normal
0.4706382751464844,0,normal
0.7119178771972656,0,normal
0.3964900970458984,0,normal
0.3831386566162109,0,normal
0.8387565612792969,0,normal
0.7042884826660156,0,normal
1.124858856201172,0,normal
0.637054443359375,0,normal
0.5502700805664062,0,normal
0.8852481842041016,0,normal
0.5648136138916016,0,normal
0.5486011505126953,0,normal
0.5052089691162109,0,normal
0.652313232421875,0,normal
0.5295276641845703,0,normal
0.8928775787353516,0,normal
0.5023479461669922,0,normal
1.2211799621582031,0,normal
0.8857250213623047,0,normal
0.5645751953125,0,normal
0.90789794921875,0,normal
0.5986690521240234,0,normal
0.5564689636230469,0,normal
0.7903575897216797,0,normal
0.6773471832275391,0,normal
0.5261898040771484,0,normal
0.4582405090332031,0,normal
0.4847049713134765,0,normal
0.5779266357421875,0,normal
0.6792545318603516,0,normal
0.6880760192871094,0,normal
1.441240310668945,0,normal
0.9272098541259766,0,normal
0.6618499755859375,0,normal
0.6415843963623047,0,normal
0.8943080902099609,0,normal
0.9033679962158204,0,normal
0.3886222839355469,0,normal
0.6036758422851562,0,normal
0.9715557098388672,0,normal
0.7770061492919922,0,normal
0.4355907440185547,0,normal
0.4193782806396484,0,normal
0.5371570587158203,0,normal
0.5137920379638672,0,normal
0.4684925079345703,0,normal
0.9124279022216796,0,normal
0.8614063262939453,0,normal
0.6837844848632812,0,normal
0.6513595581054688,0,normal
0.490427017211914,0,normal
1.165628433227539,0,normal
0.4036426544189453,0,normal
0.5791187286376953,0,normal
0.4630088806152344,0,normal
0.971078872680664,0,normal
0.7321834564208984,0,normal
0.4973411560058594,0,normal
3.4024715423583984,0,normal
0.7717609405517578,0,normal
0.8096694946289062,0,normal
1.1458396911621094,0,normal
1.0128021240234375,0,normal
0.6783008575439453,0,normal
0.5452632904052734,0,normal
0.429391860961914,0,normal
0.7307529449462891,0,normal
0.6263256072998047,0,normal
1.0685920715332031,0,normal
2.793550491333008,0,normal
0.3876686096191406,0,normal
0.675201416015625,0,normal
0.4639625549316406,0,normal
0.4508495330810547,0,normal
0.7307529449462891,0,normal
0.5202293395996094,0,normal
1.117706298828125,0,normal
1.3027191162109375,0,normal
0.576019287109375,0,normal
0.4837512969970703,0,normal
0.5731582641601562,0,normal
0.63323974609375,0,normal
1.1942386627197266,0,normal
1.216888427734375,0,normal
1.230001449584961,0,normal
0.9257793426513672,0,normal
0.8342266082763672,0,normal
0.5135536193847656,0,normal
1.4140605926513672,0,normal
0.4136562347412109,0,normal
0.5233287811279297,0,normal
0.5893707275390625,0,normal
0.5269050598144531,0,normal
0.537872314453125,0,normal
0.7925033569335938,0,normal
0.7703304290771484,0,normal
0.4527568817138672,0,normal
0.5161762237548828,0,normal
0.4038810729980469,0,normal
1.1126995086669922,0,normal
0.9477138519287108,0,normal
0.5128383636474609,0,normal
0.6301403045654297,0,normal
1.2345314025878906,0,normal
1.2445449829101562,0,normal
1.0886192321777344,0,normal
0.5536079406738281,0,normal
0.8249282836914062,0,normal
0.6487369537353516,0,normal
0.5326271057128906,0,normal
0.45013427734375,0,normal
0.7832050323486328,0,normal
1.035451889038086,0,normal
0.9279251098632812,0,normal
1.0421276092529297,0,normal
0.478982925415039,0,normal
1.231670379638672,0,normal
0.49591064453125,0,normal
0.5125999450683594,0,normal
0.9784698486328124,0,normal
0.6203651428222656,0,normal
1.0247230529785156,0,normal
0.5040168762207031,0,normal
0.5345344543457031,0,normal
0.4744529724121094,0,normal
0.7953643798828125,0,normal
0.4568099975585937,0,normal
0.5581378936767578,0,normal
0.5090236663818359,0,normal
0.5385875701904297,0,normal
0.6346702575683594,0,normal
0.6124973297119141,0,normal
0.4737377166748047,0,normal
0.6368160247802734,0,normal
0.4825592041015625,0,normal
1.712799072265625,0,normal
0.4987716674804687,0,normal
0.5788803100585938,0,normal
0.4656314849853515,0,normal
0.7321834564208984,0,normal
1.049041748046875,0,normal
0.5185604095458984,0,normal
0.7710456848144531,0,normal
0.5376338958740234,0,normal
0.5574226379394531,0,normal
0.4193782806396484,0,normal
0.6501674652099609,0,normal
0.4191398620605469,0,normal
0.4699230194091797,0,normal
0.4739761352539062,0,normal
0.5619525909423828,0,normal
0.7126331329345703,0,normal
1.808643341064453,0,normal
0.6768703460693359,0,normal
0.4630088806152344,0,normal
0.4417896270751953,0,normal
0.5080699920654297,0,normal
0.5295276641845703,0,normal
0.6504058837890625,0,normal
0.6558895111083984,0,normal
0.38909912109375,0,normal
0.9903907775878906,0,normal
0.5140304565429688,0,normal
1.2350082397460938,0,normal
0.38909912109375,0,normal
0.4374980926513672,0,normal
0.5865097045898438,0,normal
1.0051727294921875,0,normal
1.3606548309326172,0,normal
0.9064674377441406,0,normal
0.8330345153808594,0,normal
0.8161067962646484,0,normal
1.132488250732422,0,normal
0.8909702301025391,0,normal
0.6620883941650391,0,normal
0.463724136352539,0,normal
0.4849433898925781,0,normal
0.4062652587890625,0,normal
0.6961822509765625,0,normal
0.3697872161865234,0,normal
0.9746551513671876,0,normal
0.6685256958007812,0,normal
0.4951953887939453,0,normal
0.9317398071289062,0,normal
0.5695819854736328,0,normal
0.4193782806396484,0,normal
0.406503677368164,0,normal
0.5350112915039062,0,normal
0.4227161407470703,0,normal
0.5781650543212891,0,normal
0.8778572082519531,0,normal
0.7243156433105469,0,normal
0.3778934478759765,0,normal
1.0683536529541016,0,normal
0.4756450653076172,0,normal
1.3463497161865234,0,normal
0.5373954772949219,0,normal
0.6718635559082031,0,normal
0.67138671875,0,normal
0.7174015045166016,0,normal
1.2218952178955078,0,normal
0.8020401000976562,0,normal
0.6208419799804688,0,normal
1.412153244018555,0,normal
0.8449554443359375,0,normal
0.5381107330322266,0,normal
1.3680458068847656,0,normal
0.5614757537841797,0,normal
0.5342960357666016,0,normal
0.5512237548828125,0,normal
0.3757476806640625,0,normal
0.4847049713134765,0,normal
0.4134178161621094,0,normal
0.7834434509277344,0,normal
1.3315677642822266,0,normal
1.0797977447509766,0,normal
0.5407333374023438,0,normal
0.5571842193603516,0,normal
0.7185935974121094,0,normal
0.5238056182861328,0,normal
0.5643367767333984,0,normal
0.7009506225585938,0,normal
0.3790855407714844,0,normal
0.5812644958496094,0,normal
0.5917549133300781,0,normal
0.4916191101074219,0,normal
0.6921291351318359,0,normal
0.4606246948242187,0,normal
0.3812313079833984,0,normal
0.5164146423339844,0,normal
0.3838539123535156,0,normal
0.5266666412353516,0,normal
0.9288787841796876,0,normal
0.4167556762695312,0,normal
0.4334449768066406,0,normal
0.478982925415039,0,normal
0.4963874816894531,0,normal
0.66375732421875,0,normal
0.8356571197509766,0,normal
0.4982948303222656,0,normal
1.1844635009765625,0,normal
0.5619525909423828,0,normal
0.7319450378417969,0,normal
0.3869533538818359,0,normal
0.6384849548339844,0,normal
0.5025863647460938,0,normal
0.5609989166259766,0,normal
0.6957054138183594,0,normal
0.705718994140625,0,normal
0.3824234008789062,0,normal
0.433206558227539,0,normal
1.118183135986328,0,normal
0.5917549133300781,0,normal
1.1336803436279297,0,normal
0.8399486541748047,0,normal
1.4562606811523438,0,normal
0.6196498870849609,0,normal
0.732421875,0,normal
0.6821155548095703,0,normal
0.5247592926025391,0,normal
0.9911060333251952,0,normal
0.5791187286376953,0,normal
0.4734992980957031,0,normal
0.5881786346435547,0,normal
0.4084110260009765,0,normal
0.8165836334228516,0,normal
0.8687973022460938,0,normal
0.482797622680664,0,normal
0.4405975341796875,0,normal
0.4479885101318359,0,normal
0.8733272552490234,0,normal
1.619577407836914,0,normal
0.5640983581542969,0,normal
0.8101463317871094,0,normal
0.7834434509277344,0,normal
0.9369850158691406,0,normal
0.4811286926269531,0,normal
0.4498958587646484,0,normal
0.4935264587402344,0,normal
0.4091262817382812,0,normal
0.4281997680664062,0,normal
0.3802776336669922,0,normal
0.9627342224121094,0,normal
0.5559921264648438,0,normal
1.5811920166015625,0,normal
0.5178451538085938,0,normal
0.4291534423828125,0,normal
0.410318374633789,0,normal
0.4858970642089844,0,normal
1.0726451873779297,0,normal
0.8137226104736328,0,normal
1.547098159790039,0,normal
1.1501312255859375,0,normal
0.6935596466064453,0,normal
0.5075931549072266,0,normal
1.1372566223144531,0,normal
0.522613525390625,0,normal
0.4353523254394531,0,normal
0.6687641143798828,0,normal
2.223730087280273,0,normal
0.5214214324951172,0,normal
0.4286766052246094,0,normal
0.4496574401855469,0,normal
0.5202293395996094,0,normal
0.5486011505126953,0,normal
0.963449478149414,0,normal
0.4646778106689453,0,normal
0.4091262817382812,0,normal
0.5154609680175781,0,normal
0.4687309265136719,0,normal
1.320600509643555,0,normal
0.3650188446044922,0,normal
0.3900527954101562,0,normal
1.2712478637695312,0,normal
0.4706382751464844,0,normal
0.43487548828125,0,normal
0.4014968872070312,0,normal
0.3819465637207031,0,normal
0.7100105285644531,0,normal
1.055002212524414,0,normal
0.3812313079833984,0,normal
0.478982925415039,0,normal
0.6711483001708984,0,normal
0.8656978607177734,0,normal
0.4186630249023437,0,normal
0.6930828094482422,0,normal
0.7228851318359375,0,normal
0.8146762847900391,0,normal
0.448465347290039,0,normal
0.6537437438964844,0,normal
0.4329681396484375,0,normal
0.9222030639648438,0,normal
0.8497238159179688,0,normal
0.759124755859375,0,normal
0.6597042083740234,0,normal
1.285552978515625,0,normal
0.4563331604003906,0,normal
0.7948875427246094,0,normal
0.4775524139404297,0,normal
0.7798671722412109,0,normal
0.4835128784179687,0,normal
0.6434917449951172,0,normal
0.6570816040039062,0,normal
0.3812313079833984,0,normal
0.5617141723632812,0,normal
0.9512901306152344,0,normal
0.8854866027832031,0,normal
0.6859302520751953,0,normal
0.7305145263671875,0,normal
0.7479190826416016,0,normal
1.2712478637695312,0,normal
0.3678798675537109,0,normal
1.6977787017822266,0,normal
1.6982555389404297,0,normal
0.5950927734375,0,normal
0.6413459777832031,0,normal
1.5604496002197266,0,normal
2.731800079345703,0,normal
1.3153553009033203,0,normal
2.1686553955078125,0,normal
0.7326602935791016,0,normal
0.5993843078613281,0,normal
0.9107589721679688,0,normal
0.8845329284667969,0,normal
0.8108615875244141,0,normal
0.7078647613525391,0,normal
0.8099079132080078,0,normal
0.9849071502685548,0,normal
0.5691051483154297,0,normal
0.8070468902587891,0,normal
0.7770061492919922,0,normal
0.4992485046386719,0,normal
0.7269382476806641,0,normal
1.1489391326904297,0,normal
0.9989738464355468,0,normal
1.0132789611816406,0,normal
0.5805492401123047,0,normal
0.6012916564941406,0,normal
0.7903575897216797,0,normal
0.4642009735107422,0,normal
0.8153915405273438,0,normal
0.5526542663574219,0,normal
0.6840229034423828,0,normal
0.6880760192871094,0,normal
0.5908012390136719,0,normal
0.5726814270019531,0,normal
0.467538833618164,0,normal
0.7665157318115234,0,normal
0.4518032073974609,0,normal
0.8590221405029297,0,normal
0.5316734313964844,0,normal
1.3222694396972656,0,normal
1.607656478881836,0,normal
0.5648136138916016,0,normal
0.6220340728759766,0,normal
0.7410049438476562,0,normal
0.7927417755126953,0,normal
0.4808902740478515,0,normal
0.6334781646728516,0,normal
0.5488395690917969,0,normal
0.5376338958740234,0,normal
0.9148120880126952,0,normal
1.0471343994140625,0,normal
0.7283687591552734,0,normal
0.6387233734130859,0,normal
0.3957748413085937,0,normal
0.4508495330810547,0,normal
0.9775161743164062,0,normal
0.7593631744384766,0,normal
0.8904933929443359,0,normal
0.7352828979492188,0,normal
0.4808902740478515,0,normal
0.5257129669189453,0,normal
0.3919601440429687,0,normal
0.4398822784423828,0,normal
0.5085468292236328,0,normal
0.5156993865966797,0,normal
0.7538795471191406,0,normal
0.7107257843017578,0,normal
0.3407001495361328,0,normal
0.3993511199951172,0,normal
0.9629726409912108,0,normal
1.7659664154052734,0,normal
0.5099773406982422,0,normal
0.3573894500732422,0,normal
0.4436969757080078,0,normal
0.6101131439208984,0,normal
0.7872581481933594,0,normal
0.9098052978515624,0,normal
0.7052421569824219,0,normal
0.4374980926513672,0,normal
0.8955001831054688,0,normal
1.4200210571289062,0,normal
0.6763935089111328,0,normal
0.482797622680664,0,normal
1.1343955993652344,0,normal
0.4444122314453125,0,normal
0.3747940063476562,0,normal
1.0726451873779297,0,normal
0.5366802215576172,0,normal
0.6895065307617188,0,normal
0.4038810729980469,0,normal
0.6825923919677734,0,normal
0.823974609375,0,normal
0.5028247833251953,0,normal
0.3817081451416015,0,normal
1.1091232299804688,0,normal
0.3893375396728515,0,normal
0.5209445953369141,0,normal
0.6163120269775391,0,normal
4.481792449951172,0,normal
0.6663799285888672,0,normal
0.8378028869628906,0,normal
1.5354156494140625,0,normal
0.9686946868896484,0,normal
1.1043548583984375,0,normal
0.888824462890625,0,normal
0.9489059448242188,0,normal
1.0869503021240234,0,normal
1.0213851928710938,0,normal
1.2295246124267578,0,normal
0.6573200225830078,0,normal
0.8521080017089844,0,normal
1.4832019805908203,0,normal
0.7259845733642578,0,normal
0.9450912475585938,0,normal
0.5564689636230469,0,normal
0.4403591156005859,0,normal
1.2440681457519531,0,normal
1.4836788177490234,0,normal
1.4622211456298828,0,normal
1.1627674102783203,0,normal
0.8525848388671875,0,normal
0.7989406585693359,0,normal
0.8940696716308594,0,normal
0.5707740783691406,0,normal
1.0023117065429688,0,normal
1.0797977447509766,0,normal
0.5905628204345703,0,normal
0.9479522705078124,0,normal
1.0528564453125,0,normal
1.5802383422851562,0,normal
0.9222030639648438,0,normal
1.4388561248779297,0,normal
0.7855892181396484,0,normal
0.9589195251464844,0,normal
0.5490779876708984,0,normal
0.965118408203125,0,normal
1.2524127960205078,0,normal
0.4999637603759765,0,normal
0.6740093231201172,0,normal
0.8370876312255859,0,normal
1.9075870513916016,0,normal
0.5340576171875,0,normal
0.6613731384277344,0,normal
0.6873607635498047,0,normal
0.6029605865478516,0,normal
1.020193099975586,0,normal
0.7300376892089844,0,normal
0.8256435394287109,0,normal
1.506328582763672,0,normal
1.3315677642822266,0,normal
1.446247100830078,0,normal
1.171112060546875,0,normal
0.6322860717773438,0,normal
1.1255741119384766,0,normal
1.2967586517333984,0,normal
0.7383823394775391,0,normal
0.5030632019042969,0,normal
0.8540153503417969,0,normal
0.8094310760498047,0,normal
0.8473396301269531,0,normal
0.6775856018066406,0,normal
1.5168190002441406,0,normal
0.7696151733398438,0,normal
1.6007423400878906,0,normal
0.6504058837890625,0,normal
1.1417865753173828,0,normal
0.963449478149414,0,normal
0.7650852203369141,0,normal
0.8077621459960938,0,normal
0.4496574401855469,0,normal
1.1746883392333984,0,normal
1.3964176177978516,0,normal
0.9894371032714844,0,normal
1.1243820190429688,0,normal
0.41961669921875,0,normal
0.9882450103759766,0,normal
0.4563331604003906,0,normal
1.3484954833984375,0,normal
1.0831356048583984,0,normal
0.7731914520263672,0,normal
0.8223056793212891,0,normal
1.093149185180664,0,normal
0.8673667907714844,0,normal
0.6611347198486328,0,normal
0.8130073547363281,0,normal
0.5862712860107422,0,normal
0.9479522705078124,0,normal
0.385284423828125,0,normal
0.7038116455078125,0,normal
0.5471706390380859,0,normal
1.418352127075195,0,normal
0.5862712860107422,0,normal
0.8077621459960938,0,normal
1.1353492736816406,0,normal
1.4226436614990234,0,normal
1.9016265869140625,0,normal
0.6167888641357422,0,normal
0.8382797241210938,0,normal
0.6146430969238281,0,normal
0.8699893951416016,0,normal
1.3473033905029297,0,normal
1.4791488647460938,0,normal
2.2385120391845703,0,normal
0.6592273712158203,0,normal
0.6933212280273438,0,normal
0.3840923309326172,0,normal
1.125812530517578,0,normal
1.189470291137695,0,normal
1.2845993041992188,0,normal
1.2111663818359375,0,normal
0.6129741668701172,0,normal
0.8242130279541016,0,normal
1.0311603546142578,0,normal
0.5614757537841797,0,normal
0.5555152893066406,0,normal
1.0957717895507812,0,normal
0.9837150573730468,0,normal
2.147197723388672,0,normal
1.989603042602539,0,normal
1.1224746704101562,0,normal
1.2364387512207031,0,normal
0.6306171417236328,0,normal
1.024484634399414,0,normal
1.1653900146484375,0,normal
1.199960708618164,0,normal
1.2831687927246094,0,normal
0.8006095886230469,0,normal
0.8254051208496094,0,normal
0.3671646118164062,0,normal
0.3509521484375,0,normal
0.4012584686279297,0,normal
0.7915496826171875,0,normal
1.0805130004882812,0,normal
0.6215572357177734,0,normal
2.0160675048828125,0,normal
2.011537551879883,0,normal
1.887798309326172,0,normal
1.277446746826172,0,normal
1.3430118560791016,0,normal
0.8726119995117188,0,normal
0.9837150573730468,0,normal
1.0099411010742188,0,normal
2.483129501342773,0,normal
2.366304397583008,0,normal
0.6508827209472656,0,normal
1.9865036010742188,0,normal
1.9729137420654297,0,normal
0.8511543273925781,0,normal
1.0080337524414062,0,normal
1.339435577392578,0,normal
0.5960464477539062,0,normal
1.0259151458740234,0,normal
1.1301040649414062,0,normal
0.7922649383544922,0,normal
0.3883838653564453,0,normal
1.8873214721679688,0,normal
0.6856918334960938,0,normal
0.7991790771484375,0,normal
1.434326171875,0,normal
0.7114410400390625,0,normal
0.965118408203125,0,normal
1.3201236724853516,0,normal
1.0635852813720703,0,normal
0.8373260498046875,0,normal
0.6403923034667969,0,normal
0.8053779602050781,0,normal
0.6723403930664062,0,normal
0.8716583251953125,0,normal
1.064300537109375,0,normal
0.4360675811767578,0,normal
1.9135475158691408,0,normal
0.9095668792724608,0,normal
0.6587505340576172,0,normal
0.675201416015625,0,normal
0.7131099700927734,0,normal
0.6692409515380859,0,normal
0.58746337890625,0,normal
0.4868507385253906,0,normal
0.8344650268554688,0,normal
0.7169246673583984,0,normal
0.5409717559814453,0,normal
0.701904296875,0,normal
0.6928443908691406,0,normal
0.6227493286132812,0,normal
2.621889114379883,0,normal
0.5643367767333984,0,normal
0.7371902465820312,0,normal
0.7183551788330078,0,normal
0.7164478302001953,0,normal
0.5917549133300781,0,normal
0.5822181701660156,0,normal
0.7197856903076172,0,normal
0.8029937744140625,0,normal
0.8559226989746094,0,normal
0.927448272705078,0,normal
0.7653236389160156,0,normal
0.7739067077636719,0,normal
0.6334781646728516,0,normal
0.8461475372314453,0,normal
1.0309219360351562,0,normal
0.9546279907226562,0,normal
0.9486675262451172,0,normal
0.7066726684570312,0,normal
2.9480457305908203,0,normal
0.8237361907958984,0,normal
0.6821155548095703,0,normal
0.9114742279052734,0,normal
0.943899154663086,0,normal
1.026153564453125,0,normal
1.4624595642089844,0,normal
1.54876708984375,0,normal
0.8955001831054688,0,normal
0.9918212890625,0,normal
1.0123252868652344,0,normal
0.4870891571044922,0,normal
0.6964206695556641,0,normal
0.7672309875488281,0,normal
0.9832382202148438,0,normal
1.028299331665039,0,normal
1.2035369873046875,0,normal
0.6084442138671875,0,normal
1.1322498321533203,0,normal
0.7462501525878906,0,normal
1.174211502075195,0,normal
0.6358623504638672,0,normal
0.5209445953369141,0,normal
1.0366439819335938,0,normal
0.8518695831298828,0,normal
1.310586929321289,0,normal
0.6687641143798828,0,normal
0.5440711975097656,0,normal
0.5638599395751953,0,normal
0.4048347473144531,0,normal
0.4899501800537109,0,normal
0.6070137023925781,0,normal
0.881195068359375,0,normal
0.5803108215332031,0,normal
0.5824565887451172,0,normal
0.7483959197998047,0,normal
1.0869503021240234,0,normal
0.7538795471191406,0,normal
0.5459785461425781,0,normal
0.5362033843994141,0,normal
2.081632614135742,0,normal
0.7541179656982422,0,normal
0.5552768707275391,0,normal
0.8056163787841797,0,normal
1.1997222900390625,0,normal
0.6322860717773438,0,normal
0.8270740509033203,0,normal
0.4916191101074219,0,normal
0.6155967712402344,0,normal
0.6577968597412109,0,normal
0.6127357482910156,0,normal
0.5562305450439453,0,normal
0.5335807800292969,0,normal
0.5447864532470703,0,normal
0.61798095703125,0,normal
1.1260509490966797,0,normal
2.483129501342773,0,normal
0.5691051483154297,0,normal
0.6785392761230469,0,normal
0.7698535919189453,0,normal
0.4911422729492187,0,normal
0.4241466522216797,0,normal
0.7169246673583984,0,normal
0.5993843078613281,0,normal
0.6024837493896484,0,normal
0.4935264587402344,0,normal
0.5667209625244141,0,normal
1.2822151184082031,0,normal
0.5004405975341797,0,normal
0.5469322204589844,0,normal
0.7693767547607422,0,normal
0.7724761962890625,0,normal
0.7476806640625,0,normal
0.7450580596923828,0,normal
1.9199848175048828,0,normal
1.117229461669922,0,normal
0.9164810180664062,0,normal
0.9026527404785156,0,normal
0.7219314575195312,0,normal
0.3840923309326172,0,normal
1.2853145599365234,0,normal
0.3898143768310547,0,normal
1.0287761688232422,0,normal
2.1407604217529297,0,normal
1.1343955993652344,0,normal
0.8070468902587891,0,normal
0.7016658782958984,0,normal
1.1429786682128906,0,normal
0.926971435546875,0,normal
0.6012916564941406,0,normal
0.8151531219482422,0,normal
0.4694461822509765,0,normal
0.6797313690185547,0,normal
0.484466552734375,0,normal
0.6566047668457031,0,normal
0.7877349853515625,0,normal
1.1000633239746094,0,normal
1.5463829040527344,0,normal
1.1403560638427734,0,normal
1.04522705078125,0,normal
1.499652862548828,0,normal
1.417398452758789,0,normal
1.0504722595214844,0,normal
0.91552734375,0,normal
0.9913444519042968,0,normal
1.1959075927734375,0,normal
0.6711483001708984,0,normal
1.7092227935791016,0,normal
2.053260803222656,0,normal
0.9949207305908204,0,normal
1.230478286743164,0,normal
1.3875961303710938,0,normal
0.8919239044189453,0,normal
0.9016990661621094,0,normal
0.8418560028076172,0,normal
0.9965896606445312,0,normal
1.3403892517089844,0,normal
0.6661415100097656,0,normal
1.814603805541992,0,normal
0.4651546478271484,0,normal
2.6197433471679688,0,normal
1.5387535095214844,0,normal
0.5512237548828125,0,normal
0.5538463592529297,0,normal
1.4896392822265625,0,normal
4.65083122253418,0,normal
0.5323886871337891,0,normal
1.0023117065429688,0,normal
0.6880760192871094,0,normal
0.6470680236816406,0,normal
0.492095947265625,0,normal
0.4744529724121094,0,normal
1.0004043579101562,0,normal
0.8451938629150391,0,normal
1.4219284057617188,0,normal
3.6766529083251953,0,normal
0.9355545043945312,0,normal
0.5497932434082031,0,normal
0.4298686981201172,0,normal
0.8087158203125,0,normal
1.023054122924805,0,normal
0.4680156707763672,0,normal
0.6859302520751953,0,normal
0.6349086761474609,0,normal
0.4200935363769531,0,normal
0.6635189056396484,0,normal
1.003742218017578,0,normal
0.6883144378662109,0,normal
1.651763916015625,0,normal
1.548051834106445,0,normal
1.1878013610839844,0,normal
1.0890960693359375,0,normal
1.303911209106445,0,normal
1.125335693359375,0,normal
1.986026763916016,0,normal
0.6988048553466797,0,normal
0.6091594696044922,0,normal
0.8935928344726562,0,normal
0.9708404541015624,0,normal
0.5528926849365234,0,normal
0.41961669921875,0,normal
0.9074211120605468,0,normal
0.8327960968017578,0,normal
1.169443130493164,0,normal
2.1278858184814453,0,normal
0.9148120880126952,0,normal
0.9181499481201172,0,normal
1.188039779663086,0,normal
1.4958381652832031,0,normal
0.6384849548339844,0,normal
0.6625652313232422,0,normal
1.1906623840332031,0,normal
1.145124435424805,0,normal
0.6959438323974609,0,normal
0.7731914520263672,0,normal
0.8816719055175781,0,normal
1.0836124420166016,0,normal
1.1615753173828125,0,normal
0.5896091461181641,0,normal
1.5361309051513672,0,normal
1.2466907501220703,0,normal
0.5023479461669922,0,normal
1.184701919555664,0,normal
0.8704662322998047,0,normal
0.5841255187988281,0,normal
0.5905628204345703,0,normal
0.9450912475585938,0,normal
1.5935897827148438,0,normal
0.9241104125976562,0,normal
1.603841781616211,0,normal
1.0914802551269531,0,normal
0.9839534759521484,0,normal
0.8332729339599609,0,normal
1.256704330444336,0,normal
2.4580955505371094,0,normal
0.9665489196777344,0,normal
1.1413097381591797,0,normal
0.903606414794922,0,normal
1.4455318450927734,0,normal
1.297712326049805,0,normal
0.637054443359375,0,normal
1.8014907836914065,0,normal
0.9410381317138672,0,normal
0.6256103515625,0,normal
0.965118408203125,0,normal
1.0516643524169922,0,normal
0.4856586456298828,0,normal
1.0209083557128906,0,normal
1.717329025268555,0,normal
1.033306121826172,0,normal
0.9751319885253906,0,normal
1.0976791381835938,0,normal
1.0068416595458984,0,normal
1.3823509216308594,0,normal
0.3936290740966797,0,normal
1.1932849884033203,0,normal
0.9953975677490234,0,normal
0.5958080291748047,0,normal
0.9813308715820312,0,normal
0.4911422729492187,0,normal
1.630544662475586,0,normal
0.5278587341308594,0,normal
0.6239414215087891,0,normal
0.9398460388183594,0,normal
1.9121170043945312,0,normal
2.0630359649658203,0,normal
0.6687641143798828,0,normal
0.973224639892578,0,normal
1.4832019805908203,0,normal
0.7350444793701172,0,normal
0.7028579711914062,0,normal
1.1014938354492188,0,normal
0.7464885711669922,0,normal
1.363515853881836,0,normal
1.209735870361328,0,normal
0.6754398345947266,0,normal
0.8492469787597656,0,normal
0.598907470703125,0,normal
0.9877681732177734,0,normal
0.9858608245849608,0,normal
0.5097389221191406,0,normal
0.7121562957763672,0,normal
1.0793209075927734,0,normal
1.0457038879394531,0,normal
1.3370513916015625,0,normal
0.8883476257324219,0,normal
1.0344982147216797,0,normal
0.9920597076416016,0,normal
1.146554946899414,0,normal
0.8804798126220703,0,normal
1.0156631469726562,0,normal
0.9295940399169922,0,normal
0.7333755493164062,0,normal
0.4503726959228515,0,normal
0.6542205810546875,0,normal
0.6971359252929688,0,normal
0.431060791015625,0,normal
1.3835430145263672,0,normal
0.7996559143066406,0,normal
0.9019374847412108,0,normal
0.4115104675292969,0,normal
1.041412353515625,0,normal
0.9219646453857422,0,normal
1.0685920715332031,0,normal
0.7722377777099609,0,normal
0.5953311920166016,0,normal
0.8897781372070312,0,normal
1.3704299926757812,0,normal
1.4827251434326172,0,normal
0.63323974609375,0,normal
0.6849765777587891,0,normal
0.8761882781982422,0,normal
0.9932518005371094,0,normal
0.4947185516357422,0,normal
1.0161399841308594,0,normal
0.5438327789306641,0,normal
1.3260841369628906,0,normal
0.4410743713378906,0,normal
0.6046295166015625,0,normal
0.3857612609863281,0,normal
0.3905296325683594,0,normal
0.3592967987060547,0,normal
0.7457733154296875,0,normal
0.5137920379638672,0,normal
0.7503032684326172,0,normal
0.6136894226074219,0,normal
0.5326271057128906,0,normal
0.396728515625,0,normal
0.9424686431884766,0,normal
0.4968643188476562,0,normal
0.75531005859375,0,normal
0.974416732788086,0,normal
0.8904933929443359,0,normal
0.8032321929931641,0,normal
0.9949207305908204,0,normal
1.2602806091308594,0,normal
0.9303092956542968,0,normal
1.2481212615966797,0,normal
0.5440711975097656,0,normal
0.5686283111572266,0,normal
1.1444091796875,0,normal
1.4014244079589844,0,normal
0.4541873931884765,0,normal
0.8449554443359375,0,normal
0.6403923034667969,0,normal
0.6225109100341797,0,normal
0.9374618530273438,0,normal
0.5395412445068359,0,normal
0.4069805145263672,0,normal
0.4532337188720703,0,normal
0.987529754638672,0,normal
0.7491111755371094,0,normal
0.9009838104248048,0,normal
0.4389286041259765,0,normal
0.4963874816894531,0,normal
0.6308555603027344,0,normal
0.7679462432861328,0,normal
0.6380081176757812,0,normal
1.5552043914794922,0,normal
0.8776187896728516,0,normal
0.6268024444580078,0,normal
0.4334449768066406,0,normal
0.429391860961914,0,normal
1.0344982147216797,0,normal
0.5533695220947266,0,normal
0.6682872772216797,0,normal
2.120494842529297,0,normal
0.8237361907958984,0,normal
1.087665557861328,0,normal
0.6146430969238281,0,normal
2.1085739135742188,0,normal
0.7345676422119141,0,normal
1.0619163513183594,0,normal
0.5085468292236328,0,normal
1.3310909271240234,0,normal
0.6947517395019531,0,normal
0.6196498870849609,0,normal
0.7877349853515625,0,normal
0.9028911590576172,0,normal
0.885009765625,0,normal
0.4301071166992187,0,normal
0.7660388946533203,0,normal
0.7205009460449219,0,normal
0.5631446838378906,0,normal
0.6809234619140625,0,normal
1.0099411010742188,0,normal
1.0223388671875,0,normal
0.8094310760498047,0,normal
1.0039806365966797,0,normal
1.335859298706055,0,normal
0.7426738739013672,0,normal
0.7879734039306641,0,normal
0.7340908050537109,0,normal
1.0194778442382812,0,normal
0.9090900421142578,0,normal
0.5006790161132812,0,normal
0.7328987121582031,0,normal
0.4220008850097656,0,normal
0.6365776062011719,0,normal
1.1608600616455078,0,normal
0.6749629974365234,0,normal
1.3823509216308594,0,normal
1.4414787292480469,0,normal
1.489877700805664,0,normal
1.0204315185546875,0,normal
0.74005126953125,0,normal
1.3256072998046875,0,normal
0.8091926574707031,0,normal
1.3148784637451172,0,normal
0.8869171142578125,0,normal
1.1744499206542969,0,normal
1.160383224487305,0,normal
0.4286766052246094,0,normal
0.888824462890625,0,normal
0.7431507110595703,0,normal
0.8165836334228516,0,normal
0.6847381591796875,0,normal
0.8432865142822266,0,normal
0.7960796356201172,0,normal
2.011537551879883,0,normal
1.280069351196289,0,normal
0.9839534759521484,0,normal
1.1174678802490234,0,normal
0.6668567657470703,0,normal
1.062631607055664,0,normal
1.8644332885742188,0,normal
0.7221698760986328,0,normal
0.9653568267822266,0,normal
0.6918907165527344,0,normal
0.9181499481201172,0,normal
0.5125999450683594,0,normal
0.6692409515380859,0,normal
0.5769729614257812,0,normal
1.1615753173828125,0,normal
1.0044574737548828,0,normal
1.4078617095947266,0,normal
1.1501312255859375,0,normal
0.5831718444824219,0,normal
0.6573200225830078,0,normal
0.4291534423828125,0,normal
0.4928112030029297,0,normal
0.4360675811767578,0,normal
1.2454986572265625,0,normal
1.5757083892822266,0,normal
1.9783973693847656,0,normal
0.7925033569335938,0,normal
1.0118484497070312,0,normal
0.5002021789550781,0,normal
1.2447834014892578,0,normal
0.4608631134033203,0,normal
0.6823539733886719,0,normal
0.5412101745605469,0,normal
1.6102790832519531,0,normal
1.1129379272460938,0,normal
0.7765293121337891,0,normal
0.7884502410888672,0,normal
0.7598400115966797,0,normal
0.6783008575439453,0,normal
1.1186599731445312,0,normal
1.300334930419922,0,normal
2.501249313354492,0,normal
1.6183853149414062,0,normal
1.3303756713867188,0,normal
0.6966590881347656,0,normal
1.4014244079589844,0,normal
1.7080307006835938,0,normal
0.7863044738769531,0,normal
0.5083084106445312,0,normal
1.9078254699707031,0,normal
0.7729530334472656,0,normal
0.7495880126953125,0,normal
3.1311511993408203,0,normal
0.8456707000732422,0,normal
0.6351470947265625,0,normal
1.4262199401855469,0,normal
0.9169578552246094,0,normal
0.7719993591308594,0,normal
1.120805740356445,0,normal
0.5385875701904297,0,normal
0.7028579711914062,0,normal
1.3577938079833984,0,normal
0.7159709930419922,0,normal
0.905752182006836,0,normal
0.7832050323486328,0,normal
0.6847381591796875,0,normal
0.7963180541992188,0,normal
1.8198490142822263,0,normal
0.6968975067138672,0,normal
0.973224639892578,0,normal
1.3778209686279297,0,normal
1.218557357788086,0,normal
0.5998611450195312,0,normal
1.1577606201171875,0,normal
1.257181167602539,0,normal
1.0335445404052734,0,normal
0.4415512084960937,0,normal
1.025676727294922,0,normal
0.925302505493164,0,normal
0.5860328674316406,0,normal
0.522613525390625,0,normal
1.13677978515625,0,normal
0.8177757263183594,0,normal
1.1518001556396484,0,normal
0.940561294555664,0,normal
1.3208389282226562,0,normal
0.766754150390625,0,normal
0.6814002990722656,0,normal
0.9207725524902344,0,normal
0.9520053863525392,0,normal
0.7221698760986328,0,normal
0.5960464477539062,0,normal
0.3871917724609375,0,normal
0.4899501800537109,0,normal
0.5011558532714844,0,normal
0.3571510314941406,0,normal
0.5657672882080078,0,normal
0.6563663482666016,0,normal
0.4985332489013672,0,normal
1.206159591674805,0,normal
0.698089599609375,0,normal
3.003120422363281,0,normal
1.7516613006591797,0,normal
0.7367134094238281,0,normal
1.0733604431152344,0,normal
0.6983280181884766,0,normal
1.1224746704101562,0,normal
0.7944107055664062,0,normal
0.4611015319824219,0,normal
0.6961822509765625,0,normal
1.446247100830078,0,normal
0.7653236389160156,0,normal
0.7646083831787109,0,normal
1.132965087890625,0,normal
1.587629318237305,0,normal
1.3339519500732422,0,normal
1.337289810180664,0,normal
1.821756362915039,0,normal
2.232789993286133,0,normal
1.5425682067871094,0,normal
0.9474754333496094,0,normal
0.9179115295410156,0,normal
0.5824565887451172,0,normal
0.9086132049560548,0,normal
1.0671615600585938,0,normal
0.5300045013427734,0,normal
0.9613037109375,0,normal
0.8127689361572266,0,normal
1.54876708984375,0,normal
0.5331039428710938,0,normal
0.5533695220947266,0,normal
0.8378028869628906,0,normal
0.4858970642089844,0,normal
0.4580020904541015,0,normal
0.7550716400146484,0,normal
0.7681846618652344,0,normal
0.6594657897949219,0,normal
1.1544227600097656,0,normal
0.5171298980712891,0,normal
0.6420612335205078,0,normal
0.4706382751464844,0,normal
0.5426406860351562,0,normal
0.8130073547363281,0,normal
1.7180442810058594,0,normal
1.2462139129638672,0,normal
0.9391307830810548,0,normal
1.1153221130371094,0,normal
0.6818771362304688,0,normal
0.6861686706542969,0,normal
0.4978179931640625,0,normal
0.5118846893310547,0,normal
0.6313323974609375,0,normal
0.3824234008789062,0,normal
0.4022121429443359,0,normal
0.3631114959716797,0,normal
0.4513263702392578,0,normal
0.5979537963867188,0,normal
0.3733634948730469,0,normal
0.6945133209228516,0,normal
0.7462501525878906,0,normal
1.1241436004638672,0,normal
0.4632472991943359,0,normal
0.5509853363037109,0,normal
0.7779598236083984,0,normal
0.6096363067626953,0,normal
0.7739067077636719,0,normal
0.8327960968017578,0,normal
0.5540847778320312,0,normal
0.7107257843017578,0,normal
0.7977485656738281,0,normal
0.6527900695800781,0,normal
0.5846023559570312,0,normal
0.6148815155029297,0,normal
0.6442070007324219,0,normal
2.0143985748291016,0,normal
0.6198883056640625,0,normal
0.400543212890625,0,normal
0.6883144378662109,0,normal
0.5066394805908203,0,normal
0.4510879516601562,0,normal
0.3991127014160156,0,normal
0.6451606750488281,0,normal
0.9434223175048828,0,normal
2.2325515747070312,0,normal
0.5800724029541016,0,normal
0.415802001953125,0,normal
0.5195140838623047,0,normal
0.3552436828613281,0,normal
0.448465347290039,0,normal
0.3833770751953125,0,normal
0.4076957702636719,0,normal
1.1551380157470703,0,normal
1.9373893737792969,0,normal
0.7560253143310547,0,normal
0.4427433013916015,0,normal
0.8594989776611328,0,normal
0.6012916564941406,0,normal
0.8015632629394531,0,normal
0.7643699645996094,0,normal
0.3693103790283203,0,normal
0.4470348358154297,0,normal
0.5028247833251953,0,normal
0.6597042083740234,0,normal
0.4529953002929687,0,normal
0.4296302795410156,0,normal
1.1565685272216797,0,normal
0.4220008850097656,0,normal
0.5245208740234375,0,normal
0.52642822265625,0,normal
0.5853176116943359,0,normal
0.6692409515380859,0,normal
1.183271408081055,0,normal
0.5862712860107422,0,normal
0.8404254913330078,0,normal
1.1022090911865234,0,normal
0.4534721374511719,0,normal
0.7505416870117188,0,normal
1.0068416595458984,0,normal
0.475168228149414,0,normal
0.3960132598876953,0,normal
0.4253387451171875,0,normal
0.5483627319335938,0,normal
0.438690185546875,0,normal
0.8122920989990234,0,normal
0.7338523864746094,0,normal
0.55694580078125,0,normal
0.4367828369140625,0,normal
0.6880760192871094,0,normal
0.4744529724121094,0,normal
1.1851787567138672,0,normal
1.874685287475586,0,normal
0.5469322204589844,0,normal
1.102447509765625,0,normal
0.4022121429443359,0,normal
0.4086494445800781,0,normal
0.4057884216308594,0,normal
209.4881534576416,1,delay_loss
218.83368492126465,1,delay_loss
213.23442459106445,1,delay_loss
213.34004402160645,1,delay_loss
318.64476203918457,1,delay_loss
210.9501361846924,1,delay_loss
216.5825366973877,1,delay_loss
529.5760631561279,1,delay_loss
208.43863487243647,1,delay_loss
218.7042236328125,1,delay_loss
209.1383934020996,1,delay_loss
218.9042568206787,1,delay_loss
209.41162109375,1,delay_loss
217.84257888793945,1,delay_loss
210.47496795654297,1,delay_loss
217.12255477905276,1,delay_loss
209.4523906707764,1,delay_loss
218.64795684814453,1,delay_loss
209.05780792236328,1,delay_loss
201.1871337890625,1,delay_loss
200.95443725585935,1,delay_loss
319.18931007385254,1,delay_loss
242.54536628723145,1,delay_loss
209.67364311218265,1,delay_loss
218.42598915100095,1,delay_loss
210.0825309753418,1,delay_loss
217.07773208618164,1,delay_loss
209.99789237976077,1,delay_loss
217.4849510192871,1,delay_loss
200.8492946624756,1,delay_loss
280.5259227752685,1,delay_loss
265.00439643859863,1,delay_loss
210.60943603515625,1,delay_loss
946.523666381836,1,delay_loss
218.68395805358887,1,delay_loss
210.0086212158203,1,delay_loss
216.27092361450195,1,delay_loss
210.45756340026853,1,delay_loss
216.0513401031494,1,delay_loss
209.82956886291504,1,delay_loss
215.89922904968265,1,delay_loss
209.0280055999756,1,delay_loss
218.6954021453857,1,delay_loss
209.3021869659424,1,delay_loss
218.3315753936768,1,delay_loss
208.59694480896,1,delay_loss
218.15204620361328,1,delay_loss
319.91004943847656,1,delay_loss
208.73665809631348,1,delay_loss
219.1860675811768,1,delay_loss
209.30147171020508,1,delay_loss
218.95909309387207,1,delay_loss
207.0486545562744,1,delay_loss
216.2408828735352,1,delay_loss
209.4171047210693,1,delay_loss
218.5506820678711,1,delay_loss
207.79943466186523,1,delay_loss
219.02871131896973,1,delay_loss
209.46455001831052,1,delay_loss
217.73982048034668,1,delay_loss
210.07609367370603,1,delay_loss
217.40460395812988,1,delay_loss
212.2786045074463,1,delay_loss
215.0735855102539,1,delay_loss
209.9239826202393,1,delay_loss
217.18168258666992,1,delay_loss
210.4353904724121,1,delay_loss
217.51165390014648,1,delay_loss
208.64152908325195,1,delay_loss
218.5308933258057,1,delay_loss
208.84275436401367,1,delay_loss
221.4365005493164,1,delay_loss
207.07249641418457,1,delay_loss
217.0236110687256,1,delay_loss
212.0685577392578,1,delay_loss
215.9876823425293,1,delay_loss
208.84013175964355,1,delay_loss
217.5583839416504,1,delay_loss
210.11638641357425,1,delay_loss
216.90964698791504,1,delay_loss
209.6490859985352,1,delay_loss
217.6609039306641,1,delay_loss
209.67340469360352,1,delay_loss
201.6079425811768,1,delay_loss
410.642147064209,1,delay_loss
242.8860664367676,1,delay_loss
208.31871032714844,1,delay_loss
218.38855743408203,1,delay_loss
207.9944610595703,1,delay_loss
219.45643424987796,1,delay_loss
209.04278755187988,1,delay_loss
216.8259620666504,1,delay_loss
210.2069854736328,1,delay_loss
217.8206443786621,1,delay_loss
200.7594108581543,1,delay_loss
273.00238609313965,1,delay_loss
272.841215133667,1,delay_loss
207.81493186950684,1,delay_loss
219.1751003265381,1,delay_loss
208.94193649291992,1,delay_loss
217.7896499633789,1,delay_loss
208.6281776428223,1,delay_loss
217.24176406860352,1,delay_loss
210.0660800933838,1,delay_loss
217.5576686859131,1,delay_loss
210.737943649292,1,delay_loss
201.01428031921387,1,delay_loss
410.3150367736816,1,delay_loss
241.29462242126465,1,delay_loss
209.4886302947998,1,delay_loss
218.40357780456543,1,delay_loss
209.40852165222168,1,delay_loss
217.6961898803711,1,delay_loss
208.16779136657715,1,delay_loss
200.78349113464355,1,delay_loss
411.94772720336914,1,delay_loss
243.14594268798828,1,delay_loss
209.11145210266116,1,delay_loss
218.2941436767578,1,delay_loss
208.5263729095459,1,delay_loss
474.6122360229492,1,delay_loss
219.4690704345703,1,delay_loss
314.04662132263184,1,delay_loss
208.7240219116211,1,delay_loss
276.38769149780273,1,delay_loss
208.37855339050293,1,delay_loss
219.50888633728027,1,delay_loss
207.9641819000244,1,delay_loss
218.75786781311035,1,delay_loss
209.56897735595703,1,delay_loss
216.6891098022461,1,delay_loss
209.22541618347168,1,delay_loss
218.6288833618164,1,delay_loss
201.0440826416016,1,delay_loss
272.6774215698242,1,delay_loss
272.1176147460937,1,delay_loss
947.5710391998292,1,delay_loss
210.23058891296387,1,delay_loss
217.72050857543945,1,delay_loss
208.7259292602539,1,delay_loss
219.27618980407715,1,delay_loss
208.24575424194336,1,delay_loss
217.92984008789065,1,delay_loss
209.2165946960449,1,delay_loss
218.33133697509768,1,delay_loss
208.9395523071289,1,delay_loss
217.55599975585935,1,delay_loss
210.53695678710935,1,delay_loss
216.8104648590088,1,delay_loss
210.0160121917725,1,delay_loss
846.0888862609863,1,delay_loss
209.81287956237796,1,delay_loss
219.09642219543457,1,delay_loss
211.4884853363037,1,delay_loss
215.02161026000977,1,delay_loss
208.56499671936035,1,delay_loss
218.552827835083,1,delay_loss
209.37395095825195,1,delay_loss
217.49424934387207,1,delay_loss
208.94193649291992,1,delay_loss
528.7013053894043,1,delay_loss
217.174768447876,1,delay_loss
209.406852722168,1,delay_loss
218.6298370361328,1,delay_loss
208.70089530944824,1,delay_loss
218.2638645172119,1,delay_loss
208.86731147766116,1,delay_loss
217.96870231628415,1,delay_loss
210.4332447052002,1,delay_loss
218.1668281555176,1,delay_loss
207.9453468322754,1,delay_loss
218.273401260376,1,delay_loss
209.25307273864743,1,delay_loss
218.1835174560547,1,delay_loss
209.89441871643064,1,delay_loss
217.97609329223636,1,delay_loss
208.67514610290527,1,delay_loss
218.34731101989743,1,delay_loss
209.4571590423584,1,delay_loss
218.8808917999268,1,delay_loss
208.70471000671387,1,delay_loss
219.58136558532715,1,delay_loss
208.88781547546387,1,delay_loss
218.0018424987793,1,delay_loss
208.50133895874023,1,delay_loss
218.48511695861816,1,delay_loss
209.2568874359131,1,delay_loss
218.2009220123291,1,delay_loss
209.580659866333,1,delay_loss
217.55623817443848,1,delay_loss
359.87043380737305,1,delay_loss
276.63135528564453,1,delay_loss
210.2177143096924,1,delay_loss
216.7320251464844,1,delay_loss
209.4595432281494,1,delay_loss
218.41692924499512,1,delay_loss
208.3737850189209,1,delay_loss
218.51444244384768,1,delay_loss
528.66530418396,1,delay_loss
209.36179161071777,1,delay_loss
217.54837036132807,1,delay_loss
208.9555263519287,1,delay_loss
947.6447105407716,1,delay_loss
201.3566493988037,1,delay_loss
411.541223526001,1,delay_loss
242.07234382629397,1,delay_loss
529.0439128875732,1,delay_loss
208.61005783081052,1,delay_loss
218.31464767456052,1,delay_loss
208.6942195892334,1,delay_loss
948.333740234375,1,delay_loss
217.61631965637207,1,delay_loss
209.43355560302732,1,delay_loss
218.50228309631348,1,delay_loss
201.04742050170896,1,delay_loss
273.3907699584961,1,delay_loss
271.3947296142578,1,delay_loss
209.0284824371338,1,delay_loss
218.30034255981445,1,delay_loss
947.6096630096436,1,delay_loss
210.33215522766116,1,delay_loss
217.11111068725583,1,delay_loss
208.7807655334473,1,delay_loss
218.2791233062744,1,delay_loss
209.17367935180664,1,delay_loss
217.6613807678223,1,delay_loss
209.34653282165527,1,delay_loss
218.56927871704104,1,delay_loss
208.59503746032715,1,delay_loss
218.6410427093506,1,delay_loss
207.8561782836914,1,delay_loss
219.21706199646,1,delay_loss
209.05661582946777,1,delay_loss
218.5394763946533,1,delay_loss
209.8402976989746,1,delay_loss
846.2698459625244,1,delay_loss
209.6395492553711,1,delay_loss
217.92197227478027,1,delay_loss
209.7322940826416,1,delay_loss
218.0938720703125,1,delay_loss
209.20467376708984,1,delay_loss
218.4741497039795,1,delay_loss
207.92055130004883,1,delay_loss
218.9669609069824,1,delay_loss
208.92906188964844,1,delay_loss
217.7822589874268,1,delay_loss
208.73761177062988,1,delay_loss
219.0868854522705,1,delay_loss
208.5123062133789,1,delay_loss
218.54066848754883,1,delay_loss
208.7540626525879,1,delay_loss
212.33892440795896,1,delay_loss
209.53035354614255,1,delay_loss
218.56427192687988,1,delay_loss
208.67466926574707,1,delay_loss
218.46437454223636,1,delay_loss
208.96458625793457,1,delay_loss
218.12105178833008,1,delay_loss
210.04486083984372,1,delay_loss
217.14234352111816,1,delay_loss
210.0536823272705,1,delay_loss
218.5070514678955,1,delay_loss
209.28692817687988,1,delay_loss
217.5424098968506,1,delay_loss
210.4167938232422,1,delay_loss
847.0232486724854,1,delay_loss
208.3227634429932,1,delay_loss
218.5850143432617,1,delay_loss
209.6409797668457,1,delay_loss
217.04626083374023,1,delay_loss
209.54489707946777,1,delay_loss
217.06342697143555,1,delay_loss
210.3264331817627,1,delay_loss
217.3483371734619,1,delay_loss
209.03587341308597,1,delay_loss
218.60527992248532,1,delay_loss
208.8613510131836,1,delay_loss
217.23151206970212,1,delay_loss
210.3874683380127,1,delay_loss
216.85075759887692,1,delay_loss
209.27190780639648,1,delay_loss
219.6905612945557,1,delay_loss
209.40017700195312,1,delay_loss
217.97418594360352,1,delay_loss
209.0492248535156,1,delay_loss
217.8359031677246,1,delay_loss
210.5545997619629,1,delay_loss
217.17119216918945,1,delay_loss
208.99486541748047,1,delay_loss
847.3660945892334,1,delay_loss
209.2466354370117,1,delay_loss
219.06733512878415,1,delay_loss
209.14125442504883,1,delay_loss
219.449520111084,1,delay_loss
207.25250244140625,1,delay_loss
218.60146522521973,1,delay_loss
210.4818820953369,1,delay_loss
251.30033493041992,1,delay_loss
311.4731311798096,1,delay_loss
290.01522064208984,1,delay_loss
209.1703414916992,1,delay_loss
946.5177059173584,1,delay_loss
218.538761138916,1,delay_loss
209.81669425964355,1,delay_loss
251.30558013916016,1,delay_loss
312.73555755615234,1,delay_loss
289.05391693115234,1,delay_loss
209.56683158874512,1,delay_loss
217.78535842895508,1,delay_loss
208.11223983764648,1,delay_loss
218.9428806304932,1,delay_loss
208.9383602142334,1,delay_loss
218.3361053466797,1,delay_loss
208.5270881652832,1,delay_loss
218.54352951049805,1,delay_loss
209.49220657348636,1,delay_loss
217.1623706817627,1,delay_loss
209.6729278564453,1,delay_loss
857.994794845581,1,delay_loss
201.0040283203125,1,delay_loss
216.81547164916992,1,delay_loss
1000.5378723144532,1,delay_loss
265.11359214782715,1,delay_loss
210.61110496521,1,delay_loss
217.79894828796387,1,delay_loss
209.40923690795896,1,delay_loss
214.7676944732666,1,delay_loss
209.22327041625977,1,delay_loss
218.6241149902344,1,delay_loss
209.09762382507324,1,delay_loss
219.56992149353027,1,delay_loss
206.9692611694336,1,delay_loss
216.5582180023193,1,delay_loss
359.9820137023926,1,delay_loss
275.2938270568848,1,delay_loss
207.63206481933597,1,delay_loss
217.42963790893555,1,delay_loss
208.5742950439453,1,delay_loss
216.3553237915039,1,delay_loss
210.4809284210205,1,delay_loss
214.1745090484619,1,delay_loss
207.2780132293701,1,delay_loss
215.95382690429688,1,delay_loss
208.04905891418457,1,delay_loss
217.54217147827148,1,delay_loss
209.0320587158203,1,delay_loss
216.3338661193848,1,delay_loss
207.96632766723636,1,delay_loss
217.25726127624512,1,delay_loss
207.61513710021973,1,delay_loss
218.1861400604248,1,delay_loss
208.09531211853027,1,delay_loss
216.4032459259033,1,delay_loss
210.5114459991455,1,delay_loss
213.05203437805176,1,delay_loss
207.3016166687012,1,delay_loss
217.4315452575684,1,delay_loss
208.25529098510745,1,delay_loss
217.09156036376956,1,delay_loss
208.2009315490723,1,delay_loss
216.7196273803711,1,delay_loss
207.37051963806152,1,delay_loss
216.66526794433597,1,delay_loss
209.18035507202148,1,delay_loss
215.61074256896973,1,delay_loss
207.3681354522705,1,delay_loss
216.9346809387207,1,delay_loss
207.81826972961423,1,delay_loss
217.3604965209961,1,delay_loss
208.0717086791992,1,delay_loss
217.43059158325195,1,delay_loss
208.41145515441892,1,delay_loss
844.8731899261475,1,delay_loss
249.8948574066162,1,delay_loss
411.6017818450928,1,delay_loss
239.2604351043701,1,delay_loss
201.3802528381348,1,delay_loss
351.3343334197998,1,delay_loss
240.97108840942383,1,delay_loss
207.7186107635498,1,delay_loss
217.31209754943848,1,delay_loss
207.57031440734863,1,delay_loss
217.09322929382324,1,delay_loss
207.98611640930176,1,delay_loss
218.2607650756836,1,delay_loss
206.71486854553223,1,delay_loss
217.47875213623047,1,delay_loss
207.9777717590332,1,delay_loss
217.087984085083,1,delay_loss
208.42385292053223,1,delay_loss
216.32790565490723,1,delay_loss
209.71250534057617,1,delay_loss
216.09783172607425,1,delay_loss
208.54640007019043,1,delay_loss
216.72344207763672,1,delay_loss
208.55021476745603,1,delay_loss
200.8156776428223,1,delay_loss
410.44020652771,1,delay_loss
240.8895492553711,1,delay_loss
210.59894561767575,1,delay_loss
214.82253074646,1,delay_loss
526.146411895752,1,delay_loss
208.6753845214844,1,delay_loss
218.40643882751465,1,delay_loss
207.2007656097412,1,delay_loss
217.10896492004397,1,delay_loss
208.71901512146,1,delay_loss
215.7456874847412,1,delay_loss
208.13226699829104,1,delay_loss
215.99268913269043,1,delay_loss
210.6180191040039,1,delay_loss
214.0986919403076,1,delay_loss
209.6405029296875,1,delay_loss
216.19796752929688,1,delay_loss
207.6823711395264,1,delay_loss
217.3500061035156,1,delay_loss
206.70032501220703,1,delay_loss
217.46015548706052,1,delay_loss
209.22207832336423,1,delay_loss
214.01000022888184,1,delay_loss
210.1755142211914,1,delay_loss
214.3406867980957,1,delay_loss
207.69429206848145,1,delay_loss
217.1158790588379,1,delay_loss
206.6788673400879,1,delay_loss
200.93584060668945,1,delay_loss
221.78936004638672,1,delay_loss
201.36713981628415,1,delay_loss
224.6913909912109,1,delay_loss
214.96319770812988,1,delay_loss
208.4047794342041,1,delay_loss
214.749813079834,1,delay_loss
209.66792106628415,1,delay_loss
216.60399436950684,1,delay_loss
208.54568481445312,1,delay_loss
217.97943115234372,1,delay_loss
209.17248725891116,1,delay_loss
217.5605297088623,1,delay_loss
213.02199363708496,1,delay_loss
212.93306350708008,1,delay_loss
947.4327564239502,1,delay_loss
209.69367027282715,1,delay_loss
216.86458587646484,1,delay_loss
209.43331718444824,1,delay_loss
217.6215648651123,1,delay_loss
209.46550369262692,1,delay_loss
217.0138359069824,1,delay_loss
528.3734798431396,1,delay_loss
210.6595039367676,1,delay_loss
216.27235412597656,1,delay_loss
266.07537269592285,1,delay_loss
261.7356777191162,1,delay_loss
217.76247024536133,1,delay_loss
208.33468437194824,1,delay_loss
220.06607055664065,1,delay_loss
207.02672004699707,1,delay_loss
217.51880645751956,1,delay_loss
210.2222442626953,1,delay_loss
578.4802436828613,1,delay_loss
207.65066146850583,1,delay_loss
276.50976181030273,1,delay_loss
201.41243934631348,1,delay_loss
259.7329616546631,1,delay_loss
307.6138496398926,1,delay_loss
293.92385482788086,1,delay_loss
208.81366729736328,1,delay_loss
208.90259742736816,1,delay_loss
209.0024948120117,1,delay_loss
217.85306930541992,1,delay_loss
208.7042331695557,1,delay_loss
218.982458114624,1,delay_loss
208.202600479126,1,delay_loss
218.68443489074707,1,delay_loss
208.298921585083,1,delay_loss
250.5977153778076,1,delay_loss
359.69996452331543,1,delay_loss
244.69399452209475,1,delay_loss
207.5672149658203,1,delay_loss
947.437047958374,1,delay_loss
218.5971736907959,1,delay_loss
208.7113857269287,1,delay_loss
217.7591323852539,1,delay_loss
208.09340476989743,1,delay_loss
218.46938133239743,1,delay_loss
209.5353603363037,1,delay_loss
215.3346538543701,1,delay_loss
207.83305168151853,1,delay_loss
218.4293270111084,1,delay_loss
209.46502685546875,1,delay_loss
215.9876823425293,1,delay_loss
209.00416374206543,1,delay_loss
216.8445587158203,1,delay_loss
208.95099639892575,1,delay_loss
217.0274257659912,1,delay_loss
213.5415077209473,1,delay_loss
844.3164825439453,1,delay_loss
201.41196250915527,1,delay_loss
306.78629875183105,1,delay_loss
255.7063102722168,1,delay_loss
299.1001605987549,1,delay_loss
208.7874412536621,1,delay_loss
217.14138984680176,1,delay_loss
252.09283828735352,1,delay_loss
385.2875232696533,1,delay_loss
209.56134796142575,1,delay_loss
217.46325492858887,1,delay_loss
208.8010311126709,1,delay_loss
218.5366153717041,1,delay_loss
209.5608711242676,1,delay_loss
217.03839302062988,1,delay_loss
209.28025245666504,1,delay_loss
217.907190322876,1,delay_loss
528.9750099182129,1,delay_loss
207.46755599975583,1,delay_loss
218.6257839202881,1,delay_loss
945.9965229034424,1,delay_loss
209.0010643005371,1,delay_loss
217.67783164978027,1,delay_loss
208.1775665283203,1,delay_loss
217.2982692718506,1,delay_loss
209.2742919921875,1,delay_loss
216.9342041015625,1,delay_loss
209.1081142425537,1,delay_loss
216.40753746032715,1,delay_loss
209.43713188171387,1,delay_loss
218.3232307434082,1,delay_loss
209.7930908203125,1,delay_loss
215.38877487182617,1,delay_loss
211.3587856292725,1,delay_loss
216.00770950317383,1,delay_loss
208.51826667785645,1,delay_loss
218.38879585266116,1,delay_loss
207.87882804870603,1,delay_loss
848.1366634368896,1,delay_loss
208.85014533996585,1,delay_loss
218.48225593566892,1,delay_loss
209.5935344696045,1,delay_loss
216.2301540374756,1,delay_loss
210.00099182128903,1,delay_loss
216.33410453796387,1,delay_loss
208.9715003967285,1,delay_loss
218.16253662109372,1,delay_loss
208.2970142364502,1,delay_loss
216.5188789367676,1,delay_loss
209.31291580200195,1,delay_loss
218.38021278381348,1,delay_loss
209.03611183166504,1,delay_loss
218.0945873260498,1,delay_loss
209.3439102172852,1,delay_loss
216.7530059814453,1,delay_loss
209.81407165527344,1,delay_loss
217.33593940734863,1,delay_loss
212.9509449005127,1,delay_loss
212.7394676208496,1,delay_loss
209.2118263244629,1,delay_loss
217.1304225921631,1,delay_loss
208.6355686187744,1,delay_loss
218.89162063598636,1,delay_loss
209.5348834991455,1,delay_loss
218.2941436767578,1,delay_loss
836.1077308654785,1,delay_loss
218.7204360961914,1,delay_loss
208.15205574035645,1,delay_loss
217.7441120147705,1,delay_loss
210.03985404968265,1,delay_loss
218.7528610229492,1,delay_loss
207.29994773864743,1,delay_loss
218.3401584625244,1,delay_loss
209.0997695922852,1,delay_loss
218.05739402771,1,delay_loss
209.2876434326172,1,delay_loss
217.43297576904297,1,delay_loss
207.9489231109619,1,delay_loss
217.8020477294922,1,delay_loss
209.3601226806641,1,delay_loss
217.7891731262207,1,delay_loss
211.7176055908203,1,delay_loss
214.92862701416016,1,delay_loss
210.0663185119629,1,delay_loss
216.9129848480225,1,delay_loss
208.80913734436035,1,delay_loss
218.3499336242676,1,delay_loss
209.68174934387207,1,delay_loss
217.67139434814453,1,delay_loss
207.95440673828125,1,delay_loss
219.53701972961423,1,delay_loss
251.46484375,1,delay_loss
639.1215324401855,1,delay_loss
273.1132507324219,1,delay_loss
210.39915084838867,1,delay_loss
217.1945571899414,1,delay_loss
208.4903717041016,1,delay_loss
218.3711528778076,1,delay_loss
209.5937728881836,1,delay_loss
825.9327411651611,1,delay_loss
229.67100143432617,1,delay_loss
218.19567680358887,1,delay_loss
208.45794677734372,1,delay_loss
217.74768829345703,1,delay_loss
209.54155921936035,1,delay_loss
218.25218200683597,1,delay_loss
209.1662883758545,1,delay_loss
216.9489860534668,1,delay_loss
208.13894271850583,1,delay_loss
217.76843070983887,1,delay_loss
209.9761962890625,1,delay_loss
217.2720432281494,1,delay_loss
209.3830108642578,1,delay_loss
217.2822952270508,1,delay_loss
209.6726894378662,1,delay_loss
218.6276912689209,1,delay_loss
207.963228225708,1,delay_loss
218.5959815979004,1,delay_loss
209.72371101379397,1,delay_loss
217.2107696533203,1,delay_loss
836.575984954834,1,delay_loss
219.2316055297852,1,delay_loss
210.27350425720212,1,delay_loss
216.214656829834,1,delay_loss
208.84442329406735,1,delay_loss
218.1718349456787,1,delay_loss
207.5686454772949,1,delay_loss
303.9109706878662,1,delay_loss
251.38115882873532,1,delay_loss
279.18004989624023,1,delay_loss
208.040714263916,1,delay_loss
302.3550510406494,1,delay_loss
212.14747428894043,1,delay_loss
209.02276039123532,1,delay_loss
527.5981426239014,1,delay_loss
217.41175651550293,1,delay_loss
209.76543426513672,1,delay_loss
217.9734706878662,1,delay_loss
319.0767765045166,1,delay_loss
209.05375480651853,1,delay_loss
218.0960178375244,1,delay_loss
211.80438995361328,1,delay_loss
207.11112022399905,1,delay_loss
251.265287399292,1,delay_loss
384.4728469848633,1,delay_loss
211.1923694610596,1,delay_loss
216.2685394287109,1,delay_loss
307.6624870300293,1,delay_loss
209.14435386657715,1,delay_loss
217.1018123626709,1,delay_loss
210.2360725402832,1,delay_loss
217.68641471862796,1,delay_loss
209.66100692749023,1,delay_loss
217.4665927886963,1,delay_loss
209.33961868286133,1,delay_loss
217.2689437866211,1,delay_loss
206.28070831298828,1,delay_loss
215.67559242248532,1,delay_loss
251.2965202331543,1,delay_loss
398.95081520080566,1,delay_loss
293.1957244873047,1,delay_loss
208.61458778381348,1,delay_loss
217.7271842956543,1,delay_loss
209.29551124572757,1,delay_loss
218.3525562286377,1,delay_loss
208.27054977416992,1,delay_loss
217.49472618103027,1,delay_loss
266.6506767272949,1,delay_loss
261.46864891052246,1,delay_loss
528.6142826080322,1,delay_loss
216.2203788757324,1,delay_loss
528.418779373169,1,delay_loss
209.16056632995603,1,delay_loss
217.81182289123532,1,delay_loss
211.15589141845703,1,delay_loss
200.7603645324707,1,delay_loss
412.1017456054688,1,delay_loss
238.43932151794436,1,delay_loss
208.98962020874023,1,delay_loss
946.8355178833008,1,delay_loss
217.93580055236816,1,delay_loss
209.22589302062988,1,delay_loss
217.06581115722656,1,delay_loss
210.1879119873047,1,delay_loss
217.4077033996582,1,delay_loss
206.6466808319092,1,delay_loss
217.87071228027344,1,delay_loss
208.6091041564941,1,delay_loss
216.83192253112796,1,delay_loss
837.9487991333008,1,delay_loss
217.9350852966309,1,delay_loss
209.67864990234372,1,delay_loss
217.5109386444092,1,delay_loss
206.76422119140625,1,delay_loss
218.30201148986816,1,delay_loss
209.69820022583008,1,delay_loss
216.6719436645508,1,delay_loss
208.1286907196045,1,delay_loss
217.90766716003415,1,delay_loss
359.9505424499512,1,delay_loss
275.8955955505371,1,delay_loss
210.0198268890381,1,delay_loss
217.5331115722656,1,delay_loss
210.5412483215332,1,delay_loss
216.39347076416016,1,delay_loss
208.92834663391116,1,delay_loss
216.5987491607666,1,delay_loss
200.97112655639648,1,delay_loss
273.58555793762207,1,delay_loss
271.3484764099121,1,delay_loss
207.6511383056641,1,delay_loss
217.1039581298828,1,delay_loss
209.5847129821777,1,delay_loss
218.7371253967285,1,delay_loss
208.1143856048584,1,delay_loss
218.1386947631836,1,delay_loss
208.4219455718994,1,delay_loss
218.9695835113525,1,delay_loss
208.28509330749512,1,delay_loss
217.5233364105225,1,delay_loss
208.41526985168457,1,delay_loss
207.80706405639648,1,delay_loss
256.242036819458,1,delay_loss
205.10268211364743,1,delay_loss
293.90978813171387,1,delay_loss
201.0138034820557,1,delay_loss
255.19108772277832,1,delay_loss
358.7167263031006,1,delay_loss
247.7426528930664,1,delay_loss
208.45675468444824,1,delay_loss
217.75555610656735,1,delay_loss
209.61642265319824,1,delay_loss
217.65470504760745,1,delay_loss
209.2738151550293,1,delay_loss
216.9516086578369,1,delay_loss
209.27977561950684,1,delay_loss
216.8135643005371,1,delay_loss
209.3231678009033,1,delay_loss
216.19844436645508,1,delay_loss
210.57486534118647,1,delay_loss
216.6719436645508,1,delay_loss
208.38332176208496,1,delay_loss
218.9171314239502,1,delay_loss
207.28754997253415,1,delay_loss
251.0058879852295,1,delay_loss
285.2325439453125,1,delay_loss
256.82520866394043,1,delay_loss
217.86785125732425,1,delay_loss
271.06308937072754,1,delay_loss
207.92388916015625,1,delay_loss
218.23620796203613,1,delay_loss
209.35678482055664,1,delay_loss
216.40872955322263,1,delay_loss
209.059476852417,1,delay_loss
216.5343761444092,1,delay_loss
209.0458869934082,1,delay_loss
217.82517433166504,1,delay_loss
208.65941047668457,1,delay_loss
217.6785469055176,1,delay_loss
209.0592384338379,1,delay_loss
218.26529502868647,1,delay_loss
208.4352970123291,1,delay_loss
218.37615966796875,1,delay_loss
207.7474594116211,1,delay_loss
218.3694839477539,1,delay_loss
208.74714851379397,1,delay_loss
217.130184173584,1,delay_loss
209.81311798095703,1,delay_loss
217.13972091674805,1,delay_loss
209.5308303833008,1,delay_loss
217.7426815032959,1,delay_loss
527.7688503265381,1,delay_loss
208.690881729126,1,delay_loss
219.4008827209473,1,delay_loss
207.6704502105713,1,delay_loss
218.36137771606445,1,delay_loss
210.05797386169436,1,delay_loss
217.24891662597656,1,delay_loss
208.768367767334,1,delay_loss
217.80037879943848,1,delay_loss
208.5721492767334,1,delay_loss
217.8494930267334,1,delay_loss
209.58352088928223,1,delay_loss
217.2567844390869,1,delay_loss
209.15627479553223,1,delay_loss
217.20123291015625,1,delay_loss
208.85276794433597,1,delay_loss
271.7757225036621,1,delay_loss
212.80169486999512,1,delay_loss
260.9438896179199,1,delay_loss
528.1665325164795,1,delay_loss
217.801570892334,1,delay_loss
211.50851249694824,1,delay_loss
214.45250511169436,1,delay_loss
201.04193687438965,1,delay_loss
226.7618179321289,1,delay_loss
210.09588241577148,1,delay_loss
215.95478057861328,1,delay_loss
208.8921070098877,1,delay_loss
207.67974853515625,1,delay_loss
255.59186935424805,1,delay_loss
228.99413108825684,1,delay_loss
269.9425220489502,1,delay_loss
210.4318141937256,1,delay_loss
218.4090614318848,1,delay_loss
207.94129371643064,1,delay_loss
217.7541255950928,1,delay_loss
208.1778049468994,1,delay_loss
218.4276580810547,1,delay_loss
209.38873291015625,1,delay_loss
216.72511100769043,1,delay_loss
209.5391750335693,1,delay_loss
217.48876571655276,1,delay_loss
208.3556652069092,1,delay_loss
847.7632999420166,1,delay_loss
208.1453800201416,1,delay_loss
217.9319858551025,1,delay_loss
207.552433013916,1,delay_loss
218.170166015625,1,delay_loss
207.808256149292,1,delay_loss
218.4700965881348,1,delay_loss
838.1204605102539,1,delay_loss
217.55623817443848,1,delay_loss
209.3746662139893,1,delay_loss
217.67783164978027,1,delay_loss
208.27555656433103,1,delay_loss
219.17390823364255,1,delay_loss
834.3424797058105,1,delay_loss
221.04525566101077,1,delay_loss
207.52644538879397,1,delay_loss
218.583345413208,1,delay_loss
207.78679847717285,1,delay_loss
218.57595443725583,1,delay_loss
208.83631706237796,1,delay_loss
217.7057266235352,1,delay_loss
209.04779434204104,1,delay_loss
848.2992649078369,1,delay_loss
527.3935794830322,1,delay_loss
209.1372013092041,1,delay_loss
216.85791015625,1,delay_loss
209.12814140319824,1,delay_loss
218.2786464691162,1,delay_loss
210.42418479919436,1,delay_loss
216.51434898376465,1,delay_loss
208.4517478942871,1,delay_loss
218.1873321533203,1,delay_loss
210.7863426208496,1,delay_loss
216.86816215515137,1,delay_loss
209.0466022491455,1,delay_loss
218.4078693389893,1,delay_loss
208.50849151611328,1,delay_loss
218.12725067138672,1,delay_loss
208.32514762878415,1,delay_loss
217.97800064086917,1,delay_loss
208.80460739135745,1,delay_loss
217.62633323669436,1,delay_loss
212.8932476043701,1,delay_loss
213.90151977539065,1,delay_loss
208.7457180023193,1,delay_loss
217.1914577484131,1,delay_loss
208.78338813781735,1,delay_loss
216.9959545135498,1,delay_loss
209.0914249420166,1,delay_loss
219.12741661071777,1,delay_loss
250.99968910217285,1,delay_loss
385.1010799407959,1,delay_loss
208.95028114318848,1,delay_loss
217.0407772064209,1,delay_loss
210.24727821350095,1,delay_loss
216.46595001220703,1,delay_loss
209.03754234313965,1,delay_loss
218.75357627868647,1,delay_loss
208.4662914276123,1,delay_loss
218.4081077575684,1,delay_loss
266.326904296875,1,delay_loss
260.1816654205322,1,delay_loss
217.58532524108887,1,delay_loss
209.672212600708,1,delay_loss
218.54472160339355,1,delay_loss
208.93478393554688,1,delay_loss
216.88127517700195,1,delay_loss
208.5285186767578,1,delay_loss
218.8739776611328,1,delay_loss
209.3346118927002,1,delay_loss
217.6814079284668,1,delay_loss
208.9815139770508,1,delay_loss
217.7882194519043,1,delay_loss
209.58614349365237,1,delay_loss
218.15872192382807,1,delay_loss
208.30559730529785,1,delay_loss
251.80935859680176,1,delay_loss
309.8750114440918,1,delay_loss
293.45202445983887,1,delay_loss
208.33444595336917,1,delay_loss
529.1340351104736,1,delay_loss
217.9982662200928,1,delay_loss
209.50889587402344,1,delay_loss
217.98443794250488,1,delay_loss
208.8637351989746,1,delay_loss
217.39673614501956,1,delay_loss
209.0473175048828,1,delay_loss
215.9121036529541,1,delay_loss
208.08076858520508,1,delay_loss
217.5149917602539,1,delay_loss
209.54418182373047,1,delay_loss
217.6532745361328,1,delay_loss
209.3446254730225,1,delay_loss
218.9624309539795,1,delay_loss
207.08870887756348,1,delay_loss
219.16842460632324,1,delay_loss
209.69033241271973,1,delay_loss
216.92585945129397,1,delay_loss
209.17773246765137,1,delay_loss
217.2422409057617,1,delay_loss
209.38682556152344,1,delay_loss
201.5373706817627,1,delay_loss
333.88400077819824,1,delay_loss
208.5716724395752,1,delay_loss
208.6236476898193,1,delay_loss
201.09844207763672,1,delay_loss
321.9342231750488,1,delay_loss
253.3574104309082,1,delay_loss
296.30565643310547,1,delay_loss
255.96237182617188,1,delay_loss
218.09935569763184,1,delay_loss
270.3888416290283,1,delay_loss
209.66625213623047,1,delay_loss
217.0891761779785,1,delay_loss
209.58542823791504,1,delay_loss
219.3846702575684,1,delay_loss
208.4231376647949,1,delay_loss
217.10920333862305,1,delay_loss
209.5320224761963,1,delay_loss
218.36185455322263,1,delay_loss
208.7197303771973,1,delay_loss
217.4997329711914,1,delay_loss
201.0786533355713,1,delay_loss
256.0231685638428,1,delay_loss
287.92381286621094,1,delay_loss
208.219051361084,1,delay_loss
217.8070545196533,1,delay_loss
209.0775966644287,1,delay_loss
217.26560592651367,1,delay_loss
209.16104316711423,1,delay_loss
217.29183197021484,1,delay_loss
209.37347412109372,1,delay_loss
217.44060516357425,1,delay_loss
208.33897590637207,1,delay_loss
217.44227409362796,1,delay_loss
208.73236656188965,1,delay_loss
217.6377773284912,1,delay_loss
209.87319946289065,1,delay_loss
217.04721450805664,1,delay_loss
208.5978984832764,1,delay_loss
218.00708770751956,1,delay_loss
207.66115188598636,1,delay_loss
218.05667877197263,1,delay_loss
209.728479385376,1,delay_loss
217.4615859985352,1,delay_loss
209.8021507263184,1,delay_loss
217.1657085418701,1,delay_loss
209.303617477417,1,delay_loss
217.74578094482425,1,delay_loss
207.64851570129397,1,delay_loss
218.3892726898193,1,delay_loss
208.0821990966797,1,delay_loss
217.0062065124512,1,delay_loss
209.19132232666016,1,delay_loss
218.19663047790527,1,delay_loss
208.406925201416,1,delay_loss
218.2774543762207,1,delay_loss
208.94646644592285,1,delay_loss
216.81714057922363,1,delay_loss
209.17654037475583,1,delay_loss
846.4782238006592,1,delay_loss
208.4503173828125,1,delay_loss
218.15824508666992,1,delay_loss
209.78236198425293,1,delay_loss
215.9709930419922,1,delay_loss
209.991455078125,1,delay_loss
217.83113479614255,1,delay_loss
208.39166641235352,1,delay_loss
218.1835174560547,1,delay_loss
209.83648300170896,1,delay_loss
217.05150604248047,1,delay_loss
208.23407173156735,1,delay_loss
217.0991897583008,1,delay_loss
251.79195404052732,1,delay_loss
410.2368354797363,1,delay_loss
293.4756278991699,1,delay_loss
209.45453643798828,1,delay_loss
218.2142734527588,1,delay_loss
209.3157768249512,1,delay_loss
217.8683280944824,1,delay_loss
209.2442512512207,1,delay_loss
217.5757884979248,1,delay_loss
209.83481407165527,1,delay_loss
216.8900966644287,1,delay_loss
208.667516708374,1,delay_loss
217.2732353210449,1,delay_loss
208.6014747619629,1,delay_loss
218.4875011444092,1,delay_loss
209.3303203582764,1,delay_loss
200.98042488098145,1,delay_loss
276.67903900146484,1,delay_loss
208.47535133361816,1,delay_loss
276.3051986694336,1,delay_loss
209.3830108642578,1,delay_loss
217.19050407409668,1,delay_loss
843.8193798065186,1,delay_loss
212.79215812683103,1,delay_loss
208.7130546569824,1,delay_loss
218.27006340026853,1,delay_loss
208.70709419250488,1,delay_loss
216.77803993225095,1,delay_loss
209.59067344665527,1,delay_loss
217.2224521636963,1,delay_loss
208.7702751159668,1,delay_loss
217.301607131958,1,delay_loss
210.14904975891116,1,delay_loss
216.03655815124512,1,delay_loss
210.3586196899414,1,delay_loss
216.72773361206052,1,delay_loss
209.7196578979492,1,delay_loss
218.03927421569824,1,delay_loss
208.7852954864502,1,delay_loss
217.8955078125,1,delay_loss
251.88279151916504,1,delay_loss
409.7034931182861,1,delay_loss
293.34163665771484,1,delay_loss
210.10541915893555,1,delay_loss
217.04530715942383,1,delay_loss
209.09857749938965,1,delay_loss
217.1323299407959,1,delay_loss
209.2528343200684,1,delay_loss
218.5077667236328,1,delay_loss
265.75326919555664,1,delay_loss
515.5737400054932,1,delay_loss
427.59060859680176,1,delay_loss
220.8554744720459,1,delay_loss
208.8322639465332,1,delay_loss
268.9359188079834,1,delay_loss
209.25116539001465,1,delay_loss
217.2279357910156,1,delay_loss
208.85372161865237,1,delay_loss
218.0166244506836,1,delay_loss
527.8635025024414,1,delay_loss
208.65797996521,1,delay_loss
218.98674964904785,1,delay_loss
208.263635635376,1,delay_loss
217.9579734802246,1,delay_loss
209.29980278015137,1,delay_loss
217.04816818237305,1,delay_loss
209.21611785888672,1,delay_loss
218.11628341674805,1,delay_loss
209.1526985168457,1,delay_loss
217.7741527557373,1,delay_loss
208.3911895751953,1,delay_loss
846.7252254486084,1,delay_loss
209.43903923034668,1,delay_loss
218.35780143737796,1,delay_loss
209.5487117767334,1,delay_loss
527.2054672241211,1,delay_loss
217.8804874420166,1,delay_loss
209.00416374206543,1,delay_loss
218.28222274780276,1,delay_loss
208.96053314208984,1,delay_loss
217.38648414611816,1,delay_loss
210.2341651916504,1,delay_loss
217.97561645507807,1,delay_loss
208.15229415893555,1,delay_loss
218.6415195465088,1,delay_loss
209.88845825195312,1,delay_loss
216.4747714996338,1,delay_loss
209.7475528717041,1,delay_loss
216.38822555541992,1,delay_loss
208.8336944580078,1,delay_loss
217.78273582458496,1,delay_loss
209.47742462158203,1,delay_loss
217.36550331115723,1,delay_loss
209.38515663146973,1,delay_loss
269.14310455322266,1,delay_loss
214.86926078796387,1,delay_loss
260.7998847961426,1,delay_loss
218.02568435668945,1,delay_loss
208.8150978088379,1,delay_loss
217.79894828796387,1,delay_loss
209.5742225646973,1,delay_loss
217.61298179626465,1,delay_loss
208.58478546142575,1,delay_loss
217.3216342926025,1,delay_loss
209.33842658996585,1,delay_loss
218.5509204864502,1,delay_loss
207.49258995056152,1,delay_loss
217.82350540161133,1,delay_loss
528.0880928039551,1,delay_loss
209.68127250671387,1,delay_loss
846.1759090423584,1,delay_loss
209.871768951416,1,delay_loss
216.89534187316892,1,delay_loss
209.75446701049805,1,delay_loss
214.92505073547363,1,delay_loss
205.8999538421631,1,delay_loss
217.2822952270508,1,delay_loss
208.44745635986328,1,delay_loss
218.5382843017578,1,delay_loss
209.5341682434082,1,delay_loss
217.8955078125,1,delay_loss
208.8451385498047,1,delay_loss
217.53621101379397,1,delay_loss
209.32435989379883,1,delay_loss
217.4592018127441,1,delay_loss
208.9242935180664,1,delay_loss
248.23355674743647,1,delay_loss
285.28523445129395,1,delay_loss
208.8794708251953,1,delay_loss
217.1504497528076,1,delay_loss
209.4109058380127,1,delay_loss
217.17119216918945,1,delay_loss
210.27350425720212,1,delay_loss
217.58508682250977,1,delay_loss
208.2998752593994,1,delay_loss
216.92800521850583,1,delay_loss
210.00981330871585,1,delay_loss
216.92657470703125,1,delay_loss
209.67793464660645,1,delay_loss
217.5147533416748,1,delay_loss
208.2946300506592,1,delay_loss
218.91093254089355,1,delay_loss
209.55753326416016,1,delay_loss
217.8654670715332,1,delay_loss
210.12616157531735,1,delay_loss
216.9640064239502,1,delay_loss
209.2165946960449,1,delay_loss
217.4100875854492,1,delay_loss
210.2193832397461,1,delay_loss
216.67242050170896,1,delay_loss
209.5193862915039,1,delay_loss
251.65224075317383,1,delay_loss
285.23898124694824,1,delay_loss
208.27150344848636,1,delay_loss
217.96774864196777,1,delay_loss
209.2735767364502,1,delay_loss
200.758695602417,1,delay_loss
335.9677791595459,1,delay_loss
208.4157466888428,1,delay_loss
217.89097785949707,1,delay_loss
210.3326320648193,1,delay_loss
201.0488510131836,1,delay_loss
334.4254493713379,1,delay_loss
209.55920219421387,1,delay_loss
217.54169464111328,1,delay_loss
527.9524326324463,1,delay_loss
208.7099552154541,1,delay_loss
218.8858985900879,1,delay_loss
208.62269401550293,1,delay_loss
218.72401237487796,1,delay_loss
208.9862823486328,1,delay_loss
217.79990196228027,1,delay_loss
209.26380157470703,1,delay_loss
217.86022186279297,1,delay_loss
210.38460731506348,1,delay_loss
216.03083610534668,1,delay_loss
209.26594734191892,1,delay_loss
218.33086013793945,1,delay_loss
209.13314819335935,1,delay_loss
846.8928337097168,1,delay_loss
209.2070579528809,1,delay_loss
217.77677536010745,1,delay_loss
208.47487449646,1,delay_loss
217.77844429016116,1,delay_loss
208.9385986328125,1,delay_loss
217.68999099731445,1,delay_loss
208.82010459899905,1,delay_loss
217.43035316467285,1,delay_loss
213.472843170166,1,delay_loss
214.02764320373532,1,delay_loss
208.07647705078125,1,delay_loss
217.26155281066892,1,delay_loss
212.4428749084473,1,delay_loss
214.3919467926025,1,delay_loss
327.1148204803467,1,delay_loss
249.0484714508057,1,delay_loss
261.2929344177246,1,delay_loss
219.29383277893064,1,delay_loss
211.05313301086423,1,delay_loss
215.84773063659668,1,delay_loss
209.19132232666016,1,delay_loss
218.3530330657959,1,delay_loss
208.75906944274905,1,delay_loss
217.7975177764893,1,delay_loss
211.37094497680664,1,delay_loss
215.97695350646973,1,delay_loss
208.54592323303223,1,delay_loss
210.1001739501953,1,delay_loss
835.6492519378662,1,delay_loss
222.57208824157715,1,delay_loss
207.00645446777344,1,delay_loss
217.9243564605713,1,delay_loss
209.43522453308103,1,delay_loss
217.158317565918,1,delay_loss
209.83481407165527,1,delay_loss
216.463565826416,1,delay_loss
208.7717056274414,1,delay_loss
216.8571949005127,1,delay_loss
208.0361843109131,1,delay_loss
201.6842365264893,1,delay_loss
382.39121437072754,1,delay_loss
269.4840431213379,1,delay_loss
208.4643840789795,1,delay_loss
219.2022800445557,1,delay_loss
226.57394409179688,1,delay_loss
290.912389755249,1,delay_loss
216.78757667541504,1,delay_loss
209.3050479888916,1,delay_loss
217.2813415527344,1,delay_loss
208.9340686798096,1,delay_loss
216.8304920196533,1,delay_loss
252.56776809692383,1,delay_loss
383.7459087371826,1,delay_loss
209.46192741394043,1,delay_loss
217.78368949890137,1,delay_loss
208.68325233459475,1,delay_loss
217.90766716003415,1,delay_loss
209.3067169189453,1,delay_loss
217.7152633666992,1,delay_loss
209.7921371459961,1,delay_loss
217.4065113067627,1,delay_loss
209.7148895263672,1,delay_loss
201.4918327331543,1,delay_loss
209.73443984985352,1,delay_loss
267.0886516571045,1,delay_loss
283.42199325561523,1,delay_loss
208.95648002624512,1,delay_loss
219.3629741668701,1,delay_loss
208.1327438354492,1,delay_loss
217.95225143432617,1,delay_loss
209.2740535736084,1,delay_loss
217.1027660369873,1,delay_loss
209.42020416259768,1,delay_loss
217.7250385284424,1,delay_loss
208.53471755981445,1,delay_loss
218.4317111968994,1,delay_loss
207.99732208251956,1,delay_loss
217.9436683654785,1,delay_loss
210.1268768310547,1,delay_loss
216.26806259155276,1,delay_loss
210.33954620361328,1,delay_loss
217.1652317047119,1,delay_loss
208.3063125610352,1,delay_loss
216.9070243835449,1,delay_loss
210.6256484985352,1,delay_loss
216.18962287902832,1,delay_loss
210.0844383239746,1,delay_loss
216.0739898681641,1,delay_loss
201.51615142822263,1,delay_loss
214.33663368225095,1,delay_loss
209.7785472869873,1,delay_loss
217.9815769195557,1,delay_loss
210.17980575561523,1,delay_loss
217.44036674499512,1,delay_loss
208.36782455444336,1,delay_loss
217.4172401428223,1,delay_loss
208.5585594177246,1,delay_loss
251.72805786132807,1,delay_loss
306.7951202392578,1,delay_loss
296.02980613708496,1,delay_loss
209.06519889831543,1,delay_loss
217.5147533416748,1,delay_loss
213.7277126312256,1,delay_loss
213.33837509155276,1,delay_loss
208.59527587890625,1,delay_loss
216.37368202209475,1,delay_loss
209.3746662139893,1,delay_loss
946.7825889587402,1,delay_loss
216.9826030731201,1,delay_loss
211.15684509277344,1,delay_loss
215.96384048461917,1,delay_loss
528.3622741699219,1,delay_loss
837.1829986572266,1,delay_loss
216.77684783935547,1,delay_loss
209.2263698577881,1,delay_loss
201.3039588928223,1,delay_loss
275.8939266204834,1,delay_loss
208.2686424255371,1,delay_loss
277.155876159668,1,delay_loss
209.3820571899414,1,delay_loss
217.9138660430908,1,delay_loss
208.86540412902832,1,delay_loss
218.66583824157715,1,delay_loss
207.2606086730957,1,delay_loss
213.7141227722168,1,delay_loss
211.4052772521973,1,delay_loss
215.8045768737793,1,delay_loss
208.85252952575684,1,delay_loss
217.41175651550293,1,delay_loss
210.3688716888428,1,delay_loss
216.91036224365237,1,delay_loss
209.6104621887207,1,delay_loss
216.44163131713867,1,delay_loss
209.1386318206787,1,delay_loss
217.29302406311035,1,delay_loss
208.7843418121338,1,delay_loss
218.3799743652344,1,delay_loss
208.65654945373532,1,delay_loss
217.6971435546875,1,delay_loss
209.72967147827148,1,delay_loss
217.2906398773193,1,delay_loss
204.26273345947263,1,delay_loss
218.41144561767575,1,delay_loss
209.8402976989746,1,delay_loss
217.7596092224121,1,delay_loss
209.1171741485596,1,delay_loss
216.92585945129397,1,delay_loss
208.90450477600095,1,delay_loss
217.00191497802732,1,delay_loss
209.4359397888184,1,delay_loss
217.8492546081543,1,delay_loss
209.2127799987793,1,delay_loss
527.8952121734619,1,delay_loss
217.97537803649905,1,delay_loss
211.2059593200684,1,delay_loss
215.90065956115723,1,delay_loss
213.98162841796875,1,delay_loss
210.986852645874,1,delay_loss
209.0902328491211,1,delay_loss
527.6329517364502,1,delay_loss
217.7460193634033,1,delay_loss
209.00344848632807,1,delay_loss
217.4386978149414,1,delay_loss
838.4864330291748,1,delay_loss
847.8925228118896,1,delay_loss
209.5034122467041,1,delay_loss
216.3267135620117,1,delay_loss
209.32531356811523,1,delay_loss
217.65375137329104,1,delay_loss
208.97626876831052,1,delay_loss
218.0306911468506,1,delay_loss
208.81032943725583,1,delay_loss
218.2402610778809,1,delay_loss
208.8918685913086,1,delay_loss
216.4850234985352,1,delay_loss
209.6364498138428,1,delay_loss
217.71740913391116,1,delay_loss
209.50961112976077,1,delay_loss
217.3857688903809,1,delay_loss
209.05280113220212,1,delay_loss
217.74959564208984,1,delay_loss
208.66823196411133,1,delay_loss
217.10562705993647,1,delay_loss
209.8476886749268,1,delay_loss
217.00119972229004,1,delay_loss
210.10494232177732,1,delay_loss
217.72384643554688,1,delay_loss
208.3139419555664,1,delay_loss
218.56689453125,1,delay_loss
210.6037139892578,1,delay_loss
216.5529727935791,1,delay_loss
209.01775360107425,1,delay_loss
217.53168106079104,1,delay_loss
210.1740837097168,1,delay_loss
215.8966064453125,1,delay_loss
528.4023284912109,1,delay_loss
201.185941696167,1,delay_loss
222.18775749206543,1,delay_loss
270.2565193176269,1,delay_loss
261.4293098449707,1,delay_loss
472.6042747497559,1,delay_loss
273.8265991210937,1,delay_loss
209.77234840393064,1,delay_loss
217.98992156982425,1,delay_loss
206.78472518920896,1,delay_loss
219.4535732269287,1,delay_loss
837.2910022735596,1,delay_loss
218.0593013763428,1,delay_loss
208.33444595336917,1,delay_loss
218.13702583312988,1,delay_loss
209.2761993408203,1,delay_loss
217.118501663208,1,delay_loss
209.96546745300293,1,delay_loss
214.5833969116211,1,delay_loss
207.90600776672363,1,delay_loss
218.19233894348145,1,delay_loss
208.7249755859375,1,delay_loss
219.85459327697757,1,delay_loss
208.06455612182617,1,delay_loss
218.2471752166748,1,delay_loss
209.35416221618647,1,delay_loss
217.329740524292,1,delay_loss
526.81565284729,1,delay_loss
209.6118927001953,1,delay_loss
218.08362007141116,1,delay_loss
208.970308303833,1,delay_loss
251.8143653869629,1,delay_loss
284.3446731567383,1,delay_loss
208.92667770385745,1,delay_loss
217.77749061584475,1,delay_loss
210.30616760253903,1,delay_loss
216.83120727539065,1,delay_loss
209.03801918029785,1,delay_loss
218.127965927124,1,delay_loss
211.7183208465576,1,delay_loss
214.9519920349121,1,delay_loss
209.22350883483887,1,delay_loss
217.0867919921875,1,delay_loss
209.72299575805664,1,delay_loss
218.5301780700684,1,delay_loss
318.81260871887207,1,delay_loss
209.20729637146,1,delay_loss
216.51315689086917,1,delay_loss
209.29813385009768,1,delay_loss
218.001127243042,1,delay_loss
210.47377586364743,1,delay_loss
217.34166145324707,1,delay_loss
209.38897132873532,1,delay_loss
216.45069122314453,1,delay_loss
201.95913314819336,1,delay_loss
272.23682403564453,1,delay_loss
271.5952396392822,1,delay_loss
200.9005546569824,1,delay_loss
222.7647304534912,1,delay_loss
213.1047248840332,1,delay_loss
216.9129848480225,1,delay_loss
209.57064628601077,1,delay_loss
218.9967632293701,1,delay_loss
207.99541473388672,1,delay_loss
217.85664558410645,1,delay_loss
211.3857269287109,1,delay_loss
215.7742977142334,1,delay_loss
210.216760635376,1,delay_loss
216.75777435302732,1,delay_loss
841.3059711456299,1,delay_loss
214.96152877807617,1,delay_loss
209.1937065124512,1,delay_loss
218.28246116638184,1,delay_loss
208.1634998321533,1,delay_loss
217.9272174835205,1,delay_loss
209.4104290008545,1,delay_loss
218.5361385345459,1,delay_loss
211.559534072876,1,delay_loss
215.4097557067871,1,delay_loss
213.26351165771484,1,delay_loss
212.39733695983887,1,delay_loss
213.82761001586917,1,delay_loss
214.1778469085693,1,delay_loss
318.267822265625,1,delay_loss
209.00702476501465,1,delay_loss
217.30804443359372,1,delay_loss
317.1694278717041,1,delay_loss
210.22439002990723,1,delay_loss
217.97823905944824,1,delay_loss
208.0562114715576,1,delay_loss
212.8169536590576,1,delay_loss
208.3840370178223,1,delay_loss
212.83292770385745,1,delay_loss
208.3401679992676,1,delay_loss
216.82262420654297,1,delay_loss
209.3355655670166,1,delay_loss
847.4936485290527,1,delay_loss
204.92982864379883,1,delay_loss
221.76122665405276,1,delay_loss
527.7836322784424,1,delay_loss
204.4093608856201,1,delay_loss
217.14520454406735,1,delay_loss
209.30075645446777,1,delay_loss
217.79322624206543,1,delay_loss
207.6423168182373,1,delay_loss
217.2708511352539,1,delay_loss
210.5879783630371,1,delay_loss
217.402458190918,1,delay_loss
210.10565757751465,1,delay_loss
216.66502952575684,1,delay_loss
209.35535430908203,1,delay_loss
217.93770790100095,1,delay_loss
208.06241035461423,1,delay_loss
218.4281349182129,1,delay_loss
208.82868766784668,1,delay_loss
219.2373275756836,1,delay_loss
208.3108425140381,1,delay_loss
217.8196907043457,1,delay_loss
209.5434665679932,1,delay_loss
207.5366973876953,1,delay_loss
255.4938793182373,1,delay_loss
206.24470710754397,1,delay_loss
293.4575080871582,1,delay_loss
208.88590812683103,1,delay_loss
217.96417236328125,1,delay_loss
209.78307723999023,1,delay_loss
218.05691719055176,1,delay_loss
208.9328765869141,1,delay_loss
216.92633628845212,1,delay_loss
209.52486991882324,1,delay_loss
216.7973518371582,1,delay_loss
210.14070510864255,1,delay_loss
217.08011627197263,1,delay_loss
210.22272109985352,1,delay_loss
217.0343399047852,1,delay_loss
211.11345291137692,1,delay_loss
216.0813808441162,1,delay_loss
209.42354202270508,1,delay_loss
218.3239459991455,1,delay_loss
207.86309242248532,1,delay_loss
217.39602088928223,1,delay_loss
209.5890045166016,1,delay_loss
218.18852424621585,1,delay_loss
211.1818790435791,1,delay_loss
215.77167510986328,1,delay_loss
209.54656600952148,1,delay_loss
217.68832206726077,1,delay_loss
265.7651901245117,1,delay_loss
580.5931091308594,1,delay_loss
209.2580795288086,1,delay_loss
217.4692153930664,1,delay_loss
208.4476947784424,1,delay_loss
217.73099899291992,1,delay_loss
201.31993293762207,1,delay_loss
273.0109691619873,1,delay_loss
270.9486484527588,1,delay_loss
210.2816104888916,1,delay_loss
216.8741226196289,1,delay_loss
210.315465927124,1,delay_loss
216.5231704711914,1,delay_loss
209.8572254180908,1,delay_loss
216.7074680328369,1,delay_loss
210.2749347686768,1,delay_loss
216.8149948120117,1,delay_loss
201.10368728637692,1,delay_loss
273.054838180542,1,delay_loss
271.6376781463623,1,delay_loss
208.27960968017575,1,delay_loss
217.8981304168701,1,delay_loss
208.6007595062256,1,delay_loss
218.3680534362793,1,delay_loss
209.4297409057617,1,delay_loss
217.21577644348145,1,delay_loss
208.91380310058597,1,delay_loss
217.15426445007324,1,delay_loss
209.37228202819824,1,delay_loss
217.7426815032959,1,delay_loss
208.49156379699707,1,delay_loss
219.1600799560547,1,delay_loss
208.6777687072754,1,delay_loss
218.306303024292,1,delay_loss
210.36934852600095,1,delay_loss
845.0987339019775,1,delay_loss
209.6848487854004,1,delay_loss
217.14091300964355,1,delay_loss
528.895378112793,1,delay_loss
209.2382907867432,1,delay_loss
218.231201171875,1,delay_loss
208.7199687957764,1,delay_loss
217.6957130432129,1,delay_loss
209.95330810546875,1,delay_loss
216.80355072021484,1,delay_loss
209.3207836151123,1,delay_loss
217.3142433166504,1,delay_loss
210.18004417419436,1,delay_loss
217.21673011779785,1,delay_loss
208.6503505706787,1,delay_loss
216.0482406616211,1,delay_loss
838.9465808868408,1,delay_loss
216.9787883758545,1,delay_loss
208.3303928375244,1,delay_loss
218.6706066131592,1,delay_loss
210.8862400054932,1,delay_loss
845.0503349304199,1,delay_loss
209.4297409057617,1,delay_loss
217.30566024780276,1,delay_loss
211.15827560424805,1,delay_loss
216.14837646484372,1,delay_loss
209.4452381134033,1,delay_loss
216.93897247314453,1,delay_loss
208.6820602416992,1,delay_loss
217.4220085144043,1,delay_loss
209.56110954284668,1,delay_loss
218.5852527618408,1,delay_loss
211.65037155151367,1,delay_loss
215.77167510986328,1,delay_loss
209.88869667053223,1,delay_loss
217.75007247924805,1,delay_loss
209.3758583068848,1,delay_loss
217.6957130432129,1,delay_loss
209.35678482055664,1,delay_loss
217.8854942321777,1,delay_loss
210.0234031677246,1,delay_loss
217.1201705932617,1,delay_loss
210.40892601013184,1,delay_loss
217.80848503112796,1,delay_loss
208.05120468139648,1,delay_loss
218.4598445892334,1,delay_loss
833.5599899291992,1,delay_loss
274.36161041259766,1,delay_loss
212.8450870513916,1,delay_loss
262.099027633667,1,delay_loss
218.08958053588867,1,delay_loss
208.40883255004883,1,delay_loss
219.16580200195312,1,delay_loss
207.902193069458,1,delay_loss
216.92681312561035,1,delay_loss
210.2923393249512,1,delay_loss
216.461181640625,1,delay_loss
209.49959754943848,1,delay_loss
217.61107444763184,1,delay_loss
209.43379402160645,1,delay_loss
217.27490425109863,1,delay_loss
210.7090950012207,1,delay_loss
216.26734733581543,1,delay_loss
208.85610580444336,1,delay_loss
217.7119255065918,1,delay_loss
266.0377025604248,1,delay_loss
261.171817779541,1,delay_loss
217.6957130432129,1,delay_loss
209.65814590454104,1,delay_loss
217.252254486084,1,delay_loss
208.25505256652832,1,delay_loss
217.66066551208496,1,delay_loss
209.4600200653076,1,delay_loss
218.08528900146484,1,delay_loss
208.7886333465576,1,delay_loss
219.2385196685791,1,delay_loss
207.34000205993647,1,delay_loss
218.57213973999023,1,delay_loss
840.0774002075195,1,delay_loss
215.90352058410645,1,delay_loss
209.97285842895508,1,delay_loss
216.28642082214355,1,delay_loss
208.9705467224121,1,delay_loss
217.12899208068848,1,delay_loss
209.6843719482422,1,delay_loss
217.2260284423828,1,delay_loss
213.6852741241455,1,delay_loss
211.92550659179688,1,delay_loss
210.2034091949463,1,delay_loss
217.2260284423828,1,delay_loss
307.9342842102051,1,delay_loss
219.87342834472656,1,delay_loss
215.61384201049805,1,delay_loss
208.59575271606445,1,delay_loss
217.8916931152344,1,delay_loss
209.1977596282959,1,delay_loss
217.09275245666504,1,delay_loss
211.32707595825195,1,delay_loss
216.08757972717285,1,delay_loss
208.66775512695312,1,delay_loss
217.482328414917,1,delay_loss
209.5816135406494,1,delay_loss
217.68689155578613,1,delay_loss
208.9087963104248,1,delay_loss
216.84932708740237,1,delay_loss
210.9811305999756,1,delay_loss
216.3267135620117,1,delay_loss
208.93049240112305,1,delay_loss
200.98185539245603,1,delay_loss
276.8881320953369,1,delay_loss
207.5178623199463,1,delay_loss
276.2472629547119,1,delay_loss
209.9580764770508,1,delay_loss
217.3278331756592,1,delay_loss
208.8003158569336,1,delay_loss
218.1906700134277,1,delay_loss
210.24823188781735,1,delay_loss
216.1092758178711,1,delay_loss
208.78314971923828,1,delay_loss
218.62435340881348,1,delay_loss
207.9765796661377,1,delay_loss
218.59240531921387,1,delay_loss
208.49108695983887,1,delay_loss
217.6227569580078,1,delay_loss
210.4184627532959,1,delay_loss
216.85266494750977,1,delay_loss
211.1973762512207,1,delay_loss
215.7657146453857,1,delay_loss
209.28692817687988,1,delay_loss
218.45412254333496,1,delay_loss
208.05859565734863,1,delay_loss
218.15156936645508,1,delay_loss
209.1152667999268,1,delay_loss
202.18372344970703,1,delay_loss
380.5866241455078,1,delay_loss
270.22671699523926,1,delay_loss
208.6465358734131,1,delay_loss
218.55759620666504,1,delay_loss
210.08539199829104,1,delay_loss
217.0138359069824,1,delay_loss
207.69143104553223,1,delay_loss
218.14870834350583,1,delay_loss
209.4357013702393,1,delay_loss
217.77701377868647,1,delay_loss
210.0248336791992,1,delay_loss
216.63594245910645,1,delay_loss
210.68525314331052,1,delay_loss
217.87691116333008,1,delay_loss
208.37092399597168,1,delay_loss
218.3876037597656,1,delay_loss
207.64517784118647,1,delay_loss
218.51325035095212,1,delay_loss
209.61499214172363,1,delay_loss
847.5651741027832,1,delay_loss
208.1024646759033,1,delay_loss
217.96154975891116,1,delay_loss
298.6571788787842,1,delay_loss
208.82153511047363,1,delay_loss
217.1728610992432,1,delay_loss
208.75310897827148,1,delay_loss
201.202392578125,1,delay_loss
225.36206245422363,1,delay_loss
238.42239379882807,1,delay_loss
297.21927642822266,1,delay_loss
201.1234760284424,1,delay_loss
273.55027198791504,1,delay_loss
271.20423316955566,1,delay_loss
208.7490558624268,1,delay_loss
217.972993850708,1,delay_loss
209.4814777374268,1,delay_loss
216.17436408996585,1,delay_loss
209.43069458007807,1,delay_loss
218.66202354431152,1,delay_loss
208.3990573883057,1,delay_loss
218.8127040863037,1,delay_loss
208.7862491607666,1,delay_loss
217.75531768798828,1,delay_loss
210.50000190734863,1,delay_loss
216.17937088012692,1,delay_loss
210.71338653564453,1,delay_loss
216.25256538391116,1,delay_loss
209.2578411102295,1,delay_loss
217.0319557189941,1,delay_loss
209.3484401702881,1,delay_loss
217.5731658935547,1,delay_loss
209.14101600646973,1,delay_loss
217.73171424865723,1,delay_loss
208.56571197509768,1,delay_loss
217.4057960510254,1,delay_loss
209.8233699798584,1,delay_loss
217.73266792297363,1,delay_loss
209.3203067779541,1,delay_loss
200.8814811706543,1,delay_loss
333.98962020874023,1,delay_loss
208.68968963623047,1,delay_loss
218.29652786254883,1,delay_loss
210.14714241027832,1,delay_loss
216.7990207672119,1,delay_loss
208.94265174865723,1,delay_loss
217.3771858215332,1,delay_loss
207.15832710266116,1,delay_loss
218.18065643310547,1,delay_loss
209.61833000183103,1,delay_loss
217.0708179473877,1,delay_loss
210.83712577819824,1,delay_loss
215.4946327209473,1,delay_loss
209.1686725616455,1,delay_loss
217.7724838256836,1,delay_loss
209.70702171325684,1,delay_loss
216.5687084197998,1,delay_loss
208.0855369567871,1,delay_loss
219.4983959197998,1,delay_loss
211.28058433532715,1,delay_loss
215.57068824768064,1,delay_loss
208.24265480041504,1,delay_loss
217.8056240081787,1,delay_loss
208.71376991271973,1,delay_loss
218.25289726257324,1,delay_loss
839.261531829834,1,delay_loss
217.80824661254883,1,delay_loss
207.81421661376956,1,delay_loss
218.78671646118164,1,delay_loss
208.3585262298584,1,delay_loss
217.62561798095703,1,delay_loss
210.38579940795896,1,delay_loss
200.6680965423584,1,delay_loss
334.37442779541016,1,delay_loss
210.46805381774905,1,delay_loss
217.7588939666748,1,delay_loss
208.9071273803711,1,delay_loss
217.4851894378662,1,delay_loss
208.59313011169436,1,delay_loss
218.40453147888184,1,delay_loss
209.20491218566892,1,delay_loss
846.8997478485107,1,delay_loss
209.45501327514648,1,delay_loss
217.9419994354248,1,delay_loss
208.0259323120117,1,delay_loss
218.9621925354004,1,delay_loss
209.37252044677732,1,delay_loss
217.6339626312256,1,delay_loss
209.3946933746338,1,delay_loss
217.89240837097168,1,delay_loss
209.78140830993647,1,delay_loss
217.3480987548828,1,delay_loss
208.4181308746338,1,delay_loss
217.78035163879397,1,delay_loss
210.15310287475583,1,delay_loss
217.01407432556152,1,delay_loss
836.6982936859131,1,delay_loss
200.91891288757324,1,delay_loss
337.62550354003906,1,delay_loss
208.0984115600586,1,delay_loss
218.8291549682617,1,delay_loss
209.09881591796875,1,delay_loss
218.3401584625244,1,delay_loss
207.95392990112305,1,delay_loss
217.1323299407959,1,delay_loss
208.76288414001465,1,delay_loss
218.97435188293457,1,delay_loss
207.87429809570312,1,delay_loss
217.2877788543701,1,delay_loss
208.8918685913086,1,delay_loss
218.17588806152344,1,delay_loss
209.43069458007807,1,delay_loss
216.85242652893064,1,delay_loss
210.6153964996338,1,delay_loss
216.18151664733887,1,delay_loss
208.95123481750488,1,delay_loss
218.47891807556152,1,delay_loss
208.71496200561523,1,delay_loss
217.7577018737793,1,delay_loss
208.1737518310547,1,delay_loss
218.25718879699707,1,delay_loss
206.7251205444336,1,delay_loss
218.7526226043701,1,delay_loss
208.080530166626,1,delay_loss
219.6595668792725,1,delay_loss
208.1232070922852,1,delay_loss
217.16904640197757,1,delay_loss
209.58399772644043,1,delay_loss
217.92006492614743,1,delay_loss
209.1152667999268,1,delay_loss
217.44346618652344,1,delay_loss
209.4111442565918,1,delay_loss
218.2319164276123,1,delay_loss
209.14149284362796,1,delay_loss
218.79243850708008,1,delay_loss
837.6591205596924,1,delay_loss
218.0473804473877,1,delay_loss
209.5143795013428,1,delay_loss
217.008113861084,1,delay_loss
210.57534217834475,1,delay_loss
217.12446212768555,1,delay_loss
209.4626426696777,1,delay_loss
217.84639358520508,1,delay_loss
210.08825302124023,1,delay_loss
217.212438583374,1,delay_loss
210.25371551513672,1,delay_loss
217.4983024597168,1,delay_loss
208.74714851379397,1,delay_loss
217.43321418762207,1,delay_loss
211.36164665222168,1,delay_loss
217.0267105102539,1,delay_loss
836.1141681671143,1,delay_loss
220.3364372253418,1,delay_loss
209.7764015197754,1,delay_loss
216.40634536743164,1,delay_loss
528.9690494537354,1,delay_loss
208.2180976867676,1,delay_loss
218.11795234680176,1,delay_loss
209.54275131225583,1,delay_loss
216.98474884033203,1,delay_loss
209.15627479553223,1,delay_loss
218.7328338623047,1,delay_loss
208.690881729126,1,delay_loss
217.68832206726077,1,delay_loss
209.8631858825684,1,delay_loss
217.05341339111328,1,delay_loss
210.19792556762692,1,delay_loss
217.0319557189941,1,delay_loss
210.75034141540527,1,delay_loss
215.51966667175293,1,delay_loss
209.5329761505127,1,delay_loss
217.44632720947263,1,delay_loss
210.5097770690918,1,delay_loss
217.27299690246585,1,delay_loss
209.38563346862796,1,delay_loss
217.87333488464355,1,delay_loss
208.4534168243408,1,delay_loss
217.7729606628418,1,delay_loss
208.64272117614743,1,delay_loss
217.6964282989502,1,delay_loss
528.1152725219727,1,delay_loss
209.383487701416,1,delay_loss
217.3516750335693,1,delay_loss
212.05401420593265,1,delay_loss
215.99388122558597,1,delay_loss
207.8573703765869,1,delay_loss
218.7798023223877,1,delay_loss
207.58366584777832,1,delay_loss
218.6644077301025,1,delay_loss
527.6143550872803,1,delay_loss
210.8316421508789,1,delay_loss
216.7947292327881,1,delay_loss
209.12647247314453,1,delay_loss
218.25671195983887,1,delay_loss
208.91380310058597,1,delay_loss
217.8525924682617,1,delay_loss
210.3877067565918,1,delay_loss
216.69864654541016,1,delay_loss
208.8932991027832,1,delay_loss
217.7422046661377,1,delay_loss
213.55319023132324,1,delay_loss
214.51759338378903,1,delay_loss
209.45024490356445,1,delay_loss
217.7438735961914,1,delay_loss
209.40423011779785,1,delay_loss
218.4476852416992,1,delay_loss
209.3532085418701,1,delay_loss
216.53103828430176,1,delay_loss
209.0249061584473,1,delay_loss
218.44792366027832,1,delay_loss
208.4405422210693,1,delay_loss
217.1165943145752,1,delay_loss
210.47472953796387,1,delay_loss
218.23525428771973,1,delay_loss
208.79578590393064,1,delay_loss
217.4615859985352,1,delay_loss
209.3954086303711,1,delay_loss
947.0059871673584,1,delay_loss
219.29216384887692,1,delay_loss
208.5256576538086,1,delay_loss
218.2612419128418,1,delay_loss
208.21261405944824,1,delay_loss
219.221830368042,1,delay_loss
208.0686092376709,1,delay_loss
473.3617305755615,1,delay_loss
271.625280380249,1,delay_loss
210.62254905700684,1,delay_loss
216.8262004852295,1,delay_loss
266.2086486816406,1,delay_loss
260.51974296569824,1,delay_loss
218.98984909057617,1,delay_loss
207.9002857208252,1,delay_loss
218.8408374786377,1,delay_loss
209.3343734741211,1,delay_loss
217.3452377319336,1,delay_loss
209.3689441680908,1,delay_loss
218.28317642211917,1,delay_loss
208.590030670166,1,delay_loss
217.8595066070557,1,delay_loss
209.2428207397461,1,delay_loss
218.37639808654785,1,delay_loss
201.47943496704104,1,delay_loss
226.3953685760498,1,delay_loss
840.5122756958008,1,delay_loss
215.43145179748532,1,delay_loss
207.4465751647949,1,delay_loss
217.93770790100095,1,delay_loss
209.3491554260254,1,delay_loss
218.0917263031006,1,delay_loss
210.07585525512692,1,delay_loss
216.95232391357425,1,delay_loss
208.28533172607425,1,delay_loss
217.36407279968265,1,delay_loss
208.86826515197757,1,delay_loss
218.04404258728027,1,delay_loss
210.2346420288086,1,delay_loss
217.9019451141357,1,delay_loss
208.8050842285156,1,delay_loss
218.04547309875488,1,delay_loss
209.399938583374,1,delay_loss
472.5818634033203,1,delay_loss
305.18436431884766,1,delay_loss
286.4084243774414,1,delay_loss
208.4834575653076,1,delay_loss
208.01568031311035,1,delay_loss
256.23273849487305,1,delay_loss
226.3805866241455,1,delay_loss
270.97225189208984,1,delay_loss
209.9781036376953,1,delay_loss
217.09656715393064,1,delay_loss
208.11128616333008,1,delay_loss
217.940092086792,1,delay_loss
209.59043502807617,1,delay_loss
217.8761959075928,1,delay_loss
209.40613746643064,1,delay_loss
201.0068893432617,1,delay_loss
225.9705066680908,1,delay_loss
237.3640537261963,1,delay_loss
201.3688087463379,1,delay_loss
239.7298812866211,1,delay_loss
327.8999328613281,1,delay_loss
223.7274646759033,1,delay_loss
210.06488800048828,1,delay_loss
268.8100337982178,1,delay_loss
209.1856002807617,1,delay_loss
217.32091903686523,1,delay_loss
208.10675621032715,1,delay_loss
218.5204029083252,1,delay_loss
208.9214324951172,1,delay_loss
218.02997589111328,1,delay_loss
208.99009704589844,1,delay_loss
270.3111171722412,1,delay_loss
307.93142318725586,1,delay_loss
276.9160270690918,1,delay_loss
209.22064781188965,1,delay_loss
217.26608276367188,1,delay_loss
208.9691162109375,1,delay_loss
217.61155128479004,1,delay_loss
209.52844619750977,1,delay_loss
217.65446662902832,1,delay_loss
210.3574275970459,1,delay_loss
217.51117706298828,1,delay_loss
208.8651657104492,1,delay_loss
220.69287300109863,1,delay_loss
204.53405380249023,1,delay_loss
201.2026309967041,1,delay_loss
278.583288192749,1,delay_loss
208.5871696472168,1,delay_loss
275.618314743042,1,delay_loss
256.23059272766113,1,delay_loss
219.041109085083,1,delay_loss
270.9798812866211,1,delay_loss
211.1167907714844,1,delay_loss
216.1238193511963,1,delay_loss
210.3142738342285,1,delay_loss
216.9036865234375,1,delay_loss
210.17146110534668,1,delay_loss
217.1738147735596,1,delay_loss
209.52677726745603,1,delay_loss
218.64700317382807,1,delay_loss
209.08880233764648,1,delay_loss
218.4739112854004,1,delay_loss
209.96499061584475,1,delay_loss
217.53692626953125,1,delay_loss
528.1264781951904,1,delay_loss
209.33938026428223,1,delay_loss
218.1339263916016,1,delay_loss
208.35542678833008,1,delay_loss
217.5555229187012,1,delay_loss
269.0935134887696,1,delay_loss
257.85136222839355,1,delay_loss
218.57714653015137,1,delay_loss
208.5433006286621,1,delay_loss
217.40031242370603,1,delay_loss
209.0475559234619,1,delay_loss
219.24519538879397,1,delay_loss
207.87930488586423,1,delay_loss
217.5579071044922,1,delay_loss
209.95140075683597,1,delay_loss
217.6153659820557,1,delay_loss
213.223934173584,1,delay_loss
214.51640129089355,1,delay_loss
208.0671787261963,1,delay_loss
218.1246280670166,1,delay_loss
208.78148078918457,1,delay_loss
218.5811996459961,1,delay_loss
208.77885818481445,1,delay_loss
218.08958053588867,1,delay_loss
208.7738513946533,1,delay_loss
218.4586524963379,1,delay_loss
1001.490354537964,1,delay_loss
365.3175830841065,1,delay_loss
217.4324989318848,1,delay_loss
209.08403396606445,1,delay_loss
218.58668327331543,1,delay_loss
210.2985382080078,1,delay_loss
215.68870544433597,1,delay_loss
209.8240852355957,1,delay_loss
217.30661392211917,1,delay_loss
838.0074501037598,1,delay_loss
217.4220085144043,1,delay_loss
211.17711067199707,1,delay_loss
216.04132652282715,1,delay_loss
210.5684280395508,1,delay_loss
216.47310256958008,1,delay_loss
208.8029384613037,1,delay_loss
218.98174285888672,1,delay_loss
209.101676940918,1,delay_loss
218.32990646362305,1,delay_loss
209.75542068481445,1,delay_loss
216.1853313446045,1,delay_loss
209.51366424560547,1,delay_loss
218.2345390319824,1,delay_loss
208.6794376373291,1,delay_loss
218.0039882659912,1,delay_loss
209.34176445007324,1,delay_loss
217.35477447509768,1,delay_loss
210.01267433166504,1,delay_loss
216.71819686889648,1,delay_loss
209.458589553833,1,delay_loss
218.24073791503903,1,delay_loss
210.04462242126465,1,delay_loss
847.0134735107422,1,delay_loss
209.38992500305176,1,delay_loss
215.97909927368164,1,delay_loss
209.3477249145508,1,delay_loss
218.3408737182617,1,delay_loss
209.76662635803223,1,delay_loss
217.25201606750488,1,delay_loss
208.6811065673828,1,delay_loss
219.06542778015137,1,delay_loss
207.94987678527832,1,delay_loss
218.37234497070312,1,delay_loss
208.53805541992188,1,delay_loss
217.879056930542,1,delay_loss
208.65917205810547,1,delay_loss
251.58333778381348,1,delay_loss
232.28740692138672,1,delay_loss
208.2536220550537,1,delay_loss
302.8380870819092,1,delay_loss
287.1127128601074,1,delay_loss
208.3609104156494,1,delay_loss
218.66250038146973,1,delay_loss
209.4087600708008,1,delay_loss
218.52850914001465,1,delay_loss
208.33468437194824,1,delay_loss
217.76103973388672,1,delay_loss
209.2149257659912,1,delay_loss
218.47271919250488,1,delay_loss
209.98764038085935,1,delay_loss
947.4685192108154,1,delay_loss
217.85616874694824,1,delay_loss
209.29980278015137,1,delay_loss
217.30804443359372,1,delay_loss
209.27095413208008,1,delay_loss
217.94795989990237,1,delay_loss
208.7538242340088,1,delay_loss
218.8436985015869,1,delay_loss
208.423376083374,1,delay_loss
847.3033905029297,1,delay_loss
209.6197605133057,1,delay_loss
217.61417388916016,1,delay_loss
209.5134258270264,1,delay_loss
217.15521812438965,1,delay_loss
209.8681926727295,1,delay_loss
217.6222801208496,1,delay_loss
209.5518112182617,1,delay_loss
216.87912940979004,1,delay_loss
209.7480297088623,1,delay_loss
216.89248085021973,1,delay_loss
208.63723754882807,1,delay_loss
218.31345558166504,1,delay_loss
209.73634719848636,1,delay_loss
527.9538631439209,1,delay_loss
217.03410148620603,1,delay_loss
208.890438079834,1,delay_loss
217.58770942687988,1,delay_loss
210.2184295654297,1,delay_loss
218.1379795074463,1,delay_loss
208.01281929016116,1,delay_loss
473.17981719970703,1,delay_loss
273.35309982299805,1,delay_loss
212.3439311981201,1,delay_loss
214.9178981781006,1,delay_loss
208.56428146362305,1,delay_loss
217.20242500305176,1,delay_loss
208.1313133239746,1,delay_loss
217.907190322876,1,delay_loss
210.4043960571289,1,delay_loss
215.8641815185547,1,delay_loss
252.7327537536621,1,delay_loss
384.59277153015137,1,delay_loss
208.71806144714355,1,delay_loss
217.4005508422852,1,delay_loss
948.4293460845948,1,delay_loss
209.20372009277344,1,delay_loss
217.03648567199707,1,delay_loss
209.03491973876956,1,delay_loss
217.9114818572998,1,delay_loss
209.6352577209473,1,delay_loss
217.6852226257324,1,delay_loss
209.3544006347656,1,delay_loss
218.0614471435547,1,delay_loss
208.4870338439941,1,delay_loss
218.14799308776853,1,delay_loss
209.8977565765381,1,delay_loss
217.31257438659668,1,delay_loss
209.88202095031735,1,delay_loss
216.74060821533203,1,delay_loss
209.8715305328369,1,delay_loss
217.29731559753415,1,delay_loss
209.6383571624756,1,delay_loss
217.03457832336423,1,delay_loss
209.6529006958008,1,delay_loss
218.8420295715332,1,delay_loss
207.92913436889648,1,delay_loss
217.91481971740723,1,delay_loss
209.40399169921875,1,delay_loss
218.21928024291992,1,delay_loss
208.9951038360596,1,delay_loss
528.9852619171143,1,delay_loss
216.7060375213623,1,delay_loss
208.96005630493164,1,delay_loss
217.2203063964844,1,delay_loss
210.25872230529785,1,delay_loss
217.06271171569824,1,delay_loss
209.1093063354492,1,delay_loss
471.9438552856445,1,delay_loss
274.68204498291016,1,delay_loss
208.35447311401367,1,delay_loss
218.77217292785645,1,delay_loss
209.89179611206052,1,delay_loss
946.0394382476808,1,delay_loss
528.1429290771484,1,delay_loss
218.20497512817383,1,delay_loss
208.91284942626956,1,delay_loss
218.44029426574707,1,delay_loss
208.8263034820557,1,delay_loss
218.6918258666992,1,delay_loss
210.22868156433103,1,delay_loss
216.12191200256348,1,delay_loss
210.7329368591309,1,delay_loss
526.918888092041,1,delay_loss
217.4968719482422,1,delay_loss
209.88178253173828,1,delay_loss
201.3113498687744,1,delay_loss
335.1547718048096,1,delay_loss
209.51294898986816,1,delay_loss
217.6086902618408,1,delay_loss
209.3963623046875,1,delay_loss
217.5896167755127,1,delay_loss
208.74953269958496,1,delay_loss
217.93246269226077,1,delay_loss
210.1423740386963,1,delay_loss
217.280387878418,1,delay_loss
208.7655067443848,1,delay_loss
218.62149238586423,1,delay_loss
209.7311019897461,1,delay_loss
217.71669387817383,1,delay_loss
208.9545726776123,1,delay_loss
218.71447563171387,1,delay_loss
201.24506950378415,1,delay_loss
256.7727565765381,1,delay_loss
287.6930236816406,1,delay_loss
209.8684310913086,1,delay_loss
217.8971767425537,1,delay_loss
210.7861042022705,1,delay_loss
216.6433334350586,1,delay_loss
210.45255661010745,1,delay_loss
207.80038833618164,1,delay_loss
255.56325912475583,1,delay_loss
208.21213722229004,1,delay_loss
291.66460037231445,1,delay_loss
209.12671089172363,1,delay_loss
217.90337562561035,1,delay_loss
209.34295654296875,1,delay_loss
218.56689453125,1,delay_loss
209.8536491394043,1,delay_loss
217.4408435821533,1,delay_loss
209.18869972229004,1,delay_loss
218.2595729827881,1,delay_loss
209.40732955932617,1,delay_loss
218.3709144592285,1,delay_loss
209.4552516937256,1,delay_loss
217.9088592529297,1,delay_loss
209.59806442260745,1,delay_loss
217.4777984619141,1,delay_loss
209.34510231018064,1,delay_loss
218.04141998291016,1,delay_loss
252.1841526031494,1,delay_loss
412.1325016021729,1,delay_loss
291.8474674224853,1,delay_loss
208.79578590393064,1,delay_loss
218.0056571960449,1,delay_loss
208.19807052612305,1,delay_loss
218.2216644287109,1,delay_loss
208.1444263458252,1,delay_loss
271.1186408996582,1,delay_loss
213.3491039276123,1,delay_loss
208.81342887878415,1,delay_loss
264.7662162780762,1,delay_loss
273.2210159301758,1,delay_loss
207.00693130493164,1,delay_loss
217.66233444213867,1,delay_loss
262.21752166748047,1,delay_loss
218.5084819793701,1,delay_loss
208.4746360778809,1,delay_loss
217.6525592803955,1,delay_loss
210.0090980529785,1,delay_loss
217.4055576324463,1,delay_loss
210.6344699859619,1,delay_loss
216.31169319152832,1,delay_loss
212.0342254638672,1,delay_loss
215.26336669921875,1,delay_loss
206.92110061645508,1,delay_loss
216.70150756835935,1,delay_loss
205.42120933532715,1,delay_loss
215.3592109680176,1,delay_loss
207.5333595275879,1,delay_loss
218.0037498474121,1,delay_loss
210.2725505828857,1,delay_loss
214.39337730407715,1,delay_loss
208.3451747894287,1,delay_loss
216.33005142211917,1,delay_loss
208.0669403076172,1,delay_loss
218.34874153137207,1,delay_loss
207.1166038513184,1,delay_loss
213.81807327270508,1,delay_loss
208.56070518493647,1,delay_loss
848.4668731689453,1,delay_loss
306.3244819641113,1,delay_loss
204.3282985687256,1,delay_loss
212.5115394592285,1,delay_loss
210.68644523620603,1,delay_loss
211.0919952392578,1,delay_loss
207.3538303375244,1,delay_loss
264.5876407623291,1,delay_loss
201.6451358795166,1,delay_loss
212.5051021575928,1,delay_loss
211.78102493286133,1,delay_loss
203.77373695373532,1,delay_loss
222.7785587310791,1,delay_loss
254.3318271636963,1,delay_loss
345.0028896331787,1,delay_loss
307.7514171600342,1,delay_loss
261.6395950317383,1,delay_loss
270.72691917419434,1,delay_loss
210.7186317443848,1,delay_loss
216.0348892211914,1,delay_loss
207.45587348937988,1,delay_loss
474.2863178253174,1,delay_loss
273.06199073791504,1,delay_loss
209.4104290008545,1,delay_loss
217.9245948791504,1,delay_loss
526.3752937316895,1,delay_loss
207.0951461791992,1,delay_loss
215.64435958862305,1,delay_loss
207.60440826416016,1,delay_loss
216.0336971282959,1,delay_loss
208.09531211853027,1,delay_loss
215.35062789916992,1,delay_loss
206.4118385314941,1,delay_loss
214.63465690612796,1,delay_loss
206.6960334777832,1,delay_loss
213.3359909057617,1,delay_loss
208.39595794677732,1,delay_loss
469.7606563568115,1,delay_loss
271.68726921081543,1,delay_loss
207.49378204345703,1,delay_loss
202.94690132141116,1,delay_loss
322.35026359558105,1,delay_loss
315.55819511413574,1,delay_loss
208.0538272857666,1,delay_loss
214.15066719055176,1,delay_loss
207.85975456237796,1,delay_loss
218.86229515075684,1,delay_loss
205.4779529571533,1,delay_loss
216.20798110961917,1,delay_loss
207.5490951538086,1,delay_loss
216.25185012817383,1,delay_loss
206.71510696411133,1,delay_loss
215.25120735168457,1,delay_loss
210.68572998046875,1,delay_loss
214.25724029541016,1,delay_loss
207.9708576202393,1,delay_loss
216.44830703735352,1,delay_loss
206.60901069641116,1,delay_loss
216.63641929626465,1,delay_loss
207.61728286743164,1,delay_loss
215.8956527709961,1,delay_loss
208.2669734954834,1,delay_loss
215.3105735778809,1,delay_loss
207.11183547973636,1,delay_loss
213.17696571350095,1,delay_loss
207.91149139404297,1,delay_loss
215.9407138824463,1,delay_loss
210.5712890625,1,delay_loss
215.9676551818848,1,delay_loss
207.6416015625,1,delay_loss
214.57433700561523,1,delay_loss
205.4135799407959,1,delay_loss
217.10443496704104,1,delay_loss
207.14592933654785,1,delay_loss
217.26608276367188,1,delay_loss
207.5979709625244,1,delay_loss
216.01629257202148,1,delay_loss
207.9761028289795,1,delay_loss
216.59302711486816,1,delay_loss
201.1137008666992,1,delay_loss
268.4464454650879,1,delay_loss
268.7819004058838,1,delay_loss
208.04333686828613,1,delay_loss
216.214656829834,1,delay_loss
315.5641555786133,1,delay_loss
208.38117599487305,1,delay_loss
212.50104904174805,1,delay_loss
290.9419536590576,1,delay_loss
208.2674503326416,1,delay_loss
216.242790222168,1,delay_loss
208.7719440460205,1,delay_loss
213.9382362365723,1,delay_loss
208.19091796875,1,delay_loss
215.93904495239255,1,delay_loss
206.70080184936523,1,delay_loss
215.40355682373047,1,delay_loss
201.42745971679688,1,delay_loss
270.71142196655273,1,delay_loss
269.63043212890625,1,delay_loss
207.7319622039795,1,delay_loss
216.25876426696777,1,delay_loss
208.3885669708252,1,delay_loss
215.85798263549805,1,delay_loss
205.96933364868164,1,delay_loss
216.1681652069092,1,delay_loss
207.6435089111328,1,delay_loss
216.08495712280276,1,delay_loss
206.84123039245603,1,delay_loss
471.3399410247803,1,delay_loss
271.547794342041,1,delay_loss
207.8518867492676,1,delay_loss
216.37892723083496,1,delay_loss
207.3392868041992,1,delay_loss
215.8443927764893,1,delay_loss
208.11128616333008,1,delay_loss
215.55495262146,1,delay_loss
208.5998058319092,1,delay_loss
214.30468559265137,1,delay_loss
207.61823654174805,1,delay_loss
845.9064960479736,1,delay_loss
208.56118202209475,1,delay_loss
216.31264686584475,1,delay_loss
207.1785926818848,1,delay_loss
213.6847972869873,1,delay_loss
207.71408081054688,1,delay_loss
215.40236473083496,1,delay_loss
208.5132598876953,1,delay_loss
212.91303634643555,1,delay_loss
207.8852653503418,1,delay_loss
207.28039741516116,1,delay_loss
268.28646659851074,1,delay_loss
212.27288246154785,1,delay_loss
274.4119167327881,1,delay_loss
200.9527683258057,1,delay_loss
214.39528465271,1,delay_loss
206.33912086486816,1,delay_loss
216.36462211608887,1,delay_loss
207.0803642272949,1,delay_loss
215.6212329864502,1,delay_loss
208.1782817840576,1,delay_loss
217.5173759460449,1,delay_loss
206.79831504821777,1,delay_loss
217.9112434387207,1,delay_loss
205.89041709899905,1,delay_loss
216.8891429901123,1,delay_loss
208.59241485595703,1,delay_loss
215.4257297515869,1,delay_loss
207.2458267211914,1,delay_loss
216.20821952819824,1,delay_loss
208.76598358154297,1,delay_loss
214.6713733673096,1,delay_loss
834.7001075744629,1,delay_loss
215.01803398132324,1,delay_loss
206.9385051727295,1,delay_loss
201.5261650085449,1,delay_loss
333.4734439849853,1,delay_loss
211.3473415374756,1,delay_loss
215.83056449890137,1,delay_loss
208.8758945465088,1,delay_loss
217.78464317321777,1,delay_loss
207.92007446289065,1,delay_loss
216.91393852233887,1,delay_loss
208.19425582885745,1,delay_loss
250.60772895812988,1,delay_loss
308.3317279815674,1,delay_loss
292.421817779541,1,delay_loss
206.20274543762207,1,delay_loss
217.390775680542,1,delay_loss
206.6488265991211,1,delay_loss
214.86353874206543,1,delay_loss
205.98220825195312,1,delay_loss
217.30780601501465,1,delay_loss
207.1671485900879,1,delay_loss
215.29769897460935,1,delay_loss
208.1613540649414,1,delay_loss
214.8425579071045,1,delay_loss
208.0841064453125,1,delay_loss
216.1698341369629,1,delay_loss
204.6604156494141,1,delay_loss
470.0682163238525,1,delay_loss
272.3240852355957,1,delay_loss
207.7329158782959,1,delay_loss
216.3827419281006,1,delay_loss
208.40859413146973,1,delay_loss
215.728759765625,1,delay_loss
208.93549919128415,1,delay_loss
215.5001163482666,1,delay_loss
206.773042678833,1,delay_loss
250.03695487976077,1,delay_loss
311.22827529907227,1,delay_loss
290.65442085266113,1,delay_loss
207.90624618530276,1,delay_loss
214.97607231140137,1,delay_loss
208.58073234558103,1,delay_loss
216.1798477172852,1,delay_loss
208.48917961120603,1,delay_loss
215.98362922668457,1,delay_loss
205.62028884887692,1,delay_loss
214.56313133239743,1,delay_loss
207.777738571167,1,delay_loss
216.67933464050293,1,delay_loss
205.29866218566892,1,delay_loss
216.792106628418,1,delay_loss
207.5767517089844,1,delay_loss
216.09187126159668,1,delay_loss
208.75239372253415,1,delay_loss
215.96407890319824,1,delay_loss
206.3724994659424,1,delay_loss
217.0498371124268,1,delay_loss
208.04905891418457,1,delay_loss
214.89500999450684,1,delay_loss
210.22462844848636,1,delay_loss
216.86458587646484,1,delay_loss
205.31678199768064,1,delay_loss
843.1625366210938,1,delay_loss
208.0972194671631,1,delay_loss
216.34268760681152,1,delay_loss
206.5896987915039,1,delay_loss
217.090368270874,1,delay_loss
206.86721801757807,1,delay_loss
214.1530513763428,1,delay_loss
206.32481575012207,1,delay_loss
215.87061882019043,1,delay_loss
208.0545425415039,1,delay_loss
216.9036865234375,1,delay_loss
206.7441940307617,1,delay_loss
217.53382682800293,1,delay_loss
206.50267601013184,1,delay_loss
216.2539958953857,1,delay_loss
207.6568603515625,1,delay_loss
216.6008949279785,1,delay_loss
208.20283889770508,1,delay_loss
215.93737602233887,1,delay_loss
206.92825317382807,1,delay_loss
215.7387733459473,1,delay_loss
207.40199089050293,1,delay_loss
212.28933334350583,1,delay_loss
206.38203620910645,1,delay_loss
216.49956703186035,1,delay_loss
204.73957061767575,1,delay_loss
216.3760662078857,1,delay_loss
206.20059967041016,1,delay_loss
216.7191505432129,1,delay_loss
207.30328559875488,1,delay_loss
215.66319465637207,1,delay_loss
207.52787590026853,1,delay_loss
215.86275100708008,1,delay_loss
207.46469497680664,1,delay_loss
216.08901023864743,1,delay_loss
208.47606658935547,1,delay_loss
526.3664722442627,1,delay_loss
216.51148796081543,1,delay_loss
206.5310478210449,1,delay_loss
215.9054279327393,1,delay_loss
205.94310760498047,1,delay_loss
215.78073501586917,1,delay_loss
207.5331211090088,1,delay_loss
201.387882232666,1,delay_loss
222.72467613220212,1,delay_loss
232.9707145690918,1,delay_loss
297.6162433624268,1,delay_loss
206.91609382629397,1,delay_loss
201.41935348510745,1,delay_loss
373.6481666564941,1,delay_loss
269.9429988861084,1,delay_loss
207.3967456817627,1,delay_loss
216.22371673583984,1,delay_loss
207.44752883911133,1,delay_loss
215.90209007263184,1,delay_loss
207.5068950653076,1,delay_loss
215.7754898071289,1,delay_loss
207.78846740722656,1,delay_loss
216.00961685180664,1,delay_loss
206.897497177124,1,delay_loss
215.01827239990237,1,delay_loss
207.08298683166504,1,delay_loss
216.5582180023193,1,delay_loss
205.2493095397949,1,delay_loss
216.45307540893555,1,delay_loss
207.43536949157715,1,delay_loss
470.80540657043457,1,delay_loss
270.42508125305176,1,delay_loss
207.24987983703613,1,delay_loss
214.8399353027344,1,delay_loss
208.5471153259277,1,delay_loss
215.47603607177732,1,delay_loss
207.30304718017575,1,delay_loss
216.48859977722168,1,delay_loss
205.98816871643064,1,delay_loss
215.29579162597656,1,delay_loss
206.24876022338867,1,delay_loss
218.3537483215332,1,delay_loss
203.99045944213867,1,delay_loss
216.19749069213867,1,delay_loss
207.74078369140625,1,delay_loss
216.07685089111328,1,delay_loss
204.34260368347168,1,delay_loss
213.20486068725583,1,delay_loss
207.7772617340088,1,delay_loss
216.2623405456543,1,delay_loss
248.75569343566892,1,delay_loss
410.3200435638428,1,delay_loss
285.2187156677246,1,delay_loss
206.97808265686035,1,delay_loss
215.7473564147949,1,delay_loss
207.1571350097656,1,delay_loss
216.4971828460693,1,delay_loss
206.63070678710935,1,delay_loss
216.4621353149414,1,delay_loss
527.0013809204102,1,delay_loss
207.5972557067871,1,delay_loss
216.90821647644043,1,delay_loss
206.0873508453369,1,delay_loss
217.07510948181152,1,delay_loss
207.8719139099121,1,delay_loss
214.0839099884033,1,delay_loss
206.70318603515625,1,delay_loss
200.89364051818848,1,delay_loss
273.4992504119873,1,delay_loss
207.11421966552732,1,delay_loss
275.8111953735352,1,delay_loss
942.2461986541748,1,delay_loss
207.72314071655276,1,delay_loss
210.1383209228516,1,delay_loss
207.20744132995603,1,delay_loss
215.0673866271973,1,delay_loss
208.19425582885745,1,delay_loss
216.16101264953613,1,delay_loss
204.9729824066162,1,delay_loss
527.6708602905273,1,delay_loss
943.3972835540771,1,delay_loss
215.1045799255371,1,delay_loss
208.97674560546875,1,delay_loss
216.34984016418457,1,delay_loss
207.0915699005127,1,delay_loss
216.785192489624,1,delay_loss
209.29431915283203,1,delay_loss
843.3630466461182,1,delay_loss
207.9615592956543,1,delay_loss
216.43900871276853,1,delay_loss
207.66401290893555,1,delay_loss
845.2229499816895,1,delay_loss
208.08839797973636,1,delay_loss
217.72027015686035,1,delay_loss
205.42073249816892,1,delay_loss
216.5091037750244,1,delay_loss
206.8929672241211,1,delay_loss
217.15450286865237,1,delay_loss
206.70485496521,1,delay_loss
215.54994583129883,1,delay_loss
208.1911563873291,1,delay_loss
215.2879238128662,1,delay_loss
206.1314582824707,1,delay_loss
215.64030647277832,1,delay_loss
207.81588554382324,1,delay_loss
216.59588813781735,1,delay_loss
208.08649063110352,1,delay_loss
216.56322479248047,1,delay_loss
207.0796489715576,1,delay_loss
216.88008308410645,1,delay_loss
836.0919952392578,1,delay_loss
216.6309356689453,1,delay_loss
209.67555046081543,1,delay_loss
213.7558460235596,1,delay_loss
208.12034606933597,1,delay_loss
214.9488925933838,1,delay_loss
207.2808742523193,1,delay_loss
217.92101860046387,1,delay_loss
205.6868076324463,1,delay_loss
216.8605327606201,1,delay_loss
1.8804073333740237,1,loss
1.352548599243164,1,loss
1.435041427612305,1,loss
0.9679794311523438,1,loss
1.564741134643555,1,loss
0.8957386016845703,1,loss
1.595258712768555,1,loss
1.842975616455078,1,loss
1.9567012786865237,1,loss
2.3546218872070312,1,loss
1.985311508178711,1,loss
1.9783973693847656,1,loss
0.8602142333984375,1,loss
1.3895034790039062,1,loss
1.584768295288086,1,loss
0.9367465972900392,1,loss
1.654863357543945,1,loss
1.2941360473632812,1,loss
1.568317413330078,1,loss
3.0274391174316406,1,loss
1.6260147094726562,1,loss
1.3098716735839844,1,loss
1.7609596252441406,1,loss
2.413272857666016,1,loss
1.185894012451172,1,loss
1.0912418365478516,1,loss
1.226186752319336,1,loss
0.7536411285400391,1,loss
2.250194549560547,1,loss
1.9795894622802732,1,loss
1.0695457458496094,1,loss
1.165628433227539,1,loss
0.6122589111328125,1,loss
0.7367134094238281,1,loss
1.0483264923095703,1,loss
213.70458602905276,1,loss
5.324602127075195,1,loss
0.4479885101318359,1,loss
1.0449886322021484,1,loss
1.3926029205322266,1,loss
1.7626285552978516,1,loss
0.4620552062988281,1,loss
0.7545948028564453,1,loss
1.347064971923828,1,loss
1.964092254638672,1,loss
1.2156963348388672,1,loss
0.6115436553955078,1,loss
2.9277801513671875,1,loss
2.427816390991211,1,loss
0.8220672607421875,1,loss
1.566171646118164,1,loss
0.9424686431884766,1,loss
201.7531394958496,1,loss
0.5757808685302734,1,loss
0.9531974792480468,1,loss
1.2619495391845703,1,loss
0.4425048828125,1,loss
1.8718242645263672,1,loss
0.5366802215576172,1,loss
1.765727996826172,1,loss
0.9839534759521484,1,loss
0.9663105010986328,1,loss
0.4181861877441406,1,loss
0.7598400115966797,1,loss
0.7457733154296875,1,loss
1.5423297882080078,1,loss
0.4415512084960937,1,loss
0.5357265472412109,1,loss
1.2350082397460938,1,loss
0.4935264587402344,1,loss
0.6418228149414062,1,loss
0.417947769165039,1,loss
0.5650520324707031,1,loss
0.732421875,1,loss
204.6170234680176,1,loss
0.982046127319336,1,loss
0.6117820739746094,1,loss
1.5897750854492188,1,loss
0.7574558258056641,1,loss
1.091718673706055,1,loss
0.7252693176269531,1,loss
1.5120506286621094,1,loss
0.5624294281005859,1,loss
0.4189014434814453,1,loss
0.6330013275146484,1,loss
1.0416507720947266,1,loss
1.462697982788086,1,loss
2.4487972259521484,1,loss
1.5347003936767578,1,loss
2.312183380126953,1,loss
224.1499423980713,1,loss
4.522085189819336,1,loss
1.276254653930664,1,loss
1.9469261169433596,1,loss
2.5501251220703125,1,loss
1.385211944580078,1,loss
0.926494598388672,1,loss
2.1162033081054688,1,loss
0.8018016815185547,1,loss
3.747701644897461,1,loss
1.76239013671875,1,loss
2.061605453491211,1,loss
2.4156570434570312,1,loss
3.210783004760742,1,loss
1.4848709106445312,1,loss
0.4525184631347656,1,loss
206.66193962097168,1,loss
3.080606460571289,1,loss
0.8602142333984375,1,loss
7.30443000793457,1,loss
3.656625747680664,1,loss
0.8537769317626953,1,loss
0.8246898651123047,1,loss
1.5435218811035156,1,loss
1.5790462493896484,1,loss
2.4251937866210938,1,loss
0.8146762847900391,1,loss
2.755165100097656,1,loss
2.96783447265625,1,loss
0.9832382202148438,1,loss
1.212358474731445,1,loss
2.0940303802490234,1,loss
1.8787384033203125,1,loss
3.3125877380371094,1,loss
2.4297237396240234,1,loss
2.1011829376220703,1,loss
0.7815361022949219,1,loss
2.4261474609375,1,loss
2.351999282836914,1,loss
1.7931461334228516,1,loss
1.5115737915039062,1,loss
1.4138221740722656,1,loss
2.9358863830566406,1,loss
1.3608932495117188,1,loss
0.5443096160888672,1,loss
0.4701614379882812,1,loss
0.8559226989746094,1,loss
1.8434524536132808,1,loss
1.0271072387695312,1,loss
6.026506423950195,1,loss
0.7522106170654297,1,loss
1.399993896484375,1,loss
1.7731189727783203,1,loss
3.4284591674804688,1,loss
207.03983306884768,1,loss
1.4405250549316406,1,loss
2.268075942993164,1,loss
204.6217918395996,1,loss
0.7915496826171875,1,loss
0.7851123809814453,1,loss
0.8876323699951172,1,loss
2.125263214111328,1,loss
2.6750564575195312,1,loss
1.9147396087646484,1,loss
1.4965534210205078,1,loss
2.0651817321777344,1,loss
0.4816055297851562,1,loss
1.6269683837890625,1,loss
1.050710678100586,1,loss
2.1643638610839844,1,loss
1.7299652099609375,1,loss
1.2562274932861328,1,loss
1.3132095336914062,1,loss
1.253366470336914,1,loss
0.6854534149169922,1,loss
0.5311965942382812,1,loss
1.1723041534423828,1,loss
1.045942306518555,1,loss
1.9066333770751955,1,loss
0.8623600006103516,1,loss
1.0671615600585938,1,loss
1.3337135314941406,1,loss
1.859426498413086,1,loss
1.6934871673583984,1,loss
1.789569854736328,1,loss
1.0585784912109375,1,loss
1.025676727294922,1,loss
1.6989707946777344,1,loss
1.9047260284423828,1,loss
2.954721450805664,1,loss
4.060268402099609,1,loss
1.5969276428222656,1,loss
2.422809600830078,1,loss
2.1445751190185547,1,loss
0.5633831024169922,1,loss
1.6160011291503906,1,loss
0.965118408203125,1,loss
0.6530284881591797,1,loss
3.0803680419921875,1,loss
1.401662826538086,1,loss
1.4467239379882812,1,loss
1.1544227600097656,1,loss
2.618074417114258,1,loss
2.1407604217529297,1,loss
1.068115234375,1,loss
0.5428791046142578,1,loss
1.0635852813720703,1,loss
1.3914108276367188,1,loss
1.4140605926513672,1,loss
2.4101734161376958,1,loss
2.977848052978516,1,loss
1.447916030883789,1,loss
1.0640621185302734,1,loss
1.3189315795898438,1,loss
1.0781288146972656,1,loss
2.7832984924316406,1,loss
6.870508193969727,1,loss
1.1107921600341797,1,loss
1.1031627655029297,1,loss
0.606536865234375,1,loss
1.7898082733154297,1,loss
1.769304275512695,1,loss
1.4460086822509766,1,loss
2.4242401123046875,1,loss
2.562284469604492,1,loss
1.356363296508789,1,loss
1.5180110931396484,1,loss
0.4305839538574219,1,loss
1.9102096557617188,1,loss
2.259969711303711,1,loss
2.351045608520508,1,loss
1.4126300811767578,1,loss
1.7023086547851562,1,loss
1.430988311767578,1,loss
0.8218288421630859,1,loss
1.2459754943847656,1,loss
1.852273941040039,1,loss
1.0268688201904297,1,loss
0.6020069122314453,1,loss
1.3322830200195312,1,loss
1.5044212341308594,1,loss
2.5014877319335938,1,loss
5.479574203491211,1,loss
1.8186569213867188,1,loss
2.5174617767333984,1,loss
2.285003662109375,1,loss
1.7290115356445312,1,loss
2.2885799407958984,1,loss
1.2881755828857422,1,loss
1.4967918395996094,1,loss
3.637075424194336,1,loss
1.6748905181884766,1,loss
1.214742660522461,1,loss
1.2078285217285156,1,loss
2.6221275329589844,1,loss
2.4728775024414062,1,loss
1.6376972198486328,1,loss
1.7619132995605469,1,loss
1.667499542236328,1,loss
2.694845199584961,1,loss
2.1202564239501958,1,loss
1.922607421875,1,loss
2.5641918182373047,1,loss
1.5864372253417969,1,loss
0.9708404541015624,1,loss
1.7621517181396484,1,loss
1.308917999267578,1,loss
1.312255859375,1,loss
1.5997886657714844,1,loss
1.392841339111328,1,loss
1.3422966003417969,1,loss
1.3625621795654297,1,loss
0.5326271057128906,1,loss
1.7254352569580078,1,loss
1.3551712036132812,1,loss
1.0416507720947266,1,loss
1.3859272003173828,1,loss
0.6794929504394531,1,loss
1.335859298706055,1,loss
5.795717239379883,1,loss
2.1665096282958984,1,loss
3.1943321228027344,1,loss
1.5316009521484375,1,loss
1.4240741729736328,1,loss
1.4469623565673828,1,loss
1.0766983032226562,1,loss
2.769708633422852,1,loss
2.0341873168945312,1,loss
1.6939640045166016,1,loss
1.7957687377929688,1,loss
1.054525375366211,1,loss
0.9238719940185548,1,loss
1.0957717895507812,1,loss
1.650094985961914,1,loss
222.7413654327393,1,loss
0.8788108825683594,1,loss
1.3332366943359375,1,loss
1.3637542724609375,1,loss
1.6193389892578125,1,loss
7.816314697265625,1,loss
0.951528549194336,1,loss
1.9557476043701167,1,loss
1.035451889038086,1,loss
2.103567123413086,1,loss
1.7180442810058594,1,loss
3.252267837524414,1,loss
1.6274452209472656,1,loss
1.0869503021240234,1,loss
2.2735595703125,1,loss
1.633405685424805,1,loss
0.4947185516357422,1,loss
1.402139663696289,1,loss
3.1156539916992188,1,loss
2.240419387817383,1,loss
1.092672348022461,1,loss
0.6372928619384766,1,loss
2.737998962402344,1,loss
3.564119338989258,1,loss
1.743316650390625,1,loss
1.8856525421142576,1,loss
1.5492439270019531,1,loss
1.883506774902344,1,loss
1.1854171752929688,1,loss
5.004644393920898,1,loss
6.829023361206055,1,loss
1.257181167602539,1,loss
0.888824462890625,1,loss
2.774238586425781,1,loss
2.530097961425781,1,loss
2.7081966400146484,1,loss
2.057790756225586,1,loss
1.5077590942382812,1,loss
1.8355846405029297,1,loss
2.4156570434570312,1,loss
0.6642341613769531,1,loss
1.7626285552978516,1,loss
0.6327629089355469,1,loss
0.6320476531982422,1,loss
0.8285045623779297,1,loss
1.1444091796875,1,loss
1.588582992553711,1,loss
0.492095947265625,1,loss
1.3515949249267578,1,loss
0.8029937744140625,1,loss
1.2667179107666016,1,loss
2.418994903564453,1,loss
2.1533966064453125,1,loss
2.514123916625977,1,loss
1.6069412231445312,1,loss
1.9409656524658203,1,loss
1.0836124420166016,1,loss
1.0843276977539062,1,loss
1.471757888793945,1,loss
0.9317398071289062,1,loss
1.638650894165039,1,loss
1.52587890625,1,loss
0.6525516510009766,1,loss
1.3544559478759766,1,loss
1.5032291412353516,1,loss
1.199960708618164,1,loss
0.858306884765625,1,loss
0.7526874542236328,1,loss
1.169443130493164,1,loss
0.6835460662841797,1,loss
1.115560531616211,1,loss
1.0471343994140625,1,loss
2.504825592041016,1,loss
0.96893310546875,1,loss
0.54168701171875,1,loss
1.3277530670166016,1,loss
2.07209587097168,1,loss
0.4220008850097656,1,loss
2.2737979888916016,1,loss
1.0476112365722656,1,loss
1.5578269958496094,1,loss
1.9271373748779297,1,loss
3.996610641479492,1,loss
1.507282257080078,1,loss
1.6200542449951172,1,loss
0.5505084991455078,1,loss
0.918865203857422,1,loss
0.5040168762207031,1,loss
0.4138946533203125,1,loss
1.2400150299072266,1,loss
1.508474349975586,1,loss
1.160383224487305,1,loss
2.282381057739258,1,loss
0.9510517120361328,1,loss
1.1582374572753906,1,loss
1.3723373413085938,1,loss
2.205371856689453,1,loss
1.634359359741211,1,loss
1.242876052856445,1,loss
2.1834373474121094,1,loss
211.0297679901123,1,loss
3.06391716003418,1,loss
2.2819042205810547,1,loss
1.3396739959716797,1,loss
206.99167251586917,1,loss
2.0182132720947266,1,loss
3.1881332397460938,1,loss
1.670122146606445,1,loss
1.825571060180664,1,loss
2.5949478149414062,1,loss
1.104593276977539,1,loss
1.3513565063476562,1,loss
2.3679733276367188,1,loss
0.8630752563476562,1,loss
1.310586929321289,1,loss
0.6377696990966797,1,loss
1.430988311767578,1,loss
2.1533966064453125,1,loss
1.6355514526367188,1,loss
2.696752548217773,1,loss
1.658916473388672,1,loss
1.822471618652344,1,loss
1.6245841979980469,1,loss
1.7290115356445312,1,loss
1.7628669738769531,1,loss
2.5644302368164062,1,loss
2.4971961975097656,1,loss
1.6837120056152344,1,loss
1.5544891357421875,1,loss
1.6124248504638672,1,loss
2.511262893676758,1,loss
1.2421607971191406,1,loss
1.5628337860107422,1,loss
2.092123031616211,1,loss
1.5921592712402344,1,loss
1.5828609466552734,1,loss
2.351999282836914,1,loss
1.4264583587646484,1,loss
2.436399459838867,1,loss
2.405405044555664,1,loss
4.166364669799805,1,loss
1.856088638305664,1,loss
2.60782241821289,1,loss
207.0903778076172,1,loss
1.5883445739746094,1,loss
1.688241958618164,1,loss
1.6026496887207031,1,loss
2.4368762969970703,1,loss
1.544475555419922,1,loss
1.4829635620117188,1,loss
2.881765365600586,1,loss
1.9354820251464844,1,loss
3.736734390258789,1,loss
1.6448497772216797,1,loss
1.8339157104492188,1,loss
2.6845932006835938,1,loss
3.329753875732422,1,loss
0.6377696990966797,1,loss
1.0297298431396484,1,loss
0.7982254028320312,1,loss
0.8921623229980469,1,loss
2.9036998748779297,1,loss
0.7684230804443359,1,loss
6.447315216064453,1,loss
2.100706100463867,1,loss
0.5133152008056641,1,loss
1.9831657409667969,1,loss
0.6711483001708984,1,loss
1.583099365234375,1,loss
0.6592273712158203,1,loss
1.6264915466308594,1,loss
1.3275146484375,1,loss
1.5528202056884766,1,loss
0.545501708984375,1,loss
0.4830360412597656,1,loss
0.5097389221191406,1,loss
0.4792213439941406,1,loss
0.507354736328125,1,loss
0.6322860717773438,1,loss
1.2462139129638672,1,loss
0.8304119110107422,1,loss
0.469207763671875,1,loss
0.8375644683837891,1,loss
0.7367134094238281,1,loss
2.7213096618652344,1,loss
0.6303787231445312,1,loss
1.1143684387207031,1,loss
0.6835460662841797,1,loss
1.2674331665039062,1,loss
216.49909019470212,1,loss
1.7066001892089844,1,loss
1.4786720275878906,1,loss
2.2430419921875,1,loss
1.1317729949951172,1,loss
1.3992786407470703,1,loss
2.589702606201172,1,loss
3.176212310791016,1,loss
1.302957534790039,1,loss
1.3065338134765625,1,loss
1.3659000396728516,1,loss
0.7443428039550781,1,loss
0.8697509765625,1,loss
0.7984638214111328,1,loss
1.4138221740722656,1,loss
0.7345676422119141,1,loss
1.7304420471191406,1,loss
0.7424354553222656,1,loss
0.9980201721191406,1,loss
0.6103515625,1,loss
1.0945796966552734,1,loss
1.217365264892578,1,loss
0.782012939453125,1,loss
0.5638599395751953,1,loss
0.9560585021972656,1,loss
1.091718673706055,1,loss
1.4481544494628906,1,loss
1.090288162231445,1,loss
1.6100406646728516,1,loss
1.2619495391845703,1,loss
0.4413127899169922,1,loss
3.108501434326172,1,loss
1.6322135925292969,1,loss
1.5587806701660156,1,loss
2.4154186248779297,1,loss
0.9555816650390624,1,loss
0.8797645568847656,1,loss
2.80451774597168,1,loss
1.4159679412841797,1,loss
1.207113265991211,1,loss
1.2617111206054688,1,loss
0.951528549194336,1,loss
0.5521774291992188,1,loss
1.0433197021484375,1,loss
1.9359588623046875,1,loss
0.7712841033935547,1,loss
2.3527145385742188,1,loss
2.08425521850586,1,loss
1.9927024841308596,1,loss
2.1202564239501958,1,loss
0.8299350738525391,1,loss
2.137899398803711,1,loss
2.4406909942626958,1,loss
2.348184585571289,1,loss
1.211404800415039,1,loss
0.9443759918212892,1,loss
2.093076705932617,1,loss
0.6198883056640625,1,loss
1.242876052856445,1,loss
1.1184215545654297,1,loss
2.132654190063477,1,loss
1.1143684387207031,1,loss
1.229047775268555,1,loss
0.7009506225585938,1,loss
2.68244743347168,1,loss
1.2829303741455078,1,loss
1.460552215576172,1,loss
1.7237663269042969,1,loss
0.7660388946533203,1,loss
1.658916473388672,1,loss
0.9982585906982422,1,loss
1.440286636352539,1,loss
0.9365081787109376,1,loss
0.7987022399902344,1,loss
1.0066032409667969,1,loss
1.216888427734375,1,loss
2.149343490600586,1,loss
1.5461444854736328,1,loss
0.7882118225097656,1,loss
1.531839370727539,1,loss
1.4355182647705078,1,loss
1.5819072723388672,1,loss
1.239299774169922,1,loss
0.5311965942382812,1,loss
1.7023086547851562,1,loss
1.3031959533691406,1,loss
1.583099365234375,1,loss
0.5085468292236328,1,loss
1.3957023620605469,1,loss
1.5060901641845703,1,loss
0.8733272552490234,1,loss
1.918792724609375,1,loss
0.7045269012451172,1,loss
0.6735324859619141,1,loss
1.1823177337646484,1,loss
1.9557476043701167,1,loss
1.2600421905517578,1,loss
1.6591548919677734,1,loss
3.8857460021972656,1,loss
2.105236053466797,1,loss
1.1687278747558594,1,loss
2.5489330291748047,1,loss
1.127481460571289,1,loss
0.8313655853271484,1,loss
3.761529922485352,1,loss
0.5824565887451172,1,loss
0.6585121154785156,1,loss
1.1928081512451172,1,loss
2.40468978881836,1,loss
1.3065338134765625,1,loss
1.8310546875,1,loss
2.280235290527344,1,loss
2.0465850830078125,1,loss
0.4527568817138672,1,loss
0.6022453308105469,1,loss
1.776933670043945,1,loss
0.6167888641357422,1,loss
0.7393360137939453,1,loss
0.6458759307861328,1,loss
2.4509429931640625,1,loss
2.23541259765625,1,loss
1.254558563232422,1,loss
1.8906593322753904,1,loss
2.501249313354492,1,loss
1.3260841369628906,1,loss
1.1601448059082031,1,loss
1.055002212524414,1,loss
1.959800720214844,1,loss
2.919912338256836,1,loss
1.712799072265625,1,loss
2.2017955780029297,1,loss
1.0557174682617188,1,loss
0.444650650024414,1,loss
1.8885135650634768,1,loss
2.1812915802001958,1,loss
1.3082027435302734,1,loss
0.6239414215087891,1,loss
1.2476444244384766,1,loss
1.0385513305664062,1,loss
0.5214214324951172,1,loss
1.5842914581298828,1,loss
0.6241798400878906,1,loss
1.352071762084961,1,loss
0.6382465362548828,1,loss
1.60980224609375,1,loss
1.8157958984375,1,loss
0.6127357482910156,1,loss
2.270221710205078,1,loss
206.24589920043945,1,loss
1.2845993041992188,1,loss
1.1522769927978516,1,loss
1.3966560363769531,1,loss
2.397298812866211,1,loss
1.7497539520263672,1,loss
2.063274383544922,1,loss
1.222848892211914,1,loss
1.9712448120117188,1,loss
0.4673004150390625,1,loss
0.4823207855224609,1,loss
0.6246566772460938,1,loss
0.5271434783935547,1,loss
0.5323886871337891,1,loss
1.3189315795898438,1,loss
0.5080699920654297,1,loss
0.5049705505371094,1,loss
0.5218982696533203,1,loss
2.1834373474121094,1,loss
1.161336898803711,1,loss
0.5609989166259766,1,loss
0.8308887481689453,1,loss
1.1785030364990234,1,loss
2.5517940521240234,1,loss
3.146648406982422,1,loss
0.6239414215087891,1,loss
0.4322528839111328,1,loss
0.8473396301269531,1,loss
0.4916191101074219,1,loss
0.5214214324951172,1,loss
0.6020069122314453,1,loss
0.4465579986572265,1,loss
0.5860328674316406,1,loss
1.1327266693115234,1,loss
1.100301742553711,1,loss
0.5998611450195312,1,loss
1.962900161743164,1,loss
218.28651428222656,1,loss
0.5247592926025391,1,loss
1.081228256225586,1,loss
0.6191730499267578,1,loss
0.3664493560791015,1,loss
2.2423267364501958,1,loss
0.6189346313476562,1,loss
0.8492469787597656,1,loss
0.8792877197265625,1,loss
0.7016658782958984,1,loss
0.4878044128417969,1,loss
0.6630420684814453,1,loss
0.387430191040039,1,loss
0.5221366882324219,1,loss
1.73187255859375,1,loss
0.467538833618164,1,loss
1.7600059509277344,1,loss
0.4901885986328125,1,loss
1.474618911743164,1,loss
0.9524822235107422,1,loss
0.482797622680664,1,loss
0.7271766662597656,1,loss
0.8273124694824219,1,loss
0.486612319946289,1,loss
0.8375644683837891,1,loss
0.5211830139160156,1,loss
0.5578994750976562,1,loss
0.423431396484375,1,loss
0.7855892181396484,1,loss
0.7970333099365234,1,loss
0.9272098541259766,1,loss
1.3885498046875,1,loss
0.9412765502929688,1,loss
205.5227756500244,1,loss
1.2633800506591797,1,loss
0.5919933319091797,1,loss
0.7691383361816406,1,loss
0.7672309875488281,1,loss
0.993967056274414,1,loss
0.4470348358154297,1,loss
2.238750457763672,1,loss
0.7684230804443359,1,loss
1.6236305236816406,1,loss
2.280712127685547,1,loss
1.667022705078125,1,loss
0.7693767547607422,1,loss
0.5156993865966797,1,loss
0.5004405975341797,1,loss
0.3938674926757812,1,loss
2.2950172424316406,1,loss
1.215219497680664,1,loss
0.9469985961914062,1,loss
0.7042884826660156,1,loss
1.118183135986328,1,loss
1.466512680053711,1,loss
1.3380050659179688,1,loss
1.564741134643555,1,loss
1.069784164428711,1,loss
1.2259483337402344,1,loss
0.6010532379150391,1,loss
1.579999923706055,1,loss
1.3184547424316406,1,loss
0.5514621734619141,1,loss
1.0514259338378906,1,loss
2.464771270751953,1,loss
0.8130073547363281,1,loss
0.6692409515380859,1,loss
0.5624294281005859,1,loss
1.4431476593017578,1,loss
1.1501312255859375,1,loss
2.7441978454589844,1,loss
0.6070137023925781,1,loss
0.45013427734375,1,loss
0.9000301361083984,1,loss
1.2714862823486328,1,loss
1.3453960418701172,1,loss
1.7330646514892578,1,loss
1.2314319610595703,1,loss
1.1157989501953125,1,loss
0.7407665252685547,1,loss
0.6365776062011719,1,loss
1.4777183532714844,1,loss
0.6766319274902344,1,loss
0.9970664978027344,1,loss
0.8008480072021484,1,loss
0.9181499481201172,1,loss
1.4088153839111328,1,loss
0.6074905395507812,1,loss
0.921010971069336,1,loss
2.377748489379883,1,loss
0.6511211395263672,1,loss
0.8313655853271484,1,loss
1.0652542114257812,1,loss
0.4436969757080078,1,loss
1.0433197021484375,1,loss
1.039266586303711,1,loss
2.8848648071289062,1,loss
0.9410381317138672,1,loss
0.7183551788330078,1,loss
0.3635883331298828,1,loss
1.268148422241211,1,loss
1.2722015380859375,1,loss
1.1870861053466797,1,loss
3.212213516235352,1,loss
1.1966228485107422,1,loss
0.6866455078125,1,loss
2.2306442260742188,1,loss
1.631975173950195,1,loss
1.0514259338378906,1,loss
2.8989315032958984,1,loss
1.7671585083007812,1,loss
1.3494491577148438,1,loss
1.3866424560546875,1,loss
1.1849403381347656,1,loss
1.1434555053710938,1,loss
1.5010833740234375,1,loss
3.3278465270996094,1,loss
2.2444725036621094,1,loss
1.477956771850586,1,loss
1.3346672058105469,1,loss
0.8800029754638672,1,loss
0.4863739013671875,1,loss
0.9038448333740234,1,loss
0.7457733154296875,1,loss
0.6232261657714844,1,loss
0.5435943603515625,1,loss
0.5588531494140625,1,loss
1.4827251434326172,1,loss
1.976251602172852,1,loss
1.1506080627441406,1,loss
2.102851867675781,1,loss
1.4128684997558594,1,loss
1.3668537139892578,1,loss
0.4470348358154297,1,loss
1.2934207916259766,1,loss
1.401662826538086,1,loss
1.6510486602783203,1,loss
1.1246204376220703,1,loss
1.5957355499267578,1,loss
2.4721622467041016,1,loss
3.21817398071289,1,loss
1.6951560974121094,1,loss
2.022266387939453,1,loss
1.368999481201172,1,loss
1.236677169799805,1,loss
1.7864704132080078,1,loss
1.556396484375,1,loss
1.557111740112305,1,loss
1.768350601196289,1,loss
1.567363739013672,1,loss
1.219034194946289,1,loss
1.68609619140625,1,loss
1.7592906951904297,1,loss
1.039266586303711,1,loss
0.7700920104980469,1,loss
0.9303092956542968,1,loss
2.251863479614258,1,loss
1.7647743225097656,1,loss
1.893281936645508,1,loss
0.8792877197265625,1,loss
1.873016357421875,1,loss
3.9169788360595694,1,loss
1.271963119506836,1,loss
1.4369487762451172,1,loss
0.8499622344970703,1,loss
1.836538314819336,1,loss
215.5778408050537,1,loss
2.053976058959961,1,loss
2.1066665649414062,1,loss
2.46429443359375,1,loss
1.2066364288330078,1,loss
1.7230510711669922,1,loss
1.4846324920654297,1,loss
1.1699199676513672,1,loss
2.1109580993652344,1,loss
1.6107559204101562,1,loss
1.9161701202392576,1,loss
2.920866012573242,1,loss
1.0585784912109375,1,loss
1.54876708984375,1,loss
1.4677047729492188,1,loss
1.0173320770263672,1,loss
1.405477523803711,1,loss
2.065658569335937,1,loss
0.7126331329345703,1,loss
0.7259845733642578,1,loss
1.3320446014404297,1,loss
2.3267269134521484,1,loss
0.5543231964111328,1,loss
1.1620521545410156,1,loss
1.305341720581055,1,loss
2.198934555053711,1,loss
1.1279582977294922,1,loss
1.7795562744140625,1,loss
4.206657409667969,1,loss
2.5634765625,1,loss
1.6627311706542969,1,loss
1.0607242584228516,1,loss
205.9869766235352,1,loss
0.4258155822753906,1,loss
0.5044937133789062,1,loss
1.0995864868164062,1,loss
0.4076957702636719,1,loss
0.96893310546875,1,loss
1.668691635131836,1,loss
1.0957717895507812,1,loss
2.0475387573242188,1,loss
1.568317413330078,1,loss
0.7524490356445312,1,loss
1.2412071228027344,1,loss
0.5238056182861328,1,loss
0.4966259002685547,1,loss
0.4990100860595703,1,loss
0.6153583526611328,1,loss
0.6551742553710938,1,loss
2.374410629272461,1,loss
0.8933544158935547,1,loss
0.6735324859619141,1,loss
0.9212493896484376,1,loss
0.5435943603515625,1,loss
0.7817745208740234,1,loss
0.6914138793945312,1,loss
0.4198551177978515,1,loss
0.4284381866455078,1,loss
0.8130073547363281,1,loss
1.2068748474121094,1,loss
0.6673336029052734,1,loss
1.5954971313476562,1,loss
0.9083747863769532,1,loss
1.9397735595703125,1,loss
0.7808208465576172,1,loss
0.8397102355957031,1,loss
0.9915828704833984,1,loss
1.011371612548828,1,loss
1.1200904846191406,1,loss
0.9500980377197266,1,loss
0.9202957153320312,1,loss
0.8225440979003906,1,loss
1.12152099609375,1,loss
1.1496543884277344,1,loss
1.1768341064453125,1,loss
0.5507469177246094,1,loss
0.7994174957275391,1,loss
2.402067184448242,1,loss
0.8025169372558594,1,loss
3.13711166381836,1,loss
0.5497932434082031,1,loss
211.95101737976077,1,loss
0.5621910095214844,1,loss
0.6482601165771484,1,loss
1.28173828125,1,loss
1.645803451538086,1,loss
1.477956771850586,1,loss
1.507282257080078,1,loss
0.8795261383056641,1,loss
1.5819072723388672,1,loss
0.6694793701171875,1,loss
1.479387283325195,1,loss
2.717256546020508,1,loss
0.8647441864013672,1,loss
1.0318756103515625,1,loss
1.3604164123535156,1,loss
1.4400482177734375,1,loss
1.0843276977539062,1,loss
1.322031021118164,1,loss
0.9834766387939452,1,loss
1.452922821044922,1,loss
1.3015270233154297,1,loss
1.3325214385986328,1,loss
0.8842945098876953,1,loss
0.4382133483886719,1,loss
0.3576278686523437,1,loss
0.5757808685302734,1,loss
0.5393028259277344,1,loss
0.4494190216064453,1,loss
0.8399486541748047,1,loss
2.1834373474121094,1,loss
0.865936279296875,1,loss
1.7905235290527344,1,loss
1.491546630859375,1,loss
5.58018684387207,1,loss
2.0911693572998047,1,loss
1.4719963073730469,1,loss
2.97236442565918,1,loss
1.4646053314208984,1,loss
2.5436878204345703,1,loss
1.8534660339355469,1,loss
2.393484115600586,1,loss
1.5261173248291016,1,loss
0.8728504180908203,1,loss
1.7004013061523438,1,loss
1.470804214477539,1,loss
2.0301342010498047,1,loss
1.0058879852294922,1,loss
1.2958049774169922,1,loss
2.1119117736816406,1,loss
0.7665157318115234,1,loss
0.9181499481201172,1,loss
3.3597946166992188,1,loss
1.6579627990722656,1,loss
0.4823207855224609,1,loss
0.4076957702636719,1,loss
2.6540756225585938,1,loss
2.874374389648437,1,loss
1.038312911987305,1,loss
1.280069351196289,1,loss
1.364946365356445,1,loss
2.1619796752929688,1,loss
2.0966529846191406,1,loss
2.038240432739258,1,loss
1.7671585083007812,1,loss
1.8367767333984373,1,loss
2.041339874267578,1,loss
1.2476444244384766,1,loss
0.8206367492675781,1,loss
1.3890266418457031,1,loss
1.3680458068847656,1,loss
210.5867862701416,1,loss
1.3551712036132812,1,loss
0.74005126953125,1,loss
0.7264614105224609,1,loss
1.0554790496826172,1,loss
0.9338855743408204,1,loss
0.9610652923583984,1,loss
0.4336833953857422,1,loss
0.7791519165039062,1,loss
1.2819766998291016,1,loss
0.7843971252441406,1,loss
221.8611240386963,1,loss
0.9760856628417968,1,loss
0.4320144653320312,1,loss
1.4483928680419922,1,loss
0.6585121154785156,1,loss
1.894235610961914,1,loss
1.3554096221923828,1,loss
0.9374618530273438,1,loss
0.461578369140625,1,loss
1.3933181762695312,1,loss
1.236677169799805,1,loss
1.390218734741211,1,loss
1.3873577117919922,1,loss
2.1409988403320312,1,loss
0.7412433624267578,1,loss
1.1403560638427734,1,loss
1.1644363403320312,1,loss
0.9064674377441406,1,loss
0.4706382751464844,1,loss
0.5671977996826172,1,loss
0.3817081451416015,1,loss
1.9528865814208984,1,loss
0.8056163787841797,1,loss
1.1551380157470703,1,loss
0.5671977996826172,1,loss
0.4742145538330078,1,loss
0.7364749908447266,1,loss
1.699686050415039,1,loss
0.6458759307861328,1,loss
0.3931522369384765,1,loss
1.300811767578125,1,loss
2.22468376159668,1,loss
1.5594959259033203,1,loss
0.766754150390625,1,loss
0.4584789276123047,1,loss
1.01470947265625,1,loss
1.2660026550292969,1,loss
1.0478496551513672,1,loss
0.8556842803955078,1,loss
0.9236335754394532,1,loss
0.9174346923828124,1,loss
0.5905628204345703,1,loss
0.5919933319091797,1,loss
0.8091926574707031,1,loss
0.7536411285400391,1,loss
1.619577407836914,1,loss
2.135753631591797,1,loss
0.4258155822753906,1,loss
0.4186630249023437,1,loss
206.30407333374023,1,loss
1.0976791381835938,1,loss
0.5903244018554688,1,loss
0.6163120269775391,1,loss
1.1112689971923828,1,loss
1.1196136474609375,1,loss
0.4251003265380859,1,loss
0.9598731994628906,1,loss
0.940561294555664,1,loss
2.2597312927246094,1,loss
1.6646385192871094,1,loss
0.9796619415283204,1,loss
1.4302730560302734,1,loss
0.9424686431884766,1,loss
1.0573863983154297,1,loss
1.0824203491210938,1,loss
1.120805740356445,1,loss
1.4028549194335938,1,loss
1.6949176788330078,1,loss
1.5120506286621094,1,loss
1.104116439819336,1,loss
2.144336700439453,1,loss
1.385211944580078,1,loss
0.640869140625,1,loss
1.1293888092041016,1,loss
2.349853515625,1,loss
1.7633438110351562,1,loss
1.333475112915039,1,loss
1.677751541137695,1,loss
1.6927719116210938,1,loss
1.956939697265625,1,loss
1.3158321380615234,1,loss
2.8634071350097656,1,loss
0.9138584136962892,1,loss
2.3698806762695312,1,loss
2.439737319946289,1,loss
1.6689300537109375,1,loss
1.435041427612305,1,loss
205.578088760376,1,loss
1.1012554168701172,1,loss
0.9450912475585938,1,loss
0.9548664093017578,1,loss
1.077413558959961,1,loss
0.4453659057617187,1,loss
1.3608932495117188,1,loss
0.4286766052246094,1,loss
2.19106674194336,1,loss
0.8604526519775391,1,loss
0.4246234893798828,1,loss
0.5242824554443359,1,loss
0.7603168487548828,1,loss
0.4343986511230469,1,loss
1.1224746704101562,1,loss
0.5235671997070312,1,loss
0.5779266357421875,1,loss
1.3844966888427734,1,loss
0.5362033843994141,1,loss
0.5857944488525391,1,loss
0.8943080902099609,1,loss
0.4608631134033203,1,loss
0.4339218139648437,1,loss
0.3521442413330078,1,loss
0.6844997406005859,1,loss
0.5490779876708984,1,loss
1.2180805206298828,1,loss
0.5352497100830078,1,loss
0.4620552062988281,1,loss
0.3831386566162109,1,loss
1.7867088317871094,1,loss
2.2079944610595703,1,loss
1.1453628540039062,1,loss
0.7348060607910156,1,loss
0.4944801330566406,1,loss
0.9794235229492188,1,loss
2.2895336151123047,1,loss
0.8182525634765625,1,loss
0.484466552734375,1,loss
1.192331314086914,1,loss
2.48098373413086,1,loss
0.6265640258789062,1,loss
1.6574859619140625,1,loss
1.204729080200195,1,loss
0.8270740509033203,1,loss
2.028942108154297,1,loss
1.4925003051757812,1,loss
1.528024673461914,1,loss
1.8229484558105469,1,loss
0.9522438049316406,1,loss
1.279592514038086,1,loss
0.9555816650390624,1,loss
0.7555484771728516,1,loss
0.6678104400634766,1,loss
0.4525184631347656,1,loss
0.5953311920166016,1,loss
0.5545616149902344,1,loss
0.4868507385253906,1,loss
0.5247592926025391,1,loss
0.425577163696289,1,loss
0.433206558227539,1,loss
0.9543895721435548,1,loss
0.6577968597412109,1,loss
0.6434917449951172,1,loss
0.4839897155761719,1,loss
0.6859302520751953,1,loss
0.8411407470703125,1,loss
0.6361007690429688,1,loss
0.6589889526367188,1,loss
0.8718967437744141,1,loss
2.576589584350586,1,loss
2.3343563079833984,1,loss
0.8020401000976562,1,loss
0.942707061767578,1,loss
1.4219284057617188,1,loss
0.8454322814941406,1,loss
223.01554679870603,1,loss
0.7965564727783203,1,loss
0.8232593536376953,1,loss
0.5156993865966797,1,loss
0.4887580871582031,1,loss
0.8974075317382812,1,loss
0.7722377777099609,1,loss
0.4591941833496094,1,loss
1.0600090026855469,1,loss
1.222372055053711,1,loss
0.514984130859375,1,loss
0.5769729614257812,1,loss
1.209735870361328,1,loss
0.8552074432373047,1,loss
1.4941692352294922,1,loss
1.2197494506835938,1,loss
0.9028911590576172,1,loss
0.5428791046142578,1,loss
0.9143352508544922,1,loss
0.560760498046875,1,loss
0.759124755859375,1,loss
0.6804466247558594,1,loss
0.7162094116210938,1,loss
0.6644725799560547,1,loss
0.8778572082519531,1,loss
1.9800662994384768,1,loss
1.7538070678710938,1,loss
0.8523464202880859,1,loss
0.8335113525390625,1,loss
0.8914470672607422,1,loss
0.9214878082275392,1,loss
1.0235309600830078,1,loss
0.8673667907714844,1,loss
1.095294952392578,1,loss
0.4835128784179687,1,loss
1.033782958984375,1,loss
0.6251335144042969,1,loss
1.215219497680664,1,loss
0.6651878356933594,1,loss
0.9360313415527344,1,loss
0.7109642028808594,1,loss
0.5323886871337891,1,loss
0.4658699035644531,1,loss
0.995159149169922,1,loss
0.4513263702392578,1,loss
0.4725456237792969,1,loss
2.959012985229492,1,loss
0.4971027374267578,1,loss
0.8409023284912109,1,loss
0.5440711975097656,1,loss
0.4689693450927734,1,loss
0.3523826599121094,1,loss
0.4088878631591797,1,loss
0.4079341888427734,1,loss
0.3724098205566406,1,loss
2.5272369384765625,1,loss
3.7260055541992183,1,loss
0.4382133483886719,1,loss
0.7941722869873047,1,loss
2.4449825286865234,1,loss
0.4851818084716797,1,loss
1.149892807006836,1,loss
0.6248950958251953,1,loss
1.0454654693603516,1,loss
1.4009475708007812,1,loss
0.6363391876220703,1,loss
1.512289047241211,1,loss
2.737045288085937,1,loss
0.4711151123046875,1,loss
1.5044212341308594,1,loss
0.8962154388427734,1,loss
0.8754730224609375,1,loss
1.115560531616211,1,loss
0.4465579986572265,1,loss
2.1681785583496094,1,loss
0.5967617034912109,1,loss
0.9794235229492188,1,loss
1.1034011840820312,1,loss
0.8783340454101562,1,loss
2.081871032714844,1,loss
1.678466796875,1,loss
1.650094985961914,1,loss
0.6546974182128906,1,loss
0.5316734313964844,1,loss
1.076459884643555,1,loss
203.4308910369873,1,loss
0.4568099975585937,1,loss
0.6709098815917969,1,loss
1.072406768798828,1,loss
0.9140968322753906,1,loss
0.8058547973632812,1,loss
0.7271766662597656,1,loss
2.942323684692383,1,loss
1.8773078918457031,1,loss
1.287698745727539,1,loss
1.2552738189697266,1,loss
1.3401508331298828,1,loss
0.8783340454101562,1,loss
0.5125999450683594,1,loss
0.9226799011230468,1,loss
1.2884140014648438,1,loss
3.11279296875,1,loss
4.61125373840332,1,loss
1.1937618255615234,1,loss
0.7441043853759766,1,loss
2.1584033966064453,1,loss
0.3957748413085937,1,loss
0.5598068237304688,1,loss
1.5816688537597656,1,loss
0.9858608245849608,1,loss
0.5793571472167969,1,loss
0.6864070892333984,1,loss
1.146078109741211,1,loss
0.6222724914550781,1,loss
0.8187294006347656,1,loss
0.6873607635498047,1,loss
1.0457038879394531,1,loss
0.5123615264892578,1,loss
0.7436275482177734,1,loss
0.4956722259521484,1,loss
0.6320476531982422,1,loss
0.6589889526367188,1,loss
2.2077560424804688,1,loss
0.5421638488769531,1,loss
0.86212158203125,1,loss
1.0776519775390625,1,loss
2.33316421508789,1,loss
0.9396076202392578,1,loss
0.4098415374755859,1,loss
1.3735294342041016,1,loss
1.0271072387695312,1,loss
1.0690689086914062,1,loss
0.4985332489013672,1,loss
1.526594161987305,1,loss
0.5710124969482422,1,loss
0.6182193756103516,1,loss
1.161813735961914,1,loss
206.6612243652344,1,loss
0.7529258728027344,1,loss
2.6493072509765625,1,loss
1.1317729949951172,1,loss
0.5297660827636719,1,loss
1.135110855102539,1,loss
2.696990966796875,1,loss
1.572370529174805,1,loss
1.0654926300048828,1,loss
207.7763080596924,1,loss
1.0228157043457031,1,loss
1.5218257904052734,1,loss
0.5464553833007812,1,loss
0.553131103515625,1,loss
0.4444122314453125,1,loss
0.5767345428466797,1,loss
0.8509159088134766,1,loss
0.4241466522216797,1,loss
0.8769035339355469,1,loss
0.6525516510009766,1,loss
0.5466938018798828,1,loss
0.6155967712402344,1,loss
0.4832744598388672,1,loss
1.2907981872558594,1,loss
0.7081031799316406,1,loss
0.8237361907958984,1,loss
0.91552734375,1,loss
1.043558120727539,1,loss
0.461578369140625,1,loss
0.9267330169677734,1,loss
0.4773139953613281,1,loss
0.6966590881347656,1,loss
0.4971027374267578,1,loss
0.3900527954101562,1,loss
0.8060932159423828,1,loss
0.4601478576660156,1,loss
0.4074573516845703,1,loss
0.5877017974853516,1,loss
0.6844997406005859,1,loss
0.6771087646484375,1,loss
0.499725341796875,1,loss
0.5974769592285156,1,loss
0.5321502685546875,1,loss
0.5278587341308594,1,loss
214.07794952392575,1,loss
0.4174709320068359,1,loss
0.7975101470947266,1,loss
0.5879402160644531,1,loss
0.7376670837402344,1,loss
0.943899154663086,1,loss
0.957965850830078,1,loss
1.310110092163086,1,loss
0.3969669342041015,1,loss
1.348733901977539,1,loss
0.5500316619873047,1,loss
0.410318374633789,1,loss
0.4551410675048828,1,loss
0.6577968597412109,1,loss
0.5092620849609375,1,loss
0.4673004150390625,1,loss
0.4591941833496094,1,loss
0.5776882171630859,1,loss
0.6866455078125,1,loss
0.4711151123046875,1,loss
0.4909038543701172,1,loss
0.4346370697021484,1,loss
0.3821849822998047,1,loss
0.5624294281005859,1,loss
0.8919239044189453,1,loss
0.8740425109863281,1,loss
0.5626678466796875,1,loss
0.6787776947021484,1,loss
0.4467964172363281,1,loss
0.6439685821533203,1,loss
0.5164146423339844,1,loss
0.7374286651611328,1,loss
2.881765365600586,1,loss
0.7357597351074219,1,loss
1.1720657348632812,1,loss
0.7405281066894531,1,loss
1.073598861694336,1,loss
0.7121562957763672,1,loss
1.251220703125,1,loss
0.6301403045654297,1,loss
0.9572505950927734,1,loss
0.8635520935058594,1,loss
0.7798671722412109,1,loss
0.8969306945800781,1,loss
0.804901123046875,1,loss
0.5443096160888672,1,loss
0.5283355712890625,1,loss
0.5781650543212891,1,loss
0.7503032684326172,1,loss
0.7450580596923828,1,loss
0.5006790161132812,1,loss
2.892732620239258,1,loss
0.4265308380126953,1,loss
3.499984741210937,1,loss
0.5018711090087891,1,loss
0.4818439483642578,1,loss
0.7002353668212891,1,loss
0.4079341888427734,1,loss
0.5660057067871094,1,loss
0.5509853363037109,1,loss
0.6992816925048828,1,loss
1.0423660278320312,1,loss
0.4439353942871094,1,loss
0.452280044555664,1,loss
0.9005069732666016,1,loss
0.5757808685302734,1,loss
1.0018348693847656,1,loss
0.6165504455566406,1,loss
0.9477138519287108,1,loss
1.0159015655517578,1,loss
0.4498958587646484,1,loss
0.8840560913085938,1,loss
0.8308887481689453,1,loss
0.9753704071044922,1,loss
0.5173683166503906,1,loss
0.6890296936035156,1,loss
0.8754730224609375,1,loss
0.6241798400878906,1,loss
0.7715225219726562,1,loss
0.974416732788086,1,loss
0.4503726959228515,1,loss
0.5369186401367188,1,loss
0.7066726684570312,1,loss
0.6575584411621094,1,loss
3.640174865722656,1,loss
2.317190170288086,1,loss
0.5731582641601562,1,loss
0.5304813385009766,1,loss
0.4324913024902344,1,loss
0.6504058837890625,1,loss
0.6308555603027344,1,loss
1.3439655303955078,1,loss
2.7267932891845703,1,loss
0.4749298095703125,1,loss
1.5645027160644531,1,loss
0.4124641418457031,1,loss
0.4284381866455078,1,loss
0.7519721984863281,1,loss
2.318859100341797,1,loss
1.669168472290039,1,loss
0.5478858947753906,1,loss
0.5252361297607422,1,loss
1.3875961303710938,1,loss
1.839637756347656,1,loss
4.801273345947266,1,loss
0.9851455688476562,1,loss
0.4749298095703125,1,loss
0.4205703735351562,1,loss
3.056764602661133,1,loss
1.342058181762695,1,loss
0.4477500915527344,1,loss
1.8606185913085935,1,loss
1.946210861206055,1,loss
0.4439353942871094,1,loss
2.2230148315429688,1,loss
1.31988525390625,1,loss
0.640869140625,1,loss
1.8656253814697263,1,loss
2.2339820861816406,1,loss
2.2127628326416016,1,loss
1.8045902252197263,1,loss
0.9465217590332032,1,loss
0.6101131439208984,1,loss
1.0600090026855469,1,loss
2.081871032714844,1,loss
1.447439193725586,1,loss
0.4966259002685547,1,loss
2.8455257415771484,1,loss
3.3769607543945312,1,loss
4.571199417114258,1,loss
1.1954307556152344,1,loss
1.3568401336669922,1,loss
1.0712146759033203,1,loss
0.4673004150390625,1,loss
1.9998550415039065,1,loss
1.48773193359375,1,loss
1.7039775848388672,1,loss
0.5445480346679688,1,loss
1.3217926025390625,1,loss
1.6434192657470703,1,loss
1.3287067413330078,1,loss
2.072334289550781,1,loss
1.146078109741211,1,loss
1.1799335479736328,1,loss
0.8890628814697266,1,loss
1.9278526306152344,1,loss
1.672506332397461,1,loss
1.416921615600586,1,loss
0.675201416015625,1,loss
0.640869140625,1,loss
1.189470291137695,1,loss
0.9000301361083984,1,loss
1.504659652709961,1,loss
0.728607177734375,1,loss
0.5314350128173828,1,loss
1.4963150024414062,1,loss
1.132965087890625,1,loss
0.4329681396484375,1,loss
0.3859996795654297,1,loss
0.4222393035888672,1,loss
1.110553741455078,1,loss
1.7063617706298828,1,loss
0.5407333374023438,1,loss
0.92315673828125,1,loss
0.4668235778808594,1,loss
0.5412101745605469,1,loss
1.9059181213378904,1,loss
0.888824462890625,1,loss
0.8502006530761719,1,loss
0.4427433013916015,1,loss
0.4663467407226562,1,loss
1.1928081512451172,1,loss
0.7669925689697266,1,loss
0.4143714904785156,1,loss
0.5767345428466797,1,loss
2.525568008422852,1,loss
2.518892288208008,1,loss
0.8726119995117188,1,loss
1.087665557861328,1,loss
0.8876323699951172,1,loss
0.4968643188476562,1,loss
2.010345458984375,1,loss
1.0530948638916016,1,loss
1.5273094177246094,1,loss
1.0254383087158203,1,loss
1.4510154724121094,1,loss
1.522064208984375,1,loss
0.9746551513671876,1,loss
2.17890739440918,1,loss
1.453876495361328,1,loss
0.7212162017822266,1,loss
0.621795654296875,1,loss
1.5392303466796875,1,loss
0.6191730499267578,1,loss
0.9071826934814452,1,loss
1.0538101196289062,1,loss
1.1413097381591797,1,loss
1.6121864318847656,1,loss
2.2614002227783203,1,loss
1.4803409576416016,1,loss
1.0678768157958984,1,loss
1.185894012451172,1,loss
0.9639263153076172,1,loss
1.779317855834961,1,loss
0.8904933929443359,1,loss
2.431869506835937,1,loss
1.1601448059082031,1,loss
1.5702247619628906,1,loss
1.142740249633789,1,loss
0.8234977722167969,1,loss
1.484394073486328,1,loss
1.825094223022461,1,loss
0.6999969482421875,1,loss
1.4379024505615234,1,loss
0.3862380981445312,1,loss
0.4837512969970703,1,loss
0.9295940399169922,1,loss
1.2955665588378906,1,loss
2.0520687103271484,1,loss
0.4277229309082031,1,loss
1.6107559204101562,1,loss
0.8223056793212891,1,loss
1.0776519775390625,1,loss
1.676321029663086,1,loss
3.4034252166748047,1,loss
1.0585784912109375,1,loss
0.5850791931152344,1,loss
2.082347869873047,1,loss
0.417947769165039,1,loss
0.4153251647949219,1,loss
0.5154609680175781,1,loss
2.855777740478516,1,loss
0.6084442138671875,1,loss
0.5714893341064453,1,loss
1.1992454528808594,1,loss
0.4687309265136719,1,loss
1.1343955993652344,1,loss
0.4231929779052734,1,loss
2.0732879638671875,1,loss
0.6873607635498047,1,loss
0.9295940399169922,1,loss
0.6437301635742188,1,loss
0.7023811340332031,1,loss
1.3108253479003906,1,loss
0.7040500640869141,1,loss
1.1701583862304688,1,loss
0.5738735198974609,1,loss
0.7603168487548828,1,loss
0.9703636169433594,1,loss
0.5881786346435547,1,loss
0.4620552062988281,1,loss
0.5397796630859375,1,loss
0.5538463592529297,1,loss
1.018047332763672,1,loss
0.6492137908935547,1,loss
0.9109973907470704,1,loss
1.2278556823730469,1,loss
1.2531280517578125,1,loss
0.9958744049072266,1,loss
0.4694461822509765,1,loss
1.661539077758789,1,loss
3.350973129272461,1,loss
225.8155345916748,1,loss
0.8552074432373047,1,loss
2.538681030273437,1,loss
0.7905960083007812,1,loss
2.2017955780029297,1,loss
1.7690658569335938,1,loss
2.1953582763671875,1,loss
1.25885009765625,1,loss
1.397848129272461,1,loss
0.8573532104492188,1,loss
1.4405250549316406,1,loss
1.3630390167236328,1,loss
2.050399780273437,1,loss
1.3539791107177734,1,loss
0.7421970367431641,1,loss
0.7035732269287109,1,loss
1.336812973022461,1,loss
1.013994216918945,1,loss
1.1241436004638672,1,loss
0.6291866302490234,1,loss
2.0356178283691406,1,loss
1.3518333435058594,1,loss
0.61798095703125,1,loss
1.1548995971679688,1,loss
1.7626285552978516,1,loss
2.254247665405273,1,loss
1.4739036560058594,1,loss
1.2955665588378906,1,loss
1.0960102081298828,1,loss
0.6361007690429688,1,loss
1.142263412475586,1,loss
3.3464431762695312,1,loss
211.2514972686768,1,loss
1.9054412841796875,1,loss
0.9400844573974608,1,loss
1.1205673217773438,1,loss
1.077413558959961,1,loss
0.9622573852539062,1,loss
2.689838409423828,1,loss
0.4093647003173828,1,loss
0.6937980651855469,1,loss
0.5130767822265625,1,loss
0.5550384521484375,1,loss
0.3671646118164062,1,loss
3.053903579711914,1,loss
1.8911361694335935,1,loss
0.8628368377685547,1,loss
1.6753673553466797,1,loss
219.4697856903076,1,loss
1.358747482299805,1,loss
1.262664794921875,1,loss
0.4506111145019531,1,loss
1.5130043029785156,1,loss
1.2445449829101562,1,loss
2.442598342895508,1,loss
2.8879642486572266,1,loss
1.3229846954345703,1,loss
1.7576217651367188,1,loss
0.6463527679443359,1,loss
1.681804656982422,1,loss
1.236677169799805,1,loss
2.3899078369140625,1,loss
1.6775131225585938,1,loss
1.4684200286865234,1,loss
0.5853176116943359,1,loss
2.163887023925781,1,loss
1.840353012084961,1,loss
1.2848377227783203,1,loss
1.4541149139404297,1,loss
0.9374618530273438,1,loss
1.2917518615722656,1,loss
0.8046627044677734,1,loss
2.905607223510742,1,loss
0.8897781372070312,1,loss
0.7460117340087891,1,loss
1.0211467742919922,1,loss
1.027822494506836,1,loss
2.092599868774414,1,loss
0.6420612335205078,1,loss
1.5845298767089844,1,loss
0.3750324249267578,1,loss
0.6654262542724609,1,loss
0.6003379821777344,1,loss
0.5693435668945312,1,loss
0.5440711975097656,1,loss
0.5433559417724609,1,loss
0.8528232574462891,1,loss
1.1982917785644531,1,loss
0.7393360137939453,1,loss
0.5207061767578125,1,loss
218.72520446777344,1,loss
0.9648799896240234,1,loss
0.4858970642089844,1,loss
0.4897117614746094,1,loss
1.213788986206055,1,loss
0.7014274597167969,1,loss
0.911235809326172,1,loss
0.9441375732421876,1,loss
0.5311965942382812,1,loss
1.4061927795410156,1,loss
0.6256103515625,1,loss
206.15363121032715,1,loss
0.5409717559814453,1,loss
0.6914138793945312,1,loss
0.9698867797851562,1,loss
0.4036426544189453,1,loss
0.3881454467773437,1,loss
0.7040500640869141,1,loss
0.6320476531982422,1,loss
0.64849853515625,1,loss
0.4696846008300781,1,loss
0.4584789276123047,1,loss
0.6494522094726562,1,loss
0.6334781646728516,1,loss
217.6201343536377,1,loss
0.7967948913574219,1,loss
3.5648345947265625,1,loss
0.77056884765625,1,loss
0.5748271942138672,1,loss
0.5815029144287109,1,loss
0.4568099975585937,1,loss
0.5123615264892578,1,loss
0.6060600280761719,1,loss
0.4632472991943359,1,loss
0.4956722259521484,1,loss
1.5645027160644531,1,loss
1.129865646362305,1,loss
1.1129379272460938,1,loss
0.6308555603027344,1,loss
0.5054473876953125,1,loss
0.5898475646972656,1,loss
0.4069805145263672,1,loss
0.4770755767822265,1,loss
0.6158351898193359,1,loss
4.430055618286133,1,loss
1.176595687866211,1,loss
0.5915164947509766,1,loss
0.6144046783447266,1,loss
0.5693435668945312,1,loss
0.8242130279541016,1,loss
1.0008811950683594,1,loss
0.5877017974853516,1,loss
0.8955001831054688,1,loss
0.8733272552490234,1,loss
0.6520748138427734,1,loss
0.8063316345214844,1,loss
1.0595321655273438,1,loss
0.4963874816894531,1,loss
0.6330013275146484,1,loss
0.7121562957763672,1,loss
0.8862018585205078,1,loss
1.3401508331298828,1,loss
1.026153564453125,1,loss
0.7786750793457031,1,loss
0.6091594696044922,1,loss
0.4208087921142578,1,loss
0.5321502685546875,1,loss
0.6091594696044922,1,loss
1.4719963073730469,1,loss
1.2083053588867188,1,loss
0.4506111145019531,1,loss
0.4591941833496094,1,loss
0.7755756378173828,1,loss
0.9393692016601562,1,loss
2.194643020629883,1,loss
0.9891986846923828,1,loss
0.6220340728759766,1,loss
0.9825229644775392,1,loss
0.560760498046875,1,loss
3.111600875854492,1,loss
0.7174015045166016,1,loss
0.5021095275878906,1,loss
1.0347366333007812,1,loss
0.4420280456542969,1,loss
0.7584095001220703,1,loss
0.8151531219482422,1,loss
1.380205154418945,1,loss
2.273082733154297,1,loss
1.734018325805664,1,loss
0.5440711975097656,1,loss
0.5881786346435547,1,loss
0.5805492401123047,1,loss
2.022981643676758,1,loss
0.7321834564208984,1,loss
0.5462169647216797,1,loss
0.7030963897705078,1,loss
0.4918575286865234,1,loss
0.701904296875,1,loss
1.9044876098632808,1,loss
2.327919006347656,1,loss
0.7617473602294922,1,loss
1.814126968383789,1,loss
0.5540847778320312,1,loss
2.3996829986572266,1,loss
2.5632381439208984,1,loss
1.5010833740234375,1,loss
1.5406608581542969,1,loss
1.4748573303222656,1,loss
0.5068778991699219,1,loss
0.4618167877197265,1,loss
4.918098449707031,1,loss
0.6363391876220703,1,loss
0.4596710205078125,1,loss
0.9186267852783204,1,loss
209.59806442260745,1,loss
0.5023479461669922,1,loss
0.5183219909667969,1,loss
0.8618831634521484,1,loss
1.3697147369384766,1,loss
0.728607177734375,1,loss
0.5078315734863281,1,loss
0.9553432464599608,1,loss
1.30462646484375,1,loss
1.4348030090332031,1,loss
0.6806850433349609,1,loss
1.192331314086914,1,loss
0.8471012115478516,1,loss
0.5631446838378906,1,loss
0.6716251373291016,1,loss
0.4174709320068359,1,loss
0.3802776336669922,1,loss
0.4045963287353515,1,loss
0.6651878356933594,1,loss
0.972270965576172,1,loss
0.9050369262695312,1,loss
0.4799365997314453,1,loss
0.55694580078125,1,loss
0.6203651428222656,1,loss
0.6668567657470703,1,loss
0.5311965942382812,1,loss
0.6871223449707031,1,loss
0.4727840423583984,1,loss
0.6680488586425781,1,loss
0.5862712860107422,1,loss
1.1255741119384766,1,loss
0.5578994750976562,1,loss
0.6339550018310547,1,loss
1.972675323486328,1,loss
1.687765121459961,1,loss
0.5178451538085938,1,loss
0.5578994750976562,1,loss
0.6835460662841797,1,loss
0.6823539733886719,1,loss
0.5807876586914062,1,loss
0.5154609680175781,1,loss
0.6334781646728516,1,loss
0.6089210510253906,1,loss
0.5829334259033203,1,loss
2.6938915252685547,1,loss
0.7815361022949219,1,loss
0.471353530883789,1,loss
0.9980201721191406,1,loss
0.5228519439697266,1,loss
0.4880428314208984,1,loss
0.6134510040283203,1,loss
0.5280971527099609,1,loss
1.0898113250732422,1,loss
1.2371540069580078,1,loss
0.4045963287353515,1,loss
0.4243850708007812,1,loss
0.5943775177001953,1,loss
0.5769729614257812,1,loss
0.6437301635742188,1,loss
0.4477500915527344,1,loss
0.6763935089111328,1,loss
1.1763572692871094,1,loss
0.8387565612792969,1,loss
1.283884048461914,1,loss
0.4954338073730469,1,loss
1.978158950805664,1,loss
0.5383491516113281,1,loss
0.6566047668457031,1,loss
0.751495361328125,1,loss
0.6046295166015625,1,loss
1.3513565063476562,1,loss
0.6031990051269531,1,loss
0.5977153778076172,1,loss
0.644683837890625,1,loss
0.5316734313964844,1,loss
0.55694580078125,1,loss
0.9167194366455078,1,loss
0.5559921264648438,1,loss
0.7886886596679688,1,loss
1.329183578491211,1,loss
0.7159709930419922,1,loss
0.9429454803466796,1,loss
0.5993843078613281,1,loss
0.4947185516357422,1,loss
0.3981590270996094,1,loss
0.7498264312744141,1,loss
1.145124435424805,1,loss
0.6809234619140625,1,loss
0.6797313690185547,1,loss
0.7803440093994141,1,loss
0.690460205078125,1,loss
0.6313323974609375,1,loss
0.5354881286621094,1,loss
0.8976459503173828,1,loss
0.8504390716552734,1,loss
0.4739761352539062,1,loss
0.4782676696777344,1,loss
0.7421970367431641,1,loss
0.6361007690429688,1,loss
0.6563663482666016,1,loss
0.4601478576660156,1,loss
0.4770755767822265,1,loss
0.5521774291992188,1,loss
3.3452510833740234,1,loss
0.9005069732666016,1,loss
0.5333423614501953,1,loss
0.7016658782958984,1,loss
0.4718303680419922,1,loss
0.6990432739257812,1,loss
0.4951953887939453,1,loss
0.4730224609375,1,loss
0.4417896270751953,1,loss
0.5996227264404297,1,loss
1.0862350463867188,1,loss
0.4842281341552734,1,loss
0.9670257568359376,1,loss
2.2537708282470703,1,loss
0.5216598510742188,1,loss
0.8561611175537109,1,loss
1.247406005859375,1,loss
0.6077289581298828,1,loss
0.7054805755615234,1,loss
0.5173683166503906,1,loss
0.4816055297851562,1,loss
0.4270076751708984,1,loss
0.7750988006591797,1,loss
0.8399486541748047,1,loss
0.5681514739990234,1,loss
0.9791851043701172,1,loss
1.807212829589844,1,loss
0.9605884552001952,1,loss
0.5359649658203125,1,loss
1.3124942779541016,1,loss
0.9853839874267578,1,loss
1.6353130340576172,1,loss
0.8919239044189453,1,loss
0.6985664367675781,1,loss
0.7729530334472656,1,loss
1.2636184692382812,1,loss
1.3628005981445312,1,loss
0.6995201110839844,1,loss
0.957012176513672,1,loss
0.6811618804931641,1,loss
1.189470291137695,1,loss
0.9772777557373048,1,loss
1.2905597686767578,1,loss
0.6823539733886719,1,loss
0.3914833068847656,1,loss
0.476837158203125,1,loss
0.5784034729003906,1,loss
0.6265640258789062,1,loss
0.4601478576660156,1,loss
0.6160736083984375,1,loss
0.8907318115234375,1,loss
0.9236335754394532,1,loss
0.5650520324707031,1,loss
0.6275177001953125,1,loss
0.58746337890625,1,loss
0.6136894226074219,1,loss
0.4210472106933594,1,loss
0.7083415985107422,1,loss
0.4110336303710937,1,loss
0.8213520050048828,1,loss
1.1179447174072266,1,loss
0.4830360412597656,1,loss
0.5290508270263672,1,loss
0.6780624389648438,1,loss
0.4718303680419922,1,loss
0.4913806915283203,1,loss
0.4887580871582031,1,loss
0.6456375122070312,1,loss
0.3814697265625,1,loss
1.1036396026611328,1,loss
0.54168701171875,1,loss
0.6358623504638672,1,loss
0.6489753723144531,1,loss
0.8635520935058594,1,loss
1.369476318359375,1,loss
0.461578369140625,1,loss
0.5991458892822266,1,loss
0.469207763671875,1,loss
1.091718673706055,1,loss
0.5638599395751953,1,loss
0.6349086761474609,1,loss
0.8530616760253906,1,loss
0.9415149688720704,1,loss
0.6237030029296875,1,loss
0.4642009735107422,1,loss
0.4727840423583984,1,loss
214.02788162231445,1,loss
1.258134841918945,1,loss
0.4699230194091797,1,loss
0.6487369537353516,1,loss
1.0609626770019531,1,loss
0.5605220794677734,1,loss
0.8299350738525391,1,loss
0.7233619689941406,1,loss
0.7557868957519531,1,loss
0.5357265472412109,1,loss
0.6725788116455078,1,loss
0.4940032958984375,1,loss
0.5757808685302734,1,loss
0.4191398620605469,1,loss
2.894163131713867,1,loss
0.4670619964599609,1,loss
0.8428096771240234,1,loss
1.0881423950195312,1,loss
1.0995864868164062,1,loss
0.4580020904541015,1,loss
0.7143020629882812,1,loss
1.053571701049805,1,loss
0.3945827484130859,1,loss
0.4620552062988281,1,loss
0.5655288696289062,1,loss
0.4069805145263672,1,loss
0.6310939788818359,1,loss
0.5769729614257812,1,loss
0.61798095703125,1,loss
0.5784034729003906,1,loss
0.6539821624755859,1,loss
0.3974437713623047,1,loss
0.6108283996582031,1,loss
0.5309581756591797,1,loss
0.9047985076904296,1,loss
0.5164146423339844,1,loss
0.6351470947265625,1,loss
0.6058216094970703,1,loss
0.6442070007324219,1,loss
0.7975101470947266,1,loss
1.4765262603759766,1,loss
0.4785060882568359,1,loss
0.6234645843505859,1,loss
0.9260177612304688,1,loss
0.6697177886962891,1,loss
0.4656314849853515,1,loss
0.5278587341308594,1,loss
0.7047653198242188,1,loss
2.038717269897461,1,loss
0.591278076171875,1,loss
0.5540847778320312,1,loss
0.5061626434326172,1,loss
1.219987869262695,1,loss
0.6058216094970703,1,loss
0.6747245788574219,1,loss
0.4279613494873047,1,loss
0.6289482116699219,1,loss
0.4737377166748047,1,loss
0.6346702575683594,1,loss
0.5066394805908203,1,loss
0.6196498870849609,1,loss
0.4498958587646484,1,loss
1.0271072387695312,1,loss
1.1241436004638672,1,loss
0.5679130554199219,1,loss
0.6031990051269531,1,loss
0.6380081176757812,1,loss
1.0313987731933594,1,loss
0.400543212890625,1,loss
0.5788803100585938,1,loss
225.15130043029785,1,loss
0.4906654357910156,1,loss
0.3769397735595703,1,loss
0.5095005035400391,1,loss
0.6275177001953125,1,loss
0.5099773406982422,1,loss
0.5574226379394531,1,loss
0.7762908935546875,1,loss
1.190185546875,1,loss
0.7154941558837891,1,loss
0.5900859832763672,1,loss
0.457763671875,1,loss
0.9582042694091796,1,loss
0.5533695220947266,1,loss
0.4487037658691406,1,loss
0.5047321319580078,1,loss
0.6873607635498047,1,loss
0.5247592926025391,1,loss
0.5753040313720703,1,loss
0.5388259887695312,1,loss
217.6527976989746,1,loss
0.7641315460205078,1,loss
0.4372596740722656,1,loss
1.8281936645507808,1,loss
1.453399658203125,1,loss
1.2831687927246094,1,loss
0.7648468017578125,1,loss
0.5502700805664062,1,loss
0.5660057067871094,1,loss
0.5810260772705078,1,loss
0.6353855133056641,1,loss
0.3709793090820312,1,loss
0.4227161407470703,1,loss
0.5984306335449219,1,loss
1.768350601196289,1,loss
2.087831497192383,1,loss
0.6196498870849609,1,loss
0.9539127349853516,1,loss
0.7662773132324219,1,loss
0.7073879241943359,1,loss
2.1164417266845703,1,loss
0.6592273712158203,1,loss
1.1718273162841797,1,loss
0.7169246673583984,1,loss
0.4765987396240234,1,loss
0.6268024444580078,1,loss
2.805948257446289,1,loss
0.4851818084716797,1,loss
1.0499954223632812,1,loss
0.4413127899169922,1,loss
0.4198551177978515,1,loss
0.6113052368164062,1,loss
0.5242824554443359,1,loss
0.6690025329589844,1,loss
0.7665157318115234,1,loss
0.6315708160400391,1,loss
0.5588531494140625,1,loss
0.7805824279785156,1,loss
