2026-06-02 11:05:43,209.4881534576416,0,anomaly
2026-06-02 11:05:43,218.83368492126465,0,anomaly
2026-06-02 11:05:43,213.23442459106445,0,anomaly
2026-06-02 11:05:44,213.34004402160645,0,anomaly
2026-06-02 11:05:44,318.64476203918457,0,anomaly
2026-06-02 11:05:44,210.95013618469238,0,anomaly
2026-06-02 11:05:45,216.5825366973877,0,anomaly
2026-06-02 11:05:45,529.5760631561279,0,anomaly
2026-06-02 11:05:46,208.43863487243652,0,anomaly
2026-06-02 11:05:46,218.7042236328125,0,anomaly
2026-06-02 11:05:46,209.1383934020996,0,anomaly
2026-06-02 11:05:47,218.9042568206787,0,anomaly
2026-06-02 11:05:47,209.41162109375,0,anomaly
2026-06-02 11:05:47,217.84257888793945,0,anomaly
2026-06-02 11:05:48,210.47496795654297,0,anomaly
2026-06-02 11:05:48,217.12255477905273,0,anomaly
2026-06-02 11:05:48,209.45239067077637,0,anomaly
2026-06-02 11:05:48,218.64795684814453,0,anomaly
2026-06-02 11:05:49,209.05780792236328,0,anomaly
2026-06-02 11:05:49,201.1871337890625,0,anomaly
2026-06-02 11:05:49,200.95443725585938,0,anomaly
2026-06-02 11:05:50,319.18931007385254,0,anomaly
2026-06-02 11:05:50,242.54536628723145,0,anomaly
2026-06-02 11:05:50,209.67364311218262,0,anomaly
2026-06-02 11:05:51,218.42598915100098,0,anomaly
2026-06-02 11:05:51,210.0825309753418,0,anomaly
2026-06-02 11:05:51,217.07773208618164,0,anomaly
2026-06-02 11:05:52,209.99789237976074,0,anomaly
2026-06-02 11:05:52,217.4849510192871,0,anomaly
2026-06-02 11:05:52,200.8492946624756,0,anomaly
2026-06-02 11:05:53,280.52592277526855,0,anomaly
2026-06-02 11:05:53,265.00439643859863,0,anomaly
2026-06-02 11:05:53,210.60943603515625,0,anomaly
2026-06-02 11:05:54,946.5236663818359,0,anomaly
2026-06-02 11:05:55,218.68395805358887,0,anomaly
2026-06-02 11:05:55,210.0086212158203,0,anomaly
2026-06-02 11:05:55,216.27092361450195,0,anomaly
2026-06-02 11:05:56,210.45756340026855,0,anomaly
2026-06-02 11:05:56,216.0513401031494,0,anomaly
2026-06-02 11:05:56,209.82956886291504,0,anomaly
2026-06-02 11:05:57,215.89922904968262,0,anomaly
2026-06-02 11:05:57,209.0280055999756,0,anomaly
2026-06-02 11:05:57,218.69540214538574,0,anomaly
2026-06-02 11:05:58,209.30218696594238,0,anomaly
2026-06-02 11:05:58,218.33157539367676,0,anomaly
2026-06-02 11:05:58,208.59694480895996,0,anomaly
2026-06-02 11:05:59,218.15204620361328,0,anomaly
2026-06-02 11:05:59,319.91004943847656,0,anomaly
2026-06-02 11:05:59,208.73665809631348,0,anomaly
2026-06-02 11:06:00,219.18606758117676,0,anomaly
2026-06-02 11:06:00,209.30147171020508,0,anomaly
2026-06-02 11:06:00,218.95909309387207,0,anomaly
2026-06-02 11:06:01,207.0486545562744,0,anomaly
2026-06-02 11:06:01,216.24088287353516,0,anomaly
2026-06-02 11:06:01,209.41710472106934,0,anomaly
2026-06-02 11:06:01,218.5506820678711,0,anomaly
2026-06-02 11:06:02,207.79943466186523,0,anomaly
2026-06-02 11:06:02,219.02871131896973,0,anomaly
2026-06-02 11:06:02,209.46455001831055,0,anomaly
2026-06-02 11:06:03,217.73982048034668,0,anomaly
2026-06-02 11:06:03,210.07609367370605,0,anomaly
2026-06-02 11:06:03,217.40460395812988,0,anomaly
2026-06-02 11:06:04,212.2786045074463,0,anomaly
2026-06-02 11:06:04,215.0735855102539,0,anomaly
2026-06-02 11:06:04,209.92398262023926,0,anomaly
2026-06-02 11:06:05,217.18168258666992,0,anomaly
2026-06-02 11:06:05,210.4353904724121,0,anomaly
2026-06-02 11:06:05,217.51165390014648,0,anomaly
2026-06-02 11:06:06,208.64152908325195,0,anomaly
2026-06-02 11:06:06,218.53089332580566,0,anomaly
2026-06-02 11:06:06,208.84275436401367,0,anomaly
2026-06-02 11:06:06,221.4365005493164,0,anomaly
2026-06-02 11:06:07,207.07249641418457,0,anomaly
2026-06-02 11:06:07,217.0236110687256,0,anomaly
2026-06-02 11:06:07,212.0685577392578,0,anomaly
2026-06-02 11:06:08,215.9876823425293,0,anomaly
2026-06-02 11:06:08,208.84013175964355,0,anomaly
2026-06-02 11:06:08,217.5583839416504,0,anomaly
2026-06-02 11:06:09,210.11638641357422,0,anomaly
2026-06-02 11:06:09,216.90964698791504,0,anomaly
2026-06-02 11:06:09,209.64908599853516,0,anomaly
2026-06-02 11:06:10,217.66090393066406,0,anomaly
2026-06-02 11:06:10,209.67340469360352,0,anomaly
2026-06-02 11:06:10,201.60794258117676,0,anomaly
2026-06-02 11:06:11,410.642147064209,0,anomaly
2026-06-02 11:06:11,242.88606643676758,0,anomaly
2026-06-02 11:06:11,208.31871032714844,0,anomaly
2026-06-02 11:06:12,218.38855743408203,0,anomaly
2026-06-02 11:06:12,207.9944610595703,0,anomaly
2026-06-02 11:06:12,219.45643424987793,0,anomaly
2026-06-02 11:06:13,209.04278755187988,0,anomaly
2026-06-02 11:06:13,216.8259620666504,0,anomaly
2026-06-02 11:06:13,210.2069854736328,0,anomaly
2026-06-02 11:06:14,217.8206443786621,0,anomaly
2026-06-02 11:06:14,200.7594108581543,0,anomaly
2026-06-02 11:06:14,273.00238609313965,0,anomaly
2026-06-02 11:06:15,272.841215133667,0,anomaly
2026-06-02 11:06:15,207.81493186950684,0,anomaly
2026-06-02 11:06:15,219.1751003265381,0,anomaly
2026-06-02 11:06:16,208.94193649291992,0,anomaly
2026-06-02 11:06:16,217.7896499633789,0,anomaly
2026-06-02 11:06:16,208.62817764282227,0,anomaly
2026-06-02 11:06:17,217.24176406860352,0,anomaly
2026-06-02 11:06:17,210.0660800933838,0,anomaly
2026-06-02 11:06:17,217.5576686859131,0,anomaly
2026-06-02 11:06:17,210.737943649292,0,anomaly
2026-06-02 11:06:18,201.01428031921387,0,anomaly
2026-06-02 11:06:18,410.31503677368164,0,anomaly
2026-06-02 11:06:19,241.29462242126465,0,anomaly
2026-06-02 11:06:19,209.4886302947998,0,anomaly
2026-06-02 11:06:19,218.40357780456543,0,anomaly
2026-06-02 11:06:20,209.40852165222168,0,anomaly
2026-06-02 11:06:20,217.6961898803711,0,anomaly
2026-06-02 11:06:20,208.16779136657715,0,anomaly
2026-06-02 11:06:21,200.78349113464355,0,anomaly
2026-06-02 11:06:21,411.94772720336914,0,anomaly
2026-06-02 11:06:21,243.14594268798828,0,anomaly
2026-06-02 11:06:22,209.11145210266113,0,anomaly
2026-06-02 11:06:22,218.2941436767578,0,anomaly
2026-06-02 11:06:22,208.5263729095459,0,anomaly
2026-06-02 11:06:23,474.6122360229492,0,anomaly
2026-06-02 11:06:23,219.4690704345703,0,anomaly
2026-06-02 11:06:24,314.04662132263184,0,anomaly
2026-06-02 11:06:24,208.7240219116211,0,anomaly
2026-06-02 11:06:24,276.38769149780273,0,anomaly
2026-06-02 11:06:25,208.37855339050293,0,anomaly
2026-06-02 11:06:25,219.50888633728027,0,anomaly
2026-06-02 11:06:25,207.9641819000244,0,anomaly
2026-06-02 11:06:26,218.75786781311035,0,anomaly
2026-06-02 11:06:26,209.56897735595703,0,anomaly
2026-06-02 11:06:26,216.6891098022461,0,anomaly
2026-06-02 11:06:27,209.22541618347168,0,anomaly
2026-06-02 11:06:27,218.6288833618164,0,anomaly
2026-06-02 11:06:27,201.04408264160156,0,anomaly
2026-06-02 11:06:28,272.6774215698242,0,anomaly
2026-06-02 11:06:28,272.11761474609375,0,anomaly
2026-06-02 11:06:29,947.5710391998291,0,anomaly
2026-06-02 11:06:29,210.23058891296387,0,anomaly
2026-06-02 11:06:30,217.72050857543945,0,anomaly
2026-06-02 11:06:30,208.7259292602539,0,anomaly
2026-06-02 11:06:30,219.27618980407715,0,anomaly
2026-06-02 11:06:30,208.24575424194336,0,anomaly
2026-06-02 11:06:31,217.92984008789062,0,anomaly
2026-06-02 11:06:31,209.21659469604492,0,anomaly
2026-06-02 11:06:31,218.33133697509766,0,anomaly
2026-06-02 11:06:32,208.9395523071289,0,anomaly
2026-06-02 11:06:32,217.55599975585938,0,anomaly
2026-06-02 11:06:32,210.53695678710938,0,anomaly
2026-06-02 11:06:33,216.8104648590088,0,anomaly
2026-06-02 11:06:33,210.01601219177246,0,anomaly
2026-06-02 11:06:34,846.0888862609863,0,anomaly
2026-06-02 11:06:34,209.81287956237793,0,anomaly
2026-06-02 11:06:35,219.09642219543457,0,anomaly
2026-06-02 11:06:35,211.4884853363037,0,anomaly
2026-06-02 11:06:35,215.02161026000977,0,anomaly
2026-06-02 11:06:36,208.56499671936035,0,anomaly
2026-06-02 11:06:36,218.552827835083,0,anomaly
2026-06-02 11:06:36,209.37395095825195,0,anomaly
2026-06-02 11:06:36,217.49424934387207,0,anomaly
2026-06-02 11:06:37,208.94193649291992,0,anomaly
2026-06-02 11:06:37,528.7013053894043,0,anomaly
2026-06-02 11:06:38,217.17476844787598,0,anomaly
2026-06-02 11:06:38,209.40685272216797,0,anomaly
2026-06-02 11:06:38,218.6298370361328,0,anomaly
2026-06-02 11:06:39,208.70089530944824,0,anomaly
2026-06-02 11:06:39,218.2638645172119,0,anomaly
2026-06-02 11:06:39,208.86731147766113,0,anomaly
2026-06-02 11:06:40,217.96870231628418,0,anomaly
2026-06-02 11:06:40,210.4332447052002,0,anomaly
2026-06-02 11:06:40,218.16682815551758,0,anomaly
2026-06-02 11:06:41,207.9453468322754,0,anomaly
2026-06-02 11:06:41,218.27340126037598,0,anomaly
2026-06-02 11:06:41,209.25307273864746,0,anomaly
2026-06-02 11:06:42,218.1835174560547,0,anomaly
2026-06-02 11:06:42,209.89441871643066,0,anomaly
2026-06-02 11:06:42,217.97609329223633,0,anomaly
2026-06-02 11:06:42,208.67514610290527,0,anomaly
2026-06-02 11:06:43,218.34731101989746,0,anomaly
2026-06-02 11:06:43,209.4571590423584,0,anomaly
2026-06-02 11:06:43,218.88089179992676,0,anomaly
2026-06-02 11:06:44,208.70471000671387,0,anomaly
2026-06-02 11:06:44,219.58136558532715,0,anomaly
2026-06-02 11:06:44,208.88781547546387,0,anomaly
2026-06-02 11:06:45,218.0018424987793,0,anomaly
2026-06-02 11:06:45,208.50133895874023,0,anomaly
2026-06-02 11:06:45,218.48511695861816,0,anomaly
2026-06-02 11:06:46,209.2568874359131,0,anomaly
2026-06-02 11:06:46,218.2009220123291,0,anomaly
2026-06-02 11:06:46,209.580659866333,0,anomaly
2026-06-02 11:06:47,217.55623817443848,0,anomaly
2026-06-02 11:06:47,359.87043380737305,0,anomaly
2026-06-02 11:06:47,276.63135528564453,0,anomaly
2026-06-02 11:06:48,210.21771430969238,0,anomaly
2026-06-02 11:06:48,216.73202514648438,0,anomaly
2026-06-02 11:06:48,209.4595432281494,0,anomaly
2026-06-02 11:06:49,218.41692924499512,0,anomaly
2026-06-02 11:06:49,208.3737850189209,0,anomaly
2026-06-02 11:06:49,218.51444244384766,0,anomaly
2026-06-02 11:06:50,528.66530418396,0,anomaly
2026-06-02 11:06:50,209.36179161071777,0,anomaly
2026-06-02 11:06:51,217.54837036132812,0,anomaly
2026-06-02 11:06:51,208.9555263519287,0,anomaly
2026-06-02 11:06:52,947.6447105407715,0,anomaly
2026-06-02 11:06:52,201.3566493988037,0,anomaly
2026-06-02 11:06:53,411.541223526001,0,anomaly
2026-06-02 11:06:53,242.07234382629395,0,anomaly
2026-06-02 11:06:54,529.0439128875732,0,anomaly
2026-06-02 11:06:54,208.61005783081055,0,anomaly
2026-06-02 11:06:54,218.31464767456055,0,anomaly
2026-06-02 11:06:55,208.6942195892334,0,anomaly
2026-06-02 11:06:56,948.333740234375,0,anomaly
2026-06-02 11:06:56,217.61631965637207,0,anomaly
2026-06-02 11:06:56,209.43355560302734,0,anomaly
2026-06-02 11:06:57,218.50228309631348,0,anomaly
2026-06-02 11:06:57,201.04742050170898,0,anomaly
2026-06-02 11:06:57,273.3907699584961,0,anomaly
2026-06-02 11:06:58,271.3947296142578,0,anomaly
2026-06-02 11:06:58,209.0284824371338,0,anomaly
2026-06-02 11:06:58,218.30034255981445,0,anomaly
2026-06-02 11:06:59,947.6096630096436,0,anomaly
2026-06-02 11:07:00,210.33215522766113,0,anomaly
2026-06-02 11:07:00,217.11111068725586,0,anomaly
2026-06-02 11:07:00,208.78076553344727,0,anomaly
2026-06-02 11:07:01,218.2791233062744,0,anomaly
2026-06-02 11:07:01,209.17367935180664,0,anomaly
2026-06-02 11:07:01,217.66138076782227,0,anomaly
2026-06-02 11:07:02,209.34653282165527,0,anomaly
2026-06-02 11:07:02,218.56927871704102,0,anomaly
2026-06-02 11:07:02,208.59503746032715,0,anomaly
2026-06-02 11:07:02,218.6410427093506,0,anomaly
2026-06-02 11:07:03,207.8561782836914,0,anomaly
2026-06-02 11:07:03,219.21706199645996,0,anomaly
2026-06-02 11:07:03,209.05661582946777,0,anomaly
2026-06-02 11:07:04,218.53947639465332,0,anomaly
2026-06-02 11:07:04,209.8402976989746,0,anomaly
2026-06-02 11:07:05,846.2698459625244,0,anomaly
2026-06-02 11:07:05,209.6395492553711,0,anomaly
2026-06-02 11:07:06,217.92197227478027,0,anomaly
2026-06-02 11:07:06,209.7322940826416,0,anomaly
2026-06-02 11:07:06,218.0938720703125,0,anomaly
2026-06-02 11:07:07,209.20467376708984,0,anomaly
2026-06-02 11:07:07,218.4741497039795,0,anomaly
2026-06-02 11:07:07,207.92055130004883,0,anomaly
2026-06-02 11:07:08,218.96696090698242,0,anomaly
2026-06-02 11:07:08,208.92906188964844,0,anomaly
2026-06-02 11:07:08,217.78225898742676,0,anomaly
2026-06-02 11:07:08,208.73761177062988,0,anomaly
2026-06-02 11:07:09,219.0868854522705,0,anomaly
2026-06-02 11:07:09,208.5123062133789,0,anomaly
2026-06-02 11:07:09,218.54066848754883,0,anomaly
2026-06-02 11:07:10,208.7540626525879,0,anomaly
2026-06-02 11:07:10,212.33892440795898,0,anomaly
2026-06-02 11:07:10,209.53035354614258,0,anomaly
2026-06-02 11:07:11,218.56427192687988,0,anomaly
2026-06-02 11:07:11,208.67466926574707,0,anomaly
2026-06-02 11:07:11,218.46437454223633,0,anomaly
2026-06-02 11:07:12,208.96458625793457,0,anomaly
2026-06-02 11:07:12,218.12105178833008,0,anomaly
2026-06-02 11:07:12,210.04486083984375,0,anomaly
2026-06-02 11:07:13,217.14234352111816,0,anomaly
2026-06-02 11:07:13,210.0536823272705,0,anomaly
2026-06-02 11:07:13,218.5070514678955,0,anomaly
2026-06-02 11:07:13,209.28692817687988,0,anomaly
2026-06-02 11:07:14,217.5424098968506,0,anomaly
2026-06-02 11:07:14,210.4167938232422,0,anomaly
2026-06-02 11:07:15,847.0232486724854,0,anomaly
2026-06-02 11:07:15,208.32276344299316,0,anomaly
2026-06-02 11:07:16,218.58501434326172,0,anomaly
2026-06-02 11:07:16,209.6409797668457,0,anomaly
2026-06-02 11:07:16,217.04626083374023,0,anomaly
2026-06-02 11:07:17,209.54489707946777,0,anomaly
2026-06-02 11:07:17,217.06342697143555,0,anomaly
2026-06-02 11:07:17,210.3264331817627,0,anomaly
2026-06-02 11:07:18,217.3483371734619,0,anomaly
2026-06-02 11:07:18,209.03587341308594,0,anomaly
2026-06-02 11:07:18,218.60527992248535,0,anomaly
2026-06-02 11:07:19,208.8613510131836,0,anomaly
2026-06-02 11:07:19,217.23151206970215,0,anomaly
2026-06-02 11:07:19,210.3874683380127,0,anomaly
2026-06-02 11:07:19,216.85075759887695,0,anomaly
2026-06-02 11:07:20,209.27190780639648,0,anomaly
2026-06-02 11:07:20,219.69056129455566,0,anomaly
2026-06-02 11:07:20,209.40017700195312,0,anomaly
2026-06-02 11:07:21,217.97418594360352,0,anomaly
2026-06-02 11:07:21,209.04922485351562,0,anomaly
2026-06-02 11:07:21,217.8359031677246,0,anomaly
2026-06-02 11:07:22,210.5545997619629,0,anomaly
2026-06-02 11:07:22,217.17119216918945,0,anomaly
2026-06-02 11:07:22,208.99486541748047,0,anomaly
2026-06-02 11:07:23,847.3660945892334,0,anomaly
2026-06-02 11:07:24,209.24663543701172,0,anomaly
2026-06-02 11:07:24,219.06733512878418,0,anomaly
2026-06-02 11:07:24,209.14125442504883,0,anomaly
2026-06-02 11:07:25,219.44952011108398,0,anomaly
2026-06-02 11:07:25,207.25250244140625,0,anomaly
2026-06-02 11:07:25,218.60146522521973,0,anomaly
2026-06-02 11:07:25,210.4818820953369,0,anomaly
2026-06-02 11:07:26,251.30033493041992,0,anomaly
2026-06-02 11:07:26,311.47313117980957,0,anomaly
2026-06-02 11:07:27,290.01522064208984,0,anomaly
2026-06-02 11:07:27,209.17034149169922,0,anomaly
2026-06-02 11:07:28,946.5177059173584,0,anomaly
2026-06-02 11:07:28,218.53876113891602,0,anomaly
2026-06-02 11:07:29,209.81669425964355,0,anomaly
2026-06-02 11:07:29,251.30558013916016,0,anomaly
2026-06-02 11:07:29,312.73555755615234,0,anomaly
2026-06-02 11:07:30,289.05391693115234,0,anomaly
2026-06-02 11:07:30,209.56683158874512,0,anomaly
2026-06-02 11:07:30,217.78535842895508,0,anomaly
2026-06-02 11:07:31,208.11223983764648,0,anomaly
2026-06-02 11:07:31,218.94288063049316,0,anomaly
2026-06-02 11:07:31,208.9383602142334,0,anomaly
2026-06-02 11:07:32,218.3361053466797,0,anomaly
2026-06-02 11:07:32,208.5270881652832,0,anomaly
2026-06-02 11:07:32,218.54352951049805,0,anomaly
2026-06-02 11:07:33,209.49220657348633,0,anomaly
2026-06-02 11:07:33,217.1623706817627,0,anomaly
2026-06-02 11:07:33,209.6729278564453,0,anomaly
2026-06-02 11:07:34,857.994794845581,0,anomaly
2026-06-02 11:07:34,201.0040283203125,0,anomaly
2026-06-02 11:07:35,216.81547164916992,0,anomaly
2026-06-02 11:07:36,1000.5378723144531,1,anomaly
2026-06-02 11:07:36,265.11359214782715,0,anomaly
2026-06-02 11:07:37,210.61110496520996,0,anomaly
2026-06-02 11:07:37,217.79894828796387,0,anomaly
2026-06-02 11:07:37,209.40923690795898,0,anomaly
2026-06-02 11:07:38,214.7676944732666,0,anomaly
2026-06-02 11:07:38,209.22327041625977,0,anomaly
2026-06-02 11:07:38,218.62411499023438,0,anomaly
2026-06-02 11:07:38,209.09762382507324,0,anomaly
2026-06-02 11:07:39,219.56992149353027,0,anomaly
2026-06-02 11:07:39,206.9692611694336,0,anomaly
2026-06-02 11:07:39,216.55821800231934,0,anomaly
2026-06-02 11:07:40,359.9820137023926,0,anomaly
2026-06-02 11:07:40,275.29382705688477,0,anomaly
2026-06-02 11:07:41,207.63206481933594,0,anomaly
2026-06-02 11:07:41,217.42963790893555,0,anomaly
2026-06-02 11:07:41,208.5742950439453,0,anomaly
2026-06-02 11:07:41,216.3553237915039,0,anomaly
2026-06-02 11:07:42,210.4809284210205,0,anomaly
2026-06-02 11:07:42,214.1745090484619,0,anomaly
2026-06-02 11:07:42,207.27801322937012,0,anomaly
2026-06-02 11:07:43,215.95382690429688,0,anomaly
2026-06-02 11:07:43,208.04905891418457,0,anomaly
2026-06-02 11:07:43,217.54217147827148,0,anomaly
2026-06-02 11:07:44,209.0320587158203,0,anomaly
2026-06-02 11:07:44,216.33386611938477,0,anomaly
2026-06-02 11:07:44,207.96632766723633,0,anomaly
2026-06-02 11:07:45,217.25726127624512,0,anomaly
2026-06-02 11:07:45,207.61513710021973,0,anomaly
2026-06-02 11:07:45,218.1861400604248,0,anomaly
2026-06-02 11:07:46,208.09531211853027,0,anomaly
2026-06-02 11:07:46,216.40324592590332,0,anomaly
2026-06-02 11:07:46,210.5114459991455,0,anomaly
2026-06-02 11:07:47,213.05203437805176,0,anomaly
2026-06-02 11:07:47,207.30161666870117,0,anomaly
2026-06-02 11:07:47,217.43154525756836,0,anomaly
2026-06-02 11:07:47,208.25529098510742,0,anomaly
2026-06-02 11:07:48,217.09156036376953,0,anomaly
2026-06-02 11:07:48,208.20093154907227,0,anomaly
2026-06-02 11:07:48,216.7196273803711,0,anomaly
2026-06-02 11:07:49,207.37051963806152,0,anomaly
2026-06-02 11:07:49,216.66526794433594,0,anomaly
2026-06-02 11:07:49,209.18035507202148,0,anomaly
2026-06-02 11:07:50,215.61074256896973,0,anomaly
2026-06-02 11:07:50,207.3681354522705,0,anomaly
2026-06-02 11:07:50,216.9346809387207,0,anomaly
2026-06-02 11:07:51,207.81826972961426,0,anomaly
2026-06-02 11:07:51,217.3604965209961,0,anomaly
2026-06-02 11:07:51,208.07170867919922,0,anomaly
2026-06-02 11:07:52,217.43059158325195,0,anomaly
2026-06-02 11:07:52,208.41145515441895,0,anomaly
2026-06-02 11:07:53,844.8731899261475,0,anomaly
2026-06-02 11:07:53,249.8948574066162,0,anomaly
2026-06-02 11:07:54,411.6017818450928,0,anomaly
2026-06-02 11:07:54,239.26043510437012,0,anomaly
2026-06-02 11:07:54,201.38025283813477,0,anomaly
2026-06-02 11:07:55,351.3343334197998,0,anomaly
2026-06-02 11:07:55,240.97108840942383,0,anomaly
2026-06-02 11:07:55,207.7186107635498,0,anomaly
2026-06-02 11:07:56,217.31209754943848,0,anomaly
2026-06-02 11:07:56,207.57031440734863,0,anomaly
2026-06-02 11:07:56,217.09322929382324,0,anomaly
2026-06-02 11:07:57,207.98611640930176,0,anomaly
2026-06-02 11:07:57,218.2607650756836,0,anomaly
2026-06-02 11:07:57,206.71486854553223,0,anomaly
2026-06-02 11:07:58,217.47875213623047,0,anomaly
2026-06-02 11:07:58,207.9777717590332,0,anomaly
2026-06-02 11:07:58,217.087984085083,0,anomaly
2026-06-02 11:07:59,208.42385292053223,0,anomaly
2026-06-02 11:07:59,216.32790565490723,0,anomaly
2026-06-02 11:07:59,209.71250534057617,0,anomaly
2026-06-02 11:08:00,216.09783172607422,0,anomaly
2026-06-02 11:08:00,208.54640007019043,0,anomaly
2026-06-02 11:08:00,216.72344207763672,0,anomaly
2026-06-02 11:08:00,208.55021476745605,0,anomaly
2026-06-02 11:08:01,200.81567764282227,0,anomaly
2026-06-02 11:08:01,410.44020652770996,0,anomaly
2026-06-02 11:08:02,240.8895492553711,0,anomaly
2026-06-02 11:08:02,210.59894561767578,0,anomaly
2026-06-02 11:08:02,214.82253074645996,0,anomaly
2026-06-02 11:08:03,526.146411895752,0,anomaly
2026-06-02 11:08:03,208.67538452148438,0,anomaly
2026-06-02 11:08:04,218.40643882751465,0,anomaly
2026-06-02 11:08:04,207.2007656097412,0,anomaly
2026-06-02 11:08:04,217.10896492004395,0,anomaly
2026-06-02 11:08:04,208.71901512145996,0,anomaly
2026-06-02 11:08:05,215.7456874847412,0,anomaly
2026-06-02 11:08:05,208.13226699829102,0,anomaly
2026-06-02 11:08:05,215.99268913269043,0,anomaly
2026-06-02 11:08:06,210.6180191040039,0,anomaly
2026-06-02 11:08:06,214.09869194030762,0,anomaly
2026-06-02 11:08:06,209.6405029296875,0,anomaly
2026-06-02 11:08:07,216.19796752929688,0,anomaly
2026-06-02 11:08:07,207.68237113952637,0,anomaly
2026-06-02 11:08:07,217.35000610351562,0,anomaly
2026-06-02 11:08:08,206.70032501220703,0,anomaly
2026-06-02 11:08:08,217.46015548706055,0,anomaly
2026-06-02 11:08:08,209.22207832336426,0,anomaly
2026-06-02 11:08:09,214.01000022888184,0,anomaly
2026-06-02 11:08:09,210.1755142211914,0,anomaly
2026-06-02 11:08:09,214.3406867980957,0,anomaly
2026-06-02 11:08:09,207.69429206848145,0,anomaly
2026-06-02 11:08:10,217.1158790588379,0,anomaly
2026-06-02 11:08:10,206.6788673400879,0,anomaly
2026-06-02 11:08:10,200.93584060668945,0,anomaly
2026-06-02 11:08:11,221.78936004638672,0,anomaly
2026-06-02 11:08:11,201.36713981628418,0,anomaly
2026-06-02 11:08:11,224.69139099121094,0,anomaly
2026-06-02 11:08:12,214.96319770812988,0,anomaly
2026-06-02 11:08:12,208.4047794342041,0,anomaly
2026-06-02 11:08:12,214.74981307983398,0,anomaly
2026-06-02 11:08:13,209.66792106628418,0,anomaly
2026-06-02 11:08:13,216.60399436950684,0,anomaly
2026-06-02 11:08:13,208.54568481445312,0,anomaly
2026-06-02 11:08:14,217.97943115234375,0,anomaly
2026-06-02 11:08:14,209.17248725891113,0,anomaly
2026-06-02 11:08:14,217.5605297088623,0,anomaly
2026-06-02 11:08:15,213.02199363708496,0,anomaly
2026-06-02 11:08:15,212.93306350708008,0,anomaly
2026-06-02 11:08:16,947.4327564239502,0,anomaly
2026-06-02 11:08:16,209.69367027282715,0,anomaly
2026-06-02 11:08:17,216.86458587646484,0,anomaly
2026-06-02 11:08:17,209.43331718444824,0,anomaly
2026-06-02 11:08:17,217.6215648651123,0,anomaly
2026-06-02 11:08:17,209.46550369262695,0,anomaly
2026-06-02 11:08:18,217.01383590698242,0,anomaly
2026-06-02 11:08:18,528.3734798431396,0,anomaly
2026-06-02 11:08:19,210.65950393676758,0,anomaly
2026-06-02 11:08:19,216.27235412597656,0,anomaly
2026-06-02 11:08:19,266.07537269592285,0,anomaly
2026-06-02 11:08:20,261.7356777191162,0,anomaly
2026-06-02 11:08:20,217.76247024536133,0,anomaly
2026-06-02 11:08:20,208.33468437194824,0,anomaly
2026-06-02 11:08:21,220.06607055664062,0,anomaly
2026-06-02 11:08:21,207.02672004699707,0,anomaly
2026-06-02 11:08:21,217.51880645751953,0,anomaly
2026-06-02 11:08:22,210.2222442626953,0,anomaly
2026-06-02 11:08:22,578.4802436828613,0,anomaly
2026-06-02 11:08:23,207.65066146850586,0,anomaly
2026-06-02 11:08:23,276.50976181030273,0,anomaly
2026-06-02 11:08:23,201.41243934631348,0,anomaly
2026-06-02 11:08:24,259.7329616546631,0,anomaly
2026-06-02 11:08:24,307.6138496398926,0,anomaly
2026-06-02 11:08:24,293.92385482788086,0,anomaly
2026-06-02 11:08:25,208.81366729736328,0,anomaly
2026-06-02 11:08:25,208.90259742736816,0,anomaly
2026-06-02 11:08:25,209.00249481201172,0,anomaly
2026-06-02 11:08:26,217.85306930541992,0,anomaly
2026-06-02 11:08:26,208.70423316955566,0,anomaly
2026-06-02 11:08:26,218.98245811462402,0,anomaly
2026-06-02 11:08:27,208.20260047912598,0,anomaly
2026-06-02 11:08:27,218.68443489074707,0,anomaly
2026-06-02 11:08:27,208.298921585083,0,anomaly
2026-06-02 11:08:28,250.59771537780762,0,anomaly
2026-06-02 11:08:28,359.69996452331543,0,anomaly
2026-06-02 11:08:28,244.69399452209473,0,anomaly
2026-06-02 11:08:29,207.5672149658203,0,anomaly
2026-06-02 11:08:30,947.437047958374,0,anomaly
2026-06-02 11:08:30,218.5971736907959,0,anomaly
2026-06-02 11:08:30,208.7113857269287,0,anomaly
2026-06-02 11:08:31,217.7591323852539,0,anomaly
2026-06-02 11:08:31,208.09340476989746,0,anomaly
2026-06-02 11:08:31,218.46938133239746,0,anomaly
2026-06-02 11:08:32,209.5353603363037,0,anomaly
2026-06-02 11:08:32,215.33465385437012,0,anomaly
2026-06-02 11:08:32,207.83305168151855,0,anomaly
2026-06-02 11:08:33,218.4293270111084,0,anomaly
2026-06-02 11:08:33,209.46502685546875,0,anomaly
2026-06-02 11:08:33,215.9876823425293,0,anomaly
2026-06-02 11:08:34,209.00416374206543,0,anomaly
2026-06-02 11:08:34,216.8445587158203,0,anomaly
2026-06-02 11:08:34,208.95099639892578,0,anomaly
2026-06-02 11:08:35,217.0274257659912,0,anomaly
2026-06-02 11:08:35,213.54150772094727,0,anomaly
2026-06-02 11:08:36,844.3164825439453,0,anomaly
2026-06-02 11:08:36,201.41196250915527,0,anomaly
2026-06-02 11:08:37,306.78629875183105,0,anomaly
2026-06-02 11:08:37,255.7063102722168,0,anomaly
2026-06-02 11:08:37,299.1001605987549,0,anomaly
2026-06-02 11:08:38,208.7874412536621,0,anomaly
2026-06-02 11:08:38,217.14138984680176,0,anomaly
2026-06-02 11:08:38,252.09283828735352,0,anomaly
2026-06-02 11:08:39,385.2875232696533,0,anomaly
2026-06-02 11:08:39,209.56134796142578,0,anomaly
2026-06-02 11:08:39,217.46325492858887,0,anomaly
2026-06-02 11:08:40,208.8010311126709,0,anomaly
2026-06-02 11:08:40,218.5366153717041,0,anomaly
2026-06-02 11:08:40,209.56087112426758,0,anomaly
2026-06-02 11:08:41,217.03839302062988,0,anomaly
2026-06-02 11:08:41,209.28025245666504,0,anomaly
2026-06-02 11:08:41,217.90719032287598,0,anomaly
2026-06-02 11:08:42,528.9750099182129,0,anomaly
2026-06-02 11:08:42,207.46755599975586,0,anomaly
2026-06-02 11:08:43,218.6257839202881,0,anomaly
2026-06-02 11:08:44,945.9965229034424,0,anomaly
2026-06-02 11:08:44,209.0010643005371,0,anomaly
2026-06-02 11:08:44,217.67783164978027,0,anomaly
2026-06-02 11:08:45,208.1775665283203,0,anomaly
2026-06-02 11:08:45,217.2982692718506,0,anomaly
2026-06-02 11:08:45,209.2742919921875,0,anomaly
2026-06-02 11:08:45,216.9342041015625,0,anomaly
2026-06-02 11:08:46,209.1081142425537,0,anomaly
2026-06-02 11:08:46,216.40753746032715,0,anomaly
2026-06-02 11:08:46,209.43713188171387,0,anomaly
2026-06-02 11:08:47,218.3232307434082,0,anomaly
2026-06-02 11:08:47,209.7930908203125,0,anomaly
2026-06-02 11:08:47,215.38877487182617,0,anomaly
2026-06-02 11:08:48,211.35878562927246,0,anomaly
2026-06-02 11:08:48,216.00770950317383,0,anomaly
2026-06-02 11:08:48,208.51826667785645,0,anomaly
2026-06-02 11:08:49,218.38879585266113,0,anomaly
2026-06-02 11:08:49,207.87882804870605,0,anomaly
2026-06-02 11:08:50,848.1366634368896,0,anomaly
2026-06-02 11:08:50,208.85014533996582,0,anomaly
2026-06-02 11:08:50,218.48225593566895,0,anomaly
2026-06-02 11:08:51,209.5935344696045,0,anomaly
2026-06-02 11:08:51,216.2301540374756,0,anomaly
2026-06-02 11:08:51,210.00099182128906,0,anomaly
2026-06-02 11:08:52,216.33410453796387,0,anomaly
2026-06-02 11:08:52,208.97150039672852,0,anomaly
2026-06-02 11:08:52,218.16253662109375,0,anomaly
2026-06-02 11:08:53,208.2970142364502,0,anomaly
2026-06-02 11:08:53,216.51887893676758,0,anomaly
2026-06-02 11:08:53,209.31291580200195,0,anomaly
2026-06-02 11:08:54,218.38021278381348,0,anomaly
2026-06-02 11:08:54,209.03611183166504,0,anomaly
2026-06-02 11:08:54,218.0945873260498,0,anomaly
2026-06-02 11:08:55,209.34391021728516,0,anomaly
2026-06-02 11:08:55,216.7530059814453,0,anomaly
2026-06-02 11:08:55,209.81407165527344,0,anomaly
2026-06-02 11:08:56,217.33593940734863,0,anomaly
2026-06-02 11:08:56,212.9509449005127,0,anomaly
2026-06-02 11:08:56,212.7394676208496,0,anomaly
2026-06-02 11:08:56,209.2118263244629,0,anomaly
2026-06-02 11:08:57,217.1304225921631,0,anomaly
2026-06-02 11:08:57,208.6355686187744,0,anomaly
2026-06-02 11:08:57,218.89162063598633,0,anomaly
2026-06-02 11:08:58,209.5348834991455,0,anomaly
2026-06-02 11:08:58,218.2941436767578,0,anomaly
2026-06-02 11:08:59,836.1077308654785,0,anomaly
2026-06-02 11:08:59,218.7204360961914,0,anomaly
2026-06-02 11:09:00,208.15205574035645,0,anomaly
2026-06-02 11:09:00,217.7441120147705,0,anomaly
2026-06-02 11:09:00,210.03985404968262,0,anomaly
2026-06-02 11:09:01,218.75286102294922,0,anomaly
2026-06-02 11:09:01,207.29994773864746,0,anomaly
2026-06-02 11:09:01,218.3401584625244,0,anomaly
2026-06-02 11:09:01,209.09976959228516,0,anomaly
2026-06-02 11:09:02,218.05739402770996,0,anomaly
2026-06-02 11:09:02,209.2876434326172,0,anomaly
2026-06-02 11:09:02,217.43297576904297,0,anomaly
2026-06-02 11:09:03,207.9489231109619,0,anomaly
2026-06-02 11:09:03,217.8020477294922,0,anomaly
2026-06-02 11:09:03,209.36012268066406,0,anomaly
2026-06-02 11:09:04,217.7891731262207,0,anomaly
2026-06-02 11:09:04,211.7176055908203,0,anomaly
2026-06-02 11:09:04,214.92862701416016,0,anomaly
2026-06-02 11:09:05,210.0663185119629,0,anomaly
2026-06-02 11:09:05,216.91298484802246,0,anomaly
2026-06-02 11:09:05,208.80913734436035,0,anomaly
2026-06-02 11:09:06,218.34993362426758,0,anomaly
2026-06-02 11:09:06,209.68174934387207,0,anomaly
2026-06-02 11:09:06,217.67139434814453,0,anomaly
2026-06-02 11:09:07,207.95440673828125,0,anomaly
2026-06-02 11:09:07,219.53701972961426,0,anomaly
2026-06-02 11:09:07,251.46484375,0,anomaly
2026-06-02 11:09:08,639.1215324401855,0,anomaly
2026-06-02 11:09:08,273.1132507324219,0,anomaly
2026-06-02 11:09:09,210.39915084838867,0,anomaly
2026-06-02 11:09:09,217.1945571899414,0,anomaly
2026-06-02 11:09:09,208.49037170410156,0,anomaly
2026-06-02 11:09:10,218.37115287780762,0,anomaly
2026-06-02 11:09:10,209.5937728881836,0,anomaly
2026-06-02 11:09:11,825.9327411651611,0,anomaly
2026-06-02 11:09:11,229.67100143432617,0,anomaly
2026-06-02 11:09:11,218.19567680358887,0,anomaly
2026-06-02 11:09:12,208.45794677734375,0,anomaly
2026-06-02 11:09:12,217.74768829345703,0,anomaly
2026-06-02 11:09:12,209.54155921936035,0,anomaly
2026-06-02 11:09:13,218.25218200683594,0,anomaly
2026-06-02 11:09:13,209.1662883758545,0,anomaly
2026-06-02 11:09:13,216.9489860534668,0,anomaly
2026-06-02 11:09:14,208.13894271850586,0,anomaly
2026-06-02 11:09:14,217.76843070983887,0,anomaly
2026-06-02 11:09:14,209.9761962890625,0,anomaly
2026-06-02 11:09:15,217.2720432281494,0,anomaly
2026-06-02 11:09:15,209.3830108642578,0,anomaly
2026-06-02 11:09:15,217.28229522705078,0,anomaly
2026-06-02 11:09:16,209.6726894378662,0,anomaly
2026-06-02 11:09:16,218.6276912689209,0,anomaly
2026-06-02 11:09:16,207.963228225708,0,anomaly
2026-06-02 11:09:16,218.5959815979004,0,anomaly
2026-06-02 11:09:17,209.72371101379395,0,anomaly
2026-06-02 11:09:17,217.2107696533203,0,anomaly
2026-06-02 11:09:18,836.575984954834,0,anomaly
2026-06-02 11:09:18,219.23160552978516,0,anomaly
2026-06-02 11:09:19,210.27350425720215,0,anomaly
2026-06-02 11:09:19,216.21465682983398,0,anomaly
2026-06-02 11:09:19,208.84442329406738,0,anomaly
2026-06-02 11:09:20,218.1718349456787,0,anomaly
2026-06-02 11:09:20,207.56864547729492,0,anomaly
2026-06-02 11:09:20,303.9109706878662,0,anomaly
2026-06-02 11:09:21,251.38115882873535,0,anomaly
2026-06-02 11:09:21,279.18004989624023,0,anomaly
2026-06-02 11:09:21,208.04071426391602,0,anomaly
2026-06-02 11:09:22,302.3550510406494,0,anomaly
2026-06-02 11:09:22,212.14747428894043,0,anomaly
2026-06-02 11:09:22,209.02276039123535,0,anomaly
2026-06-02 11:09:23,527.5981426239014,0,anomaly
2026-06-02 11:09:23,217.41175651550293,0,anomaly
2026-06-02 11:09:24,209.76543426513672,0,anomaly
2026-06-02 11:09:24,217.9734706878662,0,anomaly
2026-06-02 11:09:24,319.0767765045166,0,anomaly
2026-06-02 11:09:25,209.05375480651855,0,anomaly
2026-06-02 11:09:25,218.0960178375244,0,anomaly
2026-06-02 11:09:25,211.80438995361328,0,anomaly
2026-06-02 11:09:26,207.11112022399902,0,anomaly
2026-06-02 11:09:26,251.265287399292,0,anomaly
2026-06-02 11:09:27,384.4728469848633,0,anomaly
2026-06-02 11:09:27,211.19236946105957,0,anomaly
2026-06-02 11:09:27,216.26853942871094,0,anomaly
2026-06-02 11:09:28,307.6624870300293,0,anomaly
2026-06-02 11:09:28,209.14435386657715,0,anomaly
2026-06-02 11:09:28,217.1018123626709,0,anomaly
2026-06-02 11:09:29,210.2360725402832,0,anomaly
2026-06-02 11:09:29,217.68641471862793,0,anomaly
2026-06-02 11:09:29,209.66100692749023,0,anomaly
2026-06-02 11:09:29,217.4665927886963,0,anomaly
2026-06-02 11:09:30,209.33961868286133,0,anomaly
2026-06-02 11:09:30,217.2689437866211,0,anomaly
2026-06-02 11:09:30,206.28070831298828,0,anomaly
2026-06-02 11:09:31,215.67559242248535,0,anomaly
2026-06-02 11:09:31,251.2965202331543,0,anomaly
2026-06-02 11:09:32,398.95081520080566,0,anomaly
2026-06-02 11:09:32,293.1957244873047,0,anomaly
2026-06-02 11:09:32,208.61458778381348,0,anomaly
2026-06-02 11:09:33,217.7271842956543,0,anomaly
2026-06-02 11:09:33,209.29551124572754,0,anomaly
2026-06-02 11:09:33,218.3525562286377,0,anomaly
2026-06-02 11:09:34,208.27054977416992,0,anomaly
2026-06-02 11:09:34,217.49472618103027,0,anomaly
2026-06-02 11:09:34,266.6506767272949,0,anomaly
2026-06-02 11:09:35,261.46864891052246,0,anomaly
2026-06-02 11:09:35,528.6142826080322,0,anomaly
2026-06-02 11:09:36,216.22037887573242,0,anomaly
2026-06-02 11:09:36,528.418779373169,0,anomaly
2026-06-02 11:09:37,209.16056632995605,0,anomaly
2026-06-02 11:09:37,217.81182289123535,0,anomaly
2026-06-02 11:09:37,211.15589141845703,0,anomaly
2026-06-02 11:09:37,200.7603645324707,0,anomaly
2026-06-02 11:09:38,412.10174560546875,0,anomaly
2026-06-02 11:09:38,238.43932151794434,0,anomaly
2026-06-02 11:09:39,208.98962020874023,0,anomaly
2026-06-02 11:09:40,946.8355178833008,0,anomaly
2026-06-02 11:09:40,217.93580055236816,0,anomaly
2026-06-02 11:09:40,209.22589302062988,0,anomaly
2026-06-02 11:09:41,217.06581115722656,0,anomaly
2026-06-02 11:09:41,210.1879119873047,0,anomaly
2026-06-02 11:09:41,217.4077033996582,0,anomaly
2026-06-02 11:09:42,206.64668083190918,0,anomaly
2026-06-02 11:09:42,217.87071228027344,0,anomaly
2026-06-02 11:09:42,208.60910415649414,0,anomaly
2026-06-02 11:09:42,216.83192253112793,0,anomaly
2026-06-02 11:09:43,837.9487991333008,0,anomaly
2026-06-02 11:09:44,217.93508529663086,0,anomaly
2026-06-02 11:09:44,209.67864990234375,0,anomaly
2026-06-02 11:09:44,217.51093864440918,0,anomaly
2026-06-02 11:09:45,206.76422119140625,0,anomaly
2026-06-02 11:09:45,218.30201148986816,0,anomaly
2026-06-02 11:09:45,209.69820022583008,0,anomaly
2026-06-02 11:09:46,216.67194366455078,0,anomaly
2026-06-02 11:09:46,208.1286907196045,0,anomaly
2026-06-02 11:09:46,217.90766716003418,0,anomaly
2026-06-02 11:09:47,359.9505424499512,0,anomaly
2026-06-02 11:09:47,275.8955955505371,0,anomaly
2026-06-02 11:09:47,210.0198268890381,0,anomaly
2026-06-02 11:09:48,217.53311157226562,0,anomaly
2026-06-02 11:09:48,210.5412483215332,0,anomaly
2026-06-02 11:09:48,216.39347076416016,0,anomaly
2026-06-02 11:09:49,208.92834663391113,0,anomaly
2026-06-02 11:09:49,216.5987491607666,0,anomaly
2026-06-02 11:09:49,200.97112655639648,0,anomaly
2026-06-02 11:09:50,273.58555793762207,0,anomaly
2026-06-02 11:09:50,271.3484764099121,0,anomaly
2026-06-02 11:09:50,207.65113830566406,0,anomaly
2026-06-02 11:09:51,217.1039581298828,0,anomaly
2026-06-02 11:09:51,209.58471298217773,0,anomaly
2026-06-02 11:09:51,218.73712539672852,0,anomaly
2026-06-02 11:09:52,208.1143856048584,0,anomaly
2026-06-02 11:09:52,218.1386947631836,0,anomaly
2026-06-02 11:09:52,208.4219455718994,0,anomaly
2026-06-02 11:09:53,218.96958351135254,0,anomaly
2026-06-02 11:09:53,208.28509330749512,0,anomaly
2026-06-02 11:09:53,217.52333641052246,0,anomaly
2026-06-02 11:09:54,208.41526985168457,0,anomaly
2026-06-02 11:09:54,207.80706405639648,0,anomaly
2026-06-02 11:09:54,256.242036819458,0,anomaly
2026-06-02 11:09:54,205.10268211364746,0,anomaly
2026-06-02 11:09:55,293.90978813171387,0,anomaly
2026-06-02 11:09:55,201.01380348205566,0,anomaly
2026-06-02 11:09:56,255.19108772277832,0,anomaly
2026-06-02 11:09:56,358.7167263031006,0,anomaly
2026-06-02 11:09:56,247.7426528930664,0,anomaly
2026-06-02 11:09:57,208.45675468444824,0,anomaly
2026-06-02 11:09:57,217.75555610656738,0,anomaly
2026-06-02 11:09:57,209.61642265319824,0,anomaly
2026-06-02 11:09:58,217.65470504760742,0,anomaly
2026-06-02 11:09:58,209.2738151550293,0,anomaly
2026-06-02 11:09:58,216.9516086578369,0,anomaly
2026-06-02 11:09:59,209.27977561950684,0,anomaly
2026-06-02 11:09:59,216.8135643005371,0,anomaly
2026-06-02 11:09:59,209.32316780090332,0,anomaly
2026-06-02 11:09:59,216.19844436645508,0,anomaly
2026-06-02 11:10:00,210.57486534118652,0,anomaly
2026-06-02 11:10:00,216.67194366455078,0,anomaly
2026-06-02 11:10:00,208.38332176208496,0,anomaly
2026-06-02 11:10:01,218.9171314239502,0,anomaly
2026-06-02 11:10:01,207.28754997253418,0,anomaly
2026-06-02 11:10:01,251.0058879852295,0,anomaly
2026-06-02 11:10:02,285.2325439453125,0,anomaly
2026-06-02 11:10:02,256.82520866394043,0,anomaly
2026-06-02 11:10:02,217.86785125732422,0,anomaly
2026-06-02 11:10:03,271.06308937072754,0,anomaly
2026-06-02 11:10:03,207.92388916015625,0,anomaly
2026-06-02 11:10:03,218.23620796203613,0,anomaly
2026-06-02 11:10:04,209.35678482055664,0,anomaly
2026-06-02 11:10:04,216.40872955322266,0,anomaly
2026-06-02 11:10:04,209.059476852417,0,anomaly
2026-06-02 11:10:05,216.53437614440918,0,anomaly
2026-06-02 11:10:05,209.0458869934082,0,anomaly
2026-06-02 11:10:05,217.82517433166504,0,anomaly
2026-06-02 11:10:06,208.65941047668457,0,anomaly
2026-06-02 11:10:06,217.67854690551758,0,anomaly
2026-06-02 11:10:06,209.0592384338379,0,anomaly
2026-06-02 11:10:07,218.26529502868652,0,anomaly
2026-06-02 11:10:07,208.4352970123291,0,anomaly
2026-06-02 11:10:07,218.37615966796875,0,anomaly
2026-06-02 11:10:08,207.7474594116211,0,anomaly
2026-06-02 11:10:08,218.3694839477539,0,anomaly
2026-06-02 11:10:08,208.74714851379395,0,anomaly
2026-06-02 11:10:09,217.13018417358398,0,anomaly
2026-06-02 11:10:09,209.81311798095703,0,anomaly
2026-06-02 11:10:09,217.13972091674805,0,anomaly
2026-06-02 11:10:09,209.53083038330078,0,anomaly
2026-06-02 11:10:10,217.7426815032959,0,anomaly
2026-06-02 11:10:10,527.7688503265381,0,anomaly
2026-06-02 11:10:11,208.69088172912598,0,anomaly
2026-06-02 11:10:11,219.40088272094727,0,anomaly
2026-06-02 11:10:11,207.6704502105713,0,anomaly
2026-06-02 11:10:12,218.36137771606445,0,anomaly
2026-06-02 11:10:12,210.05797386169434,0,anomaly
2026-06-02 11:10:12,217.24891662597656,0,anomaly
2026-06-02 11:10:13,208.76836776733398,0,anomaly
2026-06-02 11:10:13,217.80037879943848,0,anomaly
2026-06-02 11:10:13,208.5721492767334,0,anomaly
2026-06-02 11:10:14,217.8494930267334,0,anomaly
2026-06-02 11:10:14,209.58352088928223,0,anomaly
2026-06-02 11:10:14,217.2567844390869,0,anomaly
2026-06-02 11:10:14,209.15627479553223,0,anomaly
2026-06-02 11:10:15,217.20123291015625,0,anomaly
2026-06-02 11:10:15,208.85276794433594,0,anomaly
2026-06-02 11:10:15,271.7757225036621,0,anomaly
2026-06-02 11:10:16,212.80169486999512,0,anomaly
2026-06-02 11:10:16,260.9438896179199,0,anomaly
2026-06-02 11:10:17,528.1665325164795,0,anomaly
2026-06-02 11:10:17,217.80157089233398,0,anomaly
2026-06-02 11:10:17,211.50851249694824,0,anomaly
2026-06-02 11:10:18,214.45250511169434,0,anomaly
2026-06-02 11:10:18,201.04193687438965,0,anomaly
2026-06-02 11:10:18,226.7618179321289,0,anomaly
2026-06-02 11:10:19,210.09588241577148,0,anomaly
2026-06-02 11:10:19,215.95478057861328,0,anomaly
2026-06-02 11:10:19,208.8921070098877,0,anomaly
2026-06-02 11:10:20,207.67974853515625,0,anomaly
2026-06-02 11:10:20,255.59186935424805,0,anomaly
2026-06-02 11:10:20,228.99413108825684,0,anomaly
2026-06-02 11:10:21,269.9425220489502,0,anomaly
2026-06-02 11:10:21,210.4318141937256,0,anomaly
2026-06-02 11:10:21,218.40906143188477,0,anomaly
2026-06-02 11:10:22,207.94129371643066,0,anomaly
2026-06-02 11:10:22,217.75412559509277,0,anomaly
2026-06-02 11:10:22,208.1778049468994,0,anomaly
2026-06-02 11:10:23,218.4276580810547,0,anomaly
2026-06-02 11:10:23,209.38873291015625,0,anomaly
2026-06-02 11:10:23,216.72511100769043,0,anomaly
2026-06-02 11:10:23,209.53917503356934,0,anomaly
2026-06-02 11:10:24,217.48876571655273,0,anomaly
2026-06-02 11:10:24,208.35566520690918,0,anomaly
2026-06-02 11:10:25,847.7632999420166,0,anomaly
2026-06-02 11:10:25,208.1453800201416,0,anomaly
2026-06-02 11:10:26,217.93198585510254,0,anomaly
2026-06-02 11:10:26,207.55243301391602,0,anomaly
2026-06-02 11:10:26,218.170166015625,0,anomaly
2026-06-02 11:10:27,207.808256149292,0,anomaly
2026-06-02 11:10:27,218.47009658813477,0,anomaly
2026-06-02 11:10:28,838.1204605102539,0,anomaly
2026-06-02 11:10:28,217.55623817443848,0,anomaly
2026-06-02 11:10:29,209.37466621398926,0,anomaly
2026-06-02 11:10:29,217.67783164978027,0,anomaly
2026-06-02 11:10:29,208.27555656433105,0,anomaly
2026-06-02 11:10:29,219.17390823364258,0,anomaly
2026-06-02 11:10:30,834.3424797058105,0,anomaly
2026-06-02 11:10:31,221.04525566101074,0,anomaly
2026-06-02 11:10:31,207.52644538879395,0,anomaly
2026-06-02 11:10:31,218.583345413208,0,anomaly
2026-06-02 11:10:32,207.78679847717285,0,anomaly
2026-06-02 11:10:32,218.57595443725586,0,anomaly
2026-06-02 11:10:32,208.83631706237793,0,anomaly
2026-06-02 11:10:33,217.70572662353516,0,anomaly
2026-06-02 11:10:33,209.04779434204102,0,anomaly
2026-06-02 11:10:34,848.2992649078369,0,anomaly
2026-06-02 11:10:35,527.3935794830322,0,anomaly
2026-06-02 11:10:35,209.1372013092041,0,anomaly
2026-06-02 11:10:35,216.85791015625,0,anomaly
2026-06-02 11:10:35,209.12814140319824,0,anomaly
2026-06-02 11:10:36,218.2786464691162,0,anomaly
2026-06-02 11:10:36,210.42418479919434,0,anomaly
2026-06-02 11:10:36,216.51434898376465,0,anomaly
2026-06-02 11:10:37,208.4517478942871,0,anomaly
2026-06-02 11:10:37,218.1873321533203,0,anomaly
2026-06-02 11:10:37,210.7863426208496,0,anomaly
2026-06-02 11:10:38,216.86816215515137,0,anomaly
2026-06-02 11:10:38,209.0466022491455,0,anomaly
2026-06-02 11:10:38,218.40786933898926,0,anomaly
2026-06-02 11:10:39,208.50849151611328,0,anomaly
2026-06-02 11:10:39,218.12725067138672,0,anomaly
2026-06-02 11:10:39,208.32514762878418,0,anomaly
2026-06-02 11:10:40,217.97800064086914,0,anomaly
2026-06-02 11:10:40,208.80460739135742,0,anomaly
2026-06-02 11:10:40,217.62633323669434,0,anomaly
2026-06-02 11:10:40,212.89324760437012,0,anomaly
2026-06-02 11:10:41,213.90151977539062,0,anomaly
2026-06-02 11:10:41,208.74571800231934,0,anomaly
2026-06-02 11:10:41,217.1914577484131,0,anomaly
2026-06-02 11:10:42,208.78338813781738,0,anomaly
2026-06-02 11:10:42,216.9959545135498,0,anomaly
2026-06-02 11:10:42,209.0914249420166,0,anomaly
2026-06-02 11:10:43,219.12741661071777,0,anomaly
2026-06-02 11:10:43,250.99968910217285,0,anomaly
2026-06-02 11:10:44,385.1010799407959,0,anomaly
2026-06-02 11:10:44,208.95028114318848,0,anomaly
2026-06-02 11:10:44,217.0407772064209,0,anomaly
2026-06-02 11:10:44,210.24727821350098,0,anomaly
2026-06-02 11:10:45,216.46595001220703,0,anomaly
2026-06-02 11:10:45,209.03754234313965,0,anomaly
2026-06-02 11:10:45,218.75357627868652,0,anomaly
2026-06-02 11:10:46,208.4662914276123,0,anomaly
2026-06-02 11:10:46,218.40810775756836,0,anomaly
2026-06-02 11:10:46,266.326904296875,0,anomaly
2026-06-02 11:10:47,260.1816654205322,0,anomaly
2026-06-02 11:10:47,217.58532524108887,0,anomaly
2026-06-02 11:10:47,209.672212600708,0,anomaly
2026-06-02 11:10:48,218.54472160339355,0,anomaly
2026-06-02 11:10:48,208.93478393554688,0,anomaly
2026-06-02 11:10:48,216.88127517700195,0,anomaly
2026-06-02 11:10:49,208.5285186767578,0,anomaly
2026-06-02 11:10:49,218.8739776611328,0,anomaly
2026-06-02 11:10:49,209.3346118927002,0,anomaly
2026-06-02 11:10:50,217.6814079284668,0,anomaly
2026-06-02 11:10:50,208.98151397705078,0,anomaly
2026-06-02 11:10:50,217.7882194519043,0,anomaly
2026-06-02 11:10:51,209.58614349365234,0,anomaly
2026-06-02 11:10:51,218.15872192382812,0,anomaly
2026-06-02 11:10:51,208.30559730529785,0,anomaly
2026-06-02 11:10:52,251.80935859680176,0,anomaly
2026-06-02 11:10:52,309.8750114440918,0,anomaly
2026-06-02 11:10:52,293.45202445983887,0,anomaly
2026-06-02 11:10:53,208.33444595336914,0,anomaly
2026-06-02 11:10:53,529.1340351104736,0,anomaly
2026-06-02 11:10:54,217.99826622009277,0,anomaly
2026-06-02 11:10:54,209.50889587402344,0,anomaly
2026-06-02 11:10:54,217.98443794250488,0,anomaly
2026-06-02 11:10:55,208.8637351989746,0,anomaly
2026-06-02 11:10:55,217.39673614501953,0,anomaly
2026-06-02 11:10:55,209.0473175048828,0,anomaly
2026-06-02 11:10:55,215.9121036529541,0,anomaly
2026-06-02 11:10:56,208.08076858520508,0,anomaly
2026-06-02 11:10:56,217.5149917602539,0,anomaly
2026-06-02 11:10:56,209.54418182373047,0,anomaly
2026-06-02 11:10:57,217.6532745361328,0,anomaly
2026-06-02 11:10:57,209.34462547302246,0,anomaly
2026-06-02 11:10:57,218.9624309539795,0,anomaly
2026-06-02 11:10:58,207.08870887756348,0,anomaly
2026-06-02 11:10:58,219.16842460632324,0,anomaly
2026-06-02 11:10:58,209.69033241271973,0,anomaly
2026-06-02 11:10:59,216.92585945129395,0,anomaly
2026-06-02 11:10:59,209.17773246765137,0,anomaly
2026-06-02 11:10:59,217.24224090576172,0,anomaly
2026-06-02 11:11:00,209.38682556152344,0,anomaly
2026-06-02 11:11:00,201.5373706817627,0,anomaly
2026-06-02 11:11:00,333.88400077819824,0,anomaly
2026-06-02 11:11:01,208.5716724395752,0,anomaly
2026-06-02 11:11:01,208.62364768981934,0,anomaly
2026-06-02 11:11:01,201.09844207763672,0,anomaly
2026-06-02 11:11:02,321.9342231750488,0,anomaly
2026-06-02 11:11:02,253.3574104309082,0,anomaly
2026-06-02 11:11:02,296.30565643310547,0,anomaly
2026-06-02 11:11:03,255.96237182617188,0,anomaly
2026-06-02 11:11:03,218.09935569763184,0,anomaly
2026-06-02 11:11:03,270.3888416290283,0,anomaly
2026-06-02 11:11:04,209.66625213623047,0,anomaly
2026-06-02 11:11:04,217.08917617797852,0,anomaly
2026-06-02 11:11:04,209.58542823791504,0,anomaly
2026-06-02 11:11:05,219.38467025756836,0,anomaly
2026-06-02 11:11:05,208.42313766479492,0,anomaly
2026-06-02 11:11:05,217.10920333862305,0,anomaly
2026-06-02 11:11:06,209.5320224761963,0,anomaly
2026-06-02 11:11:06,218.36185455322266,0,anomaly
2026-06-02 11:11:06,208.71973037719727,0,anomaly
2026-06-02 11:11:07,217.4997329711914,0,anomaly
2026-06-02 11:11:07,201.0786533355713,0,anomaly
2026-06-02 11:11:07,256.0231685638428,0,anomaly
2026-06-02 11:11:08,287.92381286621094,0,anomaly
2026-06-02 11:11:08,208.21905136108398,0,anomaly
2026-06-02 11:11:08,217.80705451965332,0,anomaly
2026-06-02 11:11:09,209.0775966644287,0,anomaly
2026-06-02 11:11:09,217.26560592651367,0,anomaly
2026-06-02 11:11:09,209.16104316711426,0,anomaly
2026-06-02 11:11:10,217.29183197021484,0,anomaly
2026-06-02 11:11:10,209.37347412109375,0,anomaly
2026-06-02 11:11:10,217.44060516357422,0,anomaly
2026-06-02 11:11:10,208.33897590637207,0,anomaly
2026-06-02 11:11:11,217.44227409362793,0,anomaly
2026-06-02 11:11:11,208.73236656188965,0,anomaly
2026-06-02 11:11:11,217.6377773284912,0,anomaly
2026-06-02 11:11:12,209.87319946289062,0,anomaly
2026-06-02 11:11:12,217.04721450805664,0,anomaly
2026-06-02 11:11:12,208.59789848327637,0,anomaly
2026-06-02 11:11:13,218.00708770751953,0,anomaly
2026-06-02 11:11:13,207.66115188598633,0,anomaly
2026-06-02 11:11:13,218.05667877197266,0,anomaly
2026-06-02 11:11:14,209.72847938537598,0,anomaly
2026-06-02 11:11:14,217.46158599853516,0,anomaly
2026-06-02 11:11:14,209.80215072631836,0,anomaly
2026-06-02 11:11:15,217.16570854187012,0,anomaly
2026-06-02 11:11:15,209.303617477417,0,anomaly
2026-06-02 11:11:15,217.74578094482422,0,anomaly
2026-06-02 11:11:16,207.64851570129395,0,anomaly
2026-06-02 11:11:16,218.38927268981934,0,anomaly
2026-06-02 11:11:16,208.0821990966797,0,anomaly
2026-06-02 11:11:16,217.00620651245117,0,anomaly
2026-06-02 11:11:17,209.19132232666016,0,anomaly
2026-06-02 11:11:17,218.19663047790527,0,anomaly
2026-06-02 11:11:17,208.40692520141602,0,anomaly
2026-06-02 11:11:18,218.2774543762207,0,anomaly
2026-06-02 11:11:18,208.94646644592285,0,anomaly
2026-06-02 11:11:18,216.81714057922363,0,anomaly
2026-06-02 11:11:19,209.17654037475586,0,anomaly
2026-06-02 11:11:20,846.4782238006592,0,anomaly
2026-06-02 11:11:20,208.4503173828125,0,anomaly
2026-06-02 11:11:20,218.15824508666992,0,anomaly
2026-06-02 11:11:21,209.78236198425293,0,anomaly
2026-06-02 11:11:21,215.9709930419922,0,anomaly
2026-06-02 11:11:21,209.991455078125,0,anomaly
2026-06-02 11:11:21,217.83113479614258,0,anomaly
2026-06-02 11:11:22,208.39166641235352,0,anomaly
2026-06-02 11:11:22,218.1835174560547,0,anomaly
2026-06-02 11:11:22,209.83648300170898,0,anomaly
2026-06-02 11:11:23,217.05150604248047,0,anomaly
2026-06-02 11:11:23,208.23407173156738,0,anomaly
2026-06-02 11:11:23,217.09918975830078,0,anomaly
2026-06-02 11:11:24,251.79195404052734,0,anomaly
2026-06-02 11:11:24,410.2368354797363,0,anomaly
2026-06-02 11:11:25,293.4756278991699,0,anomaly
2026-06-02 11:11:25,209.45453643798828,0,anomaly
2026-06-02 11:11:25,218.2142734527588,0,anomaly
2026-06-02 11:11:26,209.31577682495117,0,anomaly
2026-06-02 11:11:26,217.86832809448242,0,anomaly
2026-06-02 11:11:26,209.2442512512207,0,anomaly
2026-06-02 11:11:27,217.5757884979248,0,anomaly
2026-06-02 11:11:27,209.83481407165527,0,anomaly
2026-06-02 11:11:27,216.8900966644287,0,anomaly
2026-06-02 11:11:27,208.66751670837402,0,anomaly
2026-06-02 11:11:28,217.27323532104492,0,anomaly
2026-06-02 11:11:28,208.6014747619629,0,anomaly
2026-06-02 11:11:28,218.48750114440918,0,anomaly
2026-06-02 11:11:29,209.33032035827637,0,anomaly
2026-06-02 11:11:29,200.98042488098145,0,anomaly
2026-06-02 11:11:29,276.67903900146484,0,anomaly
2026-06-02 11:11:30,208.47535133361816,0,anomaly
2026-06-02 11:11:30,276.3051986694336,0,anomaly
2026-06-02 11:11:30,209.3830108642578,0,anomaly
2026-06-02 11:11:31,217.19050407409668,0,anomaly
2026-06-02 11:11:32,843.8193798065186,0,anomaly
2026-06-02 11:11:32,212.79215812683105,0,anomaly
2026-06-02 11:11:32,208.71305465698242,0,anomaly
2026-06-02 11:11:33,218.27006340026855,0,anomaly
2026-06-02 11:11:33,208.70709419250488,0,anomaly
2026-06-02 11:11:33,216.77803993225098,0,anomaly
2026-06-02 11:11:34,209.59067344665527,0,anomaly
2026-06-02 11:11:34,217.2224521636963,0,anomaly
2026-06-02 11:11:34,208.7702751159668,0,anomaly
2026-06-02 11:11:34,217.301607131958,0,anomaly
2026-06-02 11:11:35,210.14904975891113,0,anomaly
2026-06-02 11:11:35,216.03655815124512,0,anomaly
2026-06-02 11:11:35,210.3586196899414,0,anomaly
2026-06-02 11:11:36,216.72773361206055,0,anomaly
2026-06-02 11:11:36,209.71965789794922,0,anomaly
2026-06-02 11:11:36,218.03927421569824,0,anomaly
2026-06-02 11:11:37,208.7852954864502,0,anomaly
2026-06-02 11:11:37,217.8955078125,0,anomaly
2026-06-02 11:11:37,251.88279151916504,0,anomaly
2026-06-02 11:11:38,409.70349311828613,0,anomaly
2026-06-02 11:11:38,293.34163665771484,0,anomaly
2026-06-02 11:11:39,210.10541915893555,0,anomaly
2026-06-02 11:11:39,217.04530715942383,0,anomaly
2026-06-02 11:11:39,209.09857749938965,0,anomaly
2026-06-02 11:11:40,217.1323299407959,0,anomaly
2026-06-02 11:11:40,209.25283432006836,0,anomaly
2026-06-02 11:11:40,218.5077667236328,0,anomaly
2026-06-02 11:11:41,265.75326919555664,0,anomaly
2026-06-02 11:11:41,515.5737400054932,0,anomaly
2026-06-02 11:11:42,427.59060859680176,0,anomaly
2026-06-02 11:11:42,220.8554744720459,0,anomaly
2026-06-02 11:11:42,208.8322639465332,0,anomaly
2026-06-02 11:11:43,268.9359188079834,0,anomaly
2026-06-02 11:11:43,209.25116539001465,0,anomaly
2026-06-02 11:11:43,217.22793579101562,0,anomaly
2026-06-02 11:11:44,208.85372161865234,0,anomaly
2026-06-02 11:11:44,218.0166244506836,0,anomaly
2026-06-02 11:11:45,527.8635025024414,0,anomaly
2026-06-02 11:11:45,208.65797996520996,0,anomaly
2026-06-02 11:11:45,218.98674964904785,0,anomaly
2026-06-02 11:11:45,208.26363563537598,0,anomaly
2026-06-02 11:11:46,217.9579734802246,0,anomaly
2026-06-02 11:11:46,209.29980278015137,0,anomaly
2026-06-02 11:11:46,217.04816818237305,0,anomaly
2026-06-02 11:11:47,209.21611785888672,0,anomaly
2026-06-02 11:11:47,218.11628341674805,0,anomaly
2026-06-02 11:11:47,209.1526985168457,0,anomaly
2026-06-02 11:11:48,217.7741527557373,0,anomaly
2026-06-02 11:11:48,208.3911895751953,0,anomaly
2026-06-02 11:11:49,846.7252254486084,0,anomaly
2026-06-02 11:11:49,209.43903923034668,0,anomaly
2026-06-02 11:11:50,218.35780143737793,0,anomaly
2026-06-02 11:11:50,209.5487117767334,0,anomaly
2026-06-02 11:11:51,527.2054672241211,0,anomaly
2026-06-02 11:11:51,217.8804874420166,0,anomaly
2026-06-02 11:11:51,209.00416374206543,0,anomaly
2026-06-02 11:11:51,218.28222274780273,0,anomaly
2026-06-02 11:11:52,208.96053314208984,0,anomaly
2026-06-02 11:11:52,217.38648414611816,0,anomaly
2026-06-02 11:11:52,210.2341651916504,0,anomaly
2026-06-02 11:11:53,217.97561645507812,0,anomaly
2026-06-02 11:11:53,208.15229415893555,0,anomaly
2026-06-02 11:11:53,218.6415195465088,0,anomaly
2026-06-02 11:11:54,209.88845825195312,0,anomaly
2026-06-02 11:11:54,216.4747714996338,0,anomaly
2026-06-02 11:11:54,209.7475528717041,0,anomaly
2026-06-02 11:11:55,216.38822555541992,0,anomaly
2026-06-02 11:11:55,208.8336944580078,0,anomaly
2026-06-02 11:11:55,217.78273582458496,0,anomaly
2026-06-02 11:11:56,209.47742462158203,0,anomaly
2026-06-02 11:11:56,217.36550331115723,0,anomaly
2026-06-02 11:11:56,209.38515663146973,0,anomaly
2026-06-02 11:11:57,269.14310455322266,0,anomaly
2026-06-02 11:11:57,214.86926078796387,0,anomaly
2026-06-02 11:11:57,260.7998847961426,0,anomaly
2026-06-02 11:11:58,218.02568435668945,0,anomaly
2026-06-02 11:11:58,208.8150978088379,0,anomaly
2026-06-02 11:11:58,217.79894828796387,0,anomaly
2026-06-02 11:11:58,209.57422256469727,0,anomaly
2026-06-02 11:11:59,217.61298179626465,0,anomaly
2026-06-02 11:11:59,208.58478546142578,0,anomaly
2026-06-02 11:11:59,217.32163429260254,0,anomaly
2026-06-02 11:12:00,209.33842658996582,0,anomaly
2026-06-02 11:12:00,218.5509204864502,0,anomaly
2026-06-02 11:12:00,207.49258995056152,0,anomaly
2026-06-02 11:12:01,217.82350540161133,0,anomaly
2026-06-02 11:12:01,528.0880928039551,0,anomaly
2026-06-02 11:12:02,209.68127250671387,0,anomaly
2026-06-02 11:12:03,846.1759090423584,0,anomaly
2026-06-02 11:12:03,209.87176895141602,0,anomaly
2026-06-02 11:12:03,216.89534187316895,0,anomaly
2026-06-02 11:12:04,209.75446701049805,0,anomaly
2026-06-02 11:12:04,214.92505073547363,0,anomaly
2026-06-02 11:12:04,205.8999538421631,0,anomaly
2026-06-02 11:12:04,217.28229522705078,0,anomaly
2026-06-02 11:12:05,208.44745635986328,0,anomaly
2026-06-02 11:12:05,218.5382843017578,0,anomaly
2026-06-02 11:12:05,209.5341682434082,0,anomaly
2026-06-02 11:12:06,217.8955078125,0,anomaly
2026-06-02 11:12:06,208.8451385498047,0,anomaly
2026-06-02 11:12:06,217.53621101379395,0,anomaly
2026-06-02 11:12:07,209.32435989379883,0,anomaly
2026-06-02 11:12:07,217.45920181274414,0,anomaly
2026-06-02 11:12:07,208.9242935180664,0,anomaly
2026-06-02 11:12:08,248.23355674743652,0,anomaly
2026-06-02 11:12:08,285.28523445129395,0,anomaly
2026-06-02 11:12:08,208.8794708251953,0,anomaly
2026-06-02 11:12:09,217.15044975280762,0,anomaly
2026-06-02 11:12:09,209.4109058380127,0,anomaly
2026-06-02 11:12:09,217.17119216918945,0,anomaly
2026-06-02 11:12:10,210.27350425720215,0,anomaly
2026-06-02 11:12:10,217.58508682250977,0,anomaly
2026-06-02 11:12:10,208.2998752593994,0,anomaly
2026-06-02 11:12:11,216.92800521850586,0,anomaly
2026-06-02 11:12:11,210.00981330871582,0,anomaly
2026-06-02 11:12:11,216.92657470703125,0,anomaly
2026-06-02 11:12:11,209.67793464660645,0,anomaly
2026-06-02 11:12:12,217.5147533416748,0,anomaly
2026-06-02 11:12:12,208.29463005065918,0,anomaly
2026-06-02 11:12:12,218.91093254089355,0,anomaly
2026-06-02 11:12:13,209.55753326416016,0,anomaly
2026-06-02 11:12:13,217.8654670715332,0,anomaly
2026-06-02 11:12:13,210.12616157531738,0,anomaly
2026-06-02 11:12:14,216.9640064239502,0,anomaly
2026-06-02 11:12:14,209.21659469604492,0,anomaly
2026-06-02 11:12:14,217.41008758544922,0,anomaly
2026-06-02 11:12:15,210.2193832397461,0,anomaly
2026-06-02 11:12:15,216.67242050170898,0,anomaly
2026-06-02 11:12:15,209.5193862915039,0,anomaly
2026-06-02 11:12:16,251.65224075317383,0,anomaly
2026-06-02 11:12:16,285.23898124694824,0,anomaly
2026-06-02 11:12:16,208.27150344848633,0,anomaly
2026-06-02 11:12:17,217.96774864196777,0,anomaly
2026-06-02 11:12:17,209.2735767364502,0,anomaly
2026-06-02 11:12:17,200.758695602417,0,anomaly
2026-06-02 11:12:18,335.9677791595459,0,anomaly
2026-06-02 11:12:18,208.41574668884277,0,anomaly
2026-06-02 11:12:18,217.89097785949707,0,anomaly
2026-06-02 11:12:19,210.33263206481934,0,anomaly
2026-06-02 11:12:19,201.0488510131836,0,anomaly
2026-06-02 11:12:19,334.4254493713379,0,anomaly
2026-06-02 11:12:20,209.55920219421387,0,anomaly
2026-06-02 11:12:20,217.54169464111328,0,anomaly
2026-06-02 11:12:21,527.9524326324463,0,anomaly
2026-06-02 11:12:21,208.7099552154541,0,anomaly
2026-06-02 11:12:21,218.8858985900879,0,anomaly
2026-06-02 11:12:22,208.62269401550293,0,anomaly
2026-06-02 11:12:22,218.72401237487793,0,anomaly
2026-06-02 11:12:22,208.9862823486328,0,anomaly
2026-06-02 11:12:23,217.79990196228027,0,anomaly
2026-06-02 11:12:23,209.26380157470703,0,anomaly
2026-06-02 11:12:23,217.86022186279297,0,anomaly
2026-06-02 11:12:23,210.38460731506348,0,anomaly
2026-06-02 11:12:24,216.03083610534668,0,anomaly
2026-06-02 11:12:24,209.26594734191895,0,anomaly
2026-06-02 11:12:24,218.33086013793945,0,anomaly
2026-06-02 11:12:25,209.13314819335938,0,anomaly
2026-06-02 11:12:26,846.8928337097168,0,anomaly
2026-06-02 11:12:26,209.20705795288086,0,anomaly
2026-06-02 11:12:26,217.77677536010742,0,anomaly
2026-06-02 11:12:27,208.47487449645996,0,anomaly
2026-06-02 11:12:27,217.77844429016113,0,anomaly
2026-06-02 11:12:27,208.9385986328125,0,anomaly
2026-06-02 11:12:28,217.68999099731445,0,anomaly
2026-06-02 11:12:28,208.82010459899902,0,anomaly
2026-06-02 11:12:28,217.43035316467285,0,anomaly
2026-06-02 11:12:28,213.47284317016602,0,anomaly
2026-06-02 11:12:29,214.02764320373535,0,anomaly
2026-06-02 11:12:29,208.07647705078125,0,anomaly
2026-06-02 11:12:29,217.26155281066895,0,anomaly
2026-06-02 11:12:30,212.44287490844727,0,anomaly
2026-06-02 11:12:30,214.39194679260254,0,anomaly
2026-06-02 11:12:30,327.1148204803467,0,anomaly
2026-06-02 11:12:31,249.04847145080566,0,anomaly
2026-06-02 11:12:31,261.2929344177246,0,anomaly
2026-06-02 11:12:32,219.29383277893066,0,anomaly
2026-06-02 11:12:32,211.05313301086426,0,anomaly
2026-06-02 11:12:32,215.84773063659668,0,anomaly
2026-06-02 11:12:32,209.19132232666016,0,anomaly
2026-06-02 11:12:33,218.3530330657959,0,anomaly
2026-06-02 11:12:33,208.75906944274902,0,anomaly
2026-06-02 11:12:33,217.79751777648926,0,anomaly
2026-06-02 11:12:34,211.37094497680664,0,anomaly
2026-06-02 11:12:34,215.97695350646973,0,anomaly
2026-06-02 11:12:34,208.54592323303223,0,anomaly
2026-06-02 11:12:35,210.1001739501953,0,anomaly
2026-06-02 11:12:36,835.6492519378662,0,anomaly
2026-06-02 11:12:36,222.57208824157715,0,anomaly
2026-06-02 11:12:36,207.00645446777344,0,anomaly
2026-06-02 11:12:37,217.9243564605713,0,anomaly
2026-06-02 11:12:37,209.43522453308105,0,anomaly
2026-06-02 11:12:37,217.15831756591797,0,anomaly
2026-06-02 11:12:38,209.83481407165527,0,anomaly
2026-06-02 11:12:38,216.46356582641602,0,anomaly
2026-06-02 11:12:38,208.7717056274414,0,anomaly
2026-06-02 11:12:38,216.8571949005127,0,anomaly
2026-06-02 11:12:39,208.0361843109131,0,anomaly
2026-06-02 11:12:39,201.68423652648926,0,anomaly
2026-06-02 11:12:40,382.39121437072754,0,anomaly
2026-06-02 11:12:40,269.4840431213379,0,anomaly
2026-06-02 11:12:40,208.4643840789795,0,anomaly
2026-06-02 11:12:41,219.20228004455566,0,anomaly
2026-06-02 11:12:41,226.57394409179688,0,anomaly
2026-06-02 11:12:41,290.912389755249,0,anomaly
2026-06-02 11:12:42,216.78757667541504,0,anomaly
2026-06-02 11:12:42,209.3050479888916,0,anomaly
2026-06-02 11:12:42,217.28134155273438,0,anomaly
2026-06-02 11:12:43,208.93406867980957,0,anomaly
2026-06-02 11:12:43,216.83049201965332,0,anomaly
2026-06-02 11:12:43,252.56776809692383,0,anomaly
2026-06-02 11:12:44,383.7459087371826,0,anomaly
2026-06-02 11:12:44,209.46192741394043,0,anomaly
2026-06-02 11:12:44,217.78368949890137,0,anomaly
2026-06-02 11:12:45,208.68325233459473,0,anomaly
2026-06-02 11:12:45,217.90766716003418,0,anomaly
2026-06-02 11:12:45,209.3067169189453,0,anomaly
2026-06-02 11:12:46,217.71526336669922,0,anomaly
2026-06-02 11:12:46,209.7921371459961,0,anomaly
2026-06-02 11:12:46,217.4065113067627,0,anomaly
2026-06-02 11:12:47,209.7148895263672,0,anomaly
2026-06-02 11:12:47,201.4918327331543,0,anomaly
2026-06-02 11:12:47,209.73443984985352,0,anomaly
2026-06-02 11:12:48,267.0886516571045,0,anomaly
2026-06-02 11:12:48,283.42199325561523,0,anomaly
2026-06-02 11:12:48,208.95648002624512,0,anomaly
2026-06-02 11:12:49,219.36297416687012,0,anomaly
2026-06-02 11:12:49,208.13274383544922,0,anomaly
2026-06-02 11:12:49,217.95225143432617,0,anomaly
2026-06-02 11:12:49,209.2740535736084,0,anomaly
2026-06-02 11:12:50,217.1027660369873,0,anomaly
2026-06-02 11:12:50,209.42020416259766,0,anomaly
2026-06-02 11:12:50,217.72503852844238,0,anomaly
2026-06-02 11:12:51,208.53471755981445,0,anomaly
2026-06-02 11:12:51,218.4317111968994,0,anomaly
2026-06-02 11:12:51,207.99732208251953,0,anomaly
2026-06-02 11:12:52,217.94366836547852,0,anomaly
2026-06-02 11:12:52,210.1268768310547,0,anomaly
2026-06-02 11:12:52,216.26806259155273,0,anomaly
2026-06-02 11:12:53,210.33954620361328,0,anomaly
2026-06-02 11:12:53,217.1652317047119,0,anomaly
2026-06-02 11:12:53,208.30631256103516,0,anomaly
2026-06-02 11:12:54,216.90702438354492,0,anomaly
2026-06-02 11:12:54,210.62564849853516,0,anomaly
2026-06-02 11:12:54,216.18962287902832,0,anomaly
2026-06-02 11:12:54,210.0844383239746,0,anomaly
2026-06-02 11:12:55,216.07398986816406,0,anomaly
2026-06-02 11:12:55,201.51615142822266,0,anomaly
2026-06-02 11:12:55,214.33663368225098,0,anomaly
2026-06-02 11:12:56,209.7785472869873,0,anomaly
2026-06-02 11:12:56,217.98157691955566,0,anomaly
2026-06-02 11:12:56,210.17980575561523,0,anomaly
2026-06-02 11:12:57,217.44036674499512,0,anomaly
2026-06-02 11:12:57,208.36782455444336,0,anomaly
2026-06-02 11:12:57,217.41724014282227,0,anomaly
2026-06-02 11:12:58,208.5585594177246,0,anomaly
2026-06-02 11:12:58,251.72805786132812,0,anomaly
2026-06-02 11:12:58,306.7951202392578,0,anomaly
2026-06-02 11:12:59,296.02980613708496,0,anomaly
2026-06-02 11:12:59,209.06519889831543,0,anomaly
2026-06-02 11:12:59,217.5147533416748,0,anomaly
2026-06-02 11:13:00,213.7277126312256,0,anomaly
2026-06-02 11:13:00,213.33837509155273,0,anomaly
2026-06-02 11:13:00,208.59527587890625,0,anomaly
2026-06-02 11:13:01,216.37368202209473,0,anomaly
2026-06-02 11:13:01,209.37466621398926,0,anomaly
2026-06-02 11:13:02,946.7825889587402,0,anomaly
2026-06-02 11:13:02,216.98260307312012,0,anomaly
2026-06-02 11:13:03,211.15684509277344,0,anomaly
2026-06-02 11:13:03,215.96384048461914,0,anomaly
2026-06-02 11:13:04,528.3622741699219,0,anomaly
2026-06-02 11:13:05,837.1829986572266,0,anomaly
2026-06-02 11:13:05,216.77684783935547,0,anomaly
2026-06-02 11:13:05,209.2263698577881,0,anomaly
2026-06-02 11:13:05,201.30395889282227,0,anomaly
2026-06-02 11:13:06,275.8939266204834,0,anomaly
2026-06-02 11:13:06,208.2686424255371,0,anomaly
2026-06-02 11:13:07,277.15587615966797,0,anomaly
2026-06-02 11:13:07,209.3820571899414,0,anomaly
2026-06-02 11:13:07,217.91386604309082,0,anomaly
2026-06-02 11:13:07,208.86540412902832,0,anomaly
2026-06-02 11:13:08,218.66583824157715,0,anomaly
2026-06-02 11:13:08,207.2606086730957,0,anomaly
2026-06-02 11:13:08,213.7141227722168,0,anomaly
2026-06-02 11:13:09,211.40527725219727,0,anomaly
2026-06-02 11:13:09,215.8045768737793,0,anomaly
2026-06-02 11:13:09,208.85252952575684,0,anomaly
2026-06-02 11:13:10,217.41175651550293,0,anomaly
2026-06-02 11:13:10,210.36887168884277,0,anomaly
2026-06-02 11:13:10,216.91036224365234,0,anomaly
2026-06-02 11:13:11,209.6104621887207,0,anomaly
2026-06-02 11:13:11,216.44163131713867,0,anomaly
2026-06-02 11:13:11,209.1386318206787,0,anomaly
2026-06-02 11:13:12,217.29302406311035,0,anomaly
2026-06-02 11:13:12,208.7843418121338,0,anomaly
2026-06-02 11:13:12,218.37997436523438,0,anomaly
2026-06-02 11:13:13,208.65654945373535,0,anomaly
2026-06-02 11:13:13,217.6971435546875,0,anomaly
2026-06-02 11:13:13,209.72967147827148,0,anomaly
2026-06-02 11:13:13,217.29063987731934,0,anomaly
2026-06-02 11:13:14,204.26273345947266,0,anomaly
2026-06-02 11:13:14,218.41144561767578,0,anomaly
2026-06-02 11:13:14,209.8402976989746,0,anomaly
2026-06-02 11:13:15,217.7596092224121,0,anomaly
2026-06-02 11:13:15,209.11717414855957,0,anomaly
2026-06-02 11:13:15,216.92585945129395,0,anomaly
2026-06-02 11:13:16,208.90450477600098,0,anomaly
2026-06-02 11:13:16,217.00191497802734,0,anomaly
2026-06-02 11:13:16,209.43593978881836,0,anomaly
2026-06-02 11:13:17,217.8492546081543,0,anomaly
2026-06-02 11:13:17,209.2127799987793,0,anomaly
2026-06-02 11:13:18,527.8952121734619,0,anomaly
2026-06-02 11:13:18,217.97537803649902,0,anomaly
2026-06-02 11:13:18,211.20595932006836,0,anomaly
2026-06-02 11:13:19,215.90065956115723,0,anomaly
2026-06-02 11:13:19,213.98162841796875,0,anomaly
2026-06-02 11:13:19,210.98685264587402,0,anomaly
2026-06-02 11:13:19,209.0902328491211,0,anomaly
2026-06-02 11:13:20,527.6329517364502,0,anomaly
2026-06-02 11:13:20,217.74601936340332,0,anomaly
2026-06-02 11:13:21,209.00344848632812,0,anomaly
2026-06-02 11:13:21,217.4386978149414,0,anomaly
2026-06-02 11:13:22,838.4864330291748,0,anomaly
2026-06-02 11:13:23,847.8925228118896,0,anomaly
2026-06-02 11:13:23,209.5034122467041,0,anomaly
2026-06-02 11:13:24,216.32671356201172,0,anomaly
2026-06-02 11:13:24,209.32531356811523,0,anomaly
2026-06-02 11:13:24,217.65375137329102,0,anomaly
2026-06-02 11:13:24,208.97626876831055,0,anomaly
2026-06-02 11:13:25,218.0306911468506,0,anomaly
2026-06-02 11:13:25,208.81032943725586,0,anomaly
2026-06-02 11:13:25,218.24026107788086,0,anomaly
2026-06-02 11:13:26,208.8918685913086,0,anomaly
2026-06-02 11:13:26,216.48502349853516,0,anomaly
2026-06-02 11:13:26,209.63644981384277,0,anomaly
2026-06-02 11:13:27,217.71740913391113,0,anomaly
2026-06-02 11:13:27,209.50961112976074,0,anomaly
2026-06-02 11:13:27,217.38576889038086,0,anomaly
2026-06-02 11:13:28,209.05280113220215,0,anomaly
2026-06-02 11:13:28,217.74959564208984,0,anomaly
2026-06-02 11:13:28,208.66823196411133,0,anomaly
2026-06-02 11:13:29,217.10562705993652,0,anomaly
2026-06-02 11:13:29,209.84768867492676,0,anomaly
2026-06-02 11:13:29,217.00119972229004,0,anomaly
2026-06-02 11:13:30,210.10494232177734,0,anomaly
2026-06-02 11:13:30,217.72384643554688,0,anomaly
2026-06-02 11:13:30,208.3139419555664,0,anomaly
2026-06-02 11:13:30,218.56689453125,0,anomaly
2026-06-02 11:13:31,210.6037139892578,0,anomaly
2026-06-02 11:13:31,216.5529727935791,0,anomaly
2026-06-02 11:13:31,209.01775360107422,0,anomaly
2026-06-02 11:13:32,217.53168106079102,0,anomaly
2026-06-02 11:13:32,210.1740837097168,0,anomaly
2026-06-02 11:13:32,215.8966064453125,0,anomaly
2026-06-02 11:13:33,528.4023284912109,0,anomaly
2026-06-02 11:13:33,201.185941696167,0,anomaly
2026-06-02 11:13:34,222.18775749206543,0,anomaly
2026-06-02 11:13:34,270.25651931762695,0,anomaly
2026-06-02 11:13:34,261.4293098449707,0,anomaly
2026-06-02 11:13:35,472.60427474975586,0,anomaly
2026-06-02 11:13:35,273.82659912109375,0,anomaly
2026-06-02 11:13:36,209.77234840393066,0,anomaly
2026-06-02 11:13:36,217.98992156982422,0,anomaly
2026-06-02 11:13:36,206.78472518920898,0,anomaly
2026-06-02 11:13:37,219.4535732269287,0,anomaly
2026-06-02 11:13:37,837.2910022735596,0,anomaly
2026-06-02 11:13:38,218.05930137634277,0,anomaly
2026-06-02 11:13:38,208.33444595336914,0,anomaly
2026-06-02 11:13:38,218.13702583312988,0,anomaly
2026-06-02 11:13:39,209.2761993408203,0,anomaly
2026-06-02 11:13:39,217.118501663208,0,anomaly
2026-06-02 11:13:39,209.96546745300293,0,anomaly
2026-06-02 11:13:40,214.5833969116211,0,anomaly
2026-06-02 11:13:40,207.90600776672363,0,anomaly
2026-06-02 11:13:40,218.19233894348145,0,anomaly
2026-06-02 11:13:41,208.7249755859375,0,anomaly
2026-06-02 11:13:41,219.85459327697754,0,anomaly
2026-06-02 11:13:41,208.06455612182617,0,anomaly
2026-06-02 11:13:42,218.2471752166748,0,anomaly
2026-06-02 11:13:42,209.35416221618652,0,anomaly
2026-06-02 11:13:42,217.329740524292,0,anomaly
2026-06-02 11:13:43,526.81565284729,0,anomaly
2026-06-02 11:13:43,209.6118927001953,0,anomaly
2026-06-02 11:13:43,218.08362007141113,0,anomaly
2026-06-02 11:13:44,208.970308303833,0,anomaly
2026-06-02 11:13:44,251.8143653869629,0,anomaly
2026-06-02 11:13:45,284.3446731567383,0,anomaly
2026-06-02 11:13:45,208.92667770385742,0,anomaly
2026-06-02 11:13:45,217.77749061584473,0,anomaly
2026-06-02 11:13:45,210.30616760253906,0,anomaly
2026-06-02 11:13:46,216.83120727539062,0,anomaly
2026-06-02 11:13:46,209.03801918029785,0,anomaly
2026-06-02 11:13:46,218.12796592712402,0,anomaly
2026-06-02 11:13:47,211.71832084655762,0,anomaly
2026-06-02 11:13:47,214.9519920349121,0,anomaly
2026-06-02 11:13:47,209.22350883483887,0,anomaly
2026-06-02 11:13:48,217.0867919921875,0,anomaly
2026-06-02 11:13:48,209.72299575805664,0,anomaly
2026-06-02 11:13:48,218.53017807006836,0,anomaly
2026-06-02 11:13:49,318.81260871887207,0,anomaly
2026-06-02 11:13:49,209.20729637145996,0,anomaly
2026-06-02 11:13:49,216.51315689086914,0,anomaly
2026-06-02 11:13:50,209.29813385009766,0,anomaly
2026-06-02 11:13:50,218.001127243042,0,anomaly
2026-06-02 11:13:50,210.47377586364746,0,anomaly
2026-06-02 11:13:51,217.34166145324707,0,anomaly
2026-06-02 11:13:51,209.38897132873535,0,anomaly
2026-06-02 11:13:51,216.45069122314453,0,anomaly
2026-06-02 11:13:52,201.95913314819336,0,anomaly
2026-06-02 11:13:52,272.23682403564453,0,anomaly
2026-06-02 11:13:52,271.5952396392822,0,anomaly
2026-06-02 11:13:53,200.90055465698242,0,anomaly
2026-06-02 11:13:53,222.7647304534912,0,anomaly
2026-06-02 11:13:53,213.1047248840332,0,anomaly
2026-06-02 11:13:54,216.91298484802246,0,anomaly
2026-06-02 11:13:54,209.57064628601074,0,anomaly
2026-06-02 11:13:54,218.99676322937012,0,anomaly
2026-06-02 11:13:54,207.99541473388672,0,anomaly
2026-06-02 11:13:55,217.85664558410645,0,anomaly
2026-06-02 11:13:55,211.38572692871094,0,anomaly
2026-06-02 11:13:55,215.7742977142334,0,anomaly
2026-06-02 11:13:56,210.21676063537598,0,anomaly
2026-06-02 11:13:56,216.75777435302734,0,anomaly
2026-06-02 11:13:57,841.3059711456299,0,anomaly
2026-06-02 11:13:57,214.96152877807617,0,anomaly
2026-06-02 11:13:58,209.19370651245117,0,anomaly
2026-06-02 11:13:58,218.28246116638184,0,anomaly
2026-06-02 11:13:58,208.16349983215332,0,anomaly
2026-06-02 11:13:59,217.9272174835205,0,anomaly
2026-06-02 11:13:59,209.4104290008545,0,anomaly
2026-06-02 11:13:59,218.5361385345459,0,anomaly
2026-06-02 11:14:00,211.55953407287598,0,anomaly
2026-06-02 11:14:00,215.4097557067871,0,anomaly
2026-06-02 11:14:00,213.26351165771484,0,anomaly
2026-06-02 11:14:00,212.39733695983887,0,anomaly
2026-06-02 11:14:01,213.82761001586914,0,anomaly
2026-06-02 11:14:01,214.17784690856934,0,anomaly
2026-06-02 11:14:01,318.267822265625,0,anomaly
2026-06-02 11:14:02,209.00702476501465,0,anomaly
2026-06-02 11:14:02,217.30804443359375,0,anomaly
2026-06-02 11:14:03,317.1694278717041,0,anomaly
2026-06-02 11:14:03,210.22439002990723,0,anomaly
2026-06-02 11:14:03,217.97823905944824,0,anomaly
2026-06-02 11:14:03,208.05621147155762,0,anomaly
2026-06-02 11:14:04,212.81695365905762,0,anomaly
2026-06-02 11:14:04,208.38403701782227,0,anomaly
2026-06-02 11:14:04,212.83292770385742,0,anomaly
2026-06-02 11:14:05,208.34016799926758,0,anomaly
2026-06-02 11:14:05,216.82262420654297,0,anomaly
2026-06-02 11:14:05,209.3355655670166,0,anomaly
2026-06-02 11:14:06,847.4936485290527,0,anomaly
2026-06-02 11:14:07,204.92982864379883,0,anomaly
2026-06-02 11:14:07,221.76122665405273,0,anomaly
2026-06-02 11:14:08,527.7836322784424,0,anomaly
2026-06-02 11:14:08,204.40936088562012,0,anomaly
2026-06-02 11:14:08,217.14520454406738,0,anomaly
2026-06-02 11:14:09,209.30075645446777,0,anomaly
2026-06-02 11:14:09,217.79322624206543,0,anomaly
2026-06-02 11:14:09,207.6423168182373,0,anomaly
2026-06-02 11:14:09,217.2708511352539,0,anomaly
2026-06-02 11:14:10,210.5879783630371,0,anomaly
2026-06-02 11:14:10,217.40245819091797,0,anomaly
2026-06-02 11:14:10,210.10565757751465,0,anomaly
2026-06-02 11:14:11,216.66502952575684,0,anomaly
2026-06-02 11:14:11,209.35535430908203,0,anomaly
2026-06-02 11:14:11,217.93770790100098,0,anomaly
2026-06-02 11:14:12,208.06241035461426,0,anomaly
2026-06-02 11:14:12,218.4281349182129,0,anomaly
2026-06-02 11:14:12,208.82868766784668,0,anomaly
2026-06-02 11:14:13,219.2373275756836,0,anomaly
2026-06-02 11:14:13,208.3108425140381,0,anomaly
2026-06-02 11:14:13,217.8196907043457,0,anomaly
2026-06-02 11:14:14,209.54346656799316,0,anomaly
2026-06-02 11:14:14,207.5366973876953,0,anomaly
2026-06-02 11:14:14,255.4938793182373,0,anomaly
2026-06-02 11:14:15,206.24470710754395,0,anomaly
2026-06-02 11:14:15,293.4575080871582,0,anomaly
2026-06-02 11:14:15,208.88590812683105,0,anomaly
2026-06-02 11:14:16,217.96417236328125,0,anomaly
2026-06-02 11:14:16,209.78307723999023,0,anomaly
2026-06-02 11:14:16,218.05691719055176,0,anomaly
2026-06-02 11:14:16,208.93287658691406,0,anomaly
2026-06-02 11:14:17,216.92633628845215,0,anomaly
2026-06-02 11:14:17,209.52486991882324,0,anomaly
2026-06-02 11:14:17,216.7973518371582,0,anomaly
2026-06-02 11:14:18,210.14070510864258,0,anomaly
2026-06-02 11:14:18,217.08011627197266,0,anomaly
2026-06-02 11:14:18,210.22272109985352,0,anomaly
2026-06-02 11:14:19,217.03433990478516,0,anomaly
2026-06-02 11:14:19,211.11345291137695,0,anomaly
2026-06-02 11:14:19,216.0813808441162,0,anomaly
2026-06-02 11:14:20,209.42354202270508,0,anomaly
2026-06-02 11:14:20,218.3239459991455,0,anomaly
2026-06-02 11:14:20,207.86309242248535,0,anomaly
2026-06-02 11:14:21,217.39602088928223,0,anomaly
2026-06-02 11:14:21,209.58900451660156,0,anomaly
2026-06-02 11:14:21,218.18852424621582,0,anomaly
2026-06-02 11:14:22,211.1818790435791,0,anomaly
2026-06-02 11:14:22,215.77167510986328,0,anomaly
2026-06-02 11:14:22,209.54656600952148,0,anomaly
2026-06-02 11:14:22,217.68832206726074,0,anomaly
2026-06-02 11:14:23,265.7651901245117,0,anomaly
2026-06-02 11:14:24,580.5931091308594,0,anomaly
2026-06-02 11:14:24,209.2580795288086,0,anomaly
2026-06-02 11:14:24,217.4692153930664,0,anomaly
2026-06-02 11:14:24,208.44769477844238,0,anomaly
2026-06-02 11:14:25,217.73099899291992,0,anomaly
2026-06-02 11:14:25,201.31993293762207,0,anomaly
2026-06-02 11:14:25,273.0109691619873,0,anomaly
2026-06-02 11:14:26,270.9486484527588,0,anomaly
2026-06-02 11:14:26,210.2816104888916,0,anomaly
2026-06-02 11:14:26,216.8741226196289,0,anomaly
2026-06-02 11:14:27,210.31546592712402,0,anomaly
2026-06-02 11:14:27,216.5231704711914,0,anomaly
2026-06-02 11:14:27,209.85722541809082,0,anomaly
2026-06-02 11:14:28,216.7074680328369,0,anomaly
2026-06-02 11:14:28,210.27493476867676,0,anomaly
2026-06-02 11:14:28,216.81499481201172,0,anomaly
2026-06-02 11:14:29,201.10368728637695,0,anomaly
2026-06-02 11:14:29,273.054838180542,0,anomaly
2026-06-02 11:14:29,271.6376781463623,0,anomaly
2026-06-02 11:14:30,208.27960968017578,0,anomaly
2026-06-02 11:14:30,217.89813041687012,0,anomaly
2026-06-02 11:14:30,208.6007595062256,0,anomaly
2026-06-02 11:14:31,218.3680534362793,0,anomaly
2026-06-02 11:14:31,209.42974090576172,0,anomaly
2026-06-02 11:14:31,217.21577644348145,0,anomaly
2026-06-02 11:14:32,208.91380310058594,0,anomaly
2026-06-02 11:14:32,217.15426445007324,0,anomaly
2026-06-02 11:14:32,209.37228202819824,0,anomaly
2026-06-02 11:14:33,217.7426815032959,0,anomaly
2026-06-02 11:14:33,208.49156379699707,0,anomaly
2026-06-02 11:14:33,219.1600799560547,0,anomaly
2026-06-02 11:14:33,208.6777687072754,0,anomaly
2026-06-02 11:14:34,218.306303024292,0,anomaly
2026-06-02 11:14:34,210.36934852600098,0,anomaly
2026-06-02 11:14:35,845.0987339019775,0,anomaly
2026-06-02 11:14:35,209.6848487854004,0,anomaly
2026-06-02 11:14:36,217.14091300964355,0,anomaly
2026-06-02 11:14:36,528.895378112793,0,anomaly
2026-06-02 11:14:37,209.23829078674316,0,anomaly
2026-06-02 11:14:37,218.231201171875,0,anomaly
2026-06-02 11:14:37,208.71996879577637,0,anomaly
2026-06-02 11:14:38,217.6957130432129,0,anomaly
2026-06-02 11:14:38,209.95330810546875,0,anomaly
2026-06-02 11:14:38,216.80355072021484,0,anomaly
2026-06-02 11:14:39,209.3207836151123,0,anomaly
2026-06-02 11:14:39,217.3142433166504,0,anomaly
2026-06-02 11:14:39,210.18004417419434,0,anomaly
2026-06-02 11:14:39,217.21673011779785,0,anomaly
2026-06-02 11:14:40,208.6503505706787,0,anomaly
2026-06-02 11:14:40,216.0482406616211,0,anomaly
2026-06-02 11:14:41,838.9465808868408,0,anomaly
2026-06-02 11:14:41,216.9787883758545,0,anomaly
2026-06-02 11:14:42,208.3303928375244,0,anomaly
2026-06-02 11:14:42,218.67060661315918,0,anomaly
2026-06-02 11:14:42,210.88624000549316,0,anomaly
2026-06-02 11:14:43,845.0503349304199,0,anomaly
2026-06-02 11:14:44,209.42974090576172,0,anomaly
2026-06-02 11:14:44,217.30566024780273,0,anomaly
2026-06-02 11:14:44,211.15827560424805,0,anomaly
2026-06-02 11:14:44,216.14837646484375,0,anomaly
2026-06-02 11:14:45,209.44523811340332,0,anomaly
2026-06-02 11:14:45,216.93897247314453,0,anomaly
2026-06-02 11:14:45,208.68206024169922,0,anomaly
2026-06-02 11:14:46,217.4220085144043,0,anomaly
2026-06-02 11:14:46,209.56110954284668,0,anomaly
2026-06-02 11:14:46,218.58525276184082,0,anomaly
2026-06-02 11:14:47,211.65037155151367,0,anomaly
2026-06-02 11:14:47,215.77167510986328,0,anomaly
2026-06-02 11:14:47,209.88869667053223,0,anomaly
2026-06-02 11:14:48,217.75007247924805,0,anomaly
2026-06-02 11:14:48,209.37585830688477,0,anomaly
2026-06-02 11:14:48,217.6957130432129,0,anomaly
2026-06-02 11:14:49,209.35678482055664,0,anomaly
2026-06-02 11:14:49,217.88549423217773,0,anomaly
2026-06-02 11:14:49,210.0234031677246,0,anomaly
2026-06-02 11:14:50,217.12017059326172,0,anomaly
2026-06-02 11:14:50,210.40892601013184,0,anomaly
2026-06-02 11:14:50,217.80848503112793,0,anomaly
2026-06-02 11:14:50,208.05120468139648,0,anomaly
2026-06-02 11:14:51,218.4598445892334,0,anomaly
2026-06-02 11:14:52,833.5599899291992,0,anomaly
2026-06-02 11:14:52,274.36161041259766,0,anomaly
2026-06-02 11:14:52,212.8450870513916,0,anomaly
2026-06-02 11:14:53,262.099027633667,0,anomaly
2026-06-02 11:14:53,218.08958053588867,0,anomaly
2026-06-02 11:14:53,208.40883255004883,0,anomaly
2026-06-02 11:14:54,219.16580200195312,0,anomaly
2026-06-02 11:14:54,207.902193069458,0,anomaly
2026-06-02 11:14:54,216.92681312561035,0,anomaly
2026-06-02 11:14:55,210.29233932495117,0,anomaly
2026-06-02 11:14:55,216.461181640625,0,anomaly
2026-06-02 11:14:55,209.49959754943848,0,anomaly
2026-06-02 11:14:56,217.61107444763184,0,anomaly
2026-06-02 11:14:56,209.43379402160645,0,anomaly
2026-06-02 11:14:56,217.27490425109863,0,anomaly
2026-06-02 11:14:57,210.7090950012207,0,anomaly
2026-06-02 11:14:57,216.26734733581543,0,anomaly
2026-06-02 11:14:57,208.85610580444336,0,anomaly
2026-06-02 11:14:57,217.7119255065918,0,anomaly
2026-06-02 11:14:58,266.0377025604248,0,anomaly
2026-06-02 11:14:58,261.171817779541,0,anomaly
2026-06-02 11:14:59,217.6957130432129,0,anomaly
2026-06-02 11:14:59,209.65814590454102,0,anomaly
2026-06-02 11:14:59,217.25225448608398,0,anomaly
2026-06-02 11:14:59,208.25505256652832,0,anomaly
2026-06-02 11:15:00,217.66066551208496,0,anomaly
2026-06-02 11:15:00,209.46002006530762,0,anomaly
2026-06-02 11:15:00,218.08528900146484,0,anomaly
2026-06-02 11:15:01,208.78863334655762,0,anomaly
2026-06-02 11:15:01,219.2385196685791,0,anomaly
2026-06-02 11:15:01,207.34000205993652,0,anomaly
2026-06-02 11:15:02,218.57213973999023,0,anomaly
2026-06-02 11:15:03,840.0774002075195,0,anomaly
2026-06-02 11:15:03,215.90352058410645,0,anomaly
2026-06-02 11:15:03,209.97285842895508,0,anomaly
2026-06-02 11:15:04,216.28642082214355,0,anomaly
2026-06-02 11:15:04,208.9705467224121,0,anomaly
2026-06-02 11:15:04,217.12899208068848,0,anomaly
2026-06-02 11:15:05,209.6843719482422,0,anomaly
2026-06-02 11:15:05,217.2260284423828,0,anomaly
2026-06-02 11:15:05,213.6852741241455,0,anomaly
2026-06-02 11:15:05,211.92550659179688,0,anomaly
2026-06-02 11:15:06,210.2034091949463,0,anomaly
2026-06-02 11:15:06,217.2260284423828,0,anomaly
2026-06-02 11:15:06,307.9342842102051,0,anomaly
2026-06-02 11:15:07,219.87342834472656,0,anomaly
2026-06-02 11:15:07,215.61384201049805,0,anomaly
2026-06-02 11:15:07,208.59575271606445,0,anomaly
2026-06-02 11:15:08,217.89169311523438,0,anomaly
2026-06-02 11:15:08,209.1977596282959,0,anomaly
2026-06-02 11:15:08,217.09275245666504,0,anomaly
2026-06-02 11:15:09,211.32707595825195,0,anomaly
2026-06-02 11:15:09,216.08757972717285,0,anomaly
2026-06-02 11:15:09,208.66775512695312,0,anomaly
2026-06-02 11:15:10,217.482328414917,0,anomaly
2026-06-02 11:15:10,209.5816135406494,0,anomaly
2026-06-02 11:15:10,217.68689155578613,0,anomaly
2026-06-02 11:15:11,208.9087963104248,0,anomaly
2026-06-02 11:15:11,216.84932708740234,0,anomaly
2026-06-02 11:15:11,210.9811305999756,0,anomaly
2026-06-02 11:15:12,216.32671356201172,0,anomaly
2026-06-02 11:15:12,208.93049240112305,0,anomaly
2026-06-02 11:15:12,200.98185539245605,0,anomaly
2026-06-02 11:15:13,276.8881320953369,0,anomaly
2026-06-02 11:15:13,207.5178623199463,0,anomaly
2026-06-02 11:15:13,276.2472629547119,0,anomaly
2026-06-02 11:15:14,209.95807647705078,0,anomaly
2026-06-02 11:15:14,217.32783317565918,0,anomaly
2026-06-02 11:15:14,208.8003158569336,0,anomaly
2026-06-02 11:15:14,218.19067001342773,0,anomaly
2026-06-02 11:15:15,210.24823188781738,0,anomaly
2026-06-02 11:15:15,216.1092758178711,0,anomaly
2026-06-02 11:15:15,208.78314971923828,0,anomaly
2026-06-02 11:15:16,218.62435340881348,0,anomaly
2026-06-02 11:15:16,207.9765796661377,0,anomaly
2026-06-02 11:15:16,218.59240531921387,0,anomaly
2026-06-02 11:15:17,208.49108695983887,0,anomaly
2026-06-02 11:15:17,217.6227569580078,0,anomaly
2026-06-02 11:15:17,210.4184627532959,0,anomaly
2026-06-02 11:15:18,216.85266494750977,0,anomaly
2026-06-02 11:15:18,211.1973762512207,0,anomaly
2026-06-02 11:15:18,215.76571464538574,0,anomaly
2026-06-02 11:15:19,209.28692817687988,0,anomaly
2026-06-02 11:15:19,218.45412254333496,0,anomaly
2026-06-02 11:15:19,208.05859565734863,0,anomaly
2026-06-02 11:15:20,218.15156936645508,0,anomaly
2026-06-02 11:15:20,209.11526679992676,0,anomaly
2026-06-02 11:15:20,202.18372344970703,0,anomaly
2026-06-02 11:15:21,380.5866241455078,0,anomaly
2026-06-02 11:15:21,270.22671699523926,0,anomaly
2026-06-02 11:15:21,208.6465358734131,0,anomaly
2026-06-02 11:15:22,218.55759620666504,0,anomaly
2026-06-02 11:15:22,210.08539199829102,0,anomaly
2026-06-02 11:15:22,217.01383590698242,0,anomaly
2026-06-02 11:15:23,207.69143104553223,0,anomaly
2026-06-02 11:15:23,218.14870834350586,0,anomaly
2026-06-02 11:15:23,209.43570137023926,0,anomaly
2026-06-02 11:15:23,217.77701377868652,0,anomaly
2026-06-02 11:15:24,210.02483367919922,0,anomaly
2026-06-02 11:15:24,216.63594245910645,0,anomaly
2026-06-02 11:15:24,210.68525314331055,0,anomaly
2026-06-02 11:15:25,217.87691116333008,0,anomaly
2026-06-02 11:15:25,208.37092399597168,0,anomaly
2026-06-02 11:15:25,218.38760375976562,0,anomaly
2026-06-02 11:15:26,207.64517784118652,0,anomaly
2026-06-02 11:15:26,218.51325035095215,0,anomaly
2026-06-02 11:15:26,209.61499214172363,0,anomaly
2026-06-02 11:15:27,847.5651741027832,0,anomaly
2026-06-02 11:15:28,208.10246467590332,0,anomaly
2026-06-02 11:15:28,217.96154975891113,0,anomaly
2026-06-02 11:15:28,298.6571788787842,0,anomaly
2026-06-02 11:15:29,208.82153511047363,0,anomaly
2026-06-02 11:15:29,217.17286109924316,0,anomaly
2026-06-02 11:15:29,208.75310897827148,0,anomaly
2026-06-02 11:15:30,201.202392578125,0,anomaly
2026-06-02 11:15:30,225.36206245422363,0,anomaly
2026-06-02 11:15:30,238.42239379882812,0,anomaly
2026-06-02 11:15:31,297.21927642822266,0,anomaly
2026-06-02 11:15:31,201.12347602844238,0,anomaly
2026-06-02 11:15:31,273.55027198791504,0,anomaly
2026-06-02 11:15:32,271.20423316955566,0,anomaly
2026-06-02 11:15:32,208.74905586242676,0,anomaly
2026-06-02 11:15:32,217.972993850708,0,anomaly
2026-06-02 11:15:33,209.48147773742676,0,anomaly
2026-06-02 11:15:33,216.17436408996582,0,anomaly
2026-06-02 11:15:33,209.43069458007812,0,anomaly
2026-06-02 11:15:34,218.66202354431152,0,anomaly
2026-06-02 11:15:34,208.39905738830566,0,anomaly
2026-06-02 11:15:34,218.8127040863037,0,anomaly
2026-06-02 11:15:35,208.7862491607666,0,anomaly
2026-06-02 11:15:35,217.75531768798828,0,anomaly
2026-06-02 11:15:35,210.50000190734863,0,anomaly
2026-06-02 11:15:35,216.17937088012695,0,anomaly
2026-06-02 11:15:36,210.71338653564453,0,anomaly
2026-06-02 11:15:36,216.25256538391113,0,anomaly
2026-06-02 11:15:36,209.2578411102295,0,anomaly
2026-06-02 11:15:37,217.03195571899414,0,anomaly
2026-06-02 11:15:37,209.3484401702881,0,anomaly
2026-06-02 11:15:37,217.5731658935547,0,anomaly
2026-06-02 11:15:38,209.14101600646973,0,anomaly
2026-06-02 11:15:38,217.73171424865723,0,anomaly
2026-06-02 11:15:38,208.56571197509766,0,anomaly
2026-06-02 11:15:39,217.4057960510254,0,anomaly
2026-06-02 11:15:39,209.8233699798584,0,anomaly
2026-06-02 11:15:39,217.73266792297363,0,anomaly
2026-06-02 11:15:40,209.3203067779541,0,anomaly
2026-06-02 11:15:40,200.8814811706543,0,anomaly
2026-06-02 11:15:40,333.98962020874023,0,anomaly
2026-06-02 11:15:41,208.68968963623047,0,anomaly
2026-06-02 11:15:41,218.29652786254883,0,anomaly
2026-06-02 11:15:41,210.14714241027832,0,anomaly
2026-06-02 11:15:42,216.7990207672119,0,anomaly
2026-06-02 11:15:42,208.94265174865723,0,anomaly
2026-06-02 11:15:42,217.3771858215332,0,anomaly
2026-06-02 11:15:42,207.15832710266113,0,anomaly
2026-06-02 11:15:43,218.18065643310547,0,anomaly
2026-06-02 11:15:43,209.61833000183105,0,anomaly
2026-06-02 11:15:43,217.0708179473877,0,anomaly
2026-06-02 11:15:44,210.83712577819824,0,anomaly
2026-06-02 11:15:44,215.49463272094727,0,anomaly
2026-06-02 11:15:44,209.1686725616455,0,anomaly
2026-06-02 11:15:45,217.7724838256836,0,anomaly
2026-06-02 11:15:45,209.70702171325684,0,anomaly
2026-06-02 11:15:45,216.5687084197998,0,anomaly
2026-06-02 11:15:46,208.0855369567871,0,anomaly
2026-06-02 11:15:46,219.4983959197998,0,anomaly
2026-06-02 11:15:46,211.28058433532715,0,anomaly
2026-06-02 11:15:47,215.57068824768066,0,anomaly
2026-06-02 11:15:47,208.24265480041504,0,anomaly
2026-06-02 11:15:47,217.8056240081787,0,anomaly
2026-06-02 11:15:48,208.71376991271973,0,anomaly
2026-06-02 11:15:48,218.25289726257324,0,anomaly
2026-06-02 11:15:49,839.261531829834,0,anomaly
2026-06-02 11:15:49,217.80824661254883,0,anomaly
2026-06-02 11:15:49,207.81421661376953,0,anomaly
2026-06-02 11:15:50,218.78671646118164,0,anomaly
2026-06-02 11:15:50,208.3585262298584,0,anomaly
2026-06-02 11:15:50,217.62561798095703,0,anomaly
2026-06-02 11:15:51,210.38579940795898,0,anomaly
2026-06-02 11:15:51,200.6680965423584,0,anomaly
2026-06-02 11:15:51,334.37442779541016,0,anomaly
2026-06-02 11:15:52,210.46805381774902,0,anomaly
2026-06-02 11:15:52,217.7588939666748,0,anomaly
2026-06-02 11:15:52,208.9071273803711,0,anomaly
2026-06-02 11:15:53,217.4851894378662,0,anomaly
2026-06-02 11:15:53,208.59313011169434,0,anomaly
2026-06-02 11:15:53,218.40453147888184,0,anomaly
2026-06-02 11:15:54,209.20491218566895,0,anomaly
2026-06-02 11:15:55,846.8997478485107,0,anomaly
2026-06-02 11:15:55,209.45501327514648,0,anomaly
2026-06-02 11:15:55,217.9419994354248,0,anomaly
2026-06-02 11:15:55,208.02593231201172,0,anomaly
2026-06-02 11:15:56,218.9621925354004,0,anomaly
2026-06-02 11:15:56,209.37252044677734,0,anomaly
2026-06-02 11:15:56,217.6339626312256,0,anomaly
2026-06-02 11:15:57,209.3946933746338,0,anomaly
2026-06-02 11:15:57,217.89240837097168,0,anomaly
2026-06-02 11:15:57,209.78140830993652,0,anomaly
2026-06-02 11:15:58,217.3480987548828,0,anomaly
2026-06-02 11:15:58,208.4181308746338,0,anomaly
2026-06-02 11:15:58,217.78035163879395,0,anomaly
2026-06-02 11:15:59,210.15310287475586,0,anomaly
2026-06-02 11:15:59,217.01407432556152,0,anomaly
2026-06-02 11:16:00,836.6982936859131,0,anomaly
2026-06-02 11:16:00,200.91891288757324,0,anomaly
2026-06-02 11:16:01,337.62550354003906,0,anomaly
2026-06-02 11:16:01,208.0984115600586,0,anomaly
2026-06-02 11:16:01,218.82915496826172,0,anomaly
2026-06-02 11:16:02,209.09881591796875,0,anomaly
2026-06-02 11:16:02,218.3401584625244,0,anomaly
2026-06-02 11:16:02,207.95392990112305,0,anomaly
2026-06-02 11:16:03,217.1323299407959,0,anomaly
2026-06-02 11:16:03,208.76288414001465,0,anomaly
2026-06-02 11:16:03,218.97435188293457,0,anomaly
2026-06-02 11:16:03,207.87429809570312,0,anomaly
2026-06-02 11:16:04,217.28777885437012,0,anomaly
2026-06-02 11:16:04,208.8918685913086,0,anomaly
2026-06-02 11:16:04,218.17588806152344,0,anomaly
2026-06-02 11:16:05,209.43069458007812,0,anomaly
2026-06-02 11:16:05,216.85242652893066,0,anomaly
2026-06-02 11:16:05,210.6153964996338,0,anomaly
2026-06-02 11:16:06,216.18151664733887,0,anomaly
2026-06-02 11:16:06,208.95123481750488,0,anomaly
2026-06-02 11:16:06,218.47891807556152,0,anomaly
2026-06-02 11:16:07,208.71496200561523,0,anomaly
2026-06-02 11:16:07,217.7577018737793,0,anomaly
2026-06-02 11:16:07,208.1737518310547,0,anomaly
2026-06-02 11:16:08,218.25718879699707,0,anomaly
2026-06-02 11:16:08,206.7251205444336,0,anomaly
2026-06-02 11:16:08,218.75262260437012,0,anomaly
2026-06-02 11:16:08,208.08053016662598,0,anomaly
2026-06-02 11:16:09,219.65956687927246,0,anomaly
2026-06-02 11:16:09,208.12320709228516,0,anomaly
2026-06-02 11:16:09,217.16904640197754,0,anomaly
2026-06-02 11:16:10,209.58399772644043,0,anomaly
2026-06-02 11:16:10,217.92006492614746,0,anomaly
2026-06-02 11:16:10,209.11526679992676,0,anomaly
2026-06-02 11:16:11,217.44346618652344,0,anomaly
2026-06-02 11:16:11,209.4111442565918,0,anomaly
2026-06-02 11:16:11,218.2319164276123,0,anomaly
2026-06-02 11:16:12,209.14149284362793,0,anomaly
2026-06-02 11:16:12,218.79243850708008,0,anomaly
2026-06-02 11:16:13,837.6591205596924,0,anomaly
2026-06-02 11:16:13,218.0473804473877,0,anomaly
2026-06-02 11:16:14,209.51437950134277,0,anomaly
2026-06-02 11:16:14,217.00811386108398,0,anomaly
2026-06-02 11:16:14,210.57534217834473,0,anomaly
2026-06-02 11:16:14,217.12446212768555,0,anomaly
2026-06-02 11:16:15,209.46264266967773,0,anomaly
2026-06-02 11:16:15,217.84639358520508,0,anomaly
2026-06-02 11:16:15,210.08825302124023,0,anomaly
2026-06-02 11:16:16,217.21243858337402,0,anomaly
2026-06-02 11:16:16,210.25371551513672,0,anomaly
2026-06-02 11:16:16,217.4983024597168,0,anomaly
2026-06-02 11:16:17,208.74714851379395,0,anomaly
2026-06-02 11:16:17,217.43321418762207,0,anomaly
2026-06-02 11:16:17,211.36164665222168,0,anomaly
2026-06-02 11:16:18,217.0267105102539,0,anomaly
2026-06-02 11:16:19,836.1141681671143,0,anomaly
2026-06-02 11:16:19,220.3364372253418,0,anomaly
2026-06-02 11:16:19,209.7764015197754,0,anomaly
2026-06-02 11:16:19,216.40634536743164,0,anomaly
2026-06-02 11:16:20,528.9690494537354,0,anomaly
2026-06-02 11:16:20,208.21809768676758,0,anomaly
2026-06-02 11:16:21,218.11795234680176,0,anomaly
2026-06-02 11:16:21,209.54275131225586,0,anomaly
2026-06-02 11:16:21,216.98474884033203,0,anomaly
2026-06-02 11:16:22,209.15627479553223,0,anomaly
2026-06-02 11:16:22,218.7328338623047,0,anomaly
2026-06-02 11:16:22,208.69088172912598,0,anomaly
2026-06-02 11:16:23,217.68832206726074,0,anomaly
2026-06-02 11:16:23,209.86318588256836,0,anomaly
2026-06-02 11:16:23,217.05341339111328,0,anomaly
2026-06-02 11:16:24,210.19792556762695,0,anomaly
2026-06-02 11:16:24,217.03195571899414,0,anomaly
2026-06-02 11:16:24,210.75034141540527,0,anomaly
2026-06-02 11:16:25,215.51966667175293,0,anomaly
2026-06-02 11:16:25,209.5329761505127,0,anomaly
2026-06-02 11:16:25,217.44632720947266,0,anomaly
2026-06-02 11:16:25,210.5097770690918,0,anomaly
2026-06-02 11:16:26,217.27299690246582,0,anomaly
2026-06-02 11:16:26,209.38563346862793,0,anomaly
2026-06-02 11:16:26,217.87333488464355,0,anomaly
2026-06-02 11:16:27,208.45341682434082,0,anomaly
2026-06-02 11:16:27,217.7729606628418,0,anomaly
2026-06-02 11:16:27,208.64272117614746,0,anomaly
2026-06-02 11:16:28,217.6964282989502,0,anomaly
2026-06-02 11:16:28,528.1152725219727,0,anomaly
2026-06-02 11:16:29,209.38348770141602,0,anomaly
2026-06-02 11:16:29,217.35167503356934,0,anomaly
2026-06-02 11:16:29,212.05401420593262,0,anomaly
2026-06-02 11:16:30,215.99388122558594,0,anomaly
2026-06-02 11:16:30,207.8573703765869,0,anomaly
2026-06-02 11:16:30,218.7798023223877,0,anomaly
2026-06-02 11:16:30,207.58366584777832,0,anomaly
2026-06-02 11:16:31,218.66440773010254,0,anomaly
2026-06-02 11:16:31,527.6143550872803,0,anomaly
2026-06-02 11:16:32,210.8316421508789,0,anomaly
2026-06-02 11:16:32,216.7947292327881,0,anomaly
2026-06-02 11:16:32,209.12647247314453,0,anomaly
2026-06-02 11:16:33,218.25671195983887,0,anomaly
2026-06-02 11:16:33,208.91380310058594,0,anomaly
2026-06-02 11:16:33,217.85259246826172,0,anomaly
2026-06-02 11:16:34,210.3877067565918,0,anomaly
2026-06-02 11:16:34,216.69864654541016,0,anomaly
2026-06-02 11:16:34,208.8932991027832,0,anomaly
2026-06-02 11:16:35,217.7422046661377,0,anomaly
2026-06-02 11:16:35,213.55319023132324,0,anomaly
2026-06-02 11:16:35,214.51759338378906,0,anomaly
2026-06-02 11:16:36,209.45024490356445,0,anomaly
2026-06-02 11:16:36,217.7438735961914,0,anomaly
2026-06-02 11:16:36,209.40423011779785,0,anomaly
2026-06-02 11:16:36,218.44768524169922,0,anomaly
2026-06-02 11:16:37,209.35320854187012,0,anomaly
2026-06-02 11:16:37,216.53103828430176,0,anomaly
2026-06-02 11:16:37,209.02490615844727,0,anomaly
2026-06-02 11:16:38,218.44792366027832,0,anomaly
2026-06-02 11:16:38,208.44054222106934,0,anomaly
2026-06-02 11:16:38,217.1165943145752,0,anomaly
2026-06-02 11:16:39,210.47472953796387,0,anomaly
2026-06-02 11:16:39,218.23525428771973,0,anomaly
2026-06-02 11:16:39,208.79578590393066,0,anomaly
2026-06-02 11:16:40,217.46158599853516,0,anomaly
2026-06-02 11:16:40,209.3954086303711,0,anomaly
2026-06-02 11:16:41,947.0059871673584,0,anomaly
2026-06-02 11:16:41,219.29216384887695,0,anomaly
2026-06-02 11:16:42,208.5256576538086,0,anomaly
2026-06-02 11:16:42,218.2612419128418,0,anomaly
2026-06-02 11:16:42,208.21261405944824,0,anomaly
2026-06-02 11:16:43,219.221830368042,0,anomaly
2026-06-02 11:16:43,208.0686092376709,0,anomaly
2026-06-02 11:16:43,473.3617305755615,0,anomaly
2026-06-02 11:16:44,271.625280380249,0,anomaly
2026-06-02 11:16:44,210.62254905700684,0,anomaly
2026-06-02 11:16:44,216.8262004852295,0,anomaly
2026-06-02 11:16:45,266.2086486816406,0,anomaly
2026-06-02 11:16:45,260.51974296569824,0,anomaly
2026-06-02 11:16:45,218.98984909057617,0,anomaly
2026-06-02 11:16:46,207.9002857208252,0,anomaly
2026-06-02 11:16:46,218.8408374786377,0,anomaly
2026-06-02 11:16:46,209.3343734741211,0,anomaly
2026-06-02 11:16:47,217.3452377319336,0,anomaly
2026-06-02 11:16:47,209.36894416809082,0,anomaly
2026-06-02 11:16:47,218.28317642211914,0,anomaly
2026-06-02 11:16:48,208.59003067016602,0,anomaly
2026-06-02 11:16:48,217.85950660705566,0,anomaly
2026-06-02 11:16:48,209.2428207397461,0,anomaly
2026-06-02 11:16:49,218.37639808654785,0,anomaly
2026-06-02 11:16:49,201.47943496704102,0,anomaly
2026-06-02 11:16:49,226.3953685760498,0,anomaly
2026-06-02 11:16:50,840.5122756958008,0,anomaly
2026-06-02 11:16:51,215.43145179748535,0,anomaly
2026-06-02 11:16:51,207.44657516479492,0,anomaly
2026-06-02 11:16:51,217.93770790100098,0,anomaly
2026-06-02 11:16:51,209.3491554260254,0,anomaly
2026-06-02 11:16:52,218.0917263031006,0,anomaly
2026-06-02 11:16:52,210.07585525512695,0,anomaly
2026-06-02 11:16:52,216.95232391357422,0,anomaly
2026-06-02 11:16:53,208.28533172607422,0,anomaly
2026-06-02 11:16:53,217.36407279968262,0,anomaly
2026-06-02 11:16:53,208.86826515197754,0,anomaly
2026-06-02 11:16:54,218.04404258728027,0,anomaly
2026-06-02 11:16:54,210.2346420288086,0,anomaly
2026-06-02 11:16:54,217.90194511413574,0,anomaly
2026-06-02 11:16:55,208.80508422851562,0,anomaly
2026-06-02 11:16:55,218.04547309875488,0,anomaly
2026-06-02 11:16:55,209.39993858337402,0,anomaly
2026-06-02 11:16:56,472.5818634033203,0,anomaly
2026-06-02 11:16:56,305.18436431884766,0,anomaly
2026-06-02 11:16:57,286.4084243774414,0,anomaly
2026-06-02 11:16:57,208.48345756530762,0,anomaly
2026-06-02 11:16:57,208.01568031311035,0,anomaly
2026-06-02 11:16:58,256.23273849487305,0,anomaly
2026-06-02 11:16:58,226.3805866241455,0,anomaly
2026-06-02 11:16:58,270.97225189208984,0,anomaly
2026-06-02 11:16:59,209.9781036376953,0,anomaly
2026-06-02 11:16:59,217.09656715393066,0,anomaly
2026-06-02 11:16:59,208.11128616333008,0,anomaly
2026-06-02 11:17:00,217.940092086792,0,anomaly
2026-06-02 11:17:00,209.59043502807617,0,anomaly
2026-06-02 11:17:00,217.87619590759277,0,anomaly
2026-06-02 11:17:00,209.40613746643066,0,anomaly
2026-06-02 11:17:01,201.00688934326172,0,anomaly
2026-06-02 11:17:01,225.97050666809082,0,anomaly
2026-06-02 11:17:01,237.3640537261963,0,anomaly
2026-06-02 11:17:02,201.3688087463379,0,anomaly
2026-06-02 11:17:02,239.7298812866211,0,anomaly
2026-06-02 11:17:03,327.8999328613281,0,anomaly
2026-06-02 11:17:03,223.72746467590332,0,anomaly
2026-06-02 11:17:03,210.06488800048828,0,anomaly
2026-06-02 11:17:04,268.8100337982178,0,anomaly
2026-06-02 11:17:04,209.18560028076172,0,anomaly
2026-06-02 11:17:04,217.32091903686523,0,anomaly
2026-06-02 11:17:04,208.10675621032715,0,anomaly
2026-06-02 11:17:05,218.5204029083252,0,anomaly
2026-06-02 11:17:05,208.9214324951172,0,anomaly
2026-06-02 11:17:05,218.02997589111328,0,anomaly
2026-06-02 11:17:06,208.99009704589844,0,anomaly
2026-06-02 11:17:06,270.3111171722412,0,anomaly
2026-06-02 11:17:07,307.93142318725586,0,anomaly
2026-06-02 11:17:07,276.9160270690918,0,anomaly
2026-06-02 11:17:07,209.22064781188965,0,anomaly
2026-06-02 11:17:08,217.26608276367188,0,anomaly
2026-06-02 11:17:08,208.9691162109375,0,anomaly
2026-06-02 11:17:08,217.61155128479004,0,anomaly
2026-06-02 11:17:08,209.52844619750977,0,anomaly
2026-06-02 11:17:09,217.65446662902832,0,anomaly
2026-06-02 11:17:09,210.3574275970459,0,anomaly
2026-06-02 11:17:09,217.51117706298828,0,anomaly
2026-06-02 11:17:10,208.86516571044922,0,anomaly
2026-06-02 11:17:10,220.69287300109863,0,anomaly
2026-06-02 11:17:10,204.53405380249023,0,anomaly
2026-06-02 11:17:11,201.2026309967041,0,anomaly
2026-06-02 11:17:11,278.583288192749,0,anomaly
2026-06-02 11:17:11,208.5871696472168,0,anomaly
2026-06-02 11:17:12,275.618314743042,0,anomaly
2026-06-02 11:17:12,256.23059272766113,0,anomaly
2026-06-02 11:17:12,219.041109085083,0,anomaly
2026-06-02 11:17:13,270.9798812866211,0,anomaly
2026-06-02 11:17:13,211.11679077148438,0,anomaly
2026-06-02 11:17:13,216.1238193511963,0,anomaly
2026-06-02 11:17:14,210.31427383422852,0,anomaly
2026-06-02 11:17:14,216.9036865234375,0,anomaly
2026-06-02 11:17:14,210.17146110534668,0,anomaly
2026-06-02 11:17:15,217.17381477355957,0,anomaly
2026-06-02 11:17:15,209.52677726745605,0,anomaly
2026-06-02 11:17:15,218.64700317382812,0,anomaly
2026-06-02 11:17:16,209.08880233764648,0,anomaly
2026-06-02 11:17:16,218.4739112854004,0,anomaly
2026-06-02 11:17:16,209.96499061584473,0,anomaly
2026-06-02 11:17:17,217.53692626953125,0,anomaly
2026-06-02 11:17:17,528.1264781951904,0,anomaly
2026-06-02 11:17:17,209.33938026428223,0,anomaly
2026-06-02 11:17:18,218.13392639160156,0,anomaly
2026-06-02 11:17:18,208.35542678833008,0,anomaly
2026-06-02 11:17:18,217.55552291870117,0,anomaly
2026-06-02 11:17:19,269.09351348876953,0,anomaly
2026-06-02 11:17:19,257.85136222839355,0,anomaly
2026-06-02 11:17:19,218.57714653015137,0,anomaly
2026-06-02 11:17:20,208.5433006286621,0,anomaly
2026-06-02 11:17:20,217.40031242370605,0,anomaly
2026-06-02 11:17:20,209.0475559234619,0,anomaly
2026-06-02 11:17:21,219.24519538879395,0,anomaly
2026-06-02 11:17:21,207.87930488586426,0,anomaly
2026-06-02 11:17:21,217.5579071044922,0,anomaly
2026-06-02 11:17:22,209.95140075683594,0,anomaly
2026-06-02 11:17:22,217.61536598205566,0,anomaly
2026-06-02 11:17:22,213.22393417358398,0,anomaly
2026-06-02 11:17:23,214.51640129089355,0,anomaly
2026-06-02 11:17:23,208.0671787261963,0,anomaly
2026-06-02 11:17:23,218.1246280670166,0,anomaly
2026-06-02 11:17:24,208.78148078918457,0,anomaly
2026-06-02 11:17:24,218.5811996459961,0,anomaly
2026-06-02 11:17:24,208.77885818481445,0,anomaly
2026-06-02 11:17:25,218.08958053588867,0,anomaly
2026-06-02 11:17:25,208.77385139465332,0,anomaly
2026-06-02 11:17:25,218.4586524963379,0,anomaly
2026-06-02 11:17:26,1001.4903545379639,1,anomaly
2026-06-02 11:17:27,365.31758308410645,0,anomaly
2026-06-02 11:17:27,217.43249893188477,0,anomaly
2026-06-02 11:17:27,209.08403396606445,0,anomaly
2026-06-02 11:17:28,218.58668327331543,0,anomaly
2026-06-02 11:17:28,210.2985382080078,0,anomaly
2026-06-02 11:17:28,215.68870544433594,0,anomaly
2026-06-02 11:17:29,209.8240852355957,0,anomaly
2026-06-02 11:17:29,217.30661392211914,0,anomaly
2026-06-02 11:17:30,838.0074501037598,0,anomaly
2026-06-02 11:17:30,217.4220085144043,0,anomaly
2026-06-02 11:17:30,211.17711067199707,0,anomaly
2026-06-02 11:17:31,216.04132652282715,0,anomaly
2026-06-02 11:17:31,210.56842803955078,0,anomaly
2026-06-02 11:17:31,216.47310256958008,0,anomaly
2026-06-02 11:17:32,208.8029384613037,0,anomaly
2026-06-02 11:17:32,218.98174285888672,0,anomaly
2026-06-02 11:17:32,209.10167694091797,0,anomaly
2026-06-02 11:17:33,218.32990646362305,0,anomaly
2026-06-02 11:17:33,209.75542068481445,0,anomaly
2026-06-02 11:17:33,216.1853313446045,0,anomaly
2026-06-02 11:17:34,209.51366424560547,0,anomaly
2026-06-02 11:17:34,218.23453903198242,0,anomaly
2026-06-02 11:17:34,208.6794376373291,0,anomaly
2026-06-02 11:17:35,218.0039882659912,0,anomaly
2026-06-02 11:17:35,209.34176445007324,0,anomaly
2026-06-02 11:17:35,217.35477447509766,0,anomaly
2026-06-02 11:17:36,210.01267433166504,0,anomaly
2026-06-02 11:17:36,216.71819686889648,0,anomaly
2026-06-02 11:17:36,209.458589553833,0,anomaly
2026-06-02 11:17:36,218.24073791503906,0,anomaly
2026-06-02 11:17:37,210.04462242126465,0,anomaly
2026-06-02 11:17:38,847.0134735107422,0,anomaly
2026-06-02 11:17:38,209.38992500305176,0,anomaly
2026-06-02 11:17:38,215.97909927368164,0,anomaly
2026-06-02 11:17:39,209.34772491455078,0,anomaly
2026-06-02 11:17:39,218.34087371826172,0,anomaly
2026-06-02 11:17:39,209.76662635803223,0,anomaly
2026-06-02 11:17:40,217.25201606750488,0,anomaly
2026-06-02 11:17:40,208.6811065673828,0,anomaly
2026-06-02 11:17:40,219.06542778015137,0,anomaly
2026-06-02 11:17:41,207.94987678527832,0,anomaly
2026-06-02 11:17:41,218.37234497070312,0,anomaly
2026-06-02 11:17:41,208.53805541992188,0,anomaly
2026-06-02 11:17:41,217.879056930542,0,anomaly
2026-06-02 11:17:42,208.65917205810547,0,anomaly
2026-06-02 11:17:42,251.58333778381348,0,anomaly
2026-06-02 11:17:42,232.28740692138672,0,anomaly
2026-06-02 11:17:43,208.2536220550537,0,anomaly
2026-06-02 11:17:43,302.8380870819092,0,anomaly
2026-06-02 11:17:44,287.1127128601074,0,anomaly
2026-06-02 11:17:44,208.3609104156494,0,anomaly
2026-06-02 11:17:44,218.66250038146973,0,anomaly
2026-06-02 11:17:45,209.40876007080078,0,anomaly
2026-06-02 11:17:45,218.52850914001465,0,anomaly
2026-06-02 11:17:45,208.33468437194824,0,anomaly
2026-06-02 11:17:45,217.76103973388672,0,anomaly
2026-06-02 11:17:46,209.2149257659912,0,anomaly
2026-06-02 11:17:46,218.47271919250488,0,anomaly
2026-06-02 11:17:46,209.98764038085938,0,anomaly
2026-06-02 11:17:47,947.4685192108154,0,anomaly
2026-06-02 11:17:48,217.85616874694824,0,anomaly
2026-06-02 11:17:48,209.29980278015137,0,anomaly
2026-06-02 11:17:48,217.30804443359375,0,anomaly
2026-06-02 11:17:49,209.27095413208008,0,anomaly
2026-06-02 11:17:49,217.94795989990234,0,anomaly
2026-06-02 11:17:49,208.7538242340088,0,anomaly
2026-06-02 11:17:50,218.8436985015869,0,anomaly
2026-06-02 11:17:50,208.42337608337402,0,anomaly
2026-06-02 11:17:51,847.3033905029297,0,anomaly
2026-06-02 11:17:51,209.61976051330566,0,anomaly
2026-06-02 11:17:52,217.61417388916016,0,anomaly
2026-06-02 11:17:52,209.51342582702637,0,anomaly
2026-06-02 11:17:52,217.15521812438965,0,anomaly
2026-06-02 11:17:52,209.8681926727295,0,anomaly
2026-06-02 11:17:53,217.6222801208496,0,anomaly
2026-06-02 11:17:53,209.55181121826172,0,anomaly
2026-06-02 11:17:53,216.87912940979004,0,anomaly
2026-06-02 11:17:54,209.7480297088623,0,anomaly
2026-06-02 11:17:54,216.89248085021973,0,anomaly
2026-06-02 11:17:54,208.63723754882812,0,anomaly
2026-06-02 11:17:55,218.31345558166504,0,anomaly
2026-06-02 11:17:55,209.73634719848633,0,anomaly
2026-06-02 11:17:56,527.9538631439209,0,anomaly
2026-06-02 11:17:56,217.03410148620605,0,anomaly
2026-06-02 11:17:56,208.89043807983398,0,anomaly
2026-06-02 11:17:57,217.58770942687988,0,anomaly
2026-06-02 11:17:57,210.2184295654297,0,anomaly
2026-06-02 11:17:57,218.1379795074463,0,anomaly
2026-06-02 11:17:58,208.01281929016113,0,anomaly
2026-06-02 11:17:58,473.17981719970703,0,anomaly
2026-06-02 11:17:58,273.35309982299805,0,anomaly
2026-06-02 11:17:59,212.34393119812012,0,anomaly
2026-06-02 11:17:59,214.9178981781006,0,anomaly
2026-06-02 11:17:59,208.56428146362305,0,anomaly
2026-06-02 11:18:00,217.20242500305176,0,anomaly
2026-06-02 11:18:00,208.1313133239746,0,anomaly
2026-06-02 11:18:00,217.90719032287598,0,anomaly
2026-06-02 11:18:01,210.4043960571289,0,anomaly
2026-06-02 11:18:01,215.8641815185547,0,anomaly
2026-06-02 11:18:01,252.7327537536621,0,anomaly
2026-06-02 11:18:02,384.59277153015137,0,anomaly
2026-06-02 11:18:02,208.71806144714355,0,anomaly
2026-06-02 11:18:02,217.40055084228516,0,anomaly
2026-06-02 11:18:04,948.4293460845947,0,anomaly
2026-06-02 11:18:04,209.20372009277344,0,anomaly
2026-06-02 11:18:04,217.03648567199707,0,anomaly
2026-06-02 11:18:04,209.03491973876953,0,anomaly
2026-06-02 11:18:05,217.9114818572998,0,anomaly
2026-06-02 11:18:05,209.63525772094727,0,anomaly
2026-06-02 11:18:05,217.68522262573242,0,anomaly
2026-06-02 11:18:06,209.35440063476562,0,anomaly
2026-06-02 11:18:06,218.0614471435547,0,anomaly
2026-06-02 11:18:06,208.48703384399414,0,anomaly
2026-06-02 11:18:07,218.14799308776855,0,anomaly
2026-06-02 11:18:07,209.8977565765381,0,anomaly
2026-06-02 11:18:07,217.31257438659668,0,anomaly
2026-06-02 11:18:08,209.88202095031738,0,anomaly
2026-06-02 11:18:08,216.74060821533203,0,anomaly
2026-06-02 11:18:08,209.8715305328369,0,anomaly
2026-06-02 11:18:09,217.29731559753418,0,anomaly
2026-06-02 11:18:09,209.6383571624756,0,anomaly
2026-06-02 11:18:09,217.03457832336426,0,anomaly
2026-06-02 11:18:09,209.65290069580078,0,anomaly
2026-06-02 11:18:10,218.8420295715332,0,anomaly
2026-06-02 11:18:10,207.92913436889648,0,anomaly
2026-06-02 11:18:10,217.91481971740723,0,anomaly
2026-06-02 11:18:11,209.40399169921875,0,anomaly
2026-06-02 11:18:11,218.21928024291992,0,anomaly
2026-06-02 11:18:11,208.99510383605957,0,anomaly
2026-06-02 11:18:12,528.9852619171143,0,anomaly
2026-06-02 11:18:12,216.7060375213623,0,anomaly
2026-06-02 11:18:13,208.96005630493164,0,anomaly
2026-06-02 11:18:13,217.22030639648438,0,anomaly
2026-06-02 11:18:13,210.25872230529785,0,anomaly
2026-06-02 11:18:14,217.06271171569824,0,anomaly
2026-06-02 11:18:14,209.10930633544922,0,anomaly
2026-06-02 11:18:14,471.94385528564453,0,anomaly
2026-06-02 11:18:15,274.68204498291016,0,anomaly
2026-06-02 11:18:15,208.35447311401367,0,anomaly
2026-06-02 11:18:15,218.77217292785645,0,anomaly
2026-06-02 11:18:16,209.89179611206055,0,anomaly
2026-06-02 11:18:17,946.0394382476807,0,anomaly
2026-06-02 11:18:17,528.1429290771484,0,anomaly
2026-06-02 11:18:18,218.20497512817383,0,anomaly
2026-06-02 11:18:18,208.91284942626953,0,anomaly
2026-06-02 11:18:18,218.44029426574707,0,anomaly
2026-06-02 11:18:19,208.82630348205566,0,anomaly
2026-06-02 11:18:19,218.69182586669922,0,anomaly
2026-06-02 11:18:19,210.22868156433105,0,anomaly
2026-06-02 11:18:20,216.12191200256348,0,anomaly
2026-06-02 11:18:20,210.73293685913086,0,anomaly
2026-06-02 11:18:21,526.918888092041,0,anomaly
2026-06-02 11:18:21,217.4968719482422,0,anomaly
2026-06-02 11:18:21,209.88178253173828,0,anomaly
2026-06-02 11:18:22,201.3113498687744,0,anomaly
2026-06-02 11:18:22,335.15477180480957,0,anomaly
2026-06-02 11:18:22,209.51294898986816,0,anomaly
2026-06-02 11:18:23,217.60869026184082,0,anomaly
2026-06-02 11:18:23,209.3963623046875,0,anomaly
2026-06-02 11:18:23,217.5896167755127,0,anomaly
2026-06-02 11:18:24,208.74953269958496,0,anomaly
2026-06-02 11:18:24,217.93246269226074,0,anomaly
2026-06-02 11:18:24,210.1423740386963,0,anomaly
2026-06-02 11:18:24,217.28038787841797,0,anomaly
2026-06-02 11:18:25,208.76550674438477,0,anomaly
2026-06-02 11:18:25,218.62149238586426,0,anomaly
2026-06-02 11:18:25,209.7311019897461,0,anomaly
2026-06-02 11:18:26,217.71669387817383,0,anomaly
2026-06-02 11:18:26,208.9545726776123,0,anomaly
2026-06-02 11:18:26,218.71447563171387,0,anomaly
2026-06-02 11:18:27,201.24506950378418,0,anomaly
2026-06-02 11:18:27,256.7727565765381,0,anomaly
2026-06-02 11:18:27,287.6930236816406,0,anomaly
2026-06-02 11:18:28,209.8684310913086,0,anomaly
2026-06-02 11:18:28,217.8971767425537,0,anomaly
2026-06-02 11:18:28,210.7861042022705,0,anomaly
2026-06-02 11:18:29,216.6433334350586,0,anomaly
2026-06-02 11:18:29,210.45255661010742,0,anomaly
2026-06-02 11:18:29,207.80038833618164,0,anomaly
2026-06-02 11:18:30,255.56325912475586,0,anomaly
2026-06-02 11:18:30,208.21213722229004,0,anomaly
2026-06-02 11:18:30,291.66460037231445,0,anomaly
2026-06-02 11:18:31,209.12671089172363,0,anomaly
2026-06-02 11:18:31,217.90337562561035,0,anomaly
2026-06-02 11:18:31,209.34295654296875,0,anomaly
2026-06-02 11:18:32,218.56689453125,0,anomaly
2026-06-02 11:18:32,209.8536491394043,0,anomaly
2026-06-02 11:18:32,217.44084358215332,0,anomaly
2026-06-02 11:18:33,209.18869972229004,0,anomaly
2026-06-02 11:18:33,218.2595729827881,0,anomaly
2026-06-02 11:18:33,209.40732955932617,0,anomaly
2026-06-02 11:18:33,218.37091445922852,0,anomaly
2026-06-02 11:18:34,209.4552516937256,0,anomaly
2026-06-02 11:18:34,217.9088592529297,0,anomaly
2026-06-02 11:18:34,209.59806442260742,0,anomaly
2026-06-02 11:18:35,217.47779846191406,0,anomaly
2026-06-02 11:18:35,209.34510231018066,0,anomaly
2026-06-02 11:18:35,218.04141998291016,0,anomaly
2026-06-02 11:18:36,252.1841526031494,0,anomaly
2026-06-02 11:18:36,412.13250160217285,0,anomaly
2026-06-02 11:18:37,291.84746742248535,0,anomaly
2026-06-02 11:18:37,208.79578590393066,0,anomaly
2026-06-02 11:18:37,218.00565719604492,0,anomaly
2026-06-02 11:18:38,208.19807052612305,0,anomaly
2026-06-02 11:18:38,218.22166442871094,0,anomaly
2026-06-02 11:18:38,208.1444263458252,0,anomaly
2026-06-02 11:18:39,271.1186408996582,0,anomaly
2026-06-02 11:18:39,213.3491039276123,0,anomaly
2026-06-02 11:18:39,208.81342887878418,0,anomaly
2026-06-02 11:18:40,264.7662162780762,0,anomaly
2026-06-02 11:18:40,273.2210159301758,0,anomaly
2026-06-02 11:18:40,207.00693130493164,0,anomaly
2026-06-02 11:18:41,217.66233444213867,0,anomaly
2026-06-02 11:18:41,262.21752166748047,0,anomaly
2026-06-02 11:18:41,218.50848197937012,0,anomaly
2026-06-02 11:18:42,208.47463607788086,0,anomaly
2026-06-02 11:18:42,217.6525592803955,0,anomaly
2026-06-02 11:18:42,210.00909805297852,0,anomaly
2026-06-02 11:18:43,217.4055576324463,0,anomaly
2026-06-02 11:18:43,210.6344699859619,0,anomaly
2026-06-02 11:18:43,216.31169319152832,0,anomaly
2026-06-02 11:18:43,212.0342254638672,0,anomaly
2026-06-02 11:18:44,215.26336669921875,0,anomaly
2026-06-02 11:18:44,206.92110061645508,0,anomaly
2026-06-02 11:18:44,216.70150756835938,0,anomaly
2026-06-02 11:18:45,205.42120933532715,0,anomaly
2026-06-02 11:18:45,215.35921096801758,0,anomaly
2026-06-02 11:18:45,207.5333595275879,0,anomaly
2026-06-02 11:18:46,218.0037498474121,0,anomaly
2026-06-02 11:18:46,210.27255058288574,0,anomaly
2026-06-02 11:18:46,214.39337730407715,0,anomaly
2026-06-02 11:18:47,208.3451747894287,0,anomaly
2026-06-02 11:18:47,216.33005142211914,0,anomaly
2026-06-02 11:18:47,208.0669403076172,0,anomaly
2026-06-02 11:18:48,218.34874153137207,0,anomaly
2026-06-02 11:18:48,207.11660385131836,0,anomaly
2026-06-02 11:18:48,213.81807327270508,0,anomaly
2026-06-02 11:18:48,208.56070518493652,0,anomaly
2026-06-02 11:18:49,848.4668731689453,0,anomaly
2026-06-02 11:18:50,306.3244819641113,0,anomaly
2026-06-02 11:18:50,204.3282985687256,0,anomaly
2026-06-02 11:18:50,212.51153945922852,0,anomaly
2026-06-02 11:18:51,210.68644523620605,0,anomaly
2026-06-02 11:18:51,211.0919952392578,0,anomaly
2026-06-02 11:18:51,207.3538303375244,0,anomaly
2026-06-02 11:18:52,264.5876407623291,0,anomaly
2026-06-02 11:18:52,201.6451358795166,0,anomaly
2026-06-02 11:18:52,212.50510215759277,0,anomaly
2026-06-02 11:18:53,211.78102493286133,0,anomaly
2026-06-02 11:18:53,203.77373695373535,0,anomaly
2026-06-02 11:18:53,222.7785587310791,0,anomaly
2026-06-02 11:18:54,254.3318271636963,0,anomaly
2026-06-02 11:18:54,345.0028896331787,0,anomaly
2026-06-02 11:18:55,307.7514171600342,0,anomaly
2026-06-02 11:18:55,261.6395950317383,0,anomaly
2026-06-02 11:18:55,270.72691917419434,0,anomaly
2026-06-02 11:18:56,210.71863174438477,0,anomaly
2026-06-02 11:18:56,216.0348892211914,0,anomaly
2026-06-02 11:18:56,207.45587348937988,0,anomaly
2026-06-02 11:18:57,474.2863178253174,0,anomaly
2026-06-02 11:18:57,273.06199073791504,0,anomaly
2026-06-02 11:18:58,209.4104290008545,0,anomaly
2026-06-02 11:18:58,217.9245948791504,0,anomaly
2026-06-02 11:18:58,526.3752937316895,0,anomaly
2026-06-02 11:18:59,207.09514617919922,0,anomaly
2026-06-02 11:18:59,215.64435958862305,0,anomaly
2026-06-02 11:18:59,207.60440826416016,0,anomaly
2026-06-02 11:19:00,216.0336971282959,0,anomaly
2026-06-02 11:19:00,208.09531211853027,0,anomaly
2026-06-02 11:19:00,215.35062789916992,0,anomaly
2026-06-02 11:19:01,206.41183853149414,0,anomaly
2026-06-02 11:19:01,214.63465690612793,0,anomaly
2026-06-02 11:19:01,206.6960334777832,0,anomaly
2026-06-02 11:19:02,213.33599090576172,0,anomaly
2026-06-02 11:19:02,208.39595794677734,0,anomaly
2026-06-02 11:19:02,469.7606563568115,0,anomaly
2026-06-02 11:19:03,271.68726921081543,0,anomaly
2026-06-02 11:19:03,207.49378204345703,0,anomaly
2026-06-02 11:19:03,202.94690132141113,0,anomaly
2026-06-02 11:19:04,322.35026359558105,0,anomaly
2026-06-02 11:19:04,315.55819511413574,0,anomaly
2026-06-02 11:19:05,208.0538272857666,0,anomaly
2026-06-02 11:19:05,214.15066719055176,0,anomaly
2026-06-02 11:19:05,207.85975456237793,0,anomaly
2026-06-02 11:19:06,218.86229515075684,0,anomaly
2026-06-02 11:19:06,205.47795295715332,0,anomaly
2026-06-02 11:19:06,216.20798110961914,0,anomaly
2026-06-02 11:19:07,207.5490951538086,0,anomaly
2026-06-02 11:19:07,216.25185012817383,0,anomaly
2026-06-02 11:19:07,206.71510696411133,0,anomaly
2026-06-02 11:19:07,215.25120735168457,0,anomaly
2026-06-02 11:19:08,210.68572998046875,0,anomaly
2026-06-02 11:19:08,214.25724029541016,0,anomaly
2026-06-02 11:19:08,207.97085762023926,0,anomaly
2026-06-02 11:19:09,216.44830703735352,0,anomaly
2026-06-02 11:19:09,206.60901069641113,0,anomaly
2026-06-02 11:19:09,216.63641929626465,0,anomaly
2026-06-02 11:19:10,207.61728286743164,0,anomaly
2026-06-02 11:19:10,215.8956527709961,0,anomaly
2026-06-02 11:19:10,208.2669734954834,0,anomaly
2026-06-02 11:19:11,215.31057357788086,0,anomaly
2026-06-02 11:19:11,207.11183547973633,0,anomaly
2026-06-02 11:19:11,213.17696571350098,0,anomaly
2026-06-02 11:19:12,207.91149139404297,0,anomaly
2026-06-02 11:19:12,215.9407138824463,0,anomaly
2026-06-02 11:19:12,210.5712890625,0,anomaly
2026-06-02 11:19:13,215.96765518188477,0,anomaly
2026-06-02 11:19:13,207.6416015625,0,anomaly
2026-06-02 11:19:13,214.57433700561523,0,anomaly
2026-06-02 11:19:13,205.4135799407959,0,anomaly
2026-06-02 11:19:14,217.10443496704102,0,anomaly
2026-06-02 11:19:14,207.14592933654785,0,anomaly
2026-06-02 11:19:14,217.26608276367188,0,anomaly
2026-06-02 11:19:15,207.5979709625244,0,anomaly
2026-06-02 11:19:15,216.01629257202148,0,anomaly
2026-06-02 11:19:15,207.9761028289795,0,anomaly
2026-06-02 11:19:16,216.59302711486816,0,anomaly
2026-06-02 11:19:16,201.11370086669922,0,anomaly
2026-06-02 11:19:16,268.4464454650879,0,anomaly
2026-06-02 11:19:17,268.7819004058838,0,anomaly
2026-06-02 11:19:17,208.04333686828613,0,anomaly
2026-06-02 11:19:17,216.21465682983398,0,anomaly
2026-06-02 11:19:18,315.5641555786133,0,anomaly
2026-06-02 11:19:18,208.38117599487305,0,anomaly
2026-06-02 11:19:18,212.50104904174805,0,anomaly
2026-06-02 11:19:19,290.9419536590576,0,anomaly
2026-06-02 11:19:19,208.2674503326416,0,anomaly
2026-06-02 11:19:19,216.24279022216797,0,anomaly
2026-06-02 11:19:20,208.7719440460205,0,anomaly
2026-06-02 11:19:20,213.93823623657227,0,anomaly
2026-06-02 11:19:20,208.19091796875,0,anomaly
2026-06-02 11:19:21,215.93904495239258,0,anomaly
2026-06-02 11:19:21,206.70080184936523,0,anomaly
2026-06-02 11:19:21,215.40355682373047,0,anomaly
2026-06-02 11:19:22,201.42745971679688,0,anomaly
2026-06-02 11:19:22,270.71142196655273,0,anomaly
2026-06-02 11:19:22,269.63043212890625,0,anomaly
2026-06-02 11:19:23,207.7319622039795,0,anomaly
2026-06-02 11:19:23,216.25876426696777,0,anomaly
2026-06-02 11:19:23,208.3885669708252,0,anomaly
2026-06-02 11:19:24,215.85798263549805,0,anomaly
2026-06-02 11:19:24,205.96933364868164,0,anomaly
2026-06-02 11:19:24,216.16816520690918,0,anomaly
2026-06-02 11:19:25,207.6435089111328,0,anomaly
2026-06-02 11:19:25,216.08495712280273,0,anomaly
2026-06-02 11:19:25,206.84123039245605,0,anomaly
2026-06-02 11:19:26,471.3399410247803,0,anomaly
2026-06-02 11:19:26,271.547794342041,0,anomaly
2026-06-02 11:19:26,207.85188674926758,0,anomaly
2026-06-02 11:19:27,216.37892723083496,0,anomaly
2026-06-02 11:19:27,207.33928680419922,0,anomaly
2026-06-02 11:19:27,215.84439277648926,0,anomaly
2026-06-02 11:19:28,208.11128616333008,0,anomaly
2026-06-02 11:19:28,215.55495262145996,0,anomaly
2026-06-02 11:19:28,208.59980583190918,0,anomaly
2026-06-02 11:19:29,214.30468559265137,0,anomaly
2026-06-02 11:19:29,207.61823654174805,0,anomaly
2026-06-02 11:19:30,845.9064960479736,0,anomaly
2026-06-02 11:19:30,208.56118202209473,0,anomaly
2026-06-02 11:19:31,216.31264686584473,0,anomaly
2026-06-02 11:19:31,207.17859268188477,0,anomaly
2026-06-02 11:19:31,213.6847972869873,0,anomaly
2026-06-02 11:19:31,207.71408081054688,0,anomaly
2026-06-02 11:19:32,215.40236473083496,0,anomaly
2026-06-02 11:19:32,208.5132598876953,0,anomaly
2026-06-02 11:19:32,212.91303634643555,0,anomaly
2026-06-02 11:19:33,207.8852653503418,0,anomaly
2026-06-02 11:19:33,207.28039741516113,0,anomaly
2026-06-02 11:19:33,268.28646659851074,0,anomaly
2026-06-02 11:19:34,212.27288246154785,0,anomaly
2026-06-02 11:19:34,274.4119167327881,0,anomaly
2026-06-02 11:19:34,200.95276832580566,0,anomaly
2026-06-02 11:19:35,214.39528465270996,0,anomaly
2026-06-02 11:19:35,206.33912086486816,0,anomaly
2026-06-02 11:19:35,216.36462211608887,0,anomaly
2026-06-02 11:19:36,207.08036422729492,0,anomaly
2026-06-02 11:19:36,215.6212329864502,0,anomaly
2026-06-02 11:19:36,208.17828178405762,0,anomaly
2026-06-02 11:19:37,217.51737594604492,0,anomaly
2026-06-02 11:19:37,206.79831504821777,0,anomaly
2026-06-02 11:19:37,217.9112434387207,0,anomaly
2026-06-02 11:19:38,205.89041709899902,0,anomaly
2026-06-02 11:19:38,216.8891429901123,0,anomaly
2026-06-02 11:19:38,208.59241485595703,0,anomaly
2026-06-02 11:19:39,215.4257297515869,0,anomaly
2026-06-02 11:19:39,207.2458267211914,0,anomaly
2026-06-02 11:19:39,216.20821952819824,0,anomaly
2026-06-02 11:19:39,208.76598358154297,0,anomaly
2026-06-02 11:19:40,214.67137336730957,0,anomaly
2026-06-02 11:19:41,834.7001075744629,0,anomaly
2026-06-02 11:19:41,215.01803398132324,0,anomaly
2026-06-02 11:19:41,206.9385051727295,0,anomaly
2026-06-02 11:19:42,201.52616500854492,0,anomaly
2026-06-02 11:19:42,333.47344398498535,0,anomaly
2026-06-02 11:19:42,211.3473415374756,0,anomaly
2026-06-02 11:19:43,215.83056449890137,0,anomaly
2026-06-02 11:19:43,208.8758945465088,0,anomaly
2026-06-02 11:19:43,217.78464317321777,0,anomaly
2026-06-02 11:19:44,207.92007446289062,0,anomaly
2026-06-02 11:19:44,216.91393852233887,0,anomaly
2026-06-02 11:19:44,208.19425582885742,0,anomaly
2026-06-02 11:19:45,250.60772895812988,0,anomaly
2026-06-02 11:19:45,308.3317279815674,0,anomaly
2026-06-02 11:19:45,292.421817779541,0,anomaly
2026-06-02 11:19:46,206.20274543762207,0,anomaly
2026-06-02 11:19:46,217.390775680542,0,anomaly
2026-06-02 11:19:46,206.6488265991211,0,anomaly
2026-06-02 11:19:47,214.86353874206543,0,anomaly
2026-06-02 11:19:47,205.98220825195312,0,anomaly
2026-06-02 11:19:47,217.30780601501465,0,anomaly
2026-06-02 11:19:48,207.1671485900879,0,anomaly
2026-06-02 11:19:48,215.29769897460938,0,anomaly
2026-06-02 11:19:48,208.1613540649414,0,anomaly
2026-06-02 11:19:49,214.8425579071045,0,anomaly
2026-06-02 11:19:49,208.0841064453125,0,anomaly
2026-06-02 11:19:49,216.1698341369629,0,anomaly
2026-06-02 11:19:50,204.66041564941406,0,anomaly
2026-06-02 11:19:50,470.06821632385254,0,anomaly
2026-06-02 11:19:50,272.3240852355957,0,anomaly
2026-06-02 11:19:51,207.7329158782959,0,anomaly
2026-06-02 11:19:51,216.3827419281006,0,anomaly
2026-06-02 11:19:51,208.40859413146973,0,anomaly
2026-06-02 11:19:52,215.728759765625,0,anomaly
2026-06-02 11:19:52,208.93549919128418,0,anomaly
2026-06-02 11:19:52,215.5001163482666,0,anomaly
2026-06-02 11:19:53,206.773042678833,0,anomaly
2026-06-02 11:19:53,250.03695487976074,0,anomaly
2026-06-02 11:19:53,311.22827529907227,0,anomaly
2026-06-02 11:19:54,290.65442085266113,0,anomaly
2026-06-02 11:19:54,207.90624618530273,0,anomaly
2026-06-02 11:19:54,214.97607231140137,0,anomaly
2026-06-02 11:19:55,208.58073234558105,0,anomaly
2026-06-02 11:19:55,216.17984771728516,0,anomaly
2026-06-02 11:19:55,208.48917961120605,0,anomaly
2026-06-02 11:19:56,215.98362922668457,0,anomaly
2026-06-02 11:19:56,205.62028884887695,0,anomaly
2026-06-02 11:19:56,214.56313133239746,0,anomaly
2026-06-02 11:19:57,207.777738571167,0,anomaly
2026-06-02 11:19:57,216.67933464050293,0,anomaly
2026-06-02 11:19:57,205.29866218566895,0,anomaly
2026-06-02 11:19:58,216.79210662841797,0,anomaly
2026-06-02 11:19:58,207.57675170898438,0,anomaly
2026-06-02 11:19:58,216.09187126159668,0,anomaly
2026-06-02 11:19:59,208.75239372253418,0,anomaly
2026-06-02 11:19:59,215.96407890319824,0,anomaly
2026-06-02 11:19:59,206.37249946594238,0,anomaly
2026-06-02 11:19:59,217.04983711242676,0,anomaly
2026-06-02 11:20:00,208.04905891418457,0,anomaly
2026-06-02 11:20:00,214.89500999450684,0,anomaly
2026-06-02 11:20:00,210.22462844848633,0,anomaly
2026-06-02 11:20:01,216.86458587646484,0,anomaly
2026-06-02 11:20:01,205.31678199768066,0,anomaly
2026-06-02 11:20:02,843.1625366210938,0,anomaly
2026-06-02 11:20:02,208.0972194671631,0,anomaly
2026-06-02 11:20:03,216.34268760681152,0,anomaly
2026-06-02 11:20:03,206.5896987915039,0,anomaly
2026-06-02 11:20:03,217.09036827087402,0,anomaly
2026-06-02 11:20:04,206.86721801757812,0,anomaly
2026-06-02 11:20:04,214.15305137634277,0,anomaly
2026-06-02 11:20:04,206.32481575012207,0,anomaly
2026-06-02 11:20:05,215.87061882019043,0,anomaly
2026-06-02 11:20:05,208.0545425415039,0,anomaly
2026-06-02 11:20:05,216.9036865234375,0,anomaly
2026-06-02 11:20:05,206.74419403076172,0,anomaly
2026-06-02 11:20:06,217.53382682800293,0,anomaly
2026-06-02 11:20:06,206.50267601013184,0,anomaly
2026-06-02 11:20:06,216.25399589538574,0,anomaly
2026-06-02 11:20:07,207.6568603515625,0,anomaly
2026-06-02 11:20:07,216.60089492797852,0,anomaly
2026-06-02 11:20:07,208.20283889770508,0,anomaly
2026-06-02 11:20:08,215.93737602233887,0,anomaly
2026-06-02 11:20:08,206.92825317382812,0,anomaly
2026-06-02 11:20:08,215.73877334594727,0,anomaly
2026-06-02 11:20:09,207.40199089050293,0,anomaly
2026-06-02 11:20:09,212.28933334350586,0,anomaly
2026-06-02 11:20:09,206.38203620910645,0,anomaly
2026-06-02 11:20:10,216.49956703186035,0,anomaly
2026-06-02 11:20:10,204.73957061767578,0,anomaly
2026-06-02 11:20:10,216.37606620788574,0,anomaly
2026-06-02 11:20:10,206.20059967041016,0,anomaly
2026-06-02 11:20:11,216.7191505432129,0,anomaly
2026-06-02 11:20:11,207.30328559875488,0,anomaly
2026-06-02 11:20:11,215.66319465637207,0,anomaly
2026-06-02 11:20:12,207.52787590026855,0,anomaly
2026-06-02 11:20:12,215.86275100708008,0,anomaly
2026-06-02 11:20:12,207.46469497680664,0,anomaly
2026-06-02 11:20:13,216.08901023864746,0,anomaly
2026-06-02 11:20:13,208.47606658935547,0,anomaly
2026-06-02 11:20:14,526.3664722442627,0,anomaly
2026-06-02 11:20:14,216.51148796081543,0,anomaly
2026-06-02 11:20:14,206.53104782104492,0,anomaly
2026-06-02 11:20:15,215.90542793273926,0,anomaly
2026-06-02 11:20:15,205.94310760498047,0,anomaly
2026-06-02 11:20:15,215.78073501586914,0,anomaly
2026-06-02 11:20:16,207.5331211090088,0,anomaly
2026-06-02 11:20:16,201.38788223266602,0,anomaly
2026-06-02 11:20:16,222.72467613220215,0,anomaly
2026-06-02 11:20:16,232.9707145690918,0,anomaly
2026-06-02 11:20:17,297.61624336242676,0,anomaly
2026-06-02 11:20:17,206.91609382629395,0,anomaly
2026-06-02 11:20:18,201.41935348510742,0,anomaly
2026-06-02 11:20:18,373.64816665649414,0,anomaly
2026-06-02 11:20:18,269.9429988861084,0,anomaly
2026-06-02 11:20:19,207.3967456817627,0,anomaly
2026-06-02 11:20:19,216.22371673583984,0,anomaly
2026-06-02 11:20:19,207.44752883911133,0,anomaly
2026-06-02 11:20:20,215.90209007263184,0,anomaly
2026-06-02 11:20:20,207.50689506530762,0,anomaly
2026-06-02 11:20:20,215.7754898071289,0,anomaly
2026-06-02 11:20:21,207.78846740722656,0,anomaly
2026-06-02 11:20:21,216.00961685180664,0,anomaly
2026-06-02 11:20:21,206.89749717712402,0,anomaly
2026-06-02 11:20:22,215.01827239990234,0,anomaly
2026-06-02 11:20:22,207.08298683166504,0,anomaly
2026-06-02 11:20:22,216.55821800231934,0,anomaly
2026-06-02 11:20:22,205.24930953979492,0,anomaly
2026-06-02 11:20:23,216.45307540893555,0,anomaly
2026-06-02 11:20:23,207.43536949157715,0,anomaly
2026-06-02 11:20:24,470.80540657043457,0,anomaly
2026-06-02 11:20:24,270.42508125305176,0,anomaly
2026-06-02 11:20:24,207.24987983703613,0,anomaly
2026-06-02 11:20:25,214.83993530273438,0,anomaly
2026-06-02 11:20:25,208.54711532592773,0,anomaly
2026-06-02 11:20:25,215.47603607177734,0,anomaly
2026-06-02 11:20:26,207.30304718017578,0,anomaly
2026-06-02 11:20:26,216.48859977722168,0,anomaly
2026-06-02 11:20:26,205.98816871643066,0,anomaly
2026-06-02 11:20:27,215.29579162597656,0,anomaly
2026-06-02 11:20:27,206.24876022338867,0,anomaly
2026-06-02 11:20:27,218.3537483215332,0,anomaly
2026-06-02 11:20:27,203.99045944213867,0,anomaly
2026-06-02 11:20:28,216.19749069213867,0,anomaly
2026-06-02 11:20:28,207.74078369140625,0,anomaly
2026-06-02 11:20:28,216.07685089111328,0,anomaly
2026-06-02 11:20:29,204.34260368347168,0,anomaly
2026-06-02 11:20:29,213.20486068725586,0,anomaly
2026-06-02 11:20:29,207.7772617340088,0,anomaly
2026-06-02 11:20:30,216.2623405456543,0,anomaly
2026-06-02 11:20:30,248.75569343566895,0,anomaly
2026-06-02 11:20:31,410.3200435638428,0,anomaly
2026-06-02 11:20:31,285.2187156677246,0,anomaly
2026-06-02 11:20:31,206.97808265686035,0,anomaly
2026-06-02 11:20:32,215.74735641479492,0,anomaly
2026-06-02 11:20:32,207.15713500976562,0,anomaly
2026-06-02 11:20:32,216.49718284606934,0,anomaly
2026-06-02 11:20:33,206.63070678710938,0,anomaly
2026-06-02 11:20:33,216.4621353149414,0,anomaly
2026-06-02 11:20:33,527.0013809204102,0,anomaly
2026-06-02 11:20:34,207.5972557067871,0,anomaly
2026-06-02 11:20:34,216.90821647644043,0,anomaly
2026-06-02 11:20:34,206.0873508453369,0,anomaly
2026-06-02 11:20:35,217.07510948181152,0,anomaly
2026-06-02 11:20:35,207.8719139099121,0,anomaly
2026-06-02 11:20:35,214.08390998840332,0,anomaly
2026-06-02 11:20:36,206.70318603515625,0,anomaly
2026-06-02 11:20:36,200.89364051818848,0,anomaly
2026-06-02 11:20:36,273.4992504119873,0,anomaly
2026-06-02 11:20:37,207.11421966552734,0,anomaly
2026-06-02 11:20:37,275.81119537353516,0,anomaly
2026-06-02 11:20:38,942.2461986541748,0,anomaly
2026-06-02 11:20:38,207.72314071655273,0,anomaly
2026-06-02 11:20:39,210.13832092285156,0,anomaly
2026-06-02 11:20:39,207.20744132995605,0,anomaly
2026-06-02 11:20:39,215.06738662719727,0,anomaly
2026-06-02 11:20:40,208.19425582885742,0,anomaly
2026-06-02 11:20:40,216.16101264953613,0,anomaly
2026-06-02 11:20:40,204.9729824066162,0,anomaly
2026-06-02 11:20:41,527.6708602905273,0,anomaly
2026-06-02 11:20:42,943.3972835540771,0,anomaly
2026-06-02 11:20:42,215.1045799255371,0,anomaly
2026-06-02 11:20:43,208.97674560546875,0,anomaly
2026-06-02 11:20:43,216.34984016418457,0,anomaly
2026-06-02 11:20:43,207.0915699005127,0,anomaly
2026-06-02 11:20:44,216.78519248962402,0,anomaly
2026-06-02 11:20:44,209.29431915283203,0,anomaly
2026-06-02 11:20:45,843.3630466461182,0,anomaly
2026-06-02 11:20:45,207.9615592956543,0,anomaly
2026-06-02 11:20:45,216.43900871276855,0,anomaly
2026-06-02 11:20:46,207.66401290893555,0,anomaly
2026-06-02 11:20:47,845.2229499816895,0,anomaly
2026-06-02 11:20:47,208.08839797973633,0,anomaly
2026-06-02 11:20:47,217.72027015686035,0,anomaly
2026-06-02 11:20:48,205.42073249816895,0,anomaly
2026-06-02 11:20:48,216.5091037750244,0,anomaly
2026-06-02 11:20:48,206.8929672241211,0,anomaly
2026-06-02 11:20:49,217.15450286865234,0,anomaly
2026-06-02 11:20:49,206.70485496520996,0,anomaly
2026-06-02 11:20:49,215.54994583129883,0,anomaly
2026-06-02 11:20:49,208.1911563873291,0,anomaly
2026-06-02 11:20:50,215.2879238128662,0,anomaly
2026-06-02 11:20:50,206.1314582824707,0,anomaly
2026-06-02 11:20:50,215.64030647277832,0,anomaly
2026-06-02 11:20:51,207.81588554382324,0,anomaly
2026-06-02 11:20:51,216.59588813781738,0,anomaly
2026-06-02 11:20:51,208.08649063110352,0,anomaly
2026-06-02 11:20:52,216.56322479248047,0,anomaly
2026-06-02 11:20:52,207.07964897155762,0,anomaly
2026-06-02 11:20:52,216.88008308410645,0,anomaly
2026-06-02 11:20:53,836.0919952392578,0,anomaly
2026-06-02 11:20:54,216.6309356689453,0,anomaly
2026-06-02 11:20:54,209.67555046081543,0,anomaly
2026-06-02 11:20:54,213.75584602355957,0,anomaly
2026-06-02 11:20:55,208.12034606933594,0,anomaly
2026-06-02 11:20:55,214.9488925933838,0,anomaly
2026-06-02 11:20:55,207.28087425231934,0,anomaly
2026-06-02 11:20:55,217.92101860046387,0,anomaly
2026-06-02 11:20:56,205.6868076324463,0,anomaly
2026-06-02 11:20:56,216.86053276062012,0,anomaly
