2026-06-07 20:18:08,310.95123291015625,0,1
2026-06-07 20:18:08,243.12329292297363,0,1
2026-06-07 20:18:09,309.69929695129395,0,1
2026-06-07 20:18:09,246.08445167541504,0,1
2026-06-07 20:18:09,252.48432159423828,0,1
2026-06-07 20:18:10,247.56145477294922,0,1
2026-06-07 20:18:10,339.1399383544922,0,1
2026-06-07 20:18:10,190.9162998199463,0,1
2026-06-07 20:18:11,319.6384906768799,0,1
2026-06-07 20:18:11,239.8393154144287,0,1
2026-06-07 20:18:11,260.5140209197998,0,1
2026-06-07 20:18:12,285.34770011901855,0,1
2026-06-07 20:18:12,310.9874725341797,0,1
2026-06-07 20:18:13,277.90188789367676,0,1
2026-06-07 20:18:13,287.1081829071045,0,1
2026-06-07 20:18:13,339.99037742614746,0,1
2026-06-07 20:18:14,250.47683715820312,0,1
2026-06-07 20:18:14,251.50299072265625,0,1
2026-06-07 20:18:15,261.3675594329834,0,1
2026-06-07 20:18:15,230.3013801574707,0,1
2026-06-07 20:18:15,279.9546718597412,0,1
2026-06-07 20:18:16,245.92876434326172,0,1
2026-06-07 20:18:16,212.01586723327637,0,1
2026-06-07 20:18:16,252.12907791137695,0,1
2026-06-07 20:18:17,343.3353900909424,0,1
2026-06-07 20:18:17,278.0113220214844,0,1
2026-06-07 20:18:17,152.12249755859375,0,1
2026-06-07 20:18:18,266.6199207305908,0,1
2026-06-07 20:18:18,231.64653778076172,0,1
2026-06-07 20:18:18,251.2814998626709,0,1
2026-06-07 20:18:19,285.1443290710449,0,1
2026-06-07 20:18:19,239.14170265197754,0,1
2026-06-07 20:18:19,238.90924453735352,0,1
2026-06-07 20:18:20,293.49637031555176,0,1
2026-06-07 20:18:20,291.4705276489258,0,1
2026-06-07 20:18:21,294.09170150756836,0,1
2026-06-07 20:18:21,287.2145175933838,0,1
2026-06-07 20:18:21,257.6487064361572,0,1
2026-06-07 20:18:22,285.33124923706055,0,1
2026-06-07 20:18:22,305.07898330688477,0,1
2026-06-07 20:18:23,302.14571952819824,0,1
2026-06-07 20:18:23,252.45141983032227,0,1
2026-06-07 20:18:23,302.77252197265625,0,1
2026-06-07 20:18:24,326.63583755493164,0,1
2026-06-07 20:18:24,300.91309547424316,0,1
2026-06-07 20:18:25,258.6040496826172,0,1
2026-06-07 20:18:25,303.8613796234131,0,1
2026-06-07 20:18:25,273.32496643066406,0,1
2026-06-07 20:18:26,238.10577392578125,0,1
2026-06-07 20:18:26,218.18184852600098,0,1
2026-06-07 20:18:26,340.4078483581543,0,1
2026-06-07 20:18:27,248.28362464904785,0,1
2026-06-07 20:18:27,246.3839054107666,0,1
2026-06-07 20:18:27,207.97443389892578,0,1
2026-06-07 20:18:28,351.7928123474121,0,1
2026-06-07 20:18:28,315.11831283569336,0,1
2026-06-07 20:18:29,316.241979598999,0,1
2026-06-07 20:18:29,318.64190101623535,0,1
2026-06-07 20:18:30,348.52123260498047,0,1
2026-06-07 20:18:30,305.9210777282715,0,1
2026-06-07 20:18:30,267.87805557250977,0,1
2026-06-07 20:18:31,307.03186988830566,0,1
2026-06-07 20:18:31,261.9621753692627,0,1
2026-06-07 20:18:32,341.2013053894043,0,1
2026-06-07 20:18:32,210.6015682220459,0,1
2026-06-07 20:18:32,377.64549255371094,0,1
2026-06-07 20:18:33,292.16790199279785,0,1
2026-06-07 20:18:33,371.9296455383301,0,1
2026-06-07 20:18:34,269.05107498168945,0,1
2026-06-07 20:18:34,250.34523010253906,0,1
2026-06-07 20:18:34,290.5154228210449,0,1
2026-06-07 20:18:35,218.2910442352295,0,1
2026-06-07 20:18:35,276.55982971191406,0,1
2026-06-07 20:18:35,293.3659553527832,0,1
2026-06-07 20:18:36,396.4104652404785,0,1
2026-06-07 20:18:36,344.18749809265137,0,1
2026-06-07 20:18:37,393.1419849395752,0,1
2026-06-07 20:18:37,308.9947700500488,0,1
2026-06-07 20:18:38,509.716272354126,0,1
2026-06-07 20:19:08,219.63882446289062,0,1
2026-06-07 20:19:08,236.57488822937012,0,1
2026-06-07 20:19:10,221.33946418762207,0,1
2026-06-07 20:19:12,427.9799461364746,0,1
2026-06-07 20:19:13,662.3368263244629,0,1
2026-06-07 20:19:13,225.6603240966797,0,1
2026-06-07 20:19:15,896.784782409668,0,1
2026-06-07 20:19:16,395.65110206604004,0,1
2026-06-07 20:19:17,447.04556465148926,0,1
2026-06-07 20:19:18,442.48318672180176,0,1
2026-06-07 20:19:21,222.4111557006836,0,1
2026-06-07 20:19:23,429.59022521972656,0,1
2026-06-07 20:19:24,226.0589599609375,0,1
2026-06-07 20:19:27,235.23974418640137,0,1
2026-06-07 20:19:27,654.8032760620117,0,1
2026-06-07 20:19:28,224.72119331359863,0,1
2026-06-07 20:19:31,214.02597427368164,0,1
2026-06-07 20:19:36,225.2960205078125,0,1
2026-06-07 20:19:37,230.77702522277832,0,1
2026-06-07 20:20:58,239.80450630187988,0,1
2026-06-07 20:20:58,270.18237113952637,0,1
2026-06-07 20:20:59,286.1306667327881,0,1
2026-06-07 20:20:59,331.5403461456299,0,1
2026-06-07 20:21:00,379.1494369506836,0,1
2026-06-07 20:21:00,328.90868186950684,0,1
2026-06-07 20:21:00,256.1609745025635,0,1
2026-06-07 20:21:01,280.88998794555664,0,1
2026-06-07 20:21:01,403.96642684936523,0,1
2026-06-07 20:21:01,181.81753158569336,0,1
2026-06-07 20:21:02,373.2123374938965,0,1
2026-06-07 20:21:02,334.2547416687012,0,1
2026-06-07 20:21:03,180.9060573577881,0,1
2026-06-07 20:21:03,305.3007125854492,0,1
2026-06-07 20:21:03,318.3779716491699,0,1
2026-06-07 20:21:04,353.6233901977539,0,1
2026-06-07 20:21:04,292.79398918151855,0,1
2026-06-07 20:21:05,215.32535552978516,0,1
2026-06-07 20:21:05,281.69703483581543,0,1
2026-06-07 20:21:05,307.36613273620605,0,1
2026-06-07 20:21:06,254.90617752075195,0,1
2026-06-07 20:21:06,229.22301292419434,0,1
2026-06-07 20:21:07,275.6338119506836,0,1
2026-06-07 20:21:07,168.15781593322754,0,1
2026-06-07 20:21:07,227.7839183807373,0,1
2026-06-07 20:21:08,306.9632053375244,0,1
2026-06-07 20:21:08,297.23477363586426,0,1
2026-06-07 20:21:08,329.32066917419434,0,1
2026-06-07 20:21:09,347.5806713104248,0,1
2026-06-07 20:21:09,278.37228775024414,0,1
2026-06-07 20:21:10,395.641565322876,0,1
2026-06-07 20:21:10,310.90497970581055,0,1
2026-06-07 20:21:10,229.8257350921631,0,1
2026-06-07 20:21:11,291.53919219970703,0,1
2026-06-07 20:21:11,332.46827125549316,0,1
2026-06-07 20:21:12,306.685209274292,0,1
2026-06-07 20:21:12,261.08360290527344,0,1
2026-06-07 20:21:12,249.14121627807617,0,1
2026-06-07 20:21:13,164.4113063812256,0,1
2026-06-07 20:21:13,306.2922954559326,0,1
2026-06-07 20:21:13,296.4959144592285,0,1
2026-06-07 20:21:14,272.5505828857422,0,1
2026-06-07 20:21:14,290.4834747314453,0,1
2026-06-07 20:21:15,338.2124900817871,0,1
2026-06-07 20:21:15,268.6183452606201,0,1
2026-06-07 20:21:15,274.8115062713623,0,1
2026-06-07 20:21:16,240.53668975830078,0,1
2026-06-07 20:21:16,285.82310676574707,0,1
2026-06-07 20:21:16,234.41147804260254,0,1
2026-06-07 20:21:17,206.34722709655762,0,1
2026-06-07 20:21:17,241.06669425964355,0,1
2026-06-07 20:21:17,268.18108558654785,0,1
2026-06-07 20:21:18,274.89185333251953,0,1
2026-06-07 20:21:18,232.44214057922363,0,1
2026-06-07 20:21:19,315.40918350219727,0,1
2026-06-07 20:21:19,276.28278732299805,0,1
2026-06-07 20:21:19,245.4671859741211,0,1
2026-06-07 20:21:20,249.3453025817871,0,1
2026-06-07 20:21:20,287.30010986328125,0,1
2026-06-07 20:21:20,282.0158004760742,0,1
2026-06-07 20:21:21,426.49078369140625,0,1
2026-06-07 20:21:21,270.0686454772949,0,1
2026-06-07 20:21:22,178.1935691833496,0,1
2026-06-07 20:21:22,274.9662399291992,0,1
2026-06-07 20:21:22,232.99622535705566,0,1
2026-06-07 20:21:23,346.98033332824707,0,1
2026-06-07 20:21:23,247.82419204711914,0,1
2026-06-07 20:21:24,307.8145980834961,0,1
2026-06-07 20:21:24,233.9942455291748,0,1
2026-06-07 20:21:24,275.65765380859375,0,1
2026-06-07 20:21:25,327.1617889404297,0,1
2026-06-07 20:21:25,245.7716464996338,0,1
2026-06-07 20:21:25,311.460018157959,0,1
2026-06-07 20:21:26,220.43347358703613,0,1
2026-06-07 20:21:26,252.53891944885254,0,1
2026-06-07 20:21:27,275.9127616882324,0,1
2026-06-07 20:21:27,188.3094310760498,0,1
2026-06-07 20:21:27,214.38980102539062,0,1
2026-06-07 20:21:28,565.3486251831055,0,1
2026-06-07 20:21:59,643.4473991394043,0,1
2026-06-07 20:22:01,228.0418872833252,0,1
2026-06-07 20:22:03,241.00112915039062,0,1
2026-06-07 20:22:05,743.2749271392822,0,1
2026-06-07 20:22:06,224.17879104614258,0,1
2026-06-07 20:22:06,219.3138599395752,0,1
2026-06-07 20:22:07,841.8149948120117,0,1
2026-06-07 20:22:09,227.25319862365723,0,1
2026-06-07 20:22:11,222.8543758392334,0,1
2026-06-07 20:22:14,310.43291091918945,0,1
2026-06-07 20:22:15,788.520097732544,0,1
2026-06-07 20:22:16,498.61907958984375,0,1
2026-06-07 20:22:17,226.64761543273926,0,1
2026-06-07 20:22:17,218.28579902648926,0,1
2026-06-07 20:22:20,646.7251777648926,0,1
2026-06-07 20:22:23,643.7070369720459,0,1
2026-06-07 20:22:24,234.34948921203613,0,1
2026-06-07 20:22:26,425.8697032928467,0,1
2026-06-07 20:23:48,260.88500022888184,0,1
2026-06-07 20:23:48,274.7364044189453,0,1
2026-06-07 20:23:49,233.001708984375,0,1
2026-06-07 20:23:49,244.5390224456787,0,1
2026-06-07 20:23:49,299.12710189819336,0,1
2026-06-07 20:23:50,315.31739234924316,0,1
2026-06-07 20:23:50,297.2855567932129,0,1
2026-06-07 20:23:51,303.3123016357422,0,1
2026-06-07 20:23:51,217.38266944885254,0,1
2026-06-07 20:23:51,315.43540954589844,0,1
2026-06-07 20:23:52,299.99375343322754,0,1
2026-06-07 20:23:52,222.42188453674316,0,1
2026-06-07 20:23:52,243.13688278198242,0,1
2026-06-07 20:23:53,238.18349838256836,0,1
2026-06-07 20:23:53,272.71437644958496,0,1
2026-06-07 20:23:54,229.67243194580078,0,1
2026-06-07 20:23:54,261.0316276550293,0,1
2026-06-07 20:23:54,233.0150604248047,0,1
2026-06-07 20:23:55,291.0435199737549,0,1
2026-06-07 20:23:55,279.3586254119873,0,1
2026-06-07 20:23:55,263.9753818511963,0,1
2026-06-07 20:23:56,286.1311435699463,0,1
2026-06-07 20:23:56,297.2068786621094,0,1
2026-06-07 20:23:56,174.81207847595215,0,1
2026-06-07 20:23:57,264.8296356201172,0,1
2026-06-07 20:23:57,284.34109687805176,0,1
2026-06-07 20:23:58,254.96602058410645,0,1
2026-06-07 20:23:58,231.5821647644043,0,1
2026-06-07 20:23:58,356.4321994781494,0,1
2026-06-07 20:23:59,279.83760833740234,0,1
2026-06-07 20:23:59,333.4677219390869,0,1
2026-06-07 20:24:00,335.4501724243164,0,1
2026-06-07 20:24:00,324.6142864227295,0,1
2026-06-07 20:24:00,282.6693058013916,0,1
2026-06-07 20:24:01,359.0514659881592,0,1
2026-06-07 20:24:01,194.3507194519043,0,1
2026-06-07 20:24:02,352.78797149658203,0,1
2026-06-07 20:24:02,310.53805351257324,0,1
2026-06-07 20:24:02,268.41187477111816,0,1
2026-06-07 20:24:03,268.2516574859619,0,1
2026-06-07 20:24:03,346.2719917297363,0,1
2026-06-07 20:24:04,268.082857131958,0,1
2026-06-07 20:24:04,341.7198657989502,0,1
2026-06-07 20:24:04,363.1913661956787,0,1
2026-06-07 20:24:05,258.21900367736816,0,1
2026-06-07 20:24:05,247.0393180847168,0,1
2026-06-07 20:24:06,392.28010177612305,0,1
2026-06-07 20:24:06,198.3046531677246,0,1
2026-06-07 20:24:06,192.42334365844727,0,1
2026-06-07 20:24:07,270.5037593841553,0,1
2026-06-07 20:24:07,274.72710609436035,0,1
2026-06-07 20:24:07,356.220006942749,0,1
2026-06-07 20:24:08,247.147798538208,0,1
2026-06-07 20:24:08,209.09357070922852,0,1
2026-06-07 20:24:09,343.4641361236572,0,1
2026-06-07 20:24:09,257.4114799499512,0,1
2026-06-07 20:24:09,208.5413932800293,0,1
2026-06-07 20:24:10,315.8831596374512,0,1
2026-06-07 20:24:10,272.66526222229004,0,1
2026-06-07 20:24:11,343.17898750305176,0,1
2026-06-07 20:24:11,309.04483795166016,0,1
2026-06-07 20:24:11,297.4853515625,0,1
2026-06-07 20:24:12,229.78854179382324,0,1
2026-06-07 20:24:12,287.2295379638672,0,1
2026-06-07 20:24:12,246.24276161193848,0,1
2026-06-07 20:24:13,369.60673332214355,0,1
2026-06-07 20:24:13,331.2246799468994,0,1
2026-06-07 20:24:14,242.96116828918457,0,1
2026-06-07 20:24:14,241.0287857055664,0,1
2026-06-07 20:24:14,334.2595100402832,0,1
2026-06-07 20:24:15,289.30139541625977,0,1
2026-06-07 20:24:15,350.76236724853516,0,1
2026-06-07 20:24:16,255.12456893920898,0,1
2026-06-07 20:24:16,276.42321586608887,0,1
2026-06-07 20:24:16,349.72190856933594,0,1
2026-06-07 20:24:17,430.361270904541,0,1
2026-06-07 20:24:17,261.1961364746094,0,1
2026-06-07 20:24:18,692.8744316101074,0,1
2026-06-07 20:24:48,627.9804706573486,0,1
2026-06-07 20:24:50,895.8237171173096,0,1
2026-06-07 20:24:51,442.0771598815918,0,1
2026-06-07 20:24:52,651.9439220428467,0,1
2026-06-07 20:24:53,655.5416584014893,0,1
2026-06-07 20:24:54,411.1642837524414,0,1
2026-06-07 20:24:55,275.64454078674316,0,1
2026-06-07 20:24:57,444.23794746398926,0,1
2026-06-07 20:24:58,232.28979110717773,0,1
2026-06-07 20:24:59,348.9110469818115,0,1
2026-06-07 20:25:01,226.32670402526855,0,1
2026-06-07 20:25:01,221.18711471557617,0,1
2026-06-07 20:25:03,408.6947441101074,0,1
2026-06-07 20:25:03,224.5023250579834,0,1
2026-06-07 20:25:05,230.30734062194824,0,1
2026-06-07 20:25:05,228.62577438354492,0,1
2026-06-07 20:25:05,227.12230682373047,0,1
2026-06-07 20:25:07,225.6472110748291,0,1
2026-06-07 20:25:07,220.26705741882324,0,1
2026-06-07 20:25:10,445.83797454833984,0,1
2026-06-07 20:25:10,222.90921211242676,0,1
2026-06-07 20:25:11,225.12412071228027,0,1
2026-06-07 20:25:12,224.17330741882324,0,1
2026-06-07 20:25:13,647.2194194793701,0,1
2026-06-07 20:25:13,221.55189514160156,0,1
2026-06-07 20:25:16,465.32154083251953,0,1
2026-06-07 20:26:26,319.2925453186035,0,1
2026-06-07 20:26:38,339.9085998535156,0,1
2026-06-07 20:26:39,220.41630744934082,0,1
2026-06-07 20:26:39,251.08003616333008,0,1
2026-06-07 20:26:39,287.3718738555908,0,1
2026-06-07 20:26:40,239.64738845825195,0,1
2026-06-07 20:26:40,174.93009567260742,0,1
2026-06-07 20:26:40,276.80492401123047,0,1
2026-06-07 20:26:41,230.1194667816162,0,1
2026-06-07 20:26:41,302.75774002075195,0,1
2026-06-07 20:26:41,267.19093322753906,0,1
2026-06-07 20:26:42,245.39828300476074,0,1
2026-06-07 20:26:42,278.7351608276367,0,1
2026-06-07 20:26:42,217.5617218017578,0,1
2026-06-07 20:26:43,285.49671173095703,0,1
2026-06-07 20:26:43,296.7112064361572,0,1
2026-06-07 20:26:44,302.7615547180176,0,1
2026-06-07 20:26:44,276.5154838562012,0,1
2026-06-07 20:26:44,339.9677276611328,0,1
2026-06-07 20:26:45,243.93272399902344,0,1
2026-06-07 20:26:45,256.5009593963623,0,1
2026-06-07 20:26:46,278.14483642578125,0,1
2026-06-07 20:26:46,295.8242893218994,0,1
2026-06-07 20:26:46,274.68419075012207,0,1
2026-06-07 20:26:47,248.02470207214355,0,1
2026-06-07 20:26:47,300.8110523223877,0,1
2026-06-07 20:26:47,314.7246837615967,0,1
2026-06-07 20:26:48,283.47015380859375,0,1
2026-06-07 20:26:48,308.31336975097656,0,1
2026-06-07 20:26:49,272.77469635009766,0,1
2026-06-07 20:26:49,328.9356231689453,0,1
2026-06-07 20:26:49,262.6757621765137,0,1
2026-06-07 20:26:50,210.3736400604248,0,1
2026-06-07 20:26:50,283.31828117370605,0,1
2026-06-07 20:26:50,246.9501495361328,0,1
2026-06-07 20:26:51,293.89309883117676,0,1
2026-06-07 20:26:51,285.30311584472656,0,1
2026-06-07 20:26:52,234.1611385345459,0,1
2026-06-07 20:26:52,213.46235275268555,0,1
2026-06-07 20:26:52,251.18398666381836,0,1
2026-06-07 20:26:53,290.4009819030762,0,1
2026-06-07 20:26:53,223.0522632598877,0,1
2026-06-07 20:26:53,291.00584983825684,0,1
2026-06-07 20:26:54,209.98120307922363,0,1
2026-06-07 20:26:54,205.8417797088623,0,1
2026-06-07 20:26:54,280.41529655456543,0,1
2026-06-07 20:26:55,294.86560821533203,0,1
2026-06-07 20:26:55,296.6125011444092,0,1
2026-06-07 20:26:56,282.25255012512207,0,1
2026-06-07 20:26:56,293.37143898010254,0,1
2026-06-07 20:26:56,340.29555320739746,0,1
2026-06-07 20:26:57,366.02067947387695,0,1
2026-06-07 20:26:57,248.7649917602539,0,1
2026-06-07 20:26:58,322.1478462219238,0,1
2026-06-07 20:26:58,204.63299751281738,0,1
2026-06-07 20:26:58,277.8923511505127,0,1
2026-06-07 20:26:59,226.76563262939453,0,1
2026-06-07 20:26:59,399.9757766723633,0,1
2026-06-07 20:27:00,323.6045837402344,0,1
2026-06-07 20:27:00,213.9146327972412,0,1
2026-06-07 20:27:00,294.752836227417,0,1
2026-06-07 20:27:01,180.92107772827148,0,1
2026-06-07 20:27:01,319.0028667449951,0,1
2026-06-07 20:27:01,279.7553539276123,0,1
2026-06-07 20:27:02,358.6239814758301,0,1
2026-06-07 20:27:02,298.36559295654297,0,1
2026-06-07 20:27:03,274.80244636535645,0,1
2026-06-07 20:27:03,240.86475372314453,0,1
2026-06-07 20:27:03,316.4534568786621,0,1
2026-06-07 20:27:04,263.03863525390625,0,1
2026-06-07 20:27:04,390.6440734863281,0,1
2026-06-07 20:27:05,225.10266304016113,0,1
2026-06-07 20:27:05,301.9590377807617,0,1
2026-06-07 20:27:05,252.5625228881836,0,1
2026-06-07 20:27:06,272.52769470214844,0,1
2026-06-07 20:27:06,343.92452239990234,0,1
2026-06-07 20:27:07,339.48516845703125,0,1
2026-06-07 20:27:07,292.5384044647217,0,1
2026-06-07 20:27:07,302.77013778686523,0,1
2026-06-07 20:27:08,308.3832263946533,0,1
2026-06-07 20:27:08,449.65362548828125,0,1
2026-06-07 20:27:39,221.6343879699707,0,1
2026-06-07 20:27:40,242.28501319885254,0,1
2026-06-07 20:27:41,231.73761367797852,0,1
2026-06-07 20:27:42,227.3547649383545,0,1
2026-06-07 20:27:42,224.5004177093506,0,1
2026-06-07 20:27:43,234.61627960205078,0,1
2026-06-07 20:27:44,234.31992530822754,0,1
2026-06-07 20:27:48,425.34542083740234,0,1
2026-06-07 20:27:50,644.8476314544678,0,1
2026-06-07 20:27:50,226.55177116394043,0,1
2026-06-07 20:27:52,223.10447692871094,0,1
2026-06-07 20:27:54,225.53372383117676,0,1
2026-06-07 20:27:56,479.89630699157715,0,1
2026-06-07 20:27:58,668.4255599975586,0,1
2026-06-07 20:27:59,258.9113712310791,0,1
2026-06-07 20:28:00,234.0245246887207,0,1
2026-06-07 20:28:01,233.1869602203369,0,1
2026-06-07 20:28:02,226.5167236328125,0,1
2026-06-07 20:28:04,226.0453701019287,0,1
2026-06-07 20:28:07,431.2171936035156,0,1
2026-06-07 20:28:07,232.4984073638916,0,1
2026-06-07 20:28:08,254.53710556030273,0,1
2026-06-07 20:29:00,728.4789085388184,0,1
2026-06-07 20:29:28,182.6786994934082,0,1
2026-06-07 20:29:29,295.642614364624,0,1
2026-06-07 20:29:29,231.95171356201172,0,1
2026-06-07 20:29:30,360.1107597351074,0,1
2026-06-07 20:29:30,360.490083694458,0,1
2026-06-07 20:29:30,263.8368606567383,0,1
2026-06-07 20:29:31,186.77830696105957,0,1
2026-06-07 20:29:31,284.3017578125,0,1
2026-06-07 20:29:32,400.67553520202637,0,1
2026-06-07 20:29:32,270.91479301452637,0,1
2026-06-07 20:29:32,319.3230628967285,0,1
2026-06-07 20:29:33,284.1331958770752,0,1
2026-06-07 20:29:33,302.65164375305176,0,1
2026-06-07 20:29:33,200.47783851623535,0,1
2026-06-07 20:29:34,288.27357292175293,0,1
2026-06-07 20:29:34,286.94915771484375,0,1
2026-06-07 20:29:35,302.9003143310547,0,1
2026-06-07 20:29:35,287.05286979675293,0,1
2026-06-07 20:29:35,330.52635192871094,0,1
2026-06-07 20:29:36,262.29286193847656,0,1
2026-06-07 20:29:36,276.54123306274414,0,1
2026-06-07 20:29:37,304.4629096984863,0,1
2026-06-07 20:29:37,250.91171264648438,0,1
2026-06-07 20:29:37,331.50649070739746,0,1
2026-06-07 20:29:38,323.183536529541,0,1
2026-06-07 20:29:38,232.76185989379883,0,1
2026-06-07 20:29:38,259.23967361450195,0,1
2026-06-07 20:29:39,343.0976867675781,0,1
2026-06-07 20:29:39,251.7087459564209,0,1
2026-06-07 20:29:40,264.7593021392822,0,1
2026-06-07 20:29:40,321.4397430419922,0,1
2026-06-07 20:29:40,311.4199638366699,0,1
2026-06-07 20:29:41,254.66108322143555,0,1
2026-06-07 20:29:41,225.71563720703125,0,1
2026-06-07 20:29:42,300.94385147094727,0,1
2026-06-07 20:29:42,344.893217086792,0,1
2026-06-07 20:29:42,217.15140342712402,0,1
2026-06-07 20:29:43,294.2495346069336,0,1
2026-06-07 20:29:43,299.67212677001953,0,1
2026-06-07 20:29:43,299.4241714477539,0,1
2026-06-07 20:29:44,281.6965579986572,0,1
2026-06-07 20:29:44,269.3743705749512,0,1
2026-06-07 20:29:45,244.11654472351074,0,1
2026-06-07 20:29:45,179.3203353881836,0,1
2026-06-07 20:29:45,208.82463455200195,0,1
2026-06-07 20:29:46,301.49102210998535,0,1
2026-06-07 20:29:46,330.1353454589844,0,1
2026-06-07 20:29:46,280.6410789489746,0,1
2026-06-07 20:29:47,207.02886581420898,0,1
2026-06-07 20:29:47,303.39932441711426,0,1
2026-06-07 20:29:48,276.60679817199707,0,1
2026-06-07 20:29:48,283.9007377624512,0,1
2026-06-07 20:29:48,186.16771697998047,0,1
2026-06-07 20:29:49,232.710599899292,0,1
2026-06-07 20:29:49,292.65642166137695,0,1
2026-06-07 20:29:49,269.36841011047363,0,1
2026-06-07 20:29:50,208.28771591186523,0,1
2026-06-07 20:29:50,249.08065795898438,0,1
2026-06-07 20:29:50,223.80971908569336,0,1
2026-06-07 20:29:51,255.54490089416504,0,1
2026-06-07 20:29:51,258.43310356140137,0,1
2026-06-07 20:29:51,324.6748447418213,0,1
2026-06-07 20:29:52,318.1955814361572,0,1
2026-06-07 20:29:52,331.1347961425781,0,1
2026-06-07 20:29:53,219.24233436584473,0,1
2026-06-07 20:29:53,282.421350479126,0,1
2026-06-07 20:29:53,288.14029693603516,0,1
2026-06-07 20:29:54,256.12831115722656,0,1
2026-06-07 20:29:54,320.62458992004395,0,1
2026-06-07 20:29:55,328.7062644958496,0,1
2026-06-07 20:29:55,331.4626216888428,0,1
2026-06-07 20:29:55,298.8913059234619,0,1
2026-06-07 20:29:56,285.75801849365234,0,1
2026-06-07 20:29:56,284.9235534667969,0,1
2026-06-07 20:29:57,262.84074783325195,0,1
2026-06-07 20:29:57,216.31598472595215,0,1
2026-06-07 20:29:57,322.43824005126953,0,1
2026-06-07 20:29:58,282.7796936035156,0,1
2026-06-07 20:29:58,203.92465591430664,0,1
2026-06-07 20:29:59,435.9927177429199,0,1
2026-06-07 20:30:29,214.25962448120117,0,1
2026-06-07 20:30:30,225.60739517211914,0,1
2026-06-07 20:30:37,227.46682167053223,0,1
2026-06-07 20:30:38,260.2975368499756,0,1
2026-06-07 20:30:38,687.7567768096924,0,1
2026-06-07 20:30:40,228.72662544250488,0,1
2026-06-07 20:30:42,241.7900562286377,0,1
2026-06-07 20:30:43,223.03223609924316,0,1
2026-06-07 20:30:44,231.98366165161133,0,1
2026-06-07 20:30:46,228.82533073425293,0,1
2026-06-07 20:30:48,649.268627166748,0,1
2026-06-07 20:30:49,225.98671913146973,0,1
2026-06-07 20:30:50,469.17223930358887,0,1
2026-06-07 20:30:51,669.9526309967041,0,1
2026-06-07 20:30:52,224.00999069213867,0,1
2026-06-07 20:30:52,226.9876003265381,0,1
2026-06-07 20:30:53,221.12584114074707,0,1
2026-06-07 20:30:53,658.8811874389648,0,1
2026-06-07 20:30:56,436.31768226623535,0,1
2026-06-07 20:30:58,485.7335090637207,0,1
2026-06-07 20:31:57,662.5697612762451,0,1
2026-06-07 20:32:19,282.13953971862793,0,1
2026-06-07 20:32:19,313.95959854125977,0,1
2026-06-07 20:32:19,283.6613655090332,0,1
2026-06-07 20:32:20,256.3607692718506,0,1
2026-06-07 20:32:20,231.3399314880371,0,1
2026-06-07 20:32:20,216.59517288208008,0,1
2026-06-07 20:32:21,273.4549045562744,0,1
2026-06-07 20:32:21,297.1985340118408,0,1
2026-06-07 20:32:22,314.2709732055664,0,1
2026-06-07 20:32:22,339.11967277526855,0,1
2026-06-07 20:32:23,362.40577697753906,0,1
2026-06-07 20:32:23,334.75565910339355,0,1
2026-06-07 20:32:23,229.6919822692871,0,1
2026-06-07 20:32:24,223.71482849121094,0,1
2026-06-07 20:32:24,277.71687507629395,0,1
2026-06-07 20:32:24,318.1953430175781,0,1
2026-06-07 20:32:25,274.60289001464844,0,1
2026-06-07 20:32:25,293.9791679382324,0,1
2026-06-07 20:32:26,270.13087272644043,0,1
2026-06-07 20:32:26,312.06798553466797,0,1
2026-06-07 20:32:26,340.8932685852051,0,1
2026-06-07 20:32:27,304.60238456726074,0,1
2026-06-07 20:32:27,320.2681541442871,0,1
2026-06-07 20:32:28,305.9220314025879,0,1
2026-06-07 20:32:28,334.301233291626,0,1
2026-06-07 20:32:28,270.158052444458,0,1
2026-06-07 20:32:29,223.93107414245605,0,1
2026-06-07 20:32:29,267.66300201416016,0,1
2026-06-07 20:32:30,347.7301597595215,0,1
2026-06-07 20:32:30,328.10330390930176,0,1
2026-06-07 20:32:30,232.82814025878906,0,1
2026-06-07 20:32:31,247.27249145507812,0,1
2026-06-07 20:32:31,215.09933471679688,0,1
2026-06-07 20:32:31,314.80908393859863,0,1
2026-06-07 20:32:32,190.42277336120605,0,1
2026-06-07 20:32:32,277.3013114929199,0,1
2026-06-07 20:32:33,326.85184478759766,0,1
2026-06-07 20:32:33,216.47000312805176,0,1
2026-06-07 20:32:33,259.56082344055176,0,1
2026-06-07 20:32:34,337.12124824523926,0,1
2026-06-07 20:32:34,284.2106819152832,0,1
2026-06-07 20:32:34,265.49363136291504,0,1
2026-06-07 20:32:35,304.98814582824707,0,1
2026-06-07 20:32:35,182.04665184020996,0,1
2026-06-07 20:32:35,255.10525703430176,0,1
2026-06-07 20:32:36,192.26431846618652,0,1
2026-06-07 20:32:36,293.58434677124023,0,1
2026-06-07 20:32:37,305.07779121398926,0,1
2026-06-07 20:32:37,251.6038417816162,0,1
2026-06-07 20:32:37,244.34900283813477,0,1
2026-06-07 20:32:38,358.39176177978516,0,1
2026-06-07 20:32:38,243.05963516235352,0,1
2026-06-07 20:32:38,196.75922393798828,0,1
2026-06-07 20:32:39,305.6166172027588,0,1
2026-06-07 20:32:39,246.1378574371338,0,1
2026-06-07 20:32:39,250.91838836669922,0,1
2026-06-07 20:32:40,337.5060558319092,0,1
2026-06-07 20:32:40,285.16411781311035,0,1
2026-06-07 20:32:41,346.48633003234863,0,1
2026-06-07 20:32:41,295.4692840576172,0,1
2026-06-07 20:32:42,336.2536430358887,0,1
2026-06-07 20:32:42,294.111967086792,0,1
2026-06-07 20:32:42,225.5721092224121,0,1
2026-06-07 20:32:43,252.77972221374512,0,1
2026-06-07 20:32:43,395.8399295806885,0,1
2026-06-07 20:32:43,175.52638053894043,0,1
2026-06-07 20:32:44,303.800106048584,0,1
2026-06-07 20:32:44,264.7421360015869,0,1
2026-06-07 20:32:44,184.30519104003906,0,1
2026-06-07 20:32:45,290.03334045410156,0,1
2026-06-07 20:32:45,279.0980339050293,0,1
2026-06-07 20:32:46,268.6333656311035,0,1
2026-06-07 20:32:46,283.6871147155762,0,1
2026-06-07 20:32:46,230.72338104248047,0,1
2026-06-07 20:32:47,280.4853916168213,0,1
2026-06-07 20:32:47,267.5282955169678,0,1
2026-06-07 20:32:48,303.83801460266113,0,1
2026-06-07 20:32:48,295.3312397003174,0,1
2026-06-07 20:32:48,223.8161563873291,0,1
2026-06-07 20:33:25,425.58765411376953,0,1
2026-06-07 20:33:25,230.118989944458,0,1
2026-06-07 20:33:26,221.62699699401855,0,1
2026-06-07 20:33:27,219.12121772766113,0,1
2026-06-07 20:33:28,231.1837673187256,0,1
2026-06-07 20:33:34,641.6177749633789,0,1
2026-06-07 20:33:37,661.5660190582275,0,1
2026-06-07 20:33:39,226.66287422180176,0,1
2026-06-07 20:33:40,236.06443405151367,0,1
2026-06-07 20:33:41,469.2535400390625,0,1
2026-06-07 20:33:44,237.43772506713867,0,1
2026-06-07 20:33:47,227.84948348999023,0,1
2026-06-07 20:33:47,230.67903518676758,0,1
2026-06-07 20:33:48,221.0366725921631,0,1
2026-06-07 20:34:39,422.0731258392334,0,1
2026-06-07 20:35:09,283.0777168273926,0,1
2026-06-07 20:35:09,290.15135765075684,0,1
2026-06-07 20:35:10,286.8211269378662,0,1
2026-06-07 20:35:10,255.17010688781738,0,1
2026-06-07 20:35:10,273.75268936157227,0,1
2026-06-07 20:35:11,223.10352325439453,0,1
2026-06-07 20:35:11,270.65134048461914,0,1
2026-06-07 20:35:11,239.88771438598633,0,1
2026-06-07 20:35:12,345.36051750183105,0,1
2026-06-07 20:35:12,299.76725578308105,0,1
2026-06-07 20:35:12,232.92160034179688,0,1
2026-06-07 20:35:13,263.3824348449707,0,1
2026-06-07 20:35:13,341.1593437194824,0,1
2026-06-07 20:35:14,232.77759552001953,0,1
2026-06-07 20:35:14,243.65806579589844,0,1
2026-06-07 20:35:14,342.22936630249023,0,1
2026-06-07 20:35:15,238.3742332458496,0,1
2026-06-07 20:35:15,271.289587020874,0,1
2026-06-07 20:35:16,322.324275970459,0,1
2026-06-07 20:35:16,285.08830070495605,0,1
2026-06-07 20:35:16,314.87059593200684,0,1
2026-06-07 20:35:17,256.0288906097412,0,1
2026-06-07 20:35:17,264.90283012390137,0,1
2026-06-07 20:35:18,337.338924407959,0,1
2026-06-07 20:35:18,239.12763595581055,0,1
2026-06-07 20:35:18,317.4881935119629,0,1
2026-06-07 20:35:19,346.9221591949463,0,1
2026-06-07 20:35:19,371.10280990600586,0,1
2026-06-07 20:35:20,293.0130958557129,0,1
2026-06-07 20:35:20,261.3086700439453,0,1
2026-06-07 20:35:20,268.7876224517822,0,1
2026-06-07 20:35:21,282.0158004760742,0,1
2026-06-07 20:35:21,183.8669776916504,0,1
2026-06-07 20:35:21,295.8641052246094,0,1
2026-06-07 20:35:22,256.54101371765137,0,1
2026-06-07 20:35:22,283.3280563354492,0,1
2026-06-07 20:35:23,274.77264404296875,0,1
2026-06-07 20:35:23,254.47964668273926,0,1
2026-06-07 20:35:23,199.9366283416748,0,1
2026-06-07 20:35:23,179.3971061706543,0,1
2026-06-07 20:35:24,248.36182594299316,0,1
2026-06-07 20:35:24,381.7176818847656,0,1
2026-06-07 20:35:25,270.81942558288574,0,1
2026-06-07 20:35:25,364.44616317749023,0,1
2026-06-07 20:35:26,282.35840797424316,0,1
2026-06-07 20:35:26,266.2813663482666,0,1
2026-06-07 20:35:26,293.26534271240234,0,1
2026-06-07 20:35:27,230.3459644317627,0,1
2026-06-07 20:35:27,245.1329231262207,0,1
2026-06-07 20:35:27,275.99644660949707,0,1
2026-06-07 20:35:28,293.60151290893555,0,1
2026-06-07 20:35:30,202.41737365722656,0,1
2026-06-07 20:35:31,235.2440357208252,0,1
2026-06-07 20:35:31,363.13629150390625,0,1
2026-06-07 20:35:32,324.5213031768799,0,1
2026-06-07 20:35:32,203.20749282836914,0,1
2026-06-07 20:35:32,384.1409683227539,0,1
2026-06-07 20:35:33,338.59705924987793,0,1
2026-06-07 20:35:33,257.4286460876465,0,1
2026-06-07 20:35:34,243.255615234375,0,1
2026-06-07 20:35:34,241.26601219177246,0,1
2026-06-07 20:35:34,312.0443820953369,0,1
2026-06-07 20:35:35,257.2464942932129,0,1
2026-06-07 20:35:35,200.4566192626953,0,1
2026-06-07 20:35:35,310.50634384155273,0,1
2026-06-07 20:35:36,281.51535987854004,0,1
2026-06-07 20:35:36,339.31779861450195,0,1
2026-06-07 20:35:37,288.93327713012695,0,1
2026-06-07 20:35:37,323.00782203674316,0,1
2026-06-07 20:35:37,291.9049263000488,0,1
2026-06-07 20:35:38,195.61004638671875,0,1
2026-06-07 20:35:38,251.49822235107422,0,1
2026-06-07 20:35:39,557.1136474609375,0,1
2026-06-07 20:36:09,223.59681129455566,0,1
2026-06-07 20:36:11,223.2530117034912,0,1
2026-06-07 20:36:11,221.86756134033203,0,1
2026-06-07 20:36:12,223.82259368896484,0,1
2026-06-07 20:36:14,648.4787464141846,0,1
2026-06-07 20:36:17,225.56734085083008,0,1
2026-06-07 20:36:20,224.7321605682373,0,1
2026-06-07 20:36:22,228.59501838684082,0,1
2026-06-07 20:36:22,228.92165184020996,0,1
2026-06-07 20:36:25,230.2725315093994,0,1
2026-06-07 20:36:25,222.97310829162598,0,1
2026-06-07 20:36:27,223.48904609680176,0,1
2026-06-07 20:36:28,470.1695442199707,0,1
2026-06-07 20:36:30,398.09513092041016,0,1
2026-06-07 20:36:32,237.03360557556152,0,1
2026-06-07 20:36:33,225.8903980255127,0,1
2026-06-07 20:36:34,226.1977195739746,0,1
2026-06-07 20:36:35,220.0758457183838,0,1
2026-06-07 20:36:37,640.296459197998,0,1
2026-06-07 20:36:37,217.43130683898926,0,1
2026-06-07 20:36:37,222.9137420654297,0,1
2026-06-07 20:36:38,229.536771774292,0,1
2026-06-07 20:37:28,695.4455375671387,0,1
2026-06-07 20:37:59,245.09859085083008,0,1
2026-06-07 20:37:59,278.78451347351074,0,1
2026-06-07 20:38:00,318.4521198272705,0,1
2026-06-07 20:38:00,344.06208992004395,0,1
2026-06-07 20:38:00,241.4553165435791,0,1
2026-06-07 20:38:01,303.13634872436523,0,1
2026-06-07 20:38:01,215.3923511505127,0,1
2026-06-07 20:38:02,272.4008560180664,0,1
2026-06-07 20:38:02,293.4606075286865,0,1
2026-06-07 20:38:02,247.1144199371338,0,1
2026-06-07 20:38:03,237.71953582763672,0,1
2026-06-07 20:38:03,256.5329074859619,0,1
2026-06-07 20:38:03,335.3586196899414,0,1
2026-06-07 20:38:04,291.02420806884766,0,1
2026-06-07 20:38:04,301.96690559387207,0,1
2026-06-07 20:38:05,207.51070976257324,0,1
2026-06-07 20:38:05,293.3943271636963,0,1
2026-06-07 20:38:05,311.77735328674316,0,1
2026-06-07 20:38:06,278.55539321899414,0,1
2026-06-07 20:38:06,281.1574935913086,0,1
2026-06-07 20:38:06,230.1318645477295,0,1
2026-06-07 20:38:07,349.1096496582031,0,1
2026-06-07 20:38:07,278.98216247558594,0,1
2026-06-07 20:38:08,323.7290382385254,0,1
2026-06-07 20:38:08,213.96374702453613,0,1
2026-06-07 20:38:08,319.31495666503906,0,1
2026-06-07 20:38:09,304.98242378234863,0,1
2026-06-07 20:38:09,315.0765895843506,0,1
2026-06-07 20:38:10,247.90716171264648,0,1
2026-06-07 20:38:10,245.6662654876709,0,1
2026-06-07 20:38:10,195.8158016204834,0,1
2026-06-07 20:38:11,295.2606678009033,0,1
2026-06-07 20:38:11,318.7425136566162,0,1
2026-06-07 20:38:11,277.38165855407715,0,1
2026-06-07 20:38:12,239.74967002868652,0,1
2026-06-07 20:38:12,186.24377250671387,0,1
2026-06-07 20:38:13,346.8325138092041,0,1
2026-06-07 20:38:13,219.08807754516602,0,1
2026-06-07 20:38:13,309.2024326324463,0,1
2026-06-07 20:38:14,307.6145648956299,0,1
2026-06-07 20:38:14,286.17382049560547,0,1
2026-06-07 20:38:14,318.6793327331543,0,1
2026-06-07 20:38:15,263.72313499450684,0,1
2026-06-07 20:38:15,345.58796882629395,0,1
2026-06-07 20:38:16,257.936954498291,0,1
2026-06-07 20:38:16,281.4922332763672,0,1
2026-06-07 20:38:16,300.830602645874,0,1
2026-06-07 20:38:17,393.76211166381836,0,1
2026-06-07 20:38:17,265.7594680786133,0,1
2026-06-07 20:38:18,299.10945892333984,0,1
2026-06-07 20:38:18,244.42076683044434,0,1
2026-06-07 20:38:18,280.27915954589844,0,1
2026-06-07 20:38:19,309.25464630126953,0,1
2026-06-07 20:38:19,299.36981201171875,0,1
2026-06-07 20:38:20,314.7749900817871,0,1
2026-06-07 20:38:20,295.8354949951172,0,1
2026-06-07 20:38:20,209.6717357635498,0,1
2026-06-07 20:38:21,322.6909637451172,0,1
2026-06-07 20:38:21,268.11790466308594,0,1
2026-06-07 20:38:22,238.34824562072754,0,1
2026-06-07 20:38:22,278.69534492492676,0,1
2026-06-07 20:38:22,330.568790435791,0,1
2026-06-07 20:38:23,208.07719230651855,0,1
2026-06-07 20:38:23,323.39000701904297,0,1
2026-06-07 20:38:23,313.1885528564453,0,1
2026-06-07 20:38:24,206.36606216430664,0,1
2026-06-07 20:38:24,283.7495803833008,0,1
2026-06-07 20:38:25,294.86823081970215,0,1
2026-06-07 20:38:25,356.7690849304199,0,1
2026-06-07 20:38:25,268.9547538757324,0,1
2026-06-07 20:38:26,276.8514156341553,0,1
2026-06-07 20:38:26,285.0658893585205,0,1
2026-06-07 20:38:27,271.8462944030762,0,1
2026-06-07 20:38:27,317.99936294555664,0,1
2026-06-07 20:38:27,238.72756958007812,0,1
2026-06-07 20:38:28,365.2653694152832,0,1
2026-06-07 20:38:28,225.91376304626465,0,1
2026-06-07 20:38:29,338.9594554901123,0,1
2026-06-07 20:39:00,246.18840217590332,0,1
2026-06-07 20:39:01,222.8555679321289,0,1
2026-06-07 20:39:01,222.0931053161621,0,1
2026-06-07 20:39:04,440.9356117248535,0,1
2026-06-07 20:39:05,229.70104217529297,0,1
2026-06-07 20:39:06,225.81958770751953,0,1
2026-06-07 20:39:07,236.32264137268066,0,1
2026-06-07 20:39:08,222.8856086730957,0,1
2026-06-07 20:39:10,221.18711471557617,0,1
2026-06-07 20:39:11,234.43913459777832,0,1
2026-06-07 20:39:12,222.54371643066406,0,1
2026-06-07 20:39:14,844.8855876922607,0,1
2026-06-07 20:39:14,221.2543487548828,0,1
2026-06-07 20:39:15,227.158784866333,0,1
2026-06-07 20:39:16,221.49014472961426,0,1
2026-06-07 20:39:19,230.22699356079102,0,1
2026-06-07 20:39:20,234.77935791015625,0,1
2026-06-07 20:39:22,398.32258224487305,0,1
2026-06-07 20:39:23,224.00474548339844,0,1
2026-06-07 20:39:23,433.84528160095215,0,1
2026-06-07 20:39:25,233.85334014892578,0,1
2026-06-07 20:39:25,228.23452949523926,0,1
2026-06-07 20:39:26,244.25506591796875,0,1
2026-06-07 20:39:27,430.6936264038086,0,1
2026-06-07 20:50:20,224.07770156860352,0,1
2026-06-07 20:50:21,223.6487865447998,0,1
2026-06-07 20:50:22,223.5109806060791,0,1
2026-06-07 20:50:23,241.98198318481445,0,1
2026-06-07 20:50:24,234.99679565429688,0,1
2026-06-07 20:50:25,219.99287605285645,0,1
2026-06-07 20:50:27,230.03649711608887,0,1
2026-06-07 20:50:27,220.5789089202881,0,1
2026-06-07 20:50:28,216.7065143585205,0,1
2026-06-07 20:50:30,403.1035900115967,0,1
2026-06-07 20:50:32,472.1856117248535,0,1
2026-06-07 20:50:35,268.80383491516113,0,1
2026-06-07 20:50:38,222.75447845458984,0,1
2026-06-07 20:50:38,429.826021194458,0,1
2026-06-07 20:50:40,224.90763664245605,0,1
2026-06-07 20:50:40,222.20754623413086,0,1
2026-06-07 20:50:43,648.0679512023926,0,1
2026-06-07 20:50:44,215.63720703125,0,1
2026-06-07 20:50:45,224.5018482208252,0,1
2026-06-07 20:50:45,228.85990142822266,0,1
2026-06-07 20:50:46,633.8090896606445,0,1
2026-06-07 20:50:48,215.0418758392334,0,1
2026-06-07 20:51:20,221.71688079833984,0,1
2026-06-07 20:52:10,249.68957901000977,0,1
2026-06-07 20:52:10,225.10838508605957,0,1
2026-06-07 20:52:11,279.9952030181885,0,1
2026-06-07 20:52:11,271.04711532592773,0,1
2026-06-07 20:52:11,239.96520042419434,0,1
2026-06-07 20:52:12,392.8492069244385,0,1
2026-06-07 20:52:12,226.7448902130127,0,1
2026-06-07 20:52:13,272.68099784851074,0,1
2026-06-07 20:52:13,282.47833251953125,0,1
2026-06-07 20:52:13,234.9104881286621,0,1
2026-06-07 20:52:14,353.1975746154785,0,1
2026-06-07 20:52:14,353.1796932220459,0,1
2026-06-07 20:52:15,265.1965618133545,0,1
2026-06-07 20:52:15,291.6901111602783,0,1
2026-06-07 20:52:15,267.17686653137207,0,1
2026-06-07 20:52:16,208.49037170410156,0,1
2026-06-07 20:52:16,296.9048023223877,0,1
2026-06-07 20:52:16,368.67237091064453,0,1
2026-06-07 20:52:17,271.38423919677734,0,1
2026-06-07 20:52:17,224.52521324157715,0,1
2026-06-07 20:52:18,289.825439453125,0,1
2026-06-07 20:52:18,327.1205425262451,0,1
2026-06-07 20:52:18,208.2507610321045,0,1
2026-06-07 20:52:19,284.7719192504883,0,1
2026-06-07 20:52:19,281.53109550476074,0,1
2026-06-07 20:52:19,272.5672721862793,0,1
2026-06-07 20:52:20,215.36731719970703,0,1
2026-06-07 20:52:20,271.52323722839355,0,1
2026-06-07 20:52:20,238.13199996948242,0,1
2026-06-07 20:52:21,307.4657917022705,0,1
2026-06-07 20:52:21,257.246732711792,0,1
2026-06-07 20:52:22,375.87952613830566,0,1
2026-06-07 20:52:22,271.18468284606934,0,1
2026-06-07 20:52:22,271.0833549499512,0,1
2026-06-07 20:52:23,281.1152935028076,0,1
2026-06-07 20:52:23,264.99342918395996,0,1
2026-06-07 20:52:24,222.33176231384277,0,1
2026-06-07 20:52:24,277.4314880371094,0,1
2026-06-07 20:52:24,358.93845558166504,0,1
2026-06-07 20:52:25,262.3417377471924,0,1
2026-06-07 20:52:25,255.2335262298584,0,1
2026-06-07 20:52:25,316.0097599029541,0,1
2026-06-07 20:52:26,279.5732021331787,0,1
2026-06-07 20:52:26,281.06021881103516,0,1
2026-06-07 20:52:27,288.0399227142334,0,1
2026-06-07 20:52:27,328.3669948577881,0,1
2026-06-07 20:52:28,415.61174392700195,0,1
2026-06-07 20:52:28,254.38737869262695,0,1
2026-06-07 20:52:28,212.65387535095215,0,1
2026-06-07 20:52:29,265.3970718383789,0,1
2026-06-07 20:52:29,223.13714027404785,0,1
2026-06-07 20:52:29,280.83181381225586,0,1
2026-06-07 20:52:30,317.0325756072998,0,1
2026-06-07 20:52:30,248.54326248168945,0,1
2026-06-07 20:52:30,279.91628646850586,0,1
2026-06-07 20:52:31,252.76899337768555,0,1
2026-06-07 20:52:31,261.6920471191406,0,1
2026-06-07 20:52:32,273.47373962402344,0,1
2026-06-07 20:52:32,262.2709274291992,0,1
2026-06-07 20:52:32,218.29557418823242,0,1
2026-06-07 20:52:33,322.21460342407227,0,1
2026-06-07 20:52:33,277.13656425476074,0,1
2026-06-07 20:52:33,219.27475929260254,0,1
2026-06-07 20:52:34,265.27929306030273,0,1
2026-06-07 20:52:34,392.3792839050293,0,1
2026-06-07 20:52:35,254.2111873626709,0,1
2026-06-07 20:52:35,323.0547904968262,0,1
2026-06-07 20:52:36,396.09479904174805,0,1
2026-06-07 20:52:36,217.81539916992188,0,1
2026-06-07 20:52:36,256.0286521911621,0,1
2026-06-07 20:52:36,155.66229820251465,0,1
2026-06-07 20:52:37,257.3666572570801,0,1
2026-06-07 20:52:37,289.4151210784912,0,1
2026-06-07 20:52:38,317.84844398498535,0,1
2026-06-07 20:52:38,238.93094062805176,0,1
2026-06-07 20:52:38,259.6473693847656,0,1
2026-06-07 20:52:39,273.3273506164551,0,1
2026-06-07 20:52:39,176.11336708068848,0,1
2026-06-07 20:52:39,264.62554931640625,0,1
2026-06-07 20:52:40,437.8340244293213,0,1
2026-06-07 20:53:11,225.9962558746338,0,1
2026-06-07 20:53:15,219.42925453186035,0,1
2026-06-07 20:53:16,648.8680839538574,0,1
2026-06-07 20:53:16,429.7513961791992,0,1
2026-06-07 20:53:17,238.4498119354248,0,1
2026-06-07 20:53:18,224.56049919128418,0,1
2026-06-07 20:53:19,235.34178733825684,0,1
2026-06-07 20:53:19,228.3766269683838,0,1
2026-06-07 20:53:20,255.9823989868164,0,1
2026-06-07 20:53:20,281.27455711364746,0,1
2026-06-07 20:53:20,238.62862586975098,0,1
2026-06-07 20:53:21,230.66020011901855,0,1
2026-06-07 20:53:22,225.6922721862793,0,1
2026-06-07 20:53:22,253.82733345031738,0,1
2026-06-07 20:53:23,219.41471099853516,0,1
2026-06-07 20:53:23,222.6548194885254,0,1
2026-06-07 20:53:25,478.1644344329834,0,1
2026-06-07 20:53:25,224.23839569091797,0,1
2026-06-07 20:53:28,217.9121971130371,0,1
2026-06-07 20:53:28,257.55929946899414,0,1
2026-06-07 20:53:30,218.33539009094238,0,1
2026-06-07 20:53:30,222.95737266540527,0,1
2026-06-07 20:53:31,439.1610622406006,0,1
2026-06-07 20:53:36,229.08782958984375,0,1
2026-06-07 20:53:37,232.0871353149414,0,1
2026-06-07 20:53:38,219.56586837768555,0,1
2026-06-07 20:53:39,232.6948642730713,0,1
2026-06-07 20:53:40,236.67001724243164,0,1
2026-06-07 20:54:30,640.7814025878906,0,1
2026-06-07 20:55:00,335.65831184387207,0,1
2026-06-07 20:55:01,222.9747772216797,0,1
2026-06-07 20:55:01,201.44414901733398,0,1
2026-06-07 20:55:01,205.27219772338867,0,1
2026-06-07 20:55:01,274.2114067077637,0,1
2026-06-07 20:55:02,337.65244483947754,0,1
2026-06-07 20:55:02,227.81801223754883,0,1
2026-06-07 20:55:03,265.28477668762207,0,1
2026-06-07 20:55:03,376.97315216064453,0,1
2026-06-07 20:55:03,279.63876724243164,0,1
2026-06-07 20:55:04,264.87016677856445,0,1
2026-06-07 20:55:04,306.52832984924316,0,1
2026-06-07 20:55:05,278.348445892334,0,1
2026-06-07 20:55:05,319.8518753051758,0,1
2026-06-07 20:55:05,323.32730293273926,0,1
2026-06-07 20:55:06,330.5959701538086,0,1
2026-06-07 20:55:06,346.83799743652344,0,1
2026-06-07 20:55:07,242.41018295288086,0,1
2026-06-07 20:55:07,285.5696678161621,0,1
2026-06-07 20:55:08,373.3985424041748,0,1
2026-06-07 20:55:08,274.0046977996826,0,1
2026-06-07 20:55:08,296.25773429870605,0,1
2026-06-07 20:55:09,306.3206672668457,0,1
2026-06-07 20:55:09,254.94623184204102,0,1
2026-06-07 20:55:10,333.3432674407959,0,1
2026-06-07 20:55:10,233.5672378540039,0,1
2026-06-07 20:55:10,303.73144149780273,0,1
2026-06-07 20:55:11,337.55993843078613,0,1
2026-06-07 20:55:11,302.69742012023926,0,1
2026-06-07 20:55:12,253.9832592010498,0,1
2026-06-07 20:55:12,288.80763053894043,0,1
2026-06-07 20:55:12,264.1727924346924,0,1
2026-06-07 20:55:13,232.06686973571777,0,1
2026-06-07 20:55:13,211.37166023254395,0,1
2026-06-07 20:55:13,247.0388412475586,0,1
2026-06-07 20:55:14,381.8986415863037,0,1
2026-06-07 20:55:14,229.65455055236816,0,1
2026-06-07 20:55:15,322.1244812011719,0,1
2026-06-07 20:55:15,299.2129325866699,0,1
2026-06-07 20:55:15,290.6308174133301,0,1
2026-06-07 20:55:16,299.4198799133301,0,1
2026-06-07 20:55:16,260.39695739746094,0,1
2026-06-07 20:55:17,262.7835273742676,0,1
2026-06-07 20:55:17,292.4227714538574,0,1
2026-06-07 20:55:17,299.84402656555176,0,1
2026-06-07 20:55:18,333.90212059020996,0,1
2026-06-07 20:55:18,377.66075134277344,0,1
2026-06-07 20:55:19,311.6288185119629,0,1
2026-06-07 20:55:19,240.3736114501953,0,1
2026-06-07 20:55:20,419.5232391357422,0,1
2026-06-07 20:55:20,334.000825881958,0,1
2026-06-07 20:55:20,331.7370414733887,0,1
2026-06-07 20:55:21,298.8879680633545,0,1
2026-06-07 20:55:21,237.98179626464844,0,1
2026-06-07 20:55:22,294.08907890319824,0,1
2026-06-07 20:55:22,177.70075798034668,0,1
2026-06-07 20:55:22,256.17122650146484,0,1
2026-06-07 20:55:23,273.2424736022949,0,1
2026-06-07 20:55:23,352.62107849121094,0,1
2026-06-07 20:55:23,208.28747749328613,0,1
2026-06-07 20:55:24,315.082311630249,0,1
2026-06-07 20:55:24,287.6091003417969,0,1
2026-06-07 20:55:25,308.09521675109863,0,1
2026-06-07 20:55:25,279.6359062194824,0,1
2026-06-07 20:55:25,276.7775058746338,0,1
2026-06-07 20:55:26,379.6103000640869,0,1
2026-06-07 20:55:26,277.0037651062012,0,1
2026-06-07 20:55:27,289.3710136413574,0,1
2026-06-07 20:55:27,212.82076835632324,0,1
2026-06-07 20:55:27,378.33309173583984,0,1
2026-06-07 20:55:28,208.26101303100586,0,1
2026-06-07 20:55:28,258.11028480529785,0,1
2026-06-07 20:55:28,274.40929412841797,0,1
2026-06-07 20:55:29,185.60433387756348,0,1
2026-06-07 20:55:29,377.6071071624756,0,1
2026-06-07 20:55:30,238.13199996948242,0,1
2026-06-07 20:55:30,541.1365032196045,0,1
2026-06-07 20:56:00,223.5720157623291,0,1
2026-06-07 20:56:01,228.0285358428955,0,1
2026-06-07 20:56:02,226.40466690063477,0,1
2026-06-07 20:56:04,227.4932861328125,0,1
2026-06-07 20:56:05,227.49662399291992,0,1
2026-06-07 20:56:06,226.2132167816162,0,1
2026-06-07 20:56:09,470.26848793029785,0,1
2026-06-07 20:56:10,651.202917098999,0,1
2026-06-07 20:56:10,232.74803161621094,0,1
2026-06-07 20:56:12,223.4365940093994,0,1
2026-06-07 20:56:13,224.09892082214355,0,1
2026-06-07 20:56:14,221.0094928741455,0,1
2026-06-07 20:56:15,225.36373138427734,0,1
2026-06-07 20:56:18,219.99073028564453,0,1
2026-06-07 20:56:20,232.3133945465088,0,1
2026-06-07 20:56:21,480.44323921203613,0,1
2026-06-07 20:56:23,560.5549812316895,0,1
2026-06-07 20:56:23,231.39715194702148,0,1
2026-06-07 20:56:24,437.8213882446289,0,1
2026-06-07 20:56:29,792.6056385040283,0,1
2026-06-07 20:56:30,232.63931274414062,0,1
2026-06-07 20:57:06,950.049877166748,0,1
2026-06-07 20:57:19,672.7354526519775,0,1
2026-06-07 20:57:19,519.0322399139404,0,1
2026-06-07 20:57:50,264.10698890686035,0,1
2026-06-07 20:57:51,283.8912010192871,0,1
2026-06-07 20:57:51,280.5502414703369,0,1
2026-06-07 20:57:51,360.99910736083984,0,1
2026-06-07 20:57:52,298.59447479248047,0,1
2026-06-07 20:57:52,239.7022247314453,0,1
2026-06-07 20:57:53,265.2308940887451,0,1
2026-06-07 20:57:53,203.094482421875,0,1
2026-06-07 20:57:53,353.0130386352539,0,1
2026-06-07 20:57:54,322.38149642944336,0,1
2026-06-07 20:57:54,316.45798683166504,0,1
2026-06-07 20:57:55,437.9456043243408,0,1
2026-06-07 20:57:55,281.2325954437256,0,1
2026-06-07 20:57:56,304.02088165283203,0,1
2026-06-07 20:57:56,237.04075813293457,0,1
2026-06-07 20:57:56,210.45589447021484,0,1
2026-06-07 20:57:57,250.6389617919922,0,1
2026-06-07 20:57:57,358.7813377380371,0,1
2026-06-07 20:57:57,285.6426239013672,0,1
2026-06-07 20:57:58,342.2048091888428,0,1
2026-06-07 20:57:58,280.47752380371094,0,1
2026-06-07 20:57:59,260.50758361816406,0,1
2026-06-07 20:57:59,234.91287231445312,0,1
2026-06-07 20:57:59,284.12842750549316,0,1
2026-06-07 20:58:00,246.91200256347656,0,1
2026-06-07 20:58:00,279.38127517700195,0,1
2026-06-07 20:58:00,301.85556411743164,0,1
2026-06-07 20:58:01,300.2140522003174,0,1
2026-06-07 20:58:01,267.64607429504395,0,1
2026-06-07 20:58:02,393.8000202178955,0,1
2026-06-07 20:58:02,290.7412052154541,0,1
2026-06-07 20:58:02,235.31174659729004,0,1
2026-06-07 20:58:03,260.4694366455078,0,1
2026-06-07 20:58:03,219.61569786071777,0,1
2026-06-07 20:58:03,226.46760940551758,0,1
2026-06-07 20:58:04,251.27935409545898,0,1
2026-06-07 20:58:04,300.5642890930176,0,1
2026-06-07 20:58:05,398.942232131958,0,1
2026-06-07 20:58:05,289.2007827758789,0,1
2026-06-07 20:58:06,341.53056144714355,0,1
2026-06-07 20:58:06,349.8687744140625,0,1
2026-06-07 20:58:06,221.64487838745117,0,1
2026-06-07 20:58:07,187.70122528076172,0,1
2026-06-07 20:58:07,257.1229934692383,0,1
2026-06-07 20:58:07,318.55106353759766,0,1
2026-06-07 20:58:08,255.46646118164062,0,1
2026-06-07 20:58:08,360.2640628814697,0,1
2026-06-07 20:58:09,233.5970401763916,0,1
2026-06-07 20:58:09,233.8697910308838,0,1
2026-06-07 20:58:09,307.53517150878906,0,1
2026-06-07 20:58:10,289.66331481933594,0,1
2026-06-07 20:58:10,233.27970504760742,0,1
2026-06-07 20:58:10,338.153600692749,0,1
2026-06-07 20:58:11,284.1057777404785,0,1
2026-06-07 20:58:11,289.77346420288086,0,1
2026-06-07 20:58:12,265.93542098999023,0,1
2026-06-07 20:58:12,198.86350631713867,0,1
2026-06-07 20:58:12,304.168701171875,0,1
2026-06-07 20:58:13,245.4235553741455,0,1
2026-06-07 20:58:13,276.45111083984375,0,1
2026-06-07 20:58:13,292.21177101135254,0,1
2026-06-07 20:58:14,293.8113212585449,0,1
2026-06-07 20:58:14,302.8907775878906,0,1
2026-06-07 20:58:15,299.8495101928711,0,1
2026-06-07 20:58:15,336.2541198730469,0,1
2026-06-07 20:58:16,369.9502944946289,0,1
2026-06-07 20:58:16,242.7222728729248,0,1
2026-06-07 20:58:16,275.8176326751709,0,1
2026-06-07 20:58:17,256.0310363769531,0,1
2026-06-07 20:58:17,317.0430660247803,0,1
2026-06-07 20:58:17,210.91771125793457,0,1
2026-06-07 20:58:18,195.14131546020508,0,1
2026-06-07 20:58:18,204.21910285949707,0,1
2026-06-07 20:58:18,271.97790145874023,0,1
2026-06-07 20:58:19,241.17660522460938,0,1
2026-06-07 20:58:19,324.0041732788086,0,1
2026-06-07 20:58:19,242.76351928710938,0,1
2026-06-07 20:58:20,257.60936737060547,0,1
2026-06-07 20:58:20,426.9540309906006,0,1
2026-06-07 20:58:52,221.44770622253418,0,1
2026-06-07 20:58:52,253.3557415008545,0,1
2026-06-07 20:58:56,437.49380111694336,0,1
2026-06-07 20:58:57,221.3611602783203,0,1
2026-06-07 20:58:59,221.11082077026367,0,1
2026-06-07 20:59:01,228.83343696594238,0,1
2026-06-07 20:59:04,234.13658142089844,0,1
2026-06-07 20:59:06,695.3170299530029,0,1
2026-06-07 20:59:07,663.5251045227051,0,1
2026-06-07 20:59:07,225.84295272827148,0,1
2026-06-07 20:59:08,217.16570854187012,0,1
2026-06-07 20:59:09,233.8085174560547,0,1
2026-06-07 20:59:10,843.9297676086426,0,1
2026-06-07 20:59:14,432.27386474609375,0,1
2026-06-07 20:59:15,219.53821182250977,0,1
2026-06-07 20:59:16,643.6386108398438,0,1
2026-06-07 20:59:18,848.1557369232178,0,1
2026-06-07 20:59:18,231.12010955810547,0,1
2026-06-07 20:59:20,649.9271392822266,0,1
2026-06-07 21:00:09,901.3442993164062,0,1
2026-06-07 21:00:40,249.2234706878662,0,1
2026-06-07 21:00:41,333.04524421691895,0,1
2026-06-07 21:00:41,230.19075393676758,0,1
2026-06-07 21:00:41,165.29154777526855,0,1
2026-06-07 21:00:42,256.38651847839355,0,1
2026-06-07 21:00:42,234.0531349182129,0,1
2026-06-07 21:00:43,339.771032333374,0,1
2026-06-07 21:00:43,316.65802001953125,0,1
2026-06-07 21:00:43,272.28283882141113,0,1
2026-06-07 21:00:44,309.8418712615967,0,1
2026-06-07 21:00:44,245.8667755126953,0,1
2026-06-07 21:00:45,256.12688064575195,0,1
2026-06-07 21:00:45,356.02378845214844,0,1
2026-06-07 21:00:45,270.4644203186035,0,1
2026-06-07 21:00:46,265.98405838012695,0,1
2026-06-07 21:00:46,256.23250007629395,0,1
2026-06-07 21:00:46,308.1221580505371,0,1
2026-06-07 21:00:47,223.66714477539062,0,1
2026-06-07 21:00:47,315.748929977417,0,1
2026-06-07 21:00:48,234.9250316619873,0,1
2026-06-07 21:00:48,271.4254856109619,0,1
2026-06-07 21:00:48,309.0996742248535,0,1
2026-06-07 21:00:49,285.78734397888184,0,1
2026-06-07 21:00:49,250.86236000061035,0,1
2026-06-07 21:00:49,256.41536712646484,0,1
2026-06-07 21:00:50,243.89386177062988,0,1
2026-06-07 21:00:50,219.91419792175293,0,1
2026-06-07 21:00:50,263.4704113006592,0,1
2026-06-07 21:00:51,243.6835765838623,0,1
2026-06-07 21:00:51,240.51785469055176,0,1
2026-06-07 21:00:52,319.6215629577637,0,1
2026-06-07 21:00:52,292.35243797302246,0,1
2026-06-07 21:00:52,252.9008388519287,0,1
2026-06-07 21:00:53,391.42346382141113,0,1
2026-06-07 21:00:53,370.94783782958984,0,1
2026-06-07 21:00:54,280.27868270874023,0,1
2026-06-07 21:00:54,348.308801651001,0,1
2026-06-07 21:00:55,302.1049499511719,0,1
2026-06-07 21:00:55,230.1173210144043,0,1
2026-06-07 21:00:55,251.90258026123047,0,1
2026-06-07 21:00:56,303.0962944030762,0,1
2026-06-07 21:00:56,231.17733001708984,0,1
2026-06-07 21:00:56,373.4433650970459,0,1
2026-06-07 21:00:57,227.84733772277832,0,1
2026-06-07 21:00:57,335.3855609893799,0,1
2026-06-07 21:00:58,328.0048370361328,0,1
2026-06-07 21:00:58,204.73790168762207,0,1
2026-06-07 21:00:58,244.27461624145508,0,1
2026-06-07 21:00:59,278.69105339050293,0,1
2026-06-07 21:00:59,214.80107307434082,0,1
2026-06-07 21:00:59,295.2079772949219,0,1
2026-06-07 21:01:00,341.72701835632324,0,1
2026-06-07 21:01:00,341.39347076416016,0,1
2026-06-07 21:01:01,311.31458282470703,0,1
2026-06-07 21:01:01,274.2798328399658,0,1
2026-06-07 21:01:01,348.65617752075195,0,1
2026-06-07 21:01:02,280.475378036499,0,1
2026-06-07 21:01:02,287.1222496032715,0,1
2026-06-07 21:01:03,307.04402923583984,0,1
2026-06-07 21:01:03,275.82669258117676,0,1
2026-06-07 21:01:03,322.02935218811035,0,1
2026-06-07 21:01:04,285.902738571167,0,1
2026-06-07 21:01:04,262.45689392089844,0,1
2026-06-07 21:01:05,280.96795082092285,0,1
2026-06-07 21:01:05,189.78190422058105,0,1
2026-06-07 21:01:05,242.5835132598877,0,1
2026-06-07 21:01:06,240.17333984375,0,1
2026-06-07 21:01:06,256.33692741394043,0,1
2026-06-07 21:01:06,289.4017696380615,0,1
2026-06-07 21:01:07,289.0198230743408,0,1
2026-06-07 21:01:07,213.81711959838867,0,1
2026-06-07 21:01:07,198.3933448791504,0,1
2026-06-07 21:01:08,242.57373809814453,0,1
2026-06-07 21:01:08,200.4697322845459,0,1
2026-06-07 21:01:08,266.5119171142578,0,1
2026-06-07 21:01:09,305.0706386566162,0,1
2026-06-07 21:01:09,276.78751945495605,0,1
2026-06-07 21:01:10,334.71035957336426,0,1
2026-06-07 21:01:10,277.22954750061035,0,1
2026-06-07 21:01:11,467.73266792297363,0,1
2026-06-07 21:01:41,223.41179847717285,0,1
2026-06-07 21:01:41,265.07091522216797,0,1
2026-06-07 21:01:42,221.9376564025879,0,1
2026-06-07 21:01:43,428.0712604522705,0,1
2026-06-07 21:01:44,225.44550895690918,0,1
2026-06-07 21:01:47,226.00364685058594,0,1
2026-06-07 21:01:48,233.21938514709473,0,1
2026-06-07 21:01:49,232.92255401611328,0,1
2026-06-07 21:01:51,224.31206703186035,0,1
2026-06-07 21:01:53,217.80991554260254,0,1
2026-06-07 21:01:54,218.57380867004395,0,1
2026-06-07 21:01:56,223.7989902496338,0,1
2026-06-07 21:01:57,443.0420398712158,0,1
2026-06-07 21:01:57,225.57377815246582,0,1
2026-06-07 21:01:59,646.5578079223633,0,1
2026-06-07 21:02:01,381.14213943481445,0,1
2026-06-07 21:02:02,220.31641006469727,0,1
2026-06-07 21:02:02,219.38419342041016,0,1
2026-06-07 21:02:03,221.06122970581055,0,1
2026-06-07 21:02:05,642.6775455474854,0,1
2026-06-07 21:02:06,224.09343719482422,0,1
2026-06-07 21:02:07,649.7504711151123,0,1
2026-06-07 21:02:09,442.3031806945801,0,1
2026-06-07 21:03:31,325.1059055328369,0,1
2026-06-07 21:03:31,343.51110458374023,0,1
2026-06-07 21:03:31,263.92602920532227,0,1
2026-06-07 21:03:32,217.8781032562256,0,1
2026-06-07 21:03:32,262.01748847961426,0,1
2026-06-07 21:03:33,374.6051788330078,0,1
2026-06-07 21:03:33,295.21870613098145,0,1
2026-06-07 21:03:33,325.34313201904297,0,1
2026-06-07 21:03:34,296.4639663696289,0,1
2026-06-07 21:03:34,377.5899410247803,0,1
2026-06-07 21:03:35,328.0799388885498,0,1
2026-06-07 21:03:35,417.61207580566406,0,1
2026-06-07 21:03:36,279.6289920806885,0,1
2026-06-07 21:03:36,329.2872905731201,0,1
2026-06-07 21:03:37,310.4104995727539,0,1
2026-06-07 21:03:37,247.15423583984375,0,1
2026-06-07 21:03:37,293.64705085754395,0,1
2026-06-07 21:03:38,284.2433452606201,0,1
2026-06-07 21:03:38,235.20541191101074,0,1
2026-06-07 21:03:38,292.57774353027344,0,1
2026-06-07 21:03:39,277.2042751312256,0,1
2026-06-07 21:03:39,303.4646511077881,0,1
2026-06-07 21:03:40,234.73882675170898,0,1
2026-06-07 21:03:40,263.5188102722168,0,1
2026-06-07 21:03:40,311.7403984069824,0,1
2026-06-07 21:03:41,294.88611221313477,0,1
2026-06-07 21:03:41,264.88208770751953,0,1
2026-06-07 21:03:42,342.45800971984863,0,1
2026-06-07 21:03:42,402.7743339538574,0,1
2026-06-07 21:03:43,373.2876777648926,0,1
2026-06-07 21:03:43,232.66100883483887,0,1
2026-06-07 21:03:43,277.19902992248535,0,1
2026-06-07 21:03:44,218.4443473815918,0,1
2026-06-07 21:03:44,218.65367889404297,0,1
2026-06-07 21:03:44,263.7476921081543,0,1
2026-06-07 21:03:45,265.71130752563477,0,1
2026-06-07 21:03:45,327.45909690856934,0,1
2026-06-07 21:03:46,230.78393936157227,0,1
2026-06-07 21:03:46,292.32287406921387,0,1
2026-06-07 21:03:46,232.41329193115234,0,1
2026-06-07 21:03:47,328.7043571472168,0,1
2026-06-07 21:03:47,360.11600494384766,0,1
2026-06-07 21:03:48,232.69343376159668,0,1
2026-06-07 21:03:48,218.9779281616211,0,1
2026-06-07 21:03:48,350.0325679779053,0,1
2026-06-07 21:03:49,420.55773735046387,0,1
2026-06-07 21:03:49,263.2639408111572,0,1
2026-06-07 21:03:50,373.51489067077637,0,1
2026-06-07 21:03:50,279.036283493042,0,1
2026-06-07 21:03:51,343.31488609313965,0,1
2026-06-07 21:03:51,327.3627758026123,0,1
2026-06-07 21:03:51,324.6750831604004,0,1
2026-06-07 21:03:52,358.3669662475586,0,1
2026-06-07 21:03:52,281.94475173950195,0,1
2026-06-07 21:03:53,358.32858085632324,0,1
2026-06-07 21:03:53,307.94715881347656,0,1
2026-06-07 21:03:54,277.53233909606934,0,1
2026-06-07 21:03:54,292.06204414367676,0,1
2026-06-07 21:03:54,264.1253471374512,0,1
2026-06-07 21:03:55,403.08499336242676,0,1
2026-06-07 21:03:55,311.2974166870117,0,1
2026-06-07 21:03:56,265.14267921447754,0,1
2026-06-07 21:03:56,296.99015617370605,0,1
2026-06-07 21:03:56,311.6424083709717,0,1
2026-06-07 21:03:57,246.7491626739502,0,1
2026-06-07 21:03:57,213.35291862487793,0,1
2026-06-07 21:03:57,228.1022071838379,0,1
2026-06-07 21:03:58,236.03034019470215,0,1
2026-06-07 21:03:58,267.7042484283447,0,1
2026-06-07 21:03:59,299.5734214782715,0,1
2026-06-07 21:03:59,392.28010177612305,0,1
2026-06-07 21:03:59,340.6217098236084,0,1
2026-06-07 21:04:00,269.6714401245117,0,1
2026-06-07 21:04:00,224.24650192260742,0,1
2026-06-07 21:04:01,487.5378608703613,0,1
2026-06-07 21:04:31,232.21206665039062,0,1
2026-06-07 21:04:32,632.3950290679932,0,1
2026-06-07 21:04:33,233.20627212524414,0,1
2026-06-07 21:04:34,229.567289352417,0,1
2026-06-07 21:04:36,642.7934169769287,0,1
2026-06-07 21:04:36,228.8799285888672,0,1
2026-06-07 21:04:37,239.54153060913086,0,1
2026-06-07 21:04:38,689.3033981323242,0,1
2026-06-07 21:04:39,220.54028511047363,0,1
2026-06-07 21:04:41,429.46672439575195,0,1
2026-06-07 21:04:42,227.2639274597168,0,1
2026-06-07 21:04:43,228.89304161071777,0,1
2026-06-07 21:04:45,225.64077377319336,0,1
2026-06-07 21:04:46,225.29149055480957,0,1
2026-06-07 21:04:50,224.90811347961426,0,1
2026-06-07 21:04:51,431.5769672393799,0,1
2026-06-07 21:04:52,227.65040397644043,0,1
2026-06-07 21:04:53,221.50850296020508,0,1
2026-06-07 21:04:53,227.13184356689453,0,1
2026-06-07 21:04:53,225.5399227142334,0,1
2026-06-07 21:04:56,648.7143039703369,0,1
2026-06-07 21:05:51,753.4346580505371,0,1
2026-06-07 21:06:21,312.38460540771484,0,1
2026-06-07 21:06:21,292.9103374481201,0,1
2026-06-07 21:06:22,343.2035446166992,0,1
2026-06-07 21:06:22,256.7763328552246,0,1
2026-06-07 21:06:23,278.35702896118164,0,1
2026-06-07 21:06:23,271.3625431060791,0,1
2026-06-07 21:06:23,283.7362289428711,0,1
2026-06-07 21:06:24,223.78993034362793,0,1
2026-06-07 21:06:24,270.5979347229004,0,1
2026-06-07 21:06:24,307.94215202331543,0,1
2026-06-07 21:06:25,248.18825721740723,0,1
2026-06-07 21:06:25,392.50874519348145,0,1
2026-06-07 21:06:26,295.255184173584,0,1
2026-06-07 21:06:26,253.17764282226562,0,1
2026-06-07 21:06:26,370.8076477050781,0,1
2026-06-07 21:06:27,256.2069892883301,0,1
2026-06-07 21:06:27,276.1211395263672,0,1
2026-06-07 21:06:28,293.4243679046631,0,1
2026-06-07 21:06:28,242.99120903015137,0,1
2026-06-07 21:06:28,209.02466773986816,0,1
2026-06-07 21:06:29,303.2491207122803,0,1
2026-06-07 21:06:29,278.9280414581299,0,1
2026-06-07 21:06:29,339.1387462615967,0,1
2026-06-07 21:06:30,353.015661239624,0,1
2026-06-07 21:06:30,234.90643501281738,0,1
2026-06-07 21:06:31,292.68717765808105,0,1
2026-06-07 21:06:31,349.576473236084,0,1
2026-06-07 21:06:32,340.12413024902344,0,1
2026-06-07 21:06:32,312.1163845062256,0,1
2026-06-07 21:06:32,311.8436336517334,0,1
2026-06-07 21:06:33,189.15390968322754,0,1
2026-06-07 21:06:33,276.07035636901855,0,1
2026-06-07 21:06:33,308.70699882507324,0,1
2026-06-07 21:06:34,256.3185691833496,0,1
2026-06-07 21:06:34,296.1874008178711,0,1
2026-06-07 21:06:35,333.5394859313965,0,1
2026-06-07 21:06:35,239.4700050354004,0,1
2026-06-07 21:06:35,325.67548751831055,0,1
2026-06-07 21:06:36,214.2186164855957,0,1
2026-06-07 21:06:36,236.53507232666016,0,1
2026-06-07 21:06:36,213.85765075683594,0,1
2026-06-07 21:06:37,252.85983085632324,0,1
2026-06-07 21:06:37,330.3854465484619,0,1
2026-06-07 21:06:37,216.13430976867676,0,1
2026-06-07 21:06:38,394.20437812805176,0,1
2026-06-07 21:06:38,187.22176551818848,0,1
2026-06-07 21:06:39,297.8405952453613,0,1
2026-06-07 21:06:39,307.1475028991699,0,1
2026-06-07 21:06:39,276.86190605163574,0,1
2026-06-07 21:06:40,220.39794921875,0,1
2026-06-07 21:06:40,347.15890884399414,0,1
2026-06-07 21:06:41,252.67815589904785,0,1
2026-06-07 21:06:41,301.71680450439453,0,1
2026-06-07 21:06:41,294.7206497192383,0,1
2026-06-07 21:06:42,261.9471549987793,0,1
2026-06-07 21:06:42,309.54694747924805,0,1
2026-06-07 21:06:43,255.91421127319336,0,1
2026-06-07 21:06:43,242.27070808410645,0,1
2026-06-07 21:06:43,266.0341262817383,0,1
2026-06-07 21:06:44,290.2228832244873,0,1
2026-06-07 21:06:44,272.9306221008301,0,1
2026-06-07 21:06:44,249.40252304077148,0,1
2026-06-07 21:06:45,340.5282497406006,0,1
2026-06-07 21:06:45,218.77574920654297,0,1
2026-06-07 21:06:45,299.07917976379395,0,1
2026-06-07 21:06:46,200.99210739135742,0,1
2026-06-07 21:06:46,252.5503635406494,0,1
2026-06-07 21:06:47,366.7318820953369,0,1
2026-06-07 21:06:47,266.60823822021484,0,1
2026-06-07 21:06:47,230.3934097290039,0,1
2026-06-07 21:06:48,302.2744655609131,0,1
2026-06-07 21:06:48,321.3038444519043,0,1
2026-06-07 21:06:48,240.42749404907227,0,1
2026-06-07 21:06:49,330.11674880981445,0,1
2026-06-07 21:06:49,264.2643451690674,0,1
2026-06-07 21:06:50,255.77473640441895,0,1
2026-06-07 21:06:50,286.50379180908203,0,1
2026-06-07 21:06:50,241.24550819396973,0,1
2026-06-07 21:06:51,447.21031188964844,0,1
2026-06-07 21:07:21,226.94158554077148,0,1
2026-06-07 21:07:23,692.9988861083984,0,1
2026-06-07 21:07:24,509.75561141967773,0,1
2026-06-07 21:07:29,230.7438850402832,0,1
2026-06-07 21:07:31,502.9456615447998,0,1
2026-06-07 21:07:32,505.6915283203125,0,1
2026-06-07 21:07:33,238.1443977355957,0,1
2026-06-07 21:07:36,227.0185947418213,0,1
2026-06-07 21:07:37,230.54885864257812,0,1
2026-06-07 21:07:42,233.29544067382812,0,1
2026-06-07 21:07:43,222.00465202331543,0,1
2026-06-07 21:07:46,220.46375274658203,0,1
2026-06-07 21:07:47,230.03149032592773,0,1
2026-06-07 21:07:48,223.46878051757812,0,1
2026-06-07 21:07:48,233.3543300628662,0,1
2026-06-07 21:07:49,229.61044311523438,0,1
2026-06-07 21:08:59,334.0630531311035,0,1
2026-06-07 21:09:11,340.51990509033203,0,1
2026-06-07 21:09:11,254.98509407043457,0,1
2026-06-07 21:09:12,228.67655754089355,0,1
2026-06-07 21:09:12,326.79271697998047,0,1
2026-06-07 21:09:13,212.17966079711914,0,1
2026-06-07 21:09:13,230.09181022644043,0,1
2026-06-07 21:09:13,269.3145275115967,0,1
2026-06-07 21:09:14,324.3889808654785,0,1
2026-06-07 21:09:14,303.70426177978516,0,1
2026-06-07 21:09:14,307.1017265319824,0,1
2026-06-07 21:09:15,209.49220657348633,0,1
2026-06-07 21:09:15,182.73663520812988,0,1
2026-06-07 21:09:15,230.81588745117188,0,1
2026-06-07 21:09:16,364.49480056762695,0,1
2026-06-07 21:09:16,331.01558685302734,0,1
2026-06-07 21:09:17,254.38332557678223,0,1
2026-06-07 21:09:17,244.96698379516602,0,1
2026-06-07 21:09:17,173.39587211608887,0,1
2026-06-07 21:09:18,277.7426242828369,0,1
2026-06-07 21:09:18,316.4689540863037,0,1
2026-06-07 21:09:18,205.4312229156494,0,1
2026-06-07 21:09:19,283.1997871398926,0,1
2026-06-07 21:09:19,315.0789737701416,0,1
2026-06-07 21:09:20,313.20738792419434,0,1
2026-06-07 21:09:20,237.96725273132324,0,1
2026-06-07 21:09:20,271.8319892883301,0,1
2026-06-07 21:09:21,303.79533767700195,0,1
2026-06-07 21:09:21,230.25035858154297,0,1
2026-06-07 21:09:21,268.66865158081055,0,1
2026-06-07 21:09:22,190.60325622558594,0,1
2026-06-07 21:09:22,263.5481357574463,0,1
2026-06-07 21:09:23,347.50819206237793,0,1
2026-06-07 21:09:23,282.61709213256836,0,1
2026-06-07 21:09:23,306.1800003051758,0,1
2026-06-07 21:09:24,263.54074478149414,0,1
2026-06-07 21:09:24,311.0203742980957,0,1
2026-06-07 21:09:25,274.8603820800781,0,1
2026-06-07 21:09:25,208.52971076965332,0,1
2026-06-07 21:09:25,285.54344177246094,0,1
2026-06-07 21:09:26,242.54512786865234,0,1
2026-06-07 21:09:26,314.9693012237549,0,1
2026-06-07 21:09:26,250.29516220092773,0,1
2026-06-07 21:09:27,294.56019401550293,0,1
2026-06-07 21:09:27,181.82969093322754,0,1
2026-06-07 21:09:27,290.9433841705322,0,1
2026-06-07 21:09:28,213.6209011077881,0,1
2026-06-07 21:09:28,269.88887786865234,0,1
2026-06-07 21:09:28,252.92587280273438,0,1
2026-06-07 21:09:29,248.63433837890625,0,1
2026-06-07 21:09:29,295.7756519317627,0,1
2026-06-07 21:09:30,264.9226188659668,0,1
2026-06-07 21:09:30,261.43908500671387,0,1
2026-06-07 21:09:30,271.5897560119629,0,1
2026-06-07 21:09:31,339.9012088775635,0,1
2026-06-07 21:09:31,227.62751579284668,0,1
2026-06-07 21:09:31,302.86526679992676,0,1
2026-06-07 21:09:32,297.2748279571533,0,1
2026-06-07 21:09:32,328.3092975616455,0,1
2026-06-07 21:09:33,292.1135425567627,0,1
2026-06-07 21:09:33,228.47747802734375,0,1
2026-06-07 21:09:33,371.0627555847168,0,1
2026-06-07 21:09:34,261.1556053161621,0,1
2026-06-07 21:09:34,299.2837429046631,0,1
2026-06-07 21:09:35,249.01103973388672,0,1
2026-06-07 21:09:35,206.22587203979492,0,1
2026-06-07 21:09:35,208.40072631835938,0,1
2026-06-07 21:09:36,320.30749320983887,0,1
2026-06-07 21:09:36,231.24957084655762,0,1
2026-06-07 21:09:36,331.76445960998535,0,1
2026-06-07 21:09:37,292.33241081237793,0,1
2026-06-07 21:09:37,332.60059356689453,0,1
2026-06-07 21:09:38,230.65781593322754,0,1
2026-06-07 21:09:38,250.49948692321777,0,1
2026-06-07 21:09:38,309.7851276397705,0,1
2026-06-07 21:09:39,310.0476264953613,0,1
2026-06-07 21:09:39,263.72337341308594,0,1
2026-06-07 21:09:39,235.29863357543945,0,1
2026-06-07 21:09:40,251.85394287109375,0,1
2026-06-07 21:09:40,360.14413833618164,0,1
2026-06-07 21:09:41,314.03326988220215,0,1
2026-06-07 21:10:13,220.84808349609375,0,1
2026-06-07 21:10:14,223.8481044769287,0,1
2026-06-07 21:10:15,429.23545837402344,0,1
2026-06-07 21:10:18,228.65962982177734,0,1
2026-06-07 21:10:21,426.0118007659912,0,1
2026-06-07 21:10:21,217.67401695251465,0,1
2026-06-07 21:10:23,669.0325736999512,0,1
2026-06-07 21:10:24,234.58361625671387,0,1
2026-06-07 21:10:25,228.81221771240234,0,1
2026-06-07 21:10:26,644.6237564086914,0,1
2026-06-07 21:10:30,225.0382900238037,0,1
2026-06-07 21:10:33,218.49465370178223,0,1
2026-06-07 21:10:37,423.7484931945801,0,1
2026-06-07 21:10:38,651.3271331787109,0,1
2026-06-07 21:10:40,222.72992134094238,0,1
2026-06-07 21:10:41,226.56512260437012,0,1
2026-06-07 21:12:01,264.47153091430664,0,1
2026-06-07 21:12:02,335.76035499572754,0,1
2026-06-07 21:12:02,290.87328910827637,0,1
2026-06-07 21:12:03,322.23057746887207,0,1
2026-06-07 21:12:03,201.48587226867676,0,1
2026-06-07 21:12:03,174.15928840637207,0,1
2026-06-07 21:12:04,370.67103385925293,0,1
2026-06-07 21:12:04,236.30738258361816,0,1
2026-06-07 21:12:04,375.6132125854492,0,1
2026-06-07 21:12:05,246.9959259033203,0,1
2026-06-07 21:12:05,195.74499130249023,0,1
2026-06-07 21:12:05,271.88825607299805,0,1
2026-06-07 21:12:06,269.8538303375244,0,1
2026-06-07 21:12:06,378.5371780395508,0,1
2026-06-07 21:12:07,275.58374404907227,0,1
2026-06-07 21:12:07,302.3674488067627,0,1
2026-06-07 21:12:07,221.64487838745117,0,1
2026-06-07 21:12:08,327.8641700744629,0,1
2026-06-07 21:12:08,311.36155128479004,0,1
2026-06-07 21:12:09,334.31386947631836,0,1
2026-06-07 21:12:09,288.60950469970703,0,1
2026-06-07 21:12:09,336.1215591430664,0,1
2026-06-07 21:12:10,273.8831043243408,0,1
2026-06-07 21:12:10,289.7975444793701,0,1
2026-06-07 21:12:11,267.49587059020996,0,1
2026-06-07 21:12:11,262.7370357513428,0,1
2026-06-07 21:12:11,293.5941219329834,0,1
2026-06-07 21:12:12,174.32260513305664,0,1
2026-06-07 21:12:12,280.7161808013916,0,1
2026-06-07 21:12:12,258.9449882507324,0,1
2026-06-07 21:12:13,265.7444477081299,0,1
2026-06-07 21:12:13,325.21677017211914,0,1
2026-06-07 21:12:13,228.26099395751953,0,1
2026-06-07 21:12:14,320.3160762786865,0,1
2026-06-07 21:12:14,280.28035163879395,0,1
2026-06-07 21:12:15,257.68208503723145,0,1
2026-06-07 21:12:15,278.63478660583496,0,1
2026-06-07 21:12:15,262.0882987976074,0,1
2026-06-07 21:12:16,303.77936363220215,0,1
2026-06-07 21:12:16,264.03093338012695,0,1
2026-06-07 21:12:17,280.18879890441895,0,1
2026-06-07 21:12:17,288.12336921691895,0,1
2026-06-07 21:12:17,338.36960792541504,0,1
2026-06-07 21:12:18,354.2194366455078,0,1
2026-06-07 21:12:18,285.33267974853516,0,1
2026-06-07 21:12:19,239.61472511291504,0,1
2026-06-07 21:12:19,316.24603271484375,0,1
2026-06-07 21:12:19,307.79170989990234,0,1
2026-06-07 21:12:20,300.91404914855957,0,1
2026-06-07 21:12:20,242.3539161682129,0,1
2026-06-07 21:12:20,245.85533142089844,0,1
2026-06-07 21:12:21,227.3876667022705,0,1
2026-06-07 21:12:21,175.22025108337402,0,1
2026-06-07 21:12:21,262.3176574707031,0,1
2026-06-07 21:12:22,238.58904838562012,0,1
2026-06-07 21:12:22,287.0914936065674,0,1
2026-06-07 21:12:23,299.2990016937256,0,1
2026-06-07 21:12:23,303.7371635437012,0,1
2026-06-07 21:12:23,342.91958808898926,0,1
2026-06-07 21:12:24,320.67370414733887,0,1
2026-06-07 21:12:24,288.9988422393799,0,1
2026-06-07 21:12:25,188.5366439819336,0,1
2026-06-07 21:12:25,248.09551239013672,0,1
2026-06-07 21:12:25,246.81377410888672,0,1
2026-06-07 21:12:26,323.47679138183594,0,1
2026-06-07 21:12:26,239.69197273254395,0,1
2026-06-07 21:12:26,379.8055648803711,0,1
2026-06-07 21:12:27,269.26732063293457,0,1
2026-06-07 21:12:27,275.8359909057617,0,1
2026-06-07 21:12:28,265.2745246887207,0,1
2026-06-07 21:12:28,204.66303825378418,0,1
2026-06-07 21:12:28,282.2244167327881,0,1
2026-06-07 21:12:29,351.4378070831299,0,1
2026-06-07 21:12:29,200.60062408447266,0,1
2026-06-07 21:12:29,280.2131175994873,0,1
2026-06-07 21:12:30,264.64152336120605,0,1
2026-06-07 21:12:30,307.1167469024658,0,1
2026-06-07 21:12:31,218.6565399169922,0,1
2026-06-07 21:12:31,736.6561889648438,0,1
2026-06-07 21:13:01,248.56185913085938,0,1
2026-06-07 21:13:05,279.45947647094727,0,1
2026-06-07 21:13:06,309.5991611480713,0,1
2026-06-07 21:13:09,261.4881992340088,0,1
2026-06-07 21:13:10,294.893741607666,0,1
2026-06-07 21:13:11,325.4208564758301,0,1
2026-06-07 21:13:12,614.7868633270264,0,1
2026-06-07 21:13:13,315.2580261230469,0,1
2026-06-07 21:13:14,281.80432319641113,0,1
2026-06-07 21:13:15,588.7606143951416,0,1
2026-06-07 21:13:16,319.3953037261963,0,1
2026-06-07 21:13:16,305.9818744659424,0,1
2026-06-07 21:13:18,250.05483627319336,0,1
2026-06-07 21:13:19,511.33227348327637,0,1
2026-06-07 21:13:24,790.0571823120117,0,1
2026-06-07 21:13:25,311.3057613372803,0,1
2026-06-07 21:13:26,298.1114387512207,0,1
2026-06-07 21:13:31,280.33447265625,0,1
2026-06-07 21:14:19,672.713041305542,0,1
2026-06-07 21:14:20,682.6529502868652,0,1
2026-06-07 21:14:21,733.055830001831,0,1
2026-06-07 21:14:51,264.4309997558594,0,1
2026-06-07 21:14:52,309.9358081817627,0,1
2026-06-07 21:14:52,327.8651237487793,0,1
2026-06-07 21:14:53,234.19952392578125,0,1
2026-06-07 21:14:53,294.4493293762207,0,1
2026-06-07 21:14:53,218.7941074371338,0,1
2026-06-07 21:14:54,326.43985748291016,0,1
2026-06-07 21:14:54,201.5821933746338,0,1
2026-06-07 21:14:55,410.33005714416504,0,1
2026-06-07 21:14:55,316.0550594329834,0,1
2026-06-07 21:14:56,312.762975692749,0,1
2026-06-07 21:14:56,355.9596538543701,0,1
2026-06-07 21:14:56,312.2410774230957,0,1
2026-06-07 21:14:57,311.5072250366211,0,1
2026-06-07 21:14:57,356.75930976867676,0,1
2026-06-07 21:14:58,391.5116786956787,0,1
2026-06-07 21:14:58,202.35776901245117,0,1
2026-06-07 21:14:58,297.55210876464844,0,1
2026-06-07 21:14:59,330.05213737487793,0,1
2026-06-07 21:14:59,293.5056686401367,0,1
2026-06-07 21:15:00,356.83584213256836,0,1
2026-06-07 21:15:00,280.05528450012207,0,1
2026-06-07 21:15:01,279.3288230895996,0,1
2026-06-07 21:15:01,361.39917373657227,0,1
2026-06-07 21:15:01,283.0629348754883,0,1
2026-06-07 21:15:02,233.63351821899414,0,1
2026-06-07 21:15:02,272.89533615112305,0,1
2026-06-07 21:15:03,262.51220703125,0,1
2026-06-07 21:15:03,248.92425537109375,0,1
2026-06-07 21:15:03,324.7392177581787,0,1
2026-06-07 21:15:04,248.35681915283203,0,1
2026-06-07 21:15:04,267.84467697143555,0,1
2026-06-07 21:15:04,295.32575607299805,0,1
2026-06-07 21:15:05,263.8218402862549,0,1
2026-06-07 21:15:05,309.6752166748047,0,1
2026-06-07 21:15:06,277.4360179901123,0,1
2026-06-07 21:15:06,334.0582847595215,0,1
2026-06-07 21:15:06,257.51686096191406,0,1
2026-06-07 21:15:07,244.4934844970703,0,1
2026-06-07 21:15:07,267.09508895874023,0,1
2026-06-07 21:15:08,389.91618156433105,0,1
2026-06-07 21:15:08,266.39389991760254,0,1
2026-06-07 21:15:08,278.60212326049805,0,1
2026-06-07 21:15:09,294.6972846984863,0,1
2026-06-07 21:15:09,340.5418395996094,0,1
2026-06-07 21:15:10,355.09443283081055,0,1
2026-06-07 21:15:10,357.3651313781738,0,1
2026-06-07 21:15:11,280.2433967590332,0,1
2026-06-07 21:15:11,358.6993217468262,0,1
2026-06-07 21:15:11,314.26429748535156,0,1
2026-06-07 21:15:12,308.1188201904297,0,1
2026-06-07 21:15:12,275.1286029815674,0,1
2026-06-07 21:15:13,232.64265060424805,0,1
2026-06-07 21:15:13,233.0608367919922,0,1
2026-06-07 21:15:13,236.78159713745117,0,1
2026-06-07 21:15:14,259.2012882232666,0,1
2026-06-07 21:15:14,279.9818515777588,0,1
2026-06-07 21:15:14,233.16168785095215,0,1
2026-06-07 21:15:15,387.8927230834961,0,1
2026-06-07 21:15:15,327.190637588501,0,1
2026-06-07 21:15:16,326.9081115722656,0,1
2026-06-07 21:15:16,308.0120086669922,0,1
2026-06-07 21:15:17,313.58790397644043,0,1
2026-06-07 21:15:17,171.7391014099121,0,1
2026-06-07 21:15:17,281.1462879180908,0,1
2026-06-07 21:15:18,279.65426445007324,0,1
2026-06-07 21:15:18,385.3006362915039,0,1
2026-06-07 21:15:18,234.24768447875977,0,1
2026-06-07 21:15:19,247.49112129211426,0,1
2026-06-07 21:15:19,249.5594024658203,0,1
2026-06-07 21:15:20,218.82295608520508,0,1
2026-06-07 21:15:20,295.382022857666,0,1
2026-06-07 21:15:20,358.870267868042,0,1
2026-06-07 21:15:21,310.58287620544434,0,1
2026-06-07 21:15:22,680.8743476867676,0,1
2026-06-07 21:15:53,249.72081184387207,0,1
2026-06-07 21:15:57,584.8844051361084,0,1
2026-06-07 21:16:00,501.4679431915283,0,1
2026-06-07 21:16:02,311.1233711242676,0,1
2026-06-07 21:16:04,538.4526252746582,0,1
2026-06-07 21:16:06,308.8200092315674,0,1
2026-06-07 21:16:07,279.91652488708496,0,1
2026-06-07 21:16:08,716.4034843444824,0,1
2026-06-07 21:16:14,573.9903450012207,0,1
2026-06-07 21:16:17,345.0126647949219,0,1
2026-06-07 21:16:17,358.22439193725586,0,1
2026-06-07 21:16:21,266.0984992980957,0,1
2026-06-07 21:17:11,960.3114128112793,0,1
2026-06-07 21:17:42,327.8810977935791,0,1
2026-06-07 21:17:42,373.87633323669434,0,1
2026-06-07 21:17:43,251.34730339050293,0,1
2026-06-07 21:17:43,281.4295291900635,0,1
2026-06-07 21:17:43,247.0853328704834,0,1
2026-06-07 21:17:44,249.5112419128418,0,1
2026-06-07 21:17:44,297.7786064147949,0,1
2026-06-07 21:17:45,310.1072311401367,0,1
2026-06-07 21:17:45,341.2446975708008,0,1
2026-06-07 21:17:45,355.20410537719727,0,1
2026-06-07 21:17:46,266.0813331604004,0,1
2026-06-07 21:17:46,263.7829780578613,0,1
2026-06-07 21:17:47,250.54407119750977,0,1
2026-06-07 21:17:47,280.98344802856445,0,1
2026-06-07 21:17:47,330.3239345550537,0,1
2026-06-07 21:17:48,341.23682975769043,0,1
2026-06-07 21:17:48,279.79540824890137,0,1
2026-06-07 21:17:49,325.0234127044678,0,1
2026-06-07 21:17:49,326.59149169921875,0,1
2026-06-07 21:17:50,366.5437698364258,0,1
2026-06-07 21:17:50,342.8969383239746,0,1
2026-06-07 21:17:50,327.44789123535156,0,1
2026-06-07 21:17:51,249.5565414428711,0,1
2026-06-07 21:17:51,356.7159175872803,0,1
2026-06-07 21:17:52,349.1511344909668,0,1
2026-06-07 21:17:52,277.7073383331299,0,1
2026-06-07 21:17:53,278.125524520874,0,1
2026-06-07 21:17:53,232.96785354614258,0,1
2026-06-07 21:17:53,369.3530559539795,0,1
2026-06-07 21:17:54,356.3210964202881,0,1
2026-06-07 21:17:54,341.07160568237305,0,1
2026-06-07 21:17:55,233.48379135131836,0,1
2026-06-07 21:17:55,264.7745609283447,0,1
2026-06-07 21:17:55,233.6437702178955,0,1
2026-06-07 21:17:56,309.2036247253418,0,1
2026-06-07 21:17:56,400.33459663391113,0,1
2026-06-07 21:17:57,403.8734436035156,0,1
2026-06-07 21:17:57,309.1931343078613,0,1
2026-06-07 21:17:58,296.7209815979004,0,1
2026-06-07 21:17:58,357.44309425354004,0,1
2026-06-07 21:17:58,262.4523639678955,0,1
2026-06-07 21:17:59,282.29665756225586,0,1
2026-06-07 21:17:59,269.5658206939697,0,1
2026-06-07 21:18:00,327.29482650756836,0,1
2026-06-07 21:18:00,278.82981300354004,0,1
2026-06-07 21:18:00,218.27387809753418,0,1
2026-06-07 21:18:01,281.24403953552246,0,1
2026-06-07 21:18:01,292.1321392059326,0,1
2026-06-07 21:18:02,324.71513748168945,0,1
2026-06-07 21:18:02,249.68910217285156,0,1
2026-06-07 21:18:02,202.7280330657959,0,1
2026-06-07 21:18:03,281.79264068603516,0,1
2026-06-07 21:18:03,246.98615074157715,0,1
2026-06-07 21:18:03,323.380708694458,0,1
2026-06-07 21:18:04,325.4585266113281,0,1
2026-06-07 21:18:04,283.1857204437256,0,1
2026-06-07 21:18:05,292.53244400024414,0,1
2026-06-07 21:18:05,279.3254852294922,0,1
2026-06-07 21:18:05,360.87679862976074,0,1
2026-06-07 21:18:06,264.53280448913574,0,1
2026-06-07 21:18:06,340.2295112609863,0,1
2026-06-07 21:18:07,358.71291160583496,0,1
2026-06-07 21:18:07,250.474214553833,0,1
2026-06-07 21:18:08,295.6860065460205,0,1
2026-06-07 21:18:08,200.33884048461914,0,1
2026-06-07 21:18:08,232.3894500732422,0,1
2026-06-07 21:18:09,340.01970291137695,0,1
2026-06-07 21:18:09,358.4470748901367,0,1
2026-06-07 21:18:09,265.4223442077637,0,1
2026-06-07 21:18:10,249.24039840698242,0,1
2026-06-07 21:18:10,246.61827087402344,0,1
2026-06-07 21:18:11,342.49424934387207,0,1
2026-06-07 21:18:11,280.46703338623047,0,1
2026-06-07 21:18:12,840.8107757568359,0,1
2026-06-07 21:18:42,319.2172050476074,0,1
2026-06-07 21:18:44,373.54254722595215,0,1
2026-06-07 21:18:45,237.42961883544922,0,1
2026-06-07 21:18:45,296.05603218078613,0,1
2026-06-07 21:18:47,715.6929969787598,0,1
2026-06-07 21:18:48,313.7223720550537,0,1
2026-06-07 21:18:50,668.0240631103516,0,1
2026-06-07 21:18:51,313.6022090911865,0,1
2026-06-07 21:18:51,171.76580429077148,0,1
2026-06-07 21:18:52,310.7588291168213,0,1
2026-06-07 21:18:54,278.98454666137695,0,1
2026-06-07 21:18:56,980.3256988525391,0,1
2026-06-07 21:19:03,796.5247631072998,0,1
2026-06-07 21:19:05,999.1741180419922,0,1
2026-06-07 21:19:08,296.8912124633789,0,1
2026-06-07 21:19:09,293.4567928314209,0,1
2026-06-07 21:19:11,662.3599529266357,0,1
2026-06-07 21:20:02,156.70299530029297,0,1
2026-06-07 21:20:32,279.8802852630615,0,1
2026-06-07 21:20:32,155.7931900024414,0,1
2026-06-07 21:20:33,293.79796981811523,0,1
2026-06-07 21:20:33,233.55865478515625,0,1
2026-06-07 21:20:33,231.6112518310547,0,1
2026-06-07 21:20:34,326.6558647155762,0,1
2026-06-07 21:20:34,339.5380973815918,0,1
2026-06-07 21:20:35,293.37239265441895,0,1
2026-06-07 21:20:35,250.5207061767578,0,1
2026-06-07 21:20:35,231.15086555480957,0,1
2026-06-07 21:20:36,296.2214946746826,0,1
2026-06-07 21:20:36,281.0525894165039,0,1
2026-06-07 21:20:37,342.26322174072266,0,1
2026-06-07 21:20:37,279.95872497558594,0,1
2026-06-07 21:20:37,344.0546989440918,0,1
2026-06-07 21:20:38,310.5275630950928,0,1
2026-06-07 21:20:38,311.0330104827881,0,1
2026-06-07 21:20:39,343.97029876708984,0,1
2026-06-07 21:20:39,250.24676322937012,0,1
2026-06-07 21:20:39,342.93246269226074,0,1
2026-06-07 21:20:40,250.84924697875977,0,1
2026-06-07 21:20:40,295.67742347717285,0,1
2026-06-07 21:20:41,311.9513988494873,0,1
2026-06-07 21:20:41,246.40965461730957,0,1
2026-06-07 21:20:41,249.10521507263184,0,1
2026-06-07 21:20:42,341.472864151001,0,1
2026-06-07 21:20:42,371.08802795410156,0,1
2026-06-07 21:20:43,202.6808261871338,0,1
2026-06-07 21:20:43,344.9218273162842,0,1
2026-06-07 21:20:43,293.67756843566895,0,1
2026-06-07 21:20:44,282.4256420135498,0,1
2026-06-07 21:20:44,307.1470260620117,0,1
2026-06-07 21:20:45,265.1386260986328,0,1
2026-06-07 21:20:45,201.7970085144043,0,1
2026-06-07 21:20:45,249.41515922546387,0,1
2026-06-07 21:20:46,311.31863594055176,0,1
2026-06-07 21:20:46,357.2258949279785,0,1
2026-06-07 21:20:47,280.83109855651855,0,1
2026-06-07 21:20:47,342.3328399658203,0,1
2026-06-07 21:20:47,198.8663673400879,0,1
2026-06-07 21:20:48,329.93197441101074,0,1
2026-06-07 21:20:48,296.21243476867676,0,1
2026-06-07 21:20:49,297.3957061767578,0,1
2026-06-07 21:20:49,235.13078689575195,0,1
2026-06-07 21:20:49,219.30766105651855,0,1
2026-06-07 21:20:50,341.7010307312012,0,1
2026-06-07 21:20:50,279.57749366760254,0,1
2026-06-07 21:20:51,295.2852249145508,0,1
2026-06-07 21:20:51,297.3480224609375,0,1
2026-06-07 21:20:51,289.4771099090576,0,1
2026-06-07 21:20:52,217.81086921691895,0,1
2026-06-07 21:20:52,328.53174209594727,0,1
2026-06-07 21:20:53,325.3436088562012,0,1
2026-06-07 21:20:53,264.4529342651367,0,1
2026-06-07 21:20:53,249.48835372924805,0,1
2026-06-07 21:20:54,278.38134765625,0,1
2026-06-07 21:20:54,233.1526279449463,0,1
2026-06-07 21:20:54,221.5099334716797,0,1
2026-06-07 21:20:55,299.45945739746094,0,1
2026-06-07 21:20:55,232.8634262084961,0,1
2026-06-07 21:20:55,265.48004150390625,0,1
2026-06-07 21:20:56,310.9889030456543,0,1
2026-06-07 21:20:56,264.3563747406006,0,1
2026-06-07 21:20:57,310.3334903717041,0,1
2026-06-07 21:20:57,310.3485107421875,0,1
2026-06-07 21:20:57,288.14220428466797,0,1
2026-06-07 21:20:58,372.5593090057373,0,1
2026-06-07 21:20:58,294.24500465393066,0,1
2026-06-07 21:20:59,326.60388946533203,0,1
2026-06-07 21:20:59,295.8998680114746,0,1
2026-06-07 21:21:00,254.75192070007324,0,1
2026-06-07 21:21:00,219.38681602478027,0,1
2026-06-07 21:21:00,315.3567314147949,0,1
2026-06-07 21:21:01,311.964750289917,0,1
2026-06-07 21:21:01,186.06138229370117,0,1
2026-06-07 21:21:01,312.1752738952637,0,1
2026-06-07 21:21:02,538.8634204864502,0,1
2026-06-07 21:21:33,906.7342281341553,0,1
2026-06-07 21:21:33,171.52118682861328,0,1
2026-06-07 21:21:34,326.68185234069824,0,1
2026-06-07 21:21:37,310.5599880218506,0,1
2026-06-07 21:21:38,528.9304256439209,0,1
2026-06-07 21:21:40,264.15443420410156,0,1
2026-06-07 21:21:42,218.13416481018066,0,1
2026-06-07 21:21:43,185.86134910583496,0,1
2026-06-07 21:21:44,359.01474952697754,0,1
2026-06-07 21:21:45,314.79597091674805,0,1
2026-06-07 21:21:46,373.17943572998047,0,1
2026-06-07 21:21:48,310.4255199432373,0,1
2026-06-07 21:21:49,262.14599609375,0,1
2026-06-07 21:21:50,204.17022705078125,0,1
2026-06-07 21:21:53,327.61192321777344,0,1
2026-06-07 21:21:55,296.15163803100586,0,1
2026-06-07 21:21:58,538.752555847168,0,1
2026-06-07 21:22:00,389.39499855041504,0,1
2026-06-07 21:22:53,652.5704860687256,0,1
2026-06-07 21:23:22,277.88591384887695,0,1
2026-06-07 21:23:23,374.8617172241211,0,1
2026-06-07 21:23:23,276.08585357666016,0,1
2026-06-07 21:23:23,281.0678482055664,0,1
2026-06-07 21:23:24,313.0807876586914,0,1
2026-06-07 21:23:24,312.06631660461426,0,1
2026-06-07 21:23:25,264.7547721862793,0,1
2026-06-07 21:23:25,247.4498748779297,0,1
2026-06-07 21:23:26,342.8497314453125,0,1
2026-06-07 21:23:26,187.4239444732666,0,1
2026-06-07 21:23:26,200.99520683288574,0,1
2026-06-07 21:23:27,357.6323986053467,0,1
2026-06-07 21:23:27,326.14684104919434,0,1
2026-06-07 21:23:27,217.4379825592041,0,1
2026-06-07 21:23:28,356.5182685852051,0,1
2026-06-07 21:23:28,264.30487632751465,0,1
2026-06-07 21:23:29,234.29536819458008,0,1
2026-06-07 21:23:29,295.95184326171875,0,1
2026-06-07 21:23:29,373.6457824707031,0,1
2026-06-07 21:23:30,310.9264373779297,0,1
2026-06-07 21:23:30,233.7024211883545,0,1
2026-06-07 21:23:31,248.37350845336914,0,1
2026-06-07 21:23:31,357.19895362854004,0,1
2026-06-07 21:23:31,279.77919578552246,0,1
2026-06-07 21:23:32,233.00814628601074,0,1
2026-06-07 21:23:32,325.1969814300537,0,1
2026-06-07 21:23:33,279.6287536621094,0,1
2026-06-07 21:23:33,326.3275623321533,0,1
2026-06-07 21:23:33,249.76873397827148,0,1
2026-06-07 21:23:34,216.14480018615723,0,1
2026-06-07 21:23:34,296.07295989990234,0,1
2026-06-07 21:23:34,234.20095443725586,0,1
2026-06-07 21:23:35,360.80121994018555,0,1
2026-06-07 21:23:35,374.6047019958496,0,1
2026-06-07 21:23:36,248.0323314666748,0,1
2026-06-07 21:23:36,278.7806987762451,0,1
2026-06-07 21:23:37,329.0398120880127,0,1
2026-06-07 21:23:37,374.27735328674316,0,1
2026-06-07 21:23:37,278.4135341644287,0,1
2026-06-07 21:23:38,265.43354988098145,0,1
2026-06-07 21:23:38,326.10201835632324,0,1
2026-06-07 21:23:39,311.9800090789795,0,1
2026-06-07 21:23:39,264.5092010498047,0,1
2026-06-07 21:23:39,247.4656105041504,0,1
2026-06-07 21:23:40,295.8188056945801,0,1
2026-06-07 21:23:40,296.5238094329834,0,1
2026-06-07 21:23:41,248.01921844482422,0,1
2026-06-07 21:23:41,296.2052822113037,0,1
2026-06-07 21:23:41,310.8811378479004,0,1
2026-06-07 21:23:42,374.39942359924316,0,1
2026-06-07 21:23:42,286.97943687438965,0,1
2026-06-07 21:23:43,280.56788444519043,0,1
2026-06-07 21:23:43,310.2378845214844,0,1
2026-06-07 21:23:43,311.21039390563965,0,1
2026-06-07 21:23:44,282.0553779602051,0,1
2026-06-07 21:23:44,282.3638916015625,0,1
2026-06-07 21:23:45,296.3907718658447,0,1
2026-06-07 21:23:45,307.73282051086426,0,1
2026-06-07 21:23:45,279.33216094970703,0,1
2026-06-07 21:23:46,359.89880561828613,0,1
2026-06-07 21:23:46,326.3061046600342,0,1
2026-06-07 21:23:47,296.4603900909424,0,1
2026-06-07 21:23:47,281.7349433898926,0,1
2026-06-07 21:23:48,276.8228054046631,0,1
2026-06-07 21:23:48,265.02203941345215,0,1
2026-06-07 21:23:48,247.10392951965332,0,1
2026-06-07 21:23:49,313.57693672180176,0,1
2026-06-07 21:23:49,231.77242279052734,0,1
2026-06-07 21:23:49,235.92114448547363,0,1
2026-06-07 21:23:50,296.37789726257324,0,1
2026-06-07 21:23:50,299.206018447876,0,1
2026-06-07 21:23:51,357.0573329925537,0,1
2026-06-07 21:23:51,265.18988609313965,0,1
2026-06-07 21:23:51,375.66208839416504,0,1
2026-06-07 21:23:52,666.1064624786377,0,1
2026-06-07 21:24:23,250.65040588378906,0,1
2026-06-07 21:24:35,772.3474502563477,0,1
2026-06-07 21:24:36,273.44202995300293,0,1
2026-06-07 21:24:37,170.6254482269287,0,1
2026-06-07 21:24:39,281.7566394805908,0,1
2026-06-07 21:24:40,297.0283031463623,0,1
2026-06-07 21:24:43,372.4169731140137,0,1
2026-06-07 21:24:45,264.90068435668945,0,1
2026-06-07 21:24:47,308.0289363861084,0,1
2026-06-07 21:24:48,311.2139701843262,0,1
2026-06-07 21:24:49,324.07355308532715,0,1
2026-06-07 21:24:51,265.54083824157715,0,1
2026-06-07 21:26:12,309.94343757629395,0,1
2026-06-07 21:26:13,265.9873962402344,0,1
2026-06-07 21:26:13,308.71129035949707,0,1
2026-06-07 21:26:14,201.29966735839844,0,1
2026-06-07 21:26:14,230.85784912109375,0,1
2026-06-07 21:26:14,326.34902000427246,0,1
2026-06-07 21:26:15,249.92918968200684,0,1
2026-06-07 21:26:15,310.7633590698242,0,1
2026-06-07 21:26:16,374.57871437072754,0,1
2026-06-07 21:26:16,295.7921028137207,0,1
2026-06-07 21:26:16,217.84234046936035,0,1
2026-06-07 21:26:17,294.170618057251,0,1
2026-06-07 21:26:17,330.822229385376,0,1
2026-06-07 21:26:18,310.65893173217773,0,1
2026-06-07 21:26:18,311.4132881164551,0,1
2026-06-07 21:26:18,359.9815368652344,0,1
2026-06-07 21:26:19,370.5315589904785,0,1
2026-06-07 21:26:19,347.72801399230957,0,1
2026-06-07 21:26:20,359.4810962677002,0,1
2026-06-07 21:26:20,281.8021774291992,0,1
2026-06-07 21:26:21,325.145959854126,0,1
2026-06-07 21:26:21,247.41196632385254,0,1
2026-06-07 21:26:21,296.92912101745605,0,1
2026-06-07 21:26:22,311.1572265625,0,1
2026-06-07 21:26:22,327.7318477630615,0,1
2026-06-07 21:26:23,328.97257804870605,0,1
2026-06-07 21:26:23,296.1282730102539,0,1
2026-06-07 21:26:24,327.70442962646484,0,1
2026-06-07 21:26:24,264.9872303009033,0,1
2026-06-07 21:26:24,389.4333839416504,0,1
2026-06-07 21:26:25,264.22715187072754,0,1
2026-06-07 21:26:25,296.4596748352051,0,1
2026-06-07 21:26:26,217.7412509918213,0,1
2026-06-07 21:26:26,280.54332733154297,0,1
2026-06-07 21:26:26,278.0289649963379,0,1
2026-06-07 21:26:27,232.15651512145996,0,1
2026-06-07 21:26:27,203.47905158996582,0,1
2026-06-07 21:26:27,295.2272891998291,0,1
2026-06-07 21:26:28,188.6618137359619,0,1
2026-06-07 21:26:28,264.7666931152344,0,1
2026-06-07 21:26:29,310.81366539001465,0,1
2026-06-07 21:26:29,322.79324531555176,0,1
2026-06-07 21:26:29,262.0251178741455,0,1
2026-06-07 21:26:30,264.2979621887207,0,1
2026-06-07 21:26:30,354.7484874725342,0,1
2026-06-07 21:26:31,372.830867767334,0,1
2026-06-07 21:26:31,279.86717224121094,0,1
2026-06-07 21:26:31,282.2837829589844,0,1
2026-06-07 21:26:32,248.45409393310547,0,1
2026-06-07 21:26:32,312.85691261291504,0,1
2026-06-07 21:26:33,377.70938873291016,0,1
2026-06-07 21:26:33,271.73757553100586,0,1
2026-06-07 21:26:33,294.1474914550781,0,1
2026-06-07 21:26:34,219.01488304138184,0,1
2026-06-07 21:26:34,218.414306640625,0,1
2026-06-07 21:26:34,281.61144256591797,0,1
2026-06-07 21:26:35,370.18442153930664,0,1
2026-06-07 21:26:35,326.74431800842285,0,1
2026-06-07 21:26:36,263.80395889282227,0,1
2026-06-07 21:26:36,388.416051864624,0,1
2026-06-07 21:26:37,356.77075386047363,0,1
2026-06-07 21:26:37,246.95372581481934,0,1
2026-06-07 21:26:37,265.4280662536621,0,1
2026-06-07 21:26:38,264.30773735046387,0,1
2026-06-07 21:26:38,293.550968170166,0,1
2026-06-07 21:26:39,297.35755920410156,0,1
2026-06-07 21:26:39,249.7410774230957,0,1
2026-06-07 21:26:39,215.1167392730713,0,1
2026-06-07 21:26:40,340.38448333740234,0,1
2026-06-07 21:26:40,266.75939559936523,0,1
2026-06-07 21:26:41,355.1054000854492,0,1
2026-06-07 21:26:41,325.32262802124023,0,1
2026-06-07 21:26:41,296.79226875305176,0,1
2026-06-07 21:26:42,343.05834770202637,0,1
2026-06-07 21:26:43,571.0980892181396,0,1
2026-06-07 21:27:13,698.1477737426758,0,1
2026-06-07 21:27:14,311.73205375671387,0,1
2026-06-07 21:27:15,310.3756904602051,0,1
2026-06-07 21:27:16,280.3668975830078,0,1
2026-06-07 21:27:18,263.37623596191406,0,1
2026-06-07 21:27:19,294.27266120910645,0,1
2026-06-07 21:27:21,248.71110916137695,0,1
2026-06-07 21:27:25,327.39901542663574,0,1
2026-06-07 21:27:26,358.0315113067627,0,1
2026-06-07 21:27:28,326.16376876831055,0,1
2026-06-07 21:27:29,496.02580070495605,0,1
2026-06-07 21:27:30,497.03240394592285,0,1
2026-06-07 21:27:33,625.4677772521973,0,1
2026-06-07 21:27:34,312.19959259033203,0,1
2026-06-07 21:27:37,514.4591331481934,0,1
2026-06-07 21:27:38,291.01109504699707,0,1
2026-06-07 21:27:41,293.77174377441406,0,1
2026-06-07 21:28:42,456.18748664855957,0,1
2026-06-07 21:29:03,342.63110160827637,0,1
2026-06-07 21:29:03,310.6393814086914,0,1
2026-06-07 21:29:04,324.948787689209,0,1
2026-06-07 21:29:04,263.8416290283203,0,1
2026-06-07 21:29:04,263.7190818786621,0,1
2026-06-07 21:29:05,233.76011848449707,0,1
2026-06-07 21:29:05,387.2828483581543,0,1
2026-06-07 21:29:06,279.285192489624,0,1
2026-06-07 21:29:06,239.7146224975586,0,1
2026-06-07 21:29:06,246.1690902709961,0,1
2026-06-07 21:29:07,293.6410903930664,0,1
2026-06-07 21:29:07,329.25868034362793,0,1
2026-06-07 21:29:07,295.16029357910156,0,1
2026-06-07 21:29:08,265.26665687561035,0,1
2026-06-07 21:29:08,236.22822761535645,0,1
2026-06-07 21:29:09,311.1567497253418,0,1
2026-06-07 21:29:09,342.7097797393799,0,1
2026-06-07 21:29:09,205.42597770690918,0,1
2026-06-07 21:29:10,217.14067459106445,0,1
2026-06-07 21:29:10,201.46846771240234,0,1
2026-06-07 21:29:10,263.8380527496338,0,1
2026-06-07 21:29:11,279.9959182739258,0,1
2026-06-07 21:29:11,278.5487174987793,0,1
2026-06-07 21:29:12,313.34829330444336,0,1
2026-06-07 21:29:12,312.852144241333,0,1
2026-06-07 21:29:12,359.91883277893066,0,1
2026-06-07 21:29:13,298.3813285827637,0,1
2026-06-07 21:29:13,299.2372512817383,0,1
2026-06-07 21:29:14,281.2635898590088,0,1
2026-06-07 21:29:14,279.76393699645996,0,1
2026-06-07 21:29:14,341.3870334625244,0,1
2026-06-07 21:29:15,266.4768695831299,0,1
2026-06-07 21:29:15,293.9169406890869,0,1
2026-06-07 21:29:16,328.5548686981201,0,1
2026-06-07 21:29:16,199.73134994506836,0,1
2026-06-07 21:29:16,238.88683319091797,0,1
2026-06-07 21:29:17,264.74738121032715,0,1
2026-06-07 21:29:17,295.654296875,0,1
2026-06-07 21:29:18,364.07947540283203,0,1
2026-06-07 21:29:18,328.6631107330322,0,1
2026-06-07 21:29:18,327.6996612548828,0,1
2026-06-07 21:29:19,279.25944328308105,0,1
2026-06-07 21:29:19,266.6611671447754,0,1
2026-06-07 21:29:20,310.3907108306885,0,1
2026-06-07 21:29:20,296.9515323638916,0,1
2026-06-07 21:29:21,418.38884353637695,0,1
2026-06-07 21:29:21,293.9016819000244,0,1
2026-06-07 21:29:21,204.19883728027344,0,1
2026-06-07 21:29:22,326.3986110687256,0,1
2026-06-07 21:29:22,356.7769527435303,0,1
2026-06-07 21:29:23,293.48278045654297,0,1
2026-06-07 21:29:23,282.11212158203125,0,1
2026-06-07 21:29:23,200.91629028320312,0,1
2026-06-07 21:29:24,249.2372989654541,0,1
2026-06-07 21:29:24,186.8739128112793,0,1
2026-06-07 21:29:24,203.9506435394287,0,1
2026-06-07 21:29:25,319.7312355041504,0,1
2026-06-07 21:29:25,325.7310390472412,0,1
2026-06-07 21:29:25,202.15177536010742,0,1
2026-06-07 21:29:26,343.273401260376,0,1
2026-06-07 21:29:26,328.4013271331787,0,1
2026-06-07 21:29:27,265.9640312194824,0,1
2026-06-07 21:29:27,265.91992378234863,0,1
2026-06-07 21:29:27,310.5950355529785,0,1
2026-06-07 21:29:28,218.61529350280762,0,1
2026-06-07 21:29:28,220.10159492492676,0,1
2026-06-07 21:29:28,232.95998573303223,0,1
2026-06-07 21:29:29,263.2291316986084,0,1
2026-06-07 21:29:29,283.21099281311035,0,1
2026-06-07 21:29:30,265.42067527770996,0,1
2026-06-07 21:29:30,293.5619354248047,0,1
2026-06-07 21:29:30,271.21710777282715,0,1
2026-06-07 21:29:31,295.0866222381592,0,1
2026-06-07 21:29:31,340.1196002960205,0,1
2026-06-07 21:29:32,313.40742111206055,0,1
2026-06-07 21:29:32,279.53076362609863,0,1
2026-06-07 21:29:33,526.7367362976074,0,1
2026-06-07 21:30:03,314.4030570983887,0,1
2026-06-07 21:30:04,278.5768508911133,0,1
2026-06-07 21:30:05,297.44887351989746,0,1
2026-06-07 21:30:07,669.5427894592285,0,1
2026-06-07 21:30:07,353.6090850830078,0,1
2026-06-07 21:30:09,355.84402084350586,0,1
2026-06-07 21:30:13,278.7892818450928,0,1
2026-06-07 21:30:15,609.2667579650879,0,1
2026-06-07 21:30:16,353.6839485168457,0,1
2026-06-07 21:30:19,323.3368396759033,0,1
2026-06-07 21:30:19,279.9692153930664,0,1
2026-06-07 21:30:20,295.75037956237793,0,1
2026-06-07 21:30:22,299.2594242095947,0,1
2026-06-07 21:30:23,263.11278343200684,0,1
2026-06-07 21:30:24,777.2841453552246,0,1
2026-06-07 21:30:25,325.84285736083984,0,1
2026-06-07 21:30:28,312.20245361328125,0,1
2026-06-07 21:30:28,282.2902202606201,0,1
2026-06-07 21:30:29,315.72484970092773,0,1
2026-06-07 21:30:30,294.2981719970703,0,1
2026-06-07 21:30:31,588.0036354064941,0,1
2026-06-07 21:30:33,325.12712478637695,0,1
2026-06-07 21:31:23,670.9995269775391,0,1
2026-06-07 21:31:53,327.02183723449707,0,1
2026-06-07 21:31:53,388.8814449310303,0,1
2026-06-07 21:31:54,341.0663604736328,0,1
2026-06-07 21:31:54,310.0564479827881,0,1
2026-06-07 21:31:55,372.10941314697266,0,1
2026-06-07 21:31:55,357.70440101623535,0,1
2026-06-07 21:31:56,261.6534233093262,0,1
2026-06-07 21:31:56,295.5029010772705,0,1
2026-06-07 21:31:56,373.91209602355957,0,1
2026-06-07 21:31:57,326.10511779785156,0,1
2026-06-07 21:31:57,247.44558334350586,0,1
2026-06-07 21:31:58,406.832218170166,0,1
2026-06-07 21:31:58,217.86761283874512,0,1
2026-06-07 21:31:58,250.5476474761963,0,1
2026-06-07 21:31:59,310.30893325805664,0,1
2026-06-07 21:31:59,326.8282413482666,0,1
2026-06-07 21:32:00,303.070068359375,0,1
2026-06-07 21:32:00,232.17415809631348,0,1
2026-06-07 21:32:01,402.5278091430664,0,1
2026-06-07 21:32:01,311.9800090789795,0,1
2026-06-07 21:32:01,312.6802444458008,0,1
2026-06-07 21:32:02,202.1775245666504,0,1
2026-06-07 21:32:02,280.3010940551758,0,1
2026-06-07 21:32:03,343.43504905700684,0,1
2026-06-07 21:32:03,326.556921005249,0,1
2026-06-07 21:32:03,309.13734436035156,0,1
2026-06-07 21:32:04,356.6699028015137,0,1
2026-06-07 21:32:04,321.6404914855957,0,1
2026-06-07 21:32:05,280.00664710998535,0,1
2026-06-07 21:32:05,292.94514656066895,0,1
2026-06-07 21:32:05,280.29322624206543,0,1
2026-06-07 21:32:06,295.241117477417,0,1
2026-06-07 21:32:06,320.5397129058838,0,1
2026-06-07 21:32:07,283.3971977233887,0,1
2026-06-07 21:32:07,312.92080879211426,0,1
2026-06-07 21:32:07,220.9470272064209,0,1
2026-06-07 21:32:08,311.5262985229492,0,1
2026-06-07 21:32:08,375.50902366638184,0,1
2026-06-07 21:32:09,281.05640411376953,0,1
2026-06-07 21:32:09,241.61028861999512,0,1
2026-06-07 21:32:10,407.98020362854004,0,1
2026-06-07 21:32:10,248.43311309814453,0,1
2026-06-07 21:32:10,263.4439468383789,0,1
2026-06-07 21:32:11,281.59213066101074,0,1
2026-06-07 21:32:11,295.5195903778076,0,1
2026-06-07 21:32:12,344.42615509033203,0,1
2026-06-07 21:32:12,373.78525733947754,0,1
2026-06-07 21:32:12,278.8686752319336,0,1
2026-06-07 21:32:13,249.62615966796875,0,1
2026-06-07 21:32:13,280.4281711578369,0,1
2026-06-07 21:32:14,279.9661159515381,0,1
2026-06-07 21:32:14,311.10620498657227,0,1
2026-06-07 21:32:14,280.05123138427734,0,1
2026-06-07 21:32:15,294.9645519256592,0,1
2026-06-07 21:32:15,262.01653480529785,0,1
2026-06-07 21:32:15,267.0705318450928,0,1
2026-06-07 21:32:16,322.00121879577637,0,1
2026-06-07 21:32:16,249.2694854736328,0,1
2026-06-07 21:32:17,310.89091300964355,0,1
2026-06-07 21:32:17,265.8956050872803,0,1
2026-06-07 21:32:17,283.4303379058838,0,1
2026-06-07 21:32:18,310.75215339660645,0,1
2026-06-07 21:32:18,264.8172378540039,0,1
2026-06-07 21:32:19,355.9074401855469,0,1
2026-06-07 21:32:19,327.9106616973877,0,1
2026-06-07 21:32:20,312.34216690063477,0,1
2026-06-07 21:32:20,311.7964267730713,0,1
2026-06-07 21:32:21,390.6991481781006,0,1
2026-06-07 21:32:21,202.25286483764648,0,1
2026-06-07 21:32:21,248.154878616333,0,1
2026-06-07 21:32:22,295.12691497802734,0,1
2026-06-07 21:32:22,242.1400547027588,0,1
2026-06-07 21:32:22,201.66254043579102,0,1
2026-06-07 21:32:23,466.7534828186035,0,1
2026-06-07 21:32:54,280.5943489074707,0,1
2026-06-07 21:32:55,281.6174030303955,0,1
2026-06-07 21:32:56,419.36779022216797,0,1
2026-06-07 21:32:58,268.71442794799805,0,1
2026-06-07 21:33:00,308.62998962402344,0,1
2026-06-07 21:33:01,280.0557613372803,0,1
2026-06-07 21:33:02,293.05124282836914,0,1
2026-06-07 21:33:03,292.06204414367676,0,1
2026-06-07 21:33:04,313.53187561035156,0,1
2026-06-07 21:33:05,324.3062496185303,0,1
2026-06-07 21:33:05,249.32122230529785,0,1
2026-06-07 21:33:07,527.6029109954834,0,1
2026-06-07 21:33:09,279.8473834991455,0,1
2026-06-07 21:33:11,281.6638946533203,0,1
2026-06-07 21:33:12,578.2744884490967,0,1
2026-06-07 21:33:14,508.6326599121094,0,1
2026-06-07 21:33:16,339.98751640319824,0,1
2026-06-07 21:33:18,234.3463897705078,0,1
2026-06-07 21:33:21,152.540922164917,0,1
2026-06-07 21:33:22,637.6798152923584,0,1
2026-06-07 21:33:22,171.14496231079102,0,1
2026-06-07 21:33:23,306.4155578613281,0,1
2026-06-07 21:34:16,977.8099060058594,0,1
2026-06-07 21:34:43,280.34090995788574,0,1
2026-06-07 21:34:44,304.66270446777344,0,1
2026-06-07 21:34:44,202.073335647583,0,1
2026-06-07 21:34:44,283.89668464660645,0,1
2026-06-07 21:34:45,314.21709060668945,0,1
2026-06-07 21:34:45,265.1093006134033,0,1
2026-06-07 21:34:45,277.2965431213379,0,1
2026-06-07 21:34:46,249.772310256958,0,1
2026-06-07 21:34:46,281.0702323913574,0,1
2026-06-07 21:34:47,293.78747940063477,0,1
2026-06-07 21:34:47,303.21669578552246,0,1
2026-06-07 21:34:47,325.6402015686035,0,1
2026-06-07 21:34:48,341.31693840026855,0,1
2026-06-07 21:34:48,450.00219345092773,0,1
2026-06-07 21:34:49,338.9573097229004,0,1
2026-06-07 21:34:49,277.87303924560547,0,1
2026-06-07 21:34:50,309.1461658477783,0,1
2026-06-07 21:34:50,278.1496047973633,0,1
2026-06-07 21:34:51,310.4391098022461,0,1
2026-06-07 21:34:51,337.9669189453125,0,1
2026-06-07 21:34:51,280.01880645751953,0,1
2026-06-07 21:34:52,251.37567520141602,0,1
2026-06-07 21:34:52,279.28853034973145,0,1
2026-06-07 21:34:52,264.8458480834961,0,1
2026-06-07 21:34:53,220.20244598388672,0,1
2026-06-07 21:34:53,249.28641319274902,0,1
2026-06-07 21:34:54,346.0044860839844,0,1
2026-06-07 21:34:54,342.5321578979492,0,1
2026-06-07 21:34:54,279.9844741821289,0,1
2026-06-07 21:34:55,298.66766929626465,0,1
2026-06-07 21:34:55,276.5192985534668,0,1
2026-06-07 21:34:56,312.6349449157715,0,1
2026-06-07 21:34:56,331.49266242980957,0,1
2026-06-07 21:34:57,313.40861320495605,0,1
2026-06-07 21:34:57,249.07159805297852,0,1
2026-06-07 21:34:57,327.72088050842285,0,1
2026-06-07 21:34:58,233.78968238830566,0,1
2026-06-07 21:34:58,295.87268829345703,0,1
2026-06-07 21:34:58,264.8138999938965,0,1
2026-06-07 21:34:59,215.94500541687012,0,1
2026-06-07 21:34:59,356.78887367248535,0,1
2026-06-07 21:35:00,279.0720462799072,0,1
2026-06-07 21:35:00,263.86356353759766,0,1
2026-06-07 21:35:00,357.0904731750488,0,1
2026-06-07 21:35:01,278.4552574157715,0,1
2026-06-07 21:35:01,260.9999179840088,0,1
2026-06-07 21:35:02,264.16683197021484,0,1
2026-06-07 21:35:02,203.95517349243164,0,1
2026-06-07 21:35:02,376.9264221191406,0,1
2026-06-07 21:35:03,342.1649932861328,0,1
2026-06-07 21:35:03,269.0715789794922,0,1
2026-06-07 21:35:04,265.46549797058105,0,1
2026-06-07 21:35:04,296.44107818603516,0,1
2026-06-07 21:35:05,434.2234134674072,0,1
2026-06-07 21:35:05,309.13829803466797,0,1
2026-06-07 21:35:05,279.16812896728516,0,1
2026-06-07 21:35:06,326.7254829406738,0,1
2026-06-07 21:35:06,270.8780765533447,0,1
2026-06-07 21:35:07,313.15016746520996,0,1
2026-06-07 21:35:07,295.0019836425781,0,1
2026-06-07 21:35:07,311.9795322418213,0,1
2026-06-07 21:35:08,203.03916931152344,0,1
2026-06-07 21:35:08,349.09892082214355,0,1
2026-06-07 21:35:08,204.93435859680176,0,1
2026-06-07 21:35:09,389.50610160827637,0,1
2026-06-07 21:35:09,278.78379821777344,0,1
2026-06-07 21:35:10,186.13839149475098,0,1
2026-06-07 21:35:10,185.9912872314453,0,1
2026-06-07 21:35:10,313.2128715515137,0,1
2026-06-07 21:35:11,294.344425201416,0,1
2026-06-07 21:35:11,282.0284366607666,0,1
2026-06-07 21:35:11,233.99877548217773,0,1
2026-06-07 21:35:12,372.6675510406494,0,1
2026-06-07 21:35:12,298.13432693481445,0,1
2026-06-07 21:35:13,248.44646453857422,0,1
2026-06-07 21:35:13,511.9917392730713,0,1
2026-06-07 21:35:44,248.0771541595459,0,1
2026-06-07 21:35:44,329.68974113464355,0,1
2026-06-07 21:35:45,313.7238025665283,0,1
2026-06-07 21:35:46,360.7449531555176,0,1
2026-06-07 21:35:47,279.3848514556885,0,1
2026-06-07 21:35:51,278.0747413635254,0,1
2026-06-07 21:35:53,296.3573932647705,0,1
2026-06-07 21:35:55,762.4127864837646,0,1
2026-06-07 21:35:56,249.36985969543457,0,1
2026-06-07 21:35:57,513.4861469268799,0,1
2026-06-07 21:35:59,298.17867279052734,0,1
2026-06-07 21:36:00,854.1791439056396,0,1
2026-06-07 21:36:01,379.29534912109375,0,1
2026-06-07 21:36:04,264.509916305542,0,1
2026-06-07 21:36:05,249.57752227783203,0,1
2026-06-07 21:36:05,248.32701683044434,0,1
2026-06-07 21:36:10,761.3399028778076,0,1
2026-06-07 21:36:12,621.4559078216553,0,1
2026-06-07 21:36:13,293.0645942687988,0,1
2026-06-07 21:37:34,514.5816802978516,0,1
2026-06-07 21:37:34,249.41587448120117,0,1
2026-06-07 21:37:34,234.72094535827637,0,1
2026-06-07 21:37:35,277.6815891265869,0,1
2026-06-07 21:37:35,263.4401321411133,0,1
2026-06-07 21:37:35,342.893123626709,0,1
2026-06-07 21:37:36,341.4285182952881,0,1
2026-06-07 21:37:36,433.84432792663574,0,1
2026-06-07 21:37:37,263.7293338775635,0,1
2026-06-07 21:37:37,234.34758186340332,0,1
2026-06-07 21:37:38,247.56526947021484,0,1
2026-06-07 21:37:38,276.0505676269531,0,1
2026-06-07 21:37:38,313.47012519836426,0,1
2026-06-07 21:37:39,355.8785915374756,0,1
2026-06-07 21:37:39,250.8223056793213,0,1
2026-06-07 21:37:40,262.1750831604004,0,1
2026-06-07 21:37:40,200.56486129760742,0,1
2026-06-07 21:37:40,283.4615707397461,0,1
2026-06-07 21:37:41,279.3447971343994,0,1
2026-06-07 21:37:41,338.44614028930664,0,1
2026-06-07 21:37:42,349.4536876678467,0,1
2026-06-07 21:37:42,262.7732753753662,0,1
2026-06-07 21:37:42,343.11604499816895,0,1
2026-06-07 21:37:43,249.9687671661377,0,1
2026-06-07 21:37:43,265.6428813934326,0,1
2026-06-07 21:37:43,296.40841484069824,0,1
2026-06-07 21:37:44,263.6537551879883,0,1
2026-06-07 21:37:44,357.4824333190918,0,1
2026-06-07 21:37:45,295.3305244445801,0,1
2026-06-07 21:37:45,280.3215980529785,0,1
2026-06-07 21:37:46,296.8788146972656,0,1
2026-06-07 21:37:46,355.8177947998047,0,1
2026-06-07 21:37:46,354.7046184539795,0,1
2026-06-07 21:37:47,281.003475189209,0,1
2026-06-07 21:37:47,248.7785816192627,0,1
2026-06-07 21:37:48,326.1120319366455,0,1
2026-06-07 21:37:48,263.0798816680908,0,1
2026-06-07 21:37:48,326.95817947387695,0,1
2026-06-07 21:37:49,328.9458751678467,0,1
2026-06-07 21:37:49,285.0909233093262,0,1
2026-06-07 21:37:50,263.4549140930176,0,1
2026-06-07 21:37:50,265.12908935546875,0,1
2026-06-07 21:37:50,310.0574016571045,0,1
2026-06-07 21:37:51,267.0636177062988,0,1
2026-06-07 21:37:51,251.1279582977295,0,1
2026-06-07 21:37:51,232.34224319458008,0,1
2026-06-07 21:37:52,216.86553955078125,0,1
2026-06-07 21:37:52,217.4241542816162,0,1
2026-06-07 21:37:52,187.9734992980957,0,1
2026-06-07 21:37:53,373.5532760620117,0,1
2026-06-07 21:37:53,292.60706901550293,0,1
2026-06-07 21:37:54,371.39201164245605,0,1
2026-06-07 21:37:54,340.9116268157959,0,1
2026-06-07 21:37:55,217.06366539001465,0,1
2026-06-07 21:37:55,264.7559642791748,0,1
2026-06-07 21:37:55,344.94996070861816,0,1
2026-06-07 21:37:56,343.44029426574707,0,1
2026-06-07 21:37:56,219.71964836120605,0,1
2026-06-07 21:37:57,387.9423141479492,0,1
2026-06-07 21:37:57,262.67051696777344,0,1
2026-06-07 21:37:57,344.95043754577637,0,1
2026-06-07 21:37:58,221.82989120483398,0,1
2026-06-07 21:37:58,201.29084587097168,0,1
2026-06-07 21:37:59,277.2352695465088,0,1
2026-06-07 21:37:59,252.21657752990723,0,1
2026-06-07 21:37:59,265.4552459716797,0,1
2026-06-07 21:38:00,249.59850311279297,0,1
2026-06-07 21:38:00,348.3426570892334,0,1
2026-06-07 21:38:00,231.94193840026855,0,1
2026-06-07 21:38:01,373.60239028930664,0,1
2026-06-07 21:38:01,216.15982055664062,0,1
2026-06-07 21:38:02,231.734037399292,0,1
2026-06-07 21:38:02,201.37429237365723,0,1
2026-06-07 21:38:02,279.3610095977783,0,1
2026-06-07 21:38:03,233.38580131530762,0,1
2026-06-07 21:38:03,265.35701751708984,0,1
2026-06-07 21:38:04,492.5198554992676,0,1
2026-06-07 21:38:34,281.89992904663086,0,1
2026-06-07 21:38:35,279.4618606567383,0,1
2026-06-07 21:38:45,279.9694538116455,0,1
2026-06-07 21:38:47,779.2599201202393,0,1
2026-06-07 21:38:53,344.73419189453125,0,1
2026-06-07 21:38:55,296.11802101135254,0,1
2026-06-07 21:38:57,328.31692695617676,0,1
2026-06-07 21:38:59,297.6832389831543,0,1
2026-06-07 21:39:01,510.62989234924316,0,1
2026-06-07 21:39:02,532.1559906005859,0,1
2026-06-07 21:39:55,854.1903495788574,0,1
2026-06-07 21:40:24,339.34855461120605,0,1
2026-06-07 21:40:24,250.4580020904541,0,1
2026-06-07 21:40:24,329.7247886657715,0,1
2026-06-07 21:40:25,293.1506633758545,0,1
2026-06-07 21:40:25,343.0745601654053,0,1
2026-06-07 21:40:26,262.1166706085205,0,1
2026-06-07 21:40:26,342.32139587402344,0,1
2026-06-07 21:40:27,357.266902923584,0,1
2026-06-07 21:40:27,324.3699073791504,0,1
2026-06-07 21:40:28,385.1783275604248,0,1
2026-06-07 21:40:28,293.70594024658203,0,1
2026-06-07 21:40:28,249.47786331176758,0,1
2026-06-07 21:40:29,267.92025566101074,0,1
2026-06-07 21:40:29,263.84711265563965,0,1
2026-06-07 21:40:29,265.4852867126465,0,1
2026-06-07 21:40:30,308.79664421081543,0,1
2026-06-07 21:40:30,265.949010848999,0,1
2026-06-07 21:40:31,327.2716999053955,0,1
2026-06-07 21:40:31,390.7904624938965,0,1
2026-06-07 21:40:31,248.2128143310547,0,1
2026-06-07 21:40:32,266.1457061767578,0,1
2026-06-07 21:40:32,234.74669456481934,0,1
2026-06-07 21:40:33,311.83838844299316,0,1
2026-06-07 21:40:33,388.28372955322266,0,1
2026-06-07 21:40:34,343.6734676361084,0,1
2026-06-07 21:40:34,341.71104431152344,0,1
2026-06-07 21:40:34,344.7425365447998,0,1
2026-06-07 21:40:35,307.18183517456055,0,1
2026-06-07 21:40:35,327.3499011993408,0,1
2026-06-07 21:40:36,280.46655654907227,0,1
2026-06-07 21:40:36,246.61707878112793,0,1
2026-06-07 21:40:36,268.94497871398926,0,1
2026-06-07 21:40:37,309.8616600036621,0,1
2026-06-07 21:40:37,263.51022720336914,0,1
2026-06-07 21:40:38,310.92143058776855,0,1
2026-06-07 21:40:38,329.5626640319824,0,1
2026-06-07 21:40:38,248.3961582183838,0,1
2026-06-07 21:40:39,339.82300758361816,0,1
2026-06-07 21:40:39,264.0693187713623,0,1
2026-06-07 21:40:40,280.1988124847412,0,1
2026-06-07 21:40:40,280.4982662200928,0,1
2026-06-07 21:40:40,300.7204532623291,0,1
2026-06-07 21:40:41,187.13092803955078,0,1
2026-06-07 21:40:41,375.2262592315674,0,1
2026-06-07 21:40:42,337.8727436065674,0,1
2026-06-07 21:40:42,358.8244915008545,0,1
2026-06-07 21:40:43,357.1438789367676,0,1
2026-06-07 21:40:43,387.5858783721924,0,1
2026-06-07 21:40:44,324.5573043823242,0,1
2026-06-07 21:40:44,294.818639755249,0,1
2026-06-07 21:40:44,220.57747840881348,0,1
2026-06-07 21:40:45,232.41066932678223,0,1
2026-06-07 21:40:45,247.39432334899902,0,1
2026-06-07 21:40:45,294.85559463500977,0,1
2026-06-07 21:40:46,323.83036613464355,0,1
2026-06-07 21:40:46,318.5572624206543,0,1
2026-06-07 21:40:47,265.392541885376,0,1
2026-06-07 21:40:47,278.3961296081543,0,1
2026-06-07 21:40:48,438.8456344604492,0,1
2026-06-07 21:40:48,265.702486038208,0,1
2026-06-07 21:40:48,263.87763023376465,0,1
2026-06-07 21:40:49,437.2725486755371,0,1
2026-06-07 21:40:49,401.9961357116699,0,1
2026-06-07 21:40:50,295.4375743865967,0,1
2026-06-07 21:40:50,215.90805053710938,0,1
2026-06-07 21:40:51,375.26845932006836,0,1
2026-06-07 21:40:51,187.74795532226562,0,1
2026-06-07 21:40:51,294.0211296081543,0,1
2026-06-07 21:40:52,341.79067611694336,0,1
2026-06-07 21:40:52,328.64880561828613,0,1
2026-06-07 21:40:53,355.2870750427246,0,1
2026-06-07 21:40:53,341.42112731933594,0,1
2026-06-07 21:40:54,513.5495662689209,0,1
2026-06-07 21:41:24,330.02495765686035,0,1
2026-06-07 21:41:27,296.6597080230713,0,1
2026-06-07 21:41:29,251.73425674438477,0,1
2026-06-07 21:41:30,757.4012279510498,0,1
2026-06-07 21:41:33,309.09156799316406,0,1
2026-06-07 21:41:34,280.8818817138672,0,1
2026-06-07 21:41:35,329.3440341949463,0,1
2026-06-07 21:41:36,296.72932624816895,0,1
2026-06-07 21:41:37,264.88351821899414,0,1
2026-06-07 21:41:40,802.5069236755371,0,1
2026-06-07 21:41:41,406.16846084594727,0,1
2026-06-07 21:41:43,270.33209800720215,0,1
2026-06-07 21:41:43,264.6751403808594,0,1
2026-06-07 21:41:47,277.68754959106445,0,1
2026-06-07 21:41:49,297.5456714630127,0,1
2026-06-07 21:41:49,251.50394439697266,0,1
2026-06-07 21:41:50,264.59193229675293,0,1
2026-06-07 21:41:51,254.5318603515625,0,1
2026-06-07 21:41:53,607.94997215271,0,1
2026-06-07 21:43:14,461.93957328796387,0,1
2026-06-07 21:43:15,360.2590560913086,0,1
2026-06-07 21:43:15,345.6110954284668,0,1
2026-06-07 21:43:15,340.4734134674072,0,1
2026-06-07 21:43:16,313.5404586791992,0,1
2026-06-07 21:43:16,245.77927589416504,0,1
2026-06-07 21:43:17,308.79759788513184,0,1
2026-06-07 21:43:17,346.01378440856934,0,1
2026-06-07 21:43:17,263.97132873535156,0,1
2026-06-07 21:43:18,250.29635429382324,0,1
2026-06-07 21:43:18,337.83555030822754,0,1
2026-06-07 21:43:19,249.81355667114258,0,1
2026-06-07 21:43:19,203.07683944702148,0,1
2026-06-07 21:43:19,292.27638244628906,0,1
2026-06-07 21:43:20,266.2487030029297,0,1
2026-06-07 21:43:20,373.23617935180664,0,1
2026-06-07 21:43:21,388.77081871032715,0,1
2026-06-07 21:43:21,265.7952308654785,0,1
2026-06-07 21:43:21,218.69516372680664,0,1
2026-06-07 21:43:22,310.21809577941895,0,1
2026-06-07 21:43:22,266.54958724975586,0,1
2026-06-07 21:43:22,215.82913398742676,0,1
2026-06-07 21:43:23,253.63898277282715,0,1
2026-06-07 21:43:23,213.93132209777832,0,1
2026-06-07 21:43:24,308.6574077606201,0,1
2026-06-07 21:43:24,296.1900234222412,0,1
2026-06-07 21:43:24,308.53915214538574,0,1
2026-06-07 21:43:25,311.51270866394043,0,1
2026-06-07 21:43:25,309.98706817626953,0,1
2026-06-07 21:43:26,280.292272567749,0,1
2026-06-07 21:43:26,372.7989196777344,0,1
2026-06-07 21:43:26,234.29512977600098,0,1
2026-06-07 21:43:27,328.74584197998047,0,1
2026-06-07 21:43:27,199.79619979858398,0,1
2026-06-07 21:43:28,266.92748069763184,0,1
2026-06-07 21:43:28,372.9517459869385,0,1
2026-06-07 21:43:28,170.33815383911133,0,1
2026-06-07 21:43:29,250.37145614624023,0,1
2026-06-07 21:43:29,346.03357315063477,0,1
2026-06-07 21:43:29,250.60391426086426,0,1
2026-06-07 21:43:30,418.10011863708496,0,1
2026-06-07 21:43:30,343.5482978820801,0,1
2026-06-07 21:43:31,341.7325019836426,0,1
2026-06-07 21:43:31,266.2992477416992,0,1
2026-06-07 21:43:32,326.82251930236816,0,1
2026-06-07 21:43:32,270.2822685241699,0,1
2026-06-07 21:43:32,280.7776927947998,0,1
2026-06-07 21:43:33,282.3951244354248,0,1
2026-06-07 21:43:33,249.15099143981934,0,1
2026-06-07 21:43:34,294.51513290405273,0,1
2026-06-07 21:43:34,234.37786102294922,0,1
2026-06-07 21:43:34,358.2451343536377,0,1
2026-06-07 21:43:35,296.42367362976074,0,1
2026-06-07 21:43:35,285.75587272644043,0,1
2026-06-07 21:43:36,339.9219512939453,0,1
2026-06-07 21:43:36,263.94176483154297,0,1
2026-06-07 21:43:36,277.895450592041,0,1
2026-06-07 21:43:37,314.6636486053467,0,1
2026-06-07 21:43:37,301.76448822021484,0,1
2026-06-07 21:43:38,279.31690216064453,0,1
2026-06-07 21:43:38,295.41945457458496,0,1
2026-06-07 21:43:38,248.2309341430664,0,1
2026-06-07 21:43:39,310.99414825439453,0,1
2026-06-07 21:43:39,217.1783447265625,0,1
2026-06-07 21:43:40,348.57845306396484,0,1
2026-06-07 21:43:40,294.5864200592041,0,1
2026-06-07 21:43:40,277.4481773376465,0,1
2026-06-07 21:43:41,204.45609092712402,0,1
2026-06-07 21:43:41,326.1404037475586,0,1
2026-06-07 21:43:42,295.9630489349365,0,1
2026-06-07 21:43:42,310.70399284362793,0,1
2026-06-07 21:43:42,327.33678817749023,0,1
2026-06-07 21:43:43,324.95713233947754,0,1
2026-06-07 21:43:43,347.3095893859863,0,1
2026-06-07 21:43:44,574.3169784545898,0,1
2026-06-07 21:44:15,280.14540672302246,0,1
2026-06-07 21:44:17,294.33536529541016,0,1
2026-06-07 21:44:20,263.2181644439697,0,1
2026-06-07 21:44:20,310.1181983947754,0,1
2026-06-07 21:44:22,279.1576385498047,0,1
2026-06-07 21:44:23,265.32554626464844,0,1
2026-06-07 21:44:24,404.27184104919434,0,1
2026-06-07 21:44:27,514.601469039917,0,1
2026-06-07 21:44:28,279.6151638031006,0,1
2026-06-07 21:44:28,309.44323539733887,0,1
2026-06-07 21:44:29,326.92861557006836,0,1
2026-06-07 21:44:30,279.1008949279785,0,1
2026-06-07 21:44:31,264.8885250091553,0,1
2026-06-07 21:44:31,296.2520122528076,0,1
2026-06-07 21:44:32,358.8094711303711,0,1
2026-06-07 21:44:34,310.82940101623535,0,1
2026-06-07 21:44:35,796.0281372070312,0,1
2026-06-07 21:44:35,301.7687797546387,0,1
2026-06-07 21:44:39,328.6168575286865,0,1
2026-06-07 21:44:44,465.87562561035156,0,1
2026-06-07 21:45:34,930.5357933044434,0,1
2026-06-07 21:46:04,355.47661781311035,0,1
2026-06-07 21:46:05,235.02111434936523,0,1
2026-06-07 21:46:05,280.6589603424072,0,1
2026-06-07 21:46:05,263.16142082214355,0,1
2026-06-07 21:46:06,263.06676864624023,0,1
2026-06-07 21:46:06,278.5329818725586,0,1
2026-06-07 21:46:06,309.04412269592285,0,1
2026-06-07 21:46:07,310.6348514556885,0,1
2026-06-07 21:46:07,327.2414207458496,0,1
2026-06-07 21:46:08,295.50838470458984,0,1
2026-06-07 21:46:08,297.0883846282959,0,1
2026-06-07 21:46:09,296.3724136352539,0,1
2026-06-07 21:46:09,342.64135360717773,0,1
2026-06-07 21:46:09,171.90837860107422,0,1
2026-06-07 21:46:10,216.63951873779297,0,1
2026-06-07 21:46:10,254.76527214050293,0,1
2026-06-07 21:46:10,230.23486137390137,0,1
2026-06-07 21:46:11,341.8264389038086,0,1
2026-06-07 21:46:11,306.1175346374512,0,1
2026-06-07 21:46:12,339.71261978149414,0,1
2026-06-07 21:46:12,216.72368049621582,0,1
2026-06-07 21:46:12,251.72734260559082,0,1
2026-06-07 21:46:13,343.05381774902344,0,1
2026-06-07 21:46:13,310.7264041900635,0,1
2026-06-07 21:46:14,250.71382522583008,0,1
2026-06-07 21:46:14,341.6101932525635,0,1
2026-06-07 21:46:14,327.1167278289795,0,1
2026-06-07 21:46:15,339.6258354187012,0,1
2026-06-07 21:46:15,279.76322174072266,0,1
2026-06-07 21:46:16,315.72937965393066,0,1
2026-06-07 21:46:16,344.5286750793457,0,1
2026-06-07 21:46:16,237.05220222473145,0,1
2026-06-07 21:46:17,295.5620288848877,0,1
2026-06-07 21:46:17,234.90548133850098,0,1
2026-06-07 21:46:18,298.9792823791504,0,1
2026-06-07 21:46:18,326.0533809661865,0,1
2026-06-07 21:46:18,343.07312965393066,0,1
2026-06-07 21:46:19,356.87971115112305,0,1
2026-06-07 21:46:19,266.1399841308594,0,1
2026-06-07 21:46:20,296.50259017944336,0,1
2026-06-07 21:46:20,266.88575744628906,0,1
2026-06-07 21:46:21,357.7146530151367,0,1
2026-06-07 21:46:21,293.95151138305664,0,1
2026-06-07 21:46:21,316.07556343078613,0,1
2026-06-07 21:46:22,280.37047386169434,0,1
2026-06-07 21:46:22,259.54604148864746,0,1
2026-06-07 21:46:23,265.20824432373047,0,1
2026-06-07 21:46:23,237.35809326171875,0,1
2026-06-07 21:46:23,269.8326110839844,0,1
2026-06-07 21:46:24,311.22779846191406,0,1
2026-06-07 21:46:24,370.0380325317383,0,1
2026-06-07 21:46:25,296.1447238922119,0,1
2026-06-07 21:46:25,250.12898445129395,0,1
2026-06-07 21:46:25,214.9331569671631,0,1
2026-06-07 21:46:26,280.00688552856445,0,1
2026-06-07 21:46:26,263.5009288787842,0,1
2026-06-07 21:46:26,266.5388584136963,0,1
2026-06-07 21:46:27,249.46331977844238,0,1
2026-06-07 21:46:27,292.24157333374023,0,1
2026-06-07 21:46:28,280.5640697479248,0,1
2026-06-07 21:46:28,282.9546928405762,0,1
2026-06-07 21:46:28,253.25274467468262,0,1
2026-06-07 21:46:29,292.1462059020996,0,1
2026-06-07 21:46:29,327.8234004974365,0,1
2026-06-07 21:46:30,300.60744285583496,0,1
2026-06-07 21:46:30,310.0883960723877,0,1
2026-06-07 21:46:30,247.44248390197754,0,1
2026-06-07 21:46:31,232.8178882598877,0,1
2026-06-07 21:46:31,282.3946475982666,0,1
2026-06-07 21:46:31,309.8914623260498,0,1
2026-06-07 21:46:32,309.9377155303955,0,1
2026-06-07 21:46:32,370.68653106689453,0,1
2026-06-07 21:46:33,329.8344612121582,0,1
2026-06-07 21:46:33,263.6890411376953,0,1
2026-06-07 21:46:34,297.41787910461426,0,1
2026-06-07 21:46:34,649.7097015380859,0,1
2026-06-07 21:47:05,293.1201457977295,0,1
2026-06-07 21:47:06,294.50535774230957,0,1
2026-06-07 21:47:07,266.74437522888184,0,1
2026-06-07 21:47:07,279.16836738586426,0,1
2026-06-07 21:47:08,698.8515853881836,0,1
2026-06-07 21:47:10,326.8277645111084,0,1
2026-06-07 21:47:10,262.39800453186035,0,1
2026-06-07 21:47:11,341.81857109069824,0,1
2026-06-07 21:47:11,295.2919006347656,0,1
2026-06-07 21:47:13,763.460636138916,0,1
2026-06-07 21:47:14,307.9707622528076,0,1
2026-06-07 21:47:15,308.866024017334,0,1
2026-06-07 21:47:17,310.3954792022705,0,1
2026-06-07 21:47:18,295.13096809387207,0,1
2026-06-07 21:47:18,308.2461357116699,0,1
2026-06-07 21:47:19,315.2163028717041,0,1
2026-06-07 21:47:20,250.8406639099121,0,1
2026-06-07 21:47:22,293.1408882141113,0,1
2026-06-07 21:47:23,261.15918159484863,0,1
2026-06-07 21:47:23,296.008825302124,0,1
2026-06-07 21:47:24,297.3315715789795,0,1
2026-06-07 21:47:28,530.815601348877,0,1
2026-06-07 21:47:30,278.1870365142822,0,1
2026-06-07 21:47:30,295.001745223999,0,1
2026-06-07 21:47:32,510.83898544311523,0,1
2026-06-07 21:47:33,158.44082832336426,0,1
2026-06-07 21:47:34,327.2075653076172,0,1
2026-06-07 21:48:27,279.67119216918945,0,1
2026-06-07 21:48:54,299.55554008483887,0,1
2026-06-07 21:48:55,235.60070991516113,0,1
2026-06-07 21:48:55,230.17096519470215,0,1
2026-06-07 21:48:55,250.9007453918457,0,1
2026-06-07 21:48:56,217.8020477294922,0,1
2026-06-07 21:48:56,234.54904556274414,0,1
2026-06-07 21:48:57,328.19151878356934,0,1
2026-06-07 21:48:57,278.08547019958496,0,1
2026-06-07 21:48:57,250.6847381591797,0,1
2026-06-07 21:48:58,247.33424186706543,0,1
2026-06-07 21:48:58,340.9686088562012,0,1
2026-06-07 21:48:58,280.45654296875,0,1
2026-06-07 21:48:59,313.30251693725586,0,1
2026-06-07 21:48:59,236.41037940979004,0,1
2026-06-07 21:49:00,311.0692501068115,0,1
2026-06-07 21:49:00,278.2723903656006,0,1
2026-06-07 21:49:00,266.0386562347412,0,1
2026-06-07 21:49:01,341.33148193359375,0,1
2026-06-07 21:49:01,372.01404571533203,0,1
2026-06-07 21:49:02,404.9506187438965,0,1
2026-06-07 21:49:02,248.22258949279785,0,1
2026-06-07 21:49:03,216.77017211914062,0,1
2026-06-07 21:49:03,188.50421905517578,0,1
2026-06-07 21:49:03,253.5710334777832,0,1
2026-06-07 21:49:04,266.845703125,0,1
2026-06-07 21:49:04,262.71843910217285,0,1
2026-06-07 21:49:04,216.99953079223633,0,1
2026-06-07 21:49:05,326.3242244720459,0,1
2026-06-07 21:49:05,215.2550220489502,0,1
2026-06-07 21:49:05,337.94331550598145,0,1
2026-06-07 21:49:06,202.61335372924805,0,1
2026-06-07 21:49:06,246.7019557952881,0,1
2026-06-07 21:49:07,372.24578857421875,0,1
2026-06-07 21:49:07,294.88468170166016,0,1
2026-06-07 21:49:07,248.64959716796875,0,1
2026-06-07 21:49:08,324.25761222839355,0,1
2026-06-07 21:49:08,329.9987316131592,0,1
2026-06-07 21:49:09,325.99353790283203,0,1
2026-06-07 21:49:09,307.83987045288086,0,1
2026-06-07 21:49:10,309.1752529144287,0,1
2026-06-07 21:49:10,218.17541122436523,0,1
2026-06-07 21:49:10,202.72588729858398,0,1
2026-06-07 21:49:11,247.27749824523926,0,1
2026-06-07 21:49:11,279.099702835083,0,1
2026-06-07 21:49:11,295.4685688018799,0,1
2026-06-07 21:49:12,263.10133934020996,0,1
2026-06-07 21:49:12,299.1623878479004,0,1
2026-06-07 21:49:12,279.38103675842285,0,1
2026-06-07 21:49:13,263.12947273254395,0,1
2026-06-07 21:49:13,294.79050636291504,0,1
2026-06-07 21:49:14,313.28749656677246,0,1
2026-06-07 21:49:14,187.62612342834473,0,1
2026-06-07 21:49:14,249.62687492370605,0,1
2026-06-07 21:49:15,295.4268455505371,0,1
2026-06-07 21:49:15,308.26759338378906,0,1
2026-06-07 21:49:16,263.0183696746826,0,1
2026-06-07 21:49:16,246.16551399230957,0,1
2026-06-07 21:49:16,294.79193687438965,0,1
2026-06-07 21:49:17,251.90162658691406,0,1
2026-06-07 21:49:17,276.4456272125244,0,1
2026-06-07 21:49:17,263.566255569458,0,1
2026-06-07 21:49:18,218.5208797454834,0,1
2026-06-07 21:49:18,388.1535530090332,0,1
2026-06-07 21:49:19,308.09569358825684,0,1
2026-06-07 21:49:19,263.75436782836914,0,1
2026-06-07 21:49:19,356.9190502166748,0,1
2026-06-07 21:49:20,311.02657318115234,0,1
2026-06-07 21:49:20,293.81632804870605,0,1
2026-06-07 21:49:21,201.8728256225586,0,1
2026-06-07 21:49:21,313.1909370422363,0,1
2026-06-07 21:49:21,339.6947383880615,0,1
2026-06-07 21:49:22,301.2051582336426,0,1
2026-06-07 21:49:22,249.95946884155273,0,1
2026-06-07 21:49:23,324.2969512939453,0,1
2026-06-07 21:49:23,280.61795234680176,0,1
2026-06-07 21:49:23,278.67722511291504,0,1
2026-06-07 21:49:24,328.94396781921387,0,1
2026-06-07 21:49:25,542.3693656921387,0,1
2026-06-07 21:50:00,295.6409454345703,0,1
2026-06-07 21:50:02,993.6568737030029,0,1
2026-06-07 21:50:03,298.61974716186523,0,1
2026-06-07 21:50:05,282.3450565338135,0,1
2026-06-07 21:50:06,264.63985443115234,0,1
2026-06-07 21:50:10,325.4859447479248,0,1
2026-06-07 21:50:10,360.34131050109863,0,1
2026-06-07 21:50:12,762.9284858703613,0,1
2026-06-07 21:50:12,604.0995121002197,0,1
2026-06-07 21:50:17,515.9010887145996,0,1
2026-06-07 21:50:21,327.41451263427734,0,1
2026-06-07 21:50:22,262.5133991241455,0,1
2026-06-07 21:50:26,155.1225185394287,0,1
2026-06-07 21:50:54,241.76621437072754,0,1
2026-06-07 21:51:13,577.0914554595947,0,1
2026-06-07 21:51:14,594.1145420074463,0,1
2026-06-07 21:51:45,325.16956329345703,0,1
2026-06-07 21:51:45,294.59524154663086,0,1
2026-06-07 21:51:46,369.9796199798584,0,1
2026-06-07 21:51:46,216.93015098571777,0,1
2026-06-07 21:51:46,279.0255546569824,0,1
2026-06-07 21:51:47,356.6105365753174,0,1
2026-06-07 21:51:47,311.873197555542,0,1
2026-06-07 21:51:48,278.11503410339355,0,1
2026-06-07 21:51:48,343.7507152557373,0,1
2026-06-07 21:51:48,311.21134757995605,0,1
2026-06-07 21:51:49,218.31130981445312,0,1
2026-06-07 21:51:49,345.35694122314453,0,1
2026-06-07 21:51:50,339.54453468322754,0,1
2026-06-07 21:51:50,264.8882865905762,0,1
2026-06-07 21:51:50,280.6849479675293,0,1
2026-06-07 21:51:51,357.7730655670166,0,1
2026-06-07 21:51:51,280.4114818572998,0,1
2026-06-07 21:51:52,311.08760833740234,0,1
2026-06-07 21:51:52,255.6741237640381,0,1
2026-06-07 21:51:52,289.67785835266113,0,1
2026-06-07 21:51:53,283.15281867980957,0,1
2026-06-07 21:51:53,341.37630462646484,0,1
2026-06-07 21:51:54,296.2002754211426,0,1
2026-06-07 21:51:54,354.4013500213623,0,1
2026-06-07 21:51:55,233.31212997436523,0,1
2026-06-07 21:51:55,309.5216751098633,0,1
2026-06-07 21:51:55,309.88168716430664,0,1
2026-06-07 21:51:56,249.84312057495117,0,1
2026-06-07 21:51:56,295.44782638549805,0,1
2026-06-07 21:51:57,340.4576778411865,0,1
2026-06-07 21:51:57,292.38176345825195,0,1
2026-06-07 21:51:57,277.5552272796631,0,1
2026-06-07 21:51:58,256.2253475189209,0,1
2026-06-07 21:51:58,324.1612911224365,0,1
2026-06-07 21:51:59,265.186071395874,0,1
2026-06-07 21:51:59,310.15729904174805,0,1
2026-06-07 21:51:59,204.59556579589844,0,1
2026-06-07 21:52:00,203.1114101409912,0,1
2026-06-07 21:52:00,297.3325252532959,0,1
2026-06-07 21:52:00,296.77844047546387,0,1
2026-06-07 21:52:01,233.31570625305176,0,1
2026-06-07 21:52:01,247.34044075012207,0,1
2026-06-07 21:52:02,355.5788993835449,0,1
2026-06-07 21:52:02,323.9731788635254,0,1
2026-06-07 21:52:02,261.8122100830078,0,1
2026-06-07 21:52:03,311.77210807800293,0,1
2026-06-07 21:52:03,356.80365562438965,0,1
2026-06-07 21:52:04,373.0051517486572,0,1
2026-06-07 21:52:04,250.3368854522705,0,1
2026-06-07 21:52:04,262.4027729034424,0,1
2026-06-07 21:52:05,263.96703720092773,0,1
2026-06-07 21:52:05,265.6846046447754,0,1
2026-06-07 21:52:06,355.93557357788086,0,1
2026-06-07 21:52:06,306.61630630493164,0,1
2026-06-07 21:52:06,281.0862064361572,0,1
2026-06-07 21:52:07,344.912052154541,0,1
2026-06-07 21:52:07,250.99897384643555,0,1
2026-06-07 21:52:08,282.5610637664795,0,1
2026-06-07 21:52:08,263.4861469268799,0,1
2026-06-07 21:52:08,295.44615745544434,0,1
2026-06-07 21:52:09,234.00115966796875,0,1
2026-06-07 21:52:09,359.2040538787842,0,1
2026-06-07 21:52:10,325.498104095459,0,1
2026-06-07 21:52:10,279.70290184020996,0,1
2026-06-07 21:52:10,343.4445858001709,0,1
2026-06-07 21:52:11,280.6868553161621,0,1
2026-06-07 21:52:11,313.72761726379395,0,1
2026-06-07 21:52:12,296.44322395324707,0,1
2026-06-07 21:52:12,328.43923568725586,0,1
2026-06-07 21:52:13,293.0128574371338,0,1
2026-06-07 21:52:13,265.3517723083496,0,1
2026-06-07 21:52:13,297.92332649230957,0,1
2026-06-07 21:52:14,345.7522392272949,0,1
2026-06-07 21:52:14,310.29343605041504,0,1
2026-06-07 21:52:15,481.20760917663574,0,1
2026-06-07 21:52:46,279.573917388916,0,1
2026-06-07 21:52:50,341.5982723236084,0,1
2026-06-07 21:52:51,310.9273910522461,0,1
2026-06-07 21:52:52,295.84407806396484,0,1
2026-06-07 21:52:53,276.6990661621094,0,1
2026-06-07 21:52:55,264.9533748626709,0,1
2026-06-07 21:52:56,312.21842765808105,0,1
2026-06-07 21:53:00,338.1695747375488,0,1
2026-06-07 21:53:03,247.9097843170166,0,1
2026-06-07 21:53:06,373.3034133911133,0,1
2026-06-07 21:53:06,296.4634895324707,0,1
2026-06-07 21:53:07,792.4308776855469,0,1
2026-06-07 21:53:08,296.51904106140137,0,1
2026-06-07 21:53:09,312.1523857116699,0,1
2026-06-07 21:53:10,296.004056930542,0,1
2026-06-07 21:53:14,311.0177516937256,0,1
2026-06-07 21:54:35,372.241735458374,0,1
2026-06-07 21:54:35,284.27624702453613,0,1
2026-06-07 21:54:36,294.5530414581299,0,1
2026-06-07 21:54:36,342.26512908935547,0,1
2026-06-07 21:54:37,262.22729682922363,0,1
2026-06-07 21:54:37,340.55614471435547,0,1
2026-06-07 21:54:37,294.6641445159912,0,1
2026-06-07 21:54:38,242.8884506225586,0,1
2026-06-07 21:54:38,281.29124641418457,0,1
2026-06-07 21:54:39,279.06227111816406,0,1
2026-06-07 21:54:39,341.3276672363281,0,1
2026-06-07 21:54:39,309.40771102905273,0,1
2026-06-07 21:54:40,264.0707492828369,0,1
2026-06-07 21:54:40,374.7847080230713,0,1
2026-06-07 21:54:41,325.93703269958496,0,1
2026-06-07 21:54:41,263.0126476287842,0,1
2026-06-07 21:54:42,323.82941246032715,0,1
2026-06-07 21:54:42,341.66502952575684,0,1
2026-06-07 21:54:42,309.44228172302246,0,1
2026-06-07 21:54:43,324.6026039123535,0,1
2026-06-07 21:54:43,356.43601417541504,0,1
2026-06-07 21:54:44,235.11743545532227,0,1
2026-06-07 21:54:44,287.0287895202637,0,1
2026-06-07 21:54:45,343.0202007293701,0,1
2026-06-07 21:54:45,329.59699630737305,0,1
2026-06-07 21:54:45,279.47235107421875,0,1
2026-06-07 21:54:46,339.3406867980957,0,1
2026-06-07 21:54:46,220.75843811035156,0,1
2026-06-07 21:54:47,291.609525680542,0,1
2026-06-07 21:54:47,255.0969123840332,0,1
2026-06-07 21:54:47,308.33888053894043,0,1
2026-06-07 21:54:48,281.05735778808594,0,1
2026-06-07 21:54:48,281.6736698150635,0,1
2026-06-07 21:54:48,268.25976371765137,0,1
2026-06-07 21:54:49,342.06342697143555,0,1
2026-06-07 21:54:49,357.07664489746094,0,1
2026-06-07 21:54:50,310.7492923736572,0,1
2026-06-07 21:54:50,386.56163215637207,0,1
2026-06-07 21:54:51,297.00303077697754,0,1
2026-06-07 21:54:51,358.9744567871094,0,1
2026-06-07 21:54:52,312.122106552124,0,1
2026-06-07 21:54:52,324.8763084411621,0,1
2026-06-07 21:54:52,340.8236503601074,0,1
2026-06-07 21:54:53,217.87738800048828,0,1
2026-06-07 21:54:53,341.54629707336426,0,1
2026-06-07 21:54:54,299.47543144226074,0,1
2026-06-07 21:54:54,325.6363868713379,0,1
2026-06-07 21:54:55,340.94929695129395,0,1
2026-06-07 21:54:55,328.23920249938965,0,1
2026-06-07 21:54:55,217.2091007232666,0,1
2026-06-07 21:54:56,326.1878490447998,0,1
2026-06-07 21:54:56,344.0699577331543,0,1
2026-06-07 21:54:57,390.5749320983887,0,1
2026-06-07 21:54:57,311.9800090789795,0,1
2026-06-07 21:54:57,219.28143501281738,0,1
2026-06-07 21:54:58,248.01969528198242,0,1
2026-06-07 21:54:58,297.91784286499023,0,1
2026-06-07 21:54:59,270.1122760772705,0,1
2026-06-07 21:54:59,217.57745742797852,0,1
2026-06-07 21:54:59,356.69755935668945,0,1
2026-06-07 21:55:00,308.9628219604492,0,1
2026-06-07 21:55:00,307.99174308776855,0,1
2026-06-07 21:55:01,249.87435340881348,0,1
2026-06-07 21:55:01,216.79282188415527,0,1
2026-06-07 21:55:01,311.6474151611328,0,1
2026-06-07 21:55:02,357.38325119018555,0,1
2026-06-07 21:55:02,297.76859283447266,0,1
2026-06-07 21:55:03,388.6902332305908,0,1
2026-06-07 21:55:03,264.880895614624,0,1
2026-06-07 21:55:03,248.87394905090332,0,1
2026-06-07 21:55:04,354.94160652160645,0,1
2026-06-07 21:55:04,218.37282180786133,0,1
2026-06-07 21:55:05,279.0822982788086,0,1
2026-06-07 21:55:36,296.86641693115234,0,1
2026-06-07 21:55:37,282.4981212615967,0,1
2026-06-07 21:55:47,233.24346542358398,0,1
2026-06-07 21:55:47,281.51917457580566,0,1
2026-06-07 21:55:49,311.1133575439453,0,1
2026-06-07 21:55:55,514.8062705993652,0,1
2026-06-07 21:55:56,296.04387283325195,0,1
2026-06-07 21:55:57,313.17734718322754,0,1
2026-06-07 21:55:57,265.045166015625,0,1
2026-06-07 21:56:02,294.8322296142578,0,1
2026-06-07 21:56:04,356.25767707824707,0,1
2026-06-07 21:56:05,299.5762825012207,0,1
2026-06-07 21:56:53,735.2588176727295,0,1
2026-06-07 21:56:54,776.9091129302979,0,1
2026-06-07 21:56:55,763.0083560943604,0,1
2026-06-07 21:57:25,277.68540382385254,0,1
2026-06-07 21:57:26,357.33580589294434,0,1
2026-06-07 21:57:26,312.4349117279053,0,1
2026-06-07 21:57:26,298.6762523651123,0,1
2026-06-07 21:57:27,313.13133239746094,0,1
2026-06-07 21:57:27,251.39808654785156,0,1
2026-06-07 21:57:28,232.94806480407715,0,1
2026-06-07 21:57:28,280.2560329437256,0,1
2026-06-07 21:57:28,296.8738079071045,0,1
2026-06-07 21:57:29,310.73594093322754,0,1
2026-06-07 21:57:29,326.8296718597412,0,1
2026-06-07 21:57:30,298.7358570098877,0,1
2026-06-07 21:57:30,266.48545265197754,0,1
2026-06-07 21:57:30,326.7643451690674,0,1
2026-06-07 21:57:31,232.39612579345703,0,1
2026-06-07 21:57:31,329.52380180358887,0,1
2026-06-07 21:57:32,326.6162872314453,0,1
2026-06-07 21:57:32,262.7444267272949,0,1
2026-06-07 21:57:32,308.63380432128906,0,1
2026-06-07 21:57:33,254.1942596435547,0,1
2026-06-07 21:57:33,353.0135154724121,0,1
2026-06-07 21:57:34,312.1347427368164,0,1
2026-06-07 21:57:34,371.8576431274414,0,1
2026-06-07 21:57:35,325.1025676727295,0,1
2026-06-07 21:57:35,246.5958595275879,0,1
2026-06-07 21:57:35,265.32578468322754,0,1
2026-06-07 21:57:36,327.61359214782715,0,1
2026-06-07 21:57:36,231.94003105163574,0,1
2026-06-07 21:57:36,187.43896484375,0,1
2026-06-07 21:57:37,312.07871437072754,0,1
2026-06-07 21:57:37,343.10412406921387,0,1
2026-06-07 21:57:38,328.43613624572754,0,1
2026-06-07 21:57:38,387.20011711120605,0,1
2026-06-07 21:57:39,342.1666622161865,0,1
2026-06-07 21:57:39,374.61066246032715,0,1
2026-06-07 21:57:39,278.90920639038086,0,1
2026-06-07 21:57:40,311.7830753326416,0,1
2026-06-07 21:57:40,248.0607032775879,0,1
2026-06-07 21:57:41,251.13821029663086,0,1
2026-06-07 21:57:41,280.95102310180664,0,1
2026-06-07 21:57:41,218.6875343322754,0,1
2026-06-07 21:57:42,327.4495601654053,0,1
2026-06-07 21:57:42,308.08305740356445,0,1
2026-06-07 21:57:43,235.17417907714844,0,1
2026-06-07 21:57:43,263.563871383667,0,1
2026-06-07 21:57:43,279.0062427520752,0,1
2026-06-07 21:57:44,375.47993659973145,0,1
2026-06-07 21:57:44,247.85423278808594,0,1
2026-06-07 21:57:44,282.581090927124,0,1
2026-06-07 21:57:45,282.5493812561035,0,1
2026-06-07 21:57:45,312.8950595855713,0,1
2026-06-07 21:57:46,278.51080894470215,0,1
2026-06-07 21:57:46,357.74731636047363,0,1
2026-06-07 21:57:47,312.6254081726074,0,1
2026-06-07 21:57:47,310.6954097747803,0,1
2026-06-07 21:57:47,249.93491172790527,0,1
2026-06-07 21:57:48,311.2795352935791,0,1
2026-06-07 21:57:48,297.0454692840576,0,1
2026-06-07 21:57:49,262.56608963012695,0,1
2026-06-07 21:57:49,280.9019088745117,0,1
2026-06-07 21:57:49,185.46152114868164,0,1
2026-06-07 21:57:50,202.7273178100586,0,1
2026-06-07 21:57:50,265.82860946655273,0,1
2026-06-07 21:57:50,341.4115905761719,0,1
2026-06-07 21:57:51,310.46509742736816,0,1
2026-06-07 21:57:51,311.8560314178467,0,1
2026-06-07 21:57:52,330.00969886779785,0,1
2026-06-07 21:57:52,435.8339309692383,0,1
2026-06-07 21:57:53,296.5383529663086,0,1
2026-06-07 21:57:53,341.961145401001,0,1
2026-06-07 21:57:54,358.3536148071289,0,1
2026-06-07 21:57:54,342.7398204803467,0,1
2026-06-07 21:57:54,357.7158451080322,0,1
2026-06-07 21:57:55,276.2579917907715,0,1
2026-06-07 21:58:26,248.64792823791504,0,1
2026-06-07 21:58:28,325.64783096313477,0,1
2026-06-07 21:58:31,527.2090435028076,0,1
2026-06-07 21:58:33,297.884464263916,0,1
2026-06-07 21:58:33,261.7008686065674,0,1
2026-06-07 21:58:39,512.5653743743896,0,1
2026-06-07 21:58:42,312.0722770690918,0,1
2026-06-07 21:58:42,295.07994651794434,0,1
2026-06-07 21:58:43,294.2202091217041,0,1
2026-06-07 21:58:45,278.078556060791,0,1
2026-06-07 21:58:48,279.77466583251953,0,1
2026-06-07 21:58:49,295.4590320587158,0,1
2026-06-07 21:58:51,495.5558776855469,0,1
2026-06-07 21:58:52,314.5778179168701,0,1
2026-06-07 21:58:52,282.12571144104004,0,1
2026-06-07 21:58:53,279.4809341430664,0,1
2026-06-07 21:59:48,309.3404769897461,0,1
2026-06-07 22:00:15,267.073392868042,0,1
2026-06-07 22:00:16,185.84370613098145,0,1
2026-06-07 22:00:16,264.146089553833,0,1
2026-06-07 22:00:16,267.23313331604004,0,1
2026-06-07 22:00:17,345.28112411499023,0,1
2026-06-07 22:00:17,387.4857425689697,0,1
2026-06-07 22:00:18,373.7049102783203,0,1
2026-06-07 22:00:18,329.41365242004395,0,1
2026-06-07 22:00:19,203.80020141601562,0,1
2026-06-07 22:00:19,338.34147453308105,0,1
2026-06-07 22:00:19,266.10493659973145,0,1
2026-06-07 22:00:20,374.29165840148926,0,1
2026-06-07 22:00:20,327.99720764160156,0,1
2026-06-07 22:00:21,326.5268802642822,0,1
2026-06-07 22:00:21,279.74963188171387,0,1
2026-06-07 22:00:22,389.36924934387207,0,1
2026-06-07 22:00:22,280.5032730102539,0,1
2026-06-07 22:00:22,280.64799308776855,0,1
2026-06-07 22:00:23,388.29565048217773,0,1
2026-06-07 22:00:23,325.0257968902588,0,1
2026-06-07 22:00:24,171.07105255126953,0,1
2026-06-07 22:00:24,325.61755180358887,0,1
2026-06-07 22:00:24,314.25929069519043,0,1
2026-06-07 22:00:25,248.53229522705078,0,1
2026-06-07 22:00:25,249.17054176330566,0,1
2026-06-07 22:00:25,218.32704544067383,0,1
2026-06-07 22:00:26,326.9689083099365,0,1
2026-06-07 22:00:26,283.50830078125,0,1
2026-06-07 22:00:27,312.58273124694824,0,1
2026-06-07 22:00:27,262.7074718475342,0,1
2026-06-07 22:00:28,371.95563316345215,0,1
2026-06-07 22:00:28,325.0398635864258,0,1
2026-06-07 22:00:28,325.20031929016113,0,1
2026-06-07 22:00:29,374.70245361328125,0,1
2026-06-07 22:00:29,344.1751003265381,0,1
2026-06-07 22:00:30,312.1986389160156,0,1
2026-06-07 22:00:30,293.9140796661377,0,1
2026-06-07 22:00:31,249.72152709960938,0,1
2026-06-07 22:00:31,246.75416946411133,0,1
2026-06-07 22:00:31,320.96338272094727,0,1
2026-06-07 22:00:32,299.14093017578125,0,1
2026-06-07 22:00:32,308.8829517364502,0,1
2026-06-07 22:00:32,206.81047439575195,0,1
2026-06-07 22:00:33,296.82087898254395,0,1
2026-06-07 22:00:33,215.17395973205566,0,1
2026-06-07 22:00:34,251.373291015625,0,1
2026-06-07 22:00:34,215.64865112304688,0,1
2026-06-07 22:00:34,324.37777519226074,0,1
2026-06-07 22:00:35,295.3760623931885,0,1
2026-06-07 22:00:35,294.3112850189209,0,1
2026-06-07 22:00:36,294.01493072509766,0,1
2026-06-07 22:00:36,281.10241889953613,0,1
2026-06-07 22:00:36,279.0400981903076,0,1
2026-06-07 22:00:37,312.18695640563965,0,1
2026-06-07 22:00:37,220.08562088012695,0,1
2026-06-07 22:00:38,344.024658203125,0,1
2026-06-07 22:00:38,328.36318016052246,0,1
2026-06-07 22:00:38,268.2914733886719,0,1
2026-06-07 22:00:39,378.3295154571533,0,1
2026-06-07 22:00:39,281.6474437713623,0,1
2026-06-07 22:00:40,381.1028003692627,0,1
2026-06-07 22:00:40,338.2718563079834,0,1
2026-06-07 22:00:41,344.8975086212158,0,1
2026-06-07 22:00:41,295.77088356018066,0,1
2026-06-07 22:00:41,355.39770126342773,0,1
2026-06-07 22:00:42,276.9052982330322,0,1
2026-06-07 22:00:42,343.0025577545166,0,1
2026-06-07 22:00:43,292.16504096984863,0,1
2026-06-07 22:00:43,255.00750541687012,0,1
2026-06-07 22:00:43,233.77633094787598,0,1
2026-06-07 22:00:44,264.0211582183838,0,1
2026-06-07 22:00:44,277.16565132141113,0,1
2026-06-07 22:00:45,326.68519020080566,0,1
2026-06-07 22:00:45,324.45597648620605,0,1
2026-06-07 22:01:15,246.3226318359375,0,1
2026-06-07 22:01:21,262.82429695129395,0,1
2026-06-07 22:01:24,297.6498603820801,0,1
2026-06-07 22:01:26,282.73987770080566,0,1
2026-06-07 22:01:27,267.6231861114502,0,1
2026-06-07 22:01:27,356.84847831726074,0,1
2026-06-07 22:01:29,263.23747634887695,0,1
2026-06-07 22:01:31,958.2455158233643,0,1
2026-06-07 22:01:32,265.9158706665039,0,1
2026-06-07 22:01:33,294.8296070098877,0,1
2026-06-07 22:01:36,327.3165225982666,0,1
2026-06-07 22:01:37,313.0908012390137,0,1
2026-06-07 22:01:41,951.6675472259521,0,1
2026-06-07 22:01:42,528.9163589477539,0,1
2026-06-07 22:01:43,156.9068431854248,0,1
2026-06-07 22:01:44,329.1444778442383,0,1
2026-06-07 22:01:45,388.35620880126953,0,1
2026-06-07 22:02:36,995.95046043396,0,1
2026-06-07 22:03:06,249.4523525238037,0,1
2026-06-07 22:03:06,353.7559509277344,0,1
2026-06-07 22:03:07,398.06222915649414,0,1
2026-06-07 22:03:07,303.58028411865234,0,1
2026-06-07 22:03:07,244.78721618652344,0,1
2026-06-07 22:03:08,232.0573329925537,0,1
2026-06-07 22:03:08,325.7873058319092,0,1
2026-06-07 22:03:08,280.37095069885254,0,1
2026-06-07 22:03:09,311.54775619506836,0,1
2026-06-07 22:03:09,311.92636489868164,0,1
2026-06-07 22:03:10,263.5502815246582,0,1
2026-06-07 22:03:10,249.7999668121338,0,1
2026-06-07 22:03:10,309.7069263458252,0,1
2026-06-07 22:03:11,325.7427215576172,0,1
2026-06-07 22:03:11,354.5184135437012,0,1
2026-06-07 22:03:12,246.57702445983887,0,1
2026-06-07 22:03:12,310.1234436035156,0,1
2026-06-07 22:03:13,250.31614303588867,0,1
2026-06-07 22:03:13,246.37985229492188,0,1
2026-06-07 22:03:13,278.8710594177246,0,1
2026-06-07 22:03:14,265.7010555267334,0,1
2026-06-07 22:03:14,278.2599925994873,0,1
2026-06-07 22:03:14,234.67779159545898,0,1
2026-06-07 22:03:15,324.97358322143555,0,1
2026-06-07 22:03:15,265.1786804199219,0,1
2026-06-07 22:03:16,360.80479621887207,0,1
2026-06-07 22:03:16,340.58141708374023,0,1
2026-06-07 22:03:17,318.5253143310547,0,1
2026-06-07 22:03:17,373.19064140319824,0,1
2026-06-07 22:03:17,325.03199577331543,0,1
2026-06-07 22:03:18,284.75213050842285,0,1
2026-06-07 22:03:18,296.40698432922363,0,1
2026-06-07 22:03:19,250.39219856262207,0,1
2026-06-07 22:03:19,315.1745796203613,0,1
2026-06-07 22:03:19,310.2271556854248,0,1
2026-06-07 22:03:20,264.0419006347656,0,1
2026-06-07 22:03:20,265.5327320098877,0,1
2026-06-07 22:03:20,171.00954055786133,0,1
2026-06-07 22:03:21,218.57357025146484,0,1
2026-06-07 22:03:21,296.49901390075684,0,1
2026-06-07 22:03:22,357.4225902557373,0,1
2026-06-07 22:03:22,233.63256454467773,0,1
2026-06-07 22:03:22,344.26116943359375,0,1
2026-06-07 22:03:23,329.5266628265381,0,1
2026-06-07 22:03:23,280.9569835662842,0,1
2026-06-07 22:03:24,281.16750717163086,0,1
2026-06-07 22:03:24,329.27393913269043,0,1
2026-06-07 22:03:24,234.73143577575684,0,1
2026-06-07 22:03:25,295.85981369018555,0,1
2026-06-07 22:03:25,403.2323360443115,0,1
2026-06-07 22:03:26,261.6391181945801,0,1
2026-06-07 22:03:26,311.9232654571533,0,1
2026-06-07 22:03:27,292.8910255432129,0,1
2026-06-07 22:03:27,204.53786849975586,0,1
2026-06-07 22:03:27,311.3424777984619,0,1
2026-06-07 22:03:28,246.69671058654785,0,1
2026-06-07 22:03:28,313.74239921569824,0,1
2026-06-07 22:03:28,342.9217338562012,0,1
2026-06-07 22:03:29,310.91928482055664,0,1
2026-06-07 22:03:29,341.6171073913574,0,1
2026-06-07 22:03:30,250.30779838562012,0,1
2026-06-07 22:03:30,296.18048667907715,0,1
2026-06-07 22:03:31,318.5460567474365,0,1
2026-06-07 22:03:31,310.7297420501709,0,1
2026-06-07 22:03:31,201.97558403015137,0,1
2026-06-07 22:03:32,273.3111381530762,0,1
2026-06-07 22:03:32,278.3794403076172,0,1
2026-06-07 22:03:32,344.1188335418701,0,1
2026-06-07 22:03:33,234.4071865081787,0,1
2026-06-07 22:03:33,297.53851890563965,0,1
2026-06-07 22:03:34,295.20225524902344,0,1
2026-06-07 22:03:34,250.30183792114258,0,1
2026-06-07 22:03:34,325.82998275756836,0,1
2026-06-07 22:03:35,328.64999771118164,0,1
2026-06-07 22:03:35,294.92640495300293,0,1
2026-06-07 22:04:11,279.6201705932617,0,1
2026-06-07 22:04:13,531.8689346313477,0,1
2026-06-07 22:04:14,188.18092346191406,0,1
2026-06-07 22:04:15,707.8309059143066,0,1
2026-06-07 22:04:15,235.3372573852539,0,1
2026-06-07 22:04:19,935.136079788208,0,1
2026-06-07 22:04:19,296.83566093444824,0,1
2026-06-07 22:04:20,869.318962097168,0,1
2026-06-07 22:04:21,295.7160472869873,0,1
2026-06-07 22:04:23,248.8701343536377,0,1
2026-06-07 22:04:23,277.54831314086914,0,1
2026-06-07 22:04:27,604.8598289489746,0,1
2026-06-07 22:04:28,250.09679794311523,0,1
2026-06-07 22:04:30,265.17581939697266,0,1
2026-06-07 22:04:33,295.06397247314453,0,1
2026-06-07 22:04:34,255.3095817565918,0,1
2026-06-07 22:04:36,711.3566398620605,0,1
2026-06-07 22:05:40,280.37261962890625,0,1
2026-06-07 22:05:56,249.39370155334473,0,1
2026-06-07 22:05:56,325.70624351501465,0,1
2026-06-07 22:05:57,280.67493438720703,0,1
2026-06-07 22:05:57,309.1557025909424,0,1
2026-06-07 22:05:57,310.22119522094727,0,1
2026-06-07 22:05:58,293.06817054748535,0,1
2026-06-07 22:05:58,218.92499923706055,0,1
2026-06-07 22:05:59,374.99070167541504,0,1
2026-06-07 22:05:59,268.1910991668701,0,1
2026-06-07 22:05:59,218.13678741455078,0,1
2026-06-07 22:06:00,310.6231689453125,0,1
2026-06-07 22:06:00,359.93099212646484,0,1
2026-06-07 22:06:01,185.51135063171387,0,1
2026-06-07 22:06:01,292.82331466674805,0,1
2026-06-07 22:06:01,358.63399505615234,0,1
2026-06-07 22:06:02,342.1151638031006,0,1
2026-06-07 22:06:02,298.1112003326416,0,1
2026-06-07 22:06:03,343.12939643859863,0,1
2026-06-07 22:06:03,261.72804832458496,0,1
2026-06-07 22:06:03,293.6851978302002,0,1
2026-06-07 22:06:04,265.3188705444336,0,1
2026-06-07 22:06:04,296.05984687805176,0,1
2026-06-07 22:06:05,313.4162425994873,0,1
2026-06-07 22:06:05,297.227144241333,0,1
2026-06-07 22:06:06,327.39830017089844,0,1
2026-06-07 22:06:06,282.1612358093262,0,1
2026-06-07 22:06:06,280.7333469390869,0,1
2026-06-07 22:06:07,356.82153701782227,0,1
2026-06-07 22:06:07,261.43884658813477,0,1
2026-06-07 22:06:07,264.48988914489746,0,1
2026-06-07 22:06:08,277.0845890045166,0,1
2026-06-07 22:06:08,263.49592208862305,0,1
2026-06-07 22:06:09,278.3775329589844,0,1
2026-06-07 22:06:09,387.39657402038574,0,1
2026-06-07 22:06:10,323.9407539367676,0,1
2026-06-07 22:06:10,217.24438667297363,0,1
2026-06-07 22:06:10,279.1273593902588,0,1
2026-06-07 22:06:11,345.0207710266113,0,1
2026-06-07 22:06:11,342.16761589050293,0,1
2026-06-07 22:06:12,358.65116119384766,0,1
2026-06-07 22:06:12,217.89813041687012,0,1
2026-06-07 22:06:12,341.1071300506592,0,1
2026-06-07 22:06:13,307.80577659606934,0,1
2026-06-07 22:06:13,276.14283561706543,0,1
2026-06-07 22:06:14,356.9662570953369,0,1
2026-06-07 22:06:14,343.4009552001953,0,1
2026-06-07 22:06:15,296.7674732208252,0,1
2026-06-07 22:06:15,280.0755500793457,0,1
2026-06-07 22:06:16,328.85289192199707,0,1
2026-06-07 22:06:16,216.92919731140137,0,1
2026-06-07 22:06:16,357.18297958374023,0,1
2026-06-07 22:06:17,295.1321601867676,0,1
2026-06-07 22:06:17,294.06070709228516,0,1
2026-06-07 22:06:18,232.80072212219238,0,1
2026-06-07 22:06:18,295.6891059875488,0,1
2026-06-07 22:06:18,308.8095188140869,0,1
2026-06-07 22:06:19,342.06342697143555,0,1
2026-06-07 22:06:19,342.1647548675537,0,1
2026-06-07 22:06:20,328.4883499145508,0,1
2026-06-07 22:06:20,313.2960796356201,0,1
2026-06-07 22:06:21,325.4826068878174,0,1
2026-06-07 22:06:21,294.2938804626465,0,1
2026-06-07 22:06:21,250.40650367736816,0,1
2026-06-07 22:06:22,296.44227027893066,0,1
2026-06-07 22:06:22,359.9405288696289,0,1
2026-06-07 22:06:23,293.1234836578369,0,1
2026-06-07 22:06:23,247.5895881652832,0,1
2026-06-07 22:06:23,297.1770763397217,0,1
2026-06-07 22:06:24,326.8551826477051,0,1
2026-06-07 22:06:24,295.926570892334,0,1
2026-06-07 22:06:25,263.8063430786133,0,1
2026-06-07 22:06:25,294.37804222106934,0,1
2026-06-07 22:06:25,326.9968032836914,0,1
2026-06-07 22:06:56,250.56743621826172,0,1
2026-06-07 22:07:00,920.757532119751,0,1
2026-06-07 22:07:01,312.75248527526855,0,1
2026-06-07 22:07:02,262.38346099853516,0,1
2026-06-07 22:07:03,712.8551006317139,0,1
2026-06-07 22:07:04,281.13651275634766,0,1
2026-06-07 22:07:05,280.5507183074951,0,1
2026-06-07 22:07:06,711.7600440979004,0,1
2026-06-07 22:07:09,295.26734352111816,0,1
2026-06-07 22:07:12,292.6011085510254,0,1
2026-06-07 22:07:14,356.7020893096924,0,1
2026-06-07 22:07:17,294.31939125061035,0,1
2026-06-07 22:07:19,558.9325428009033,0,1
2026-06-07 22:07:20,290.15254974365234,0,1
2026-06-07 22:07:23,388.37265968322754,0,1
2026-06-07 22:07:24,294.9643135070801,0,1
2026-06-07 22:08:46,277.59623527526855,0,1
2026-06-07 22:08:47,370.3427314758301,0,1
2026-06-07 22:08:47,311.9816780090332,0,1
2026-06-07 22:08:47,312.90268898010254,0,1
2026-06-07 22:08:48,233.2782745361328,0,1
2026-06-07 22:08:48,279.39724922180176,0,1
2026-06-07 22:08:48,218.83440017700195,0,1
2026-06-07 22:08:49,329.38337326049805,0,1
2026-06-07 22:08:49,361.069917678833,0,1
2026-06-07 22:08:50,265.89441299438477,0,1
2026-06-07 22:08:50,360.5496883392334,0,1
2026-06-07 22:08:51,357.1128845214844,0,1
2026-06-07 22:08:51,257.47013092041016,0,1
2026-06-07 22:08:51,282.0558547973633,0,1
2026-06-07 22:08:52,231.92429542541504,0,1
2026-06-07 22:08:52,280.05385398864746,0,1
2026-06-07 22:08:53,294.8882579803467,0,1
2026-06-07 22:08:53,329.8068046569824,0,1
2026-06-07 22:08:53,307.2855472564697,0,1
2026-06-07 22:08:54,259.7980499267578,0,1
2026-06-07 22:08:54,373.57425689697266,0,1
2026-06-07 22:08:55,250.18000602722168,0,1
2026-06-07 22:08:55,249.5706081390381,0,1
2026-06-07 22:08:55,327.4517059326172,0,1
2026-06-07 22:08:56,265.4242515563965,0,1
2026-06-07 22:08:56,404.1552543640137,0,1
2026-06-07 22:08:57,263.0913257598877,0,1
2026-06-07 22:08:57,277.7841091156006,0,1
2026-06-07 22:08:58,389.8048400878906,0,1
2026-06-07 22:08:58,282.9623222351074,0,1
2026-06-07 22:08:58,234.4992160797119,0,1
2026-06-07 22:08:59,325.52051544189453,0,1
2026-06-07 22:08:59,294.3391799926758,0,1
2026-06-07 22:08:59,282.8068733215332,0,1
2026-06-07 22:09:00,233.1526279449463,0,1
2026-06-07 22:09:00,341.54295921325684,0,1
2026-06-07 22:09:01,297.28007316589355,0,1
2026-06-07 22:09:01,356.6551208496094,0,1
2026-06-07 22:09:02,344.27547454833984,0,1
2026-06-07 22:09:02,311.97142601013184,0,1
2026-06-07 22:09:02,280.4746627807617,0,1
2026-06-07 22:09:03,296.56219482421875,0,1
2026-06-07 22:09:03,295.4883575439453,0,1
2026-06-07 22:09:04,360.7208728790283,0,1
2026-06-07 22:09:04,361.35149002075195,0,1
2026-06-07 22:09:05,296.8285083770752,0,1
2026-06-07 22:09:05,373.9652633666992,0,1
2026-06-07 22:09:06,343.1234359741211,0,1
2026-06-07 22:09:06,278.6891460418701,0,1
2026-06-07 22:09:06,247.40839004516602,0,1
2026-06-07 22:09:07,265.9938335418701,0,1
2026-06-07 22:09:07,371.83690071105957,0,1
2026-06-07 22:09:08,300.80628395080566,0,1
2026-06-07 22:09:08,327.1920680999756,0,1
2026-06-07 22:09:08,286.96632385253906,0,1
2026-06-07 22:09:09,325.55127143859863,0,1
2026-06-07 22:09:09,312.6654624938965,0,1
2026-06-07 22:09:09,172.75643348693848,0,1
2026-06-07 22:09:10,326.7664909362793,0,1
2026-06-07 22:09:10,341.56131744384766,0,1
2026-06-07 22:09:11,295.2570915222168,0,1
2026-06-07 22:09:11,342.13829040527344,0,1
2026-06-07 22:09:12,251.85871124267578,0,1
2026-06-07 22:09:12,311.8553161621094,0,1
2026-06-07 22:09:12,372.849702835083,0,1
2026-06-07 22:09:13,262.99548149108887,0,1
2026-06-07 22:09:13,216.39013290405273,0,1
2026-06-07 22:09:14,311.2349510192871,0,1
2026-06-07 22:09:14,321.81239128112793,0,1
2026-06-07 22:09:14,280.2410125732422,0,1
2026-06-07 22:09:15,281.4180850982666,0,1
2026-06-07 22:09:15,217.13519096374512,0,1
2026-06-07 22:09:15,219.5272445678711,0,1
2026-06-07 22:09:16,603.8680076599121,0,1
2026-06-07 22:09:48,513.1621360778809,0,1
2026-06-07 22:09:49,844.4416522979736,0,1
2026-06-07 22:09:50,384.4566345214844,0,1
2026-06-07 22:09:55,388.6444568634033,0,1
2026-06-07 22:09:56,327.44646072387695,0,1
2026-06-07 22:10:00,311.46955490112305,0,1
2026-06-07 22:10:01,280.0183296203613,0,1
2026-06-07 22:10:01,251.93095207214355,0,1
2026-06-07 22:10:02,606.0490608215332,0,1
2026-06-07 22:10:04,276.900053024292,0,1
2026-06-07 22:10:10,634.0301036834717,0,1
2026-06-07 22:10:11,297.87492752075195,0,1
2026-06-07 22:10:13,343.9970016479492,0,1
2026-06-07 22:10:15,324.4493007659912,0,1
2026-06-07 22:11:19,528.0420780181885,0,1
2026-06-07 22:11:36,237.11323738098145,0,1
2026-06-07 22:11:37,266.0479545593262,0,1
2026-06-07 22:11:37,327.49295234680176,0,1
2026-06-07 22:11:37,259.8099708557129,0,1
2026-06-07 22:11:38,216.4623737335205,0,1
2026-06-07 22:11:38,328.7818431854248,0,1
2026-06-07 22:11:39,293.1408882141113,0,1
2026-06-07 22:11:39,232.90634155273438,0,1
2026-06-07 22:11:39,308.51054191589355,0,1
2026-06-07 22:11:40,346.21548652648926,0,1
2026-06-07 22:11:40,217.61059761047363,0,1
2026-06-07 22:11:41,294.907808303833,0,1
2026-06-07 22:11:41,260.47348976135254,0,1
2026-06-07 22:11:41,369.97032165527344,0,1
2026-06-07 22:11:42,265.90609550476074,0,1
2026-06-07 22:11:42,293.27893257141113,0,1
2026-06-07 22:11:42,250.43201446533203,0,1
2026-06-07 22:11:43,334.49554443359375,0,1
2026-06-07 22:11:43,342.80920028686523,0,1
2026-06-07 22:11:44,262.9568576812744,0,1
2026-06-07 22:11:44,343.0907726287842,0,1
2026-06-07 22:11:45,249.18818473815918,0,1
2026-06-07 22:11:45,282.0475101470947,0,1
2026-06-07 22:11:45,202.05330848693848,0,1
2026-06-07 22:11:46,233.6437702178955,0,1
2026-06-07 22:11:46,325.01959800720215,0,1
2026-06-07 22:11:46,185.51278114318848,0,1
2026-06-07 22:11:47,327.298641204834,0,1
2026-06-07 22:11:47,186.6292953491211,0,1
2026-06-07 22:11:47,251.53875350952148,0,1
2026-06-07 22:11:48,233.05606842041016,0,1
2026-06-07 22:11:48,326.79009437561035,0,1
2026-06-07 22:11:49,326.2953758239746,0,1
2026-06-07 22:11:49,280.38883209228516,0,1
2026-06-07 22:11:49,357.61570930480957,0,1
2026-06-07 22:11:50,262.42518424987793,0,1
2026-06-07 22:11:50,200.7293701171875,0,1
2026-06-07 22:11:51,249.18365478515625,0,1
2026-06-07 22:11:51,388.6606693267822,0,1
2026-06-07 22:11:51,300.2030849456787,0,1
2026-06-07 22:11:52,279.68573570251465,0,1
2026-06-07 22:11:52,328.47118377685547,0,1
2026-06-07 22:11:53,294.9531078338623,0,1
2026-06-07 22:11:53,249.51624870300293,0,1
2026-06-07 22:11:53,280.18760681152344,0,1
2026-06-07 22:11:54,279.98924255371094,0,1
2026-06-07 22:11:54,264.0378475189209,0,1
2026-06-07 22:11:55,279.07729148864746,0,1
2026-06-07 22:11:55,311.842679977417,0,1
2026-06-07 22:11:55,342.39721298217773,0,1
2026-06-07 22:11:56,312.60228157043457,0,1
2026-06-07 22:11:56,327.71968841552734,0,1
2026-06-07 22:11:57,264.2016410827637,0,1
2026-06-07 22:11:57,232.9883575439453,0,1
2026-06-07 22:11:57,261.7216110229492,0,1
2026-06-07 22:11:58,326.0781764984131,0,1
2026-06-07 22:11:58,277.508020401001,0,1
2026-06-07 22:11:59,326.31659507751465,0,1
2026-06-07 22:11:59,263.47827911376953,0,1
2026-06-07 22:11:59,295.26829719543457,0,1
2026-06-07 22:12:00,246.83642387390137,0,1
2026-06-07 22:12:00,279.7365188598633,0,1
2026-06-07 22:12:01,263.8540267944336,0,1
2026-06-07 22:12:01,276.5240669250488,0,1
2026-06-07 22:12:01,310.98031997680664,0,1
2026-06-07 22:12:02,327.64577865600586,0,1
2026-06-07 22:12:02,231.86421394348145,0,1
2026-06-07 22:12:03,356.5225601196289,0,1
2026-06-07 22:12:03,264.3470764160156,0,1
2026-06-07 22:12:03,310.93668937683105,0,1
2026-06-07 22:12:04,370.78332901000977,0,1
2026-06-07 22:12:04,266.4363384246826,0,1
2026-06-07 22:12:05,239.25447463989258,0,1
2026-06-07 22:12:05,220.49546241760254,0,1
2026-06-07 22:12:05,325.2429962158203,0,1
2026-06-07 22:12:06,452.50630378723145,0,1
2026-06-07 22:12:06,512.3493671417236,0,1
2026-06-07 22:12:38,373.0812072753906,0,1
2026-06-07 22:12:39,233.72483253479004,0,1
2026-06-07 22:12:39,236.61017417907715,0,1
2026-06-07 22:12:45,639.4953727722168,0,1
2026-06-07 22:12:46,326.07531547546387,0,1
2026-06-07 22:12:47,328.08709144592285,0,1
2026-06-07 22:12:49,293.7660217285156,0,1
2026-06-07 22:12:50,326.4014720916748,0,1
2026-06-07 22:12:50,310.3938102722168,0,1
2026-06-07 22:12:54,325.49071311950684,0,1
2026-06-07 22:12:55,781.9423675537109,0,1
2026-06-07 22:12:56,264.2097473144531,0,1
2026-06-07 22:12:58,309.21363830566406,0,1
2026-06-07 22:13:00,293.38908195495605,0,1
2026-06-07 22:13:01,341.5520191192627,0,1
2026-06-07 22:13:06,293.6866283416748,0,1
2026-06-07 22:13:56,782.8326225280762,0,1
2026-06-07 22:14:27,343.721866607666,0,1
2026-06-07 22:14:27,252.31218338012695,0,1
2026-06-07 22:14:27,281.1429500579834,0,1
2026-06-07 22:14:28,341.4897918701172,0,1
2026-06-07 22:14:28,417.1335697174072,0,1
2026-06-07 22:14:29,250.42438507080078,0,1
2026-06-07 22:14:29,293.21837425231934,0,1
2026-06-07 22:14:29,263.92602920532227,0,1
2026-06-07 22:14:30,292.6058769226074,0,1
2026-06-07 22:14:30,248.38900566101074,0,1
2026-06-07 22:14:31,278.228759765625,0,1
2026-06-07 22:14:31,343.1572914123535,0,1
2026-06-07 22:14:31,281.68272972106934,0,1
2026-06-07 22:14:32,326.9217014312744,0,1
2026-06-07 22:14:32,265.1021480560303,0,1
2026-06-07 22:14:33,311.21373176574707,0,1
2026-06-07 22:14:33,249.09615516662598,0,1
2026-06-07 22:14:33,327.6197910308838,0,1
2026-06-07 22:14:34,230.54242134094238,0,1
2026-06-07 22:14:34,279.7544002532959,0,1
2026-06-07 22:14:35,339.08867835998535,0,1
2026-06-07 22:14:35,283.24222564697266,0,1
2026-06-07 22:14:35,268.8002586364746,0,1
2026-06-07 22:14:36,294.8732376098633,0,1
2026-06-07 22:14:36,389.3914222717285,0,1
2026-06-07 22:14:37,370.2723979949951,0,1
2026-06-07 22:14:37,298.2633113861084,0,1
2026-06-07 22:14:37,203.44948768615723,0,1
2026-06-07 22:14:38,298.56038093566895,0,1
2026-06-07 22:14:38,296.7865467071533,0,1
2026-06-07 22:14:39,338.08255195617676,0,1
2026-06-07 22:14:39,294.53253746032715,0,1
2026-06-07 22:14:39,249.90272521972656,0,1
2026-06-07 22:14:40,222.58305549621582,0,1
2026-06-07 22:14:40,341.6318893432617,0,1
2026-06-07 22:14:41,263.51189613342285,0,1
2026-06-07 22:14:41,294.4827079772949,0,1
2026-06-07 22:14:42,362.4541759490967,0,1
2026-06-07 22:14:42,327.08215713500977,0,1
2026-06-07 22:14:42,371.5500831604004,0,1
2026-06-07 22:14:43,341.84885025024414,0,1
2026-06-07 22:14:43,247.61652946472168,0,1
2026-06-07 22:14:44,266.59083366394043,0,1
2026-06-07 22:14:44,340.85965156555176,0,1
2026-06-07 22:14:44,292.15264320373535,0,1
2026-06-07 22:14:45,293.1509017944336,0,1
2026-06-07 22:14:45,259.9172592163086,0,1
2026-06-07 22:14:46,337.02921867370605,0,1
2026-06-07 22:14:46,233.35742950439453,0,1
2026-06-07 22:14:46,295.4676151275635,0,1
2026-06-07 22:14:47,328.03845405578613,0,1
2026-06-07 22:14:47,295.6578731536865,0,1
2026-06-07 22:14:48,400.6659984588623,0,1
2026-06-07 22:14:48,292.65570640563965,0,1
2026-06-07 22:14:49,279.782772064209,0,1
2026-06-07 22:14:49,280.72404861450195,0,1
2026-06-07 22:14:49,184.72790718078613,0,1
2026-06-07 22:14:50,296.57602310180664,0,1
2026-06-07 22:14:50,231.17733001708984,0,1
2026-06-07 22:14:50,279.9348831176758,0,1
2026-06-07 22:14:51,339.4486904144287,0,1
2026-06-07 22:14:51,245.31221389770508,0,1
2026-06-07 22:14:52,324.73182678222656,0,1
2026-06-07 22:14:52,295.40300369262695,0,1
2026-06-07 22:14:52,371.71125411987305,0,1
2026-06-07 22:14:53,278.95426750183105,0,1
2026-06-07 22:14:53,279.1857719421387,0,1
2026-06-07 22:14:54,250.23627281188965,0,1
2026-06-07 22:14:54,369.8251247406006,0,1
2026-06-07 22:14:55,327.61669158935547,0,1
2026-06-07 22:14:55,326.3068199157715,0,1
2026-06-07 22:14:55,311.8023872375488,0,1
2026-06-07 22:14:56,357.3799133300781,0,1
2026-06-07 22:14:56,246.8562126159668,0,1
2026-06-07 22:15:27,278.92541885375977,0,1
2026-06-07 22:15:28,296.57673835754395,0,1
2026-06-07 22:15:30,624.8879432678223,0,1
2026-06-07 22:15:34,295.4409122467041,0,1
2026-06-07 22:15:35,774.5158672332764,0,1
2026-06-07 22:15:36,599.4644165039062,0,1
2026-06-07 22:15:40,746.3507652282715,0,1
2026-06-07 22:15:41,283.1714153289795,0,1
2026-06-07 22:15:43,325.84333419799805,0,1
2026-06-07 22:15:43,296.724796295166,0,1
2026-06-07 22:15:46,297.40095138549805,0,1
2026-06-07 22:15:47,531.1980247497559,0,1
2026-06-07 22:15:48,295.1188087463379,0,1
2026-06-07 22:15:54,839.1416072845459,0,1
2026-06-07 22:15:56,787.6570224761963,0,1
2026-06-07 22:15:56,250.18763542175293,0,1
2026-06-07 22:17:17,371.7324733734131,0,1
2026-06-07 22:17:17,326.2486457824707,0,1
2026-06-07 22:17:18,326.0228633880615,0,1
2026-06-07 22:17:18,216.68195724487305,0,1
2026-06-07 22:17:18,279.47425842285156,0,1
2026-06-07 22:17:19,280.20644187927246,0,1
2026-06-07 22:17:19,247.1928596496582,0,1
2026-06-07 22:17:20,248.49581718444824,0,1
2026-06-07 22:17:20,356.6548824310303,0,1
2026-06-07 22:17:20,215.57331085205078,0,1
2026-06-07 22:17:21,314.664363861084,0,1
2026-06-07 22:17:21,249.6170997619629,0,1
2026-06-07 22:17:21,217.02075004577637,0,1
2026-06-07 22:17:22,358.97111892700195,0,1
2026-06-07 22:17:22,232.87343978881836,0,1
2026-06-07 22:17:23,295.92323303222656,0,1
2026-06-07 22:17:23,215.97027778625488,0,1
2026-06-07 22:17:23,313.4162425994873,0,1
2026-06-07 22:17:24,389.2652988433838,0,1
2026-06-07 22:17:24,312.09611892700195,0,1
2026-06-07 22:17:25,263.4761333465576,0,1
2026-06-07 22:17:25,280.0924777984619,0,1
2026-06-07 22:17:25,247.44606018066406,0,1
2026-06-07 22:17:26,247.420072555542,0,1
2026-06-07 22:17:26,281.51392936706543,0,1
2026-06-07 22:17:27,339.8005962371826,0,1
2026-06-07 22:17:27,288.5873317718506,0,1
2026-06-07 22:17:27,329.0269374847412,0,1
2026-06-07 22:17:28,308.66169929504395,0,1
2026-06-07 22:17:28,324.3379592895508,0,1
2026-06-07 22:17:29,269.2074775695801,0,1
2026-06-07 22:17:29,287.19639778137207,0,1
2026-06-07 22:17:29,295.2399253845215,0,1
2026-06-07 22:17:30,309.2360496520996,0,1
2026-06-07 22:17:30,235.02850532531738,0,1
2026-06-07 22:17:31,310.1205825805664,0,1
2026-06-07 22:17:31,273.1127738952637,0,1
2026-06-07 22:17:31,327.2674083709717,0,1
2026-06-07 22:17:32,279.17003631591797,0,1
2026-06-07 22:17:32,253.04555892944336,0,1
2026-06-07 22:17:33,262.61377334594727,0,1
2026-06-07 22:17:33,325.26111602783203,0,1
2026-06-07 22:17:33,309.82160568237305,0,1
2026-06-07 22:17:34,281.63719177246094,0,1
2026-06-07 22:17:34,263.1082534790039,0,1
2026-06-07 22:17:35,266.7734622955322,0,1
2026-06-07 22:17:35,405.20620346069336,0,1
2026-06-07 22:17:35,265.06638526916504,0,1
2026-06-07 22:17:36,202.82697677612305,0,1
2026-06-07 22:17:36,294.034481048584,0,1
2026-06-07 22:17:36,247.94363975524902,0,1
2026-06-07 22:17:37,310.38832664489746,0,1
2026-06-07 22:17:37,343.0523872375488,0,1
2026-06-07 22:17:38,327.23522186279297,0,1
2026-06-07 22:17:38,376.56664848327637,0,1
2026-06-07 22:17:39,328.68266105651855,0,1
2026-06-07 22:17:39,264.59479331970215,0,1
2026-06-07 22:17:39,280.5752754211426,0,1
2026-06-07 22:17:40,235.08024215698242,0,1
2026-06-07 22:17:40,265.5808925628662,0,1
2026-06-07 22:17:41,261.86418533325195,0,1
2026-06-07 22:17:41,324.4030475616455,0,1
2026-06-07 22:17:41,358.318567276001,0,1
2026-06-07 22:17:42,325.88696479797363,0,1
2026-06-07 22:17:42,310.76884269714355,0,1
2026-06-07 22:17:43,309.5250129699707,0,1
2026-06-07 22:17:43,248.8250732421875,0,1
2026-06-07 22:17:43,294.8462963104248,0,1
2026-06-07 22:17:44,311.5525245666504,0,1
2026-06-07 22:17:44,326.56240463256836,0,1
2026-06-07 22:17:45,311.9244575500488,0,1
2026-06-07 22:17:45,234.5101833343506,0,1
2026-06-07 22:17:46,292.59204864501953,0,1
2026-06-07 22:17:46,310.591459274292,0,1
2026-06-07 22:17:46,325.0548839569092,0,1
2026-06-07 22:17:47,507.48538970947266,0,1
2026-06-07 22:18:17,262.3124122619629,0,1
2026-06-07 22:18:18,339.92624282836914,0,1
2026-06-07 22:18:23,370.5108165740967,0,1
2026-06-07 22:18:26,606.5771579742432,0,1
2026-06-07 22:18:30,341.7377471923828,0,1
2026-06-07 22:18:31,312.56628036499023,0,1
2026-06-07 22:18:32,297.1310615539551,0,1
2026-06-07 22:18:34,292.7887439727783,0,1
2026-06-07 22:18:37,281.94689750671387,0,1
2026-06-07 22:18:38,281.4979553222656,0,1
2026-06-07 22:18:39,649.5044231414795,0,1
2026-06-07 22:18:40,684.0717792510986,0,1
2026-06-07 22:18:42,974.869966506958,0,1
2026-06-07 22:18:42,153.53941917419434,0,1
2026-06-07 22:18:43,343.87946128845215,0,1
2026-06-07 22:18:44,293.74003410339355,0,1
2026-06-07 22:18:44,264.91475105285645,0,1
2026-06-07 22:19:43,975.9759902954102,0,1
2026-06-07 22:20:07,325.3014087677002,0,1
2026-06-07 22:20:07,247.5607395172119,0,1
2026-06-07 22:20:08,342.7143096923828,0,1
2026-06-07 22:20:08,292.93251037597656,0,1
2026-06-07 22:20:09,296.4508533477783,0,1
2026-06-07 22:20:09,261.5466117858887,0,1
2026-06-07 22:20:09,293.9496040344238,0,1
2026-06-07 22:20:10,311.81907653808594,0,1
2026-06-07 22:20:10,375.5836486816406,0,1
2026-06-07 22:20:11,325.84071159362793,0,1
2026-06-07 22:20:11,313.6594295501709,0,1
2026-06-07 22:20:12,232.36775398254395,0,1
2026-06-07 22:20:12,325.3157138824463,0,1
2026-06-07 22:20:12,327.77905464172363,0,1
2026-06-07 22:20:13,280.8048725128174,0,1
2026-06-07 22:20:13,295.9785461425781,0,1
2026-06-07 22:20:14,263.92626762390137,0,1
2026-06-07 22:20:14,356.63414001464844,0,1
2026-06-07 22:20:14,311.82003021240234,0,1
2026-06-07 22:20:15,342.8521156311035,0,1
2026-06-07 22:20:15,323.2429027557373,0,1
2026-06-07 22:20:16,266.099214553833,0,1
2026-06-07 22:20:16,323.50873947143555,0,1
2026-06-07 22:20:17,296.5826988220215,0,1
2026-06-07 22:20:17,234.0700626373291,0,1
2026-06-07 22:20:17,297.9729175567627,0,1
2026-06-07 22:20:18,312.1466636657715,0,1
2026-06-07 22:20:18,236.8028163909912,0,1
2026-06-07 22:20:19,296.8294620513916,0,1
2026-06-07 22:20:19,282.7565670013428,0,1
2026-06-07 22:20:19,295.42994499206543,0,1
2026-06-07 22:20:20,312.1359348297119,0,1
2026-06-07 22:20:20,280.91883659362793,0,1
2026-06-07 22:20:20,187.17575073242188,0,1
2026-06-07 22:20:21,327.58092880249023,0,1
2026-06-07 22:20:21,346.6198444366455,0,1
2026-06-07 22:20:22,249.73726272583008,0,1
2026-06-07 22:20:22,217.53263473510742,0,1
2026-06-07 22:20:22,296.04387283325195,0,1
2026-06-07 22:20:23,342.59486198425293,0,1
2026-06-07 22:20:23,264.80865478515625,0,1
2026-06-07 22:20:24,357.4035167694092,0,1
2026-06-07 22:20:24,295.318603515625,0,1
2026-06-07 22:20:25,340.58499336242676,0,1
2026-06-07 22:20:25,294.33202743530273,0,1
2026-06-07 22:20:25,315.07301330566406,0,1
2026-06-07 22:20:26,219.00177001953125,0,1
2026-06-07 22:20:26,294.1763401031494,0,1
2026-06-07 22:20:26,263.0183696746826,0,1
2026-06-07 22:20:27,250.96631050109863,0,1
2026-06-07 22:20:27,310.1034164428711,0,1
2026-06-07 22:20:28,311.5992546081543,0,1
2026-06-07 22:20:28,278.6116600036621,0,1
2026-06-07 22:20:28,234.2677116394043,0,1
2026-06-07 22:20:29,372.80845642089844,0,1
2026-06-07 22:20:29,311.8612766265869,0,1
2026-06-07 22:20:30,325.5348205566406,0,1
2026-06-07 22:20:30,263.29803466796875,0,1
2026-06-07 22:20:31,388.63492012023926,0,1
2026-06-07 22:20:31,236.527681350708,0,1
2026-06-07 22:20:31,298.3715534210205,0,1
2026-06-07 22:20:32,249.40824508666992,0,1
2026-06-07 22:20:32,249.67145919799805,0,1
2026-06-07 22:20:32,278.90634536743164,0,1
2026-06-07 22:20:33,328.60636711120605,0,1
2026-06-07 22:20:33,339.3537998199463,0,1
2026-06-07 22:20:34,318.0961608886719,0,1
2026-06-07 22:20:34,292.832612991333,0,1
2026-06-07 22:20:35,338.89150619506836,0,1
2026-06-07 22:20:35,248.46220016479492,0,1
2026-06-07 22:20:35,312.0536804199219,0,1
2026-06-07 22:20:36,217.1010971069336,0,1
2026-06-07 22:20:36,235.3196144104004,0,1
2026-06-07 22:20:37,376.5542507171631,0,1
2026-06-07 22:20:37,579.9739360809326,0,1
2026-06-07 22:21:08,263.6985778808594,0,1
2026-06-07 22:21:11,778.7532806396484,0,1
2026-06-07 22:21:12,265.98334312438965,0,1
2026-06-07 22:21:16,935.2273941040039,0,1
2026-06-07 22:21:16,283.2334041595459,0,1
2026-06-07 22:21:20,267.056941986084,0,1
2026-06-07 22:21:22,249.47643280029297,0,1
2026-06-07 22:21:24,296.7052459716797,0,1
2026-06-07 22:21:24,294.36469078063965,0,1
2026-06-07 22:21:26,977.1988391876221,0,1
2026-06-07 22:21:27,263.61727714538574,0,1
2026-06-07 22:21:28,280.03406524658203,0,1
2026-06-07 22:21:29,290.59839248657227,0,1
2026-06-07 22:21:32,309.39316749572754,0,1
2026-06-07 22:21:32,293.7352657318115,0,1
2026-06-07 22:21:35,155.8222770690918,0,1
2026-06-07 22:21:37,283.70022773742676,0,1
2026-06-07 22:22:29,270.05767822265625,0,1
2026-06-07 22:22:57,278.52940559387207,0,1
2026-06-07 22:22:58,292.24205017089844,0,1
2026-06-07 22:22:58,266.43943786621094,0,1
2026-06-07 22:22:58,266.7415142059326,0,1
2026-06-07 22:22:59,312.22033500671387,0,1
2026-06-07 22:22:59,249.66192245483398,0,1
2026-06-07 22:23:00,312.824010848999,0,1
2026-06-07 22:23:00,297.1196174621582,0,1
2026-06-07 22:23:00,292.8435802459717,0,1
2026-06-07 22:23:01,360.3372573852539,0,1
2026-06-07 22:23:01,327.0759582519531,0,1
2026-06-07 22:23:02,304.23641204833984,0,1
2026-06-07 22:23:02,265.8259868621826,0,1
2026-06-07 22:23:03,359.9584102630615,0,1
2026-06-07 22:23:03,374.7832775115967,0,1
2026-06-07 22:23:03,358.7908744812012,0,1
2026-06-07 22:23:04,418.2624816894531,0,1
2026-06-07 22:23:04,309.309720993042,0,1
2026-06-07 22:23:05,311.31529808044434,0,1
2026-06-07 22:23:05,177.9158115386963,0,1
2026-06-07 22:23:06,356.9972515106201,0,1
2026-06-07 22:23:06,299.1194725036621,0,1
2026-06-07 22:23:06,253.05795669555664,0,1
2026-06-07 22:23:07,280.77244758605957,0,1
2026-06-07 22:23:07,309.53383445739746,0,1
2026-06-07 22:23:08,295.05205154418945,0,1
2026-06-07 22:23:08,294.0247058868408,0,1
2026-06-07 22:23:08,342.6859378814697,0,1
2026-06-07 22:23:09,246.43921852111816,0,1
2026-06-07 22:23:09,279.2356014251709,0,1
2026-06-07 22:23:10,311.8927478790283,0,1
2026-06-07 22:23:10,294.6324348449707,0,1
2026-06-07 22:23:10,297.98126220703125,0,1
2026-06-07 22:23:11,284.84630584716797,0,1
2026-06-07 22:23:11,326.79295539855957,0,1
2026-06-07 22:23:12,235.55803298950195,0,1
2026-06-07 22:23:12,340.66224098205566,0,1
2026-06-07 22:23:12,294.6333885192871,0,1
2026-06-07 22:23:13,282.7749252319336,0,1
2026-06-07 22:23:13,371.898889541626,0,1
2026-06-07 22:23:14,297.84083366394043,0,1
2026-06-07 22:23:14,217.55313873291016,0,1
2026-06-07 22:23:14,296.77700996398926,0,1
2026-06-07 22:23:15,375.1542568206787,0,1
2026-06-07 22:23:15,249.44305419921875,0,1
2026-06-07 22:23:16,267.33922958374023,0,1
2026-06-07 22:23:16,340.7719135284424,0,1
2026-06-07 22:23:16,327.8768062591553,0,1
2026-06-07 22:23:17,279.3848514556885,0,1
2026-06-07 22:23:17,278.55706214904785,0,1
2026-06-07 22:23:18,279.6587944030762,0,1
2026-06-07 22:23:18,314.99481201171875,0,1
2026-06-07 22:23:18,235.11624336242676,0,1
2026-06-07 22:23:19,292.8037643432617,0,1
2026-06-07 22:23:19,234.0991497039795,0,1
2026-06-07 22:23:20,282.6240062713623,0,1
2026-06-07 22:23:20,265.87438583374023,0,1
2026-06-07 22:23:20,220.1676368713379,0,1
2026-06-07 22:23:21,230.67426681518555,0,1
2026-06-07 22:23:21,279.2954444885254,0,1
2026-06-07 22:23:21,231.55665397644043,0,1
2026-06-07 22:23:22,186.76424026489258,0,1
2026-06-07 22:23:22,359.61341857910156,0,1
2026-06-07 22:23:23,427.8581142425537,0,1
2026-06-07 22:23:23,279.7679901123047,0,1
2026-06-07 22:23:23,281.68702125549316,0,1
2026-06-07 22:23:24,282.320499420166,0,1
2026-06-07 22:23:24,252.03609466552734,0,1
2026-06-07 22:23:25,358.82067680358887,0,1
2026-06-07 22:23:25,343.4710502624512,0,1
2026-06-07 22:23:26,373.78382682800293,0,1
2026-06-07 22:23:26,311.1112117767334,0,1
2026-06-07 22:23:26,296.3416576385498,0,1
2026-06-07 22:23:27,343.2350158691406,0,1
2026-06-07 22:24:00,266.07251167297363,0,1
2026-06-07 22:24:01,310.58287620544434,0,1
2026-06-07 22:24:03,297.91259765625,0,1
2026-06-07 22:24:04,336.5805149078369,0,1
2026-06-07 22:24:04,276.4425277709961,0,1
2026-06-07 22:24:10,241.10889434814453,0,1
2026-06-07 22:24:12,983.88671875,0,1
2026-06-07 22:24:13,295.4821586608887,0,1
2026-06-07 22:24:16,307.9266548156738,0,1
2026-06-07 22:24:21,279.4609069824219,0,1
2026-06-07 22:24:25,515.1944160461426,0,1
2026-06-07 22:24:26,493.7469959259033,0,1
2026-06-07 22:25:30,804.2614459991455,0,1
2026-06-07 22:25:48,316.70403480529785,0,1
2026-06-07 22:25:48,266.4816379547119,0,1
2026-06-07 22:25:48,264.6825313568115,0,1
2026-06-07 22:25:49,264.8966312408447,0,1
2026-06-07 22:25:49,249.44233894348145,0,1
2026-06-07 22:25:49,262.2826099395752,0,1
2026-06-07 22:25:50,220.59249877929688,0,1
2026-06-07 22:25:50,311.0792636871338,0,1
2026-06-07 22:25:51,295.4840660095215,0,1
2026-06-07 22:25:51,297.1377372741699,0,1
2026-06-07 22:25:52,324.4485855102539,0,1
2026-06-07 22:25:52,341.3121700286865,0,1
2026-06-07 22:25:52,295.14479637145996,0,1
2026-06-07 22:25:53,201.77507400512695,0,1
2026-06-07 22:25:53,259.61899757385254,0,1
2026-06-07 22:25:54,314.36634063720703,0,1
2026-06-07 22:25:54,326.8139362335205,0,1
2026-06-07 22:25:54,265.27929306030273,0,1
2026-06-07 22:25:55,218.34039688110352,0,1
2026-06-07 22:25:55,349.74122047424316,0,1
2026-06-07 22:25:56,293.17212104797363,0,1
2026-06-07 22:25:56,296.3118553161621,0,1
2026-06-07 22:25:56,262.61377334594727,0,1
2026-06-07 22:25:57,205.7945728302002,0,1
2026-06-07 22:25:57,264.0233039855957,0,1
2026-06-07 22:25:57,281.7718982696533,0,1
2026-06-07 22:25:58,204.45799827575684,0,1
2026-06-07 22:25:58,266.5393352508545,0,1
2026-06-07 22:25:58,280.3812026977539,0,1
2026-06-07 22:25:59,264.35279846191406,0,1
2026-06-07 22:25:59,271.1024284362793,0,1
2026-06-07 22:26:00,338.0248546600342,0,1
2026-06-07 22:26:00,280.6558609008789,0,1
2026-06-07 22:26:00,287.5652313232422,0,1
2026-06-07 22:26:01,234.5881462097168,0,1
2026-06-07 22:26:01,296.37622833251953,0,1
2026-06-07 22:26:02,218.70779991149902,0,1
2026-06-07 22:26:02,359.00068283081055,0,1
2026-06-07 22:26:02,264.3289566040039,0,1
2026-06-07 22:26:03,234.71355438232422,0,1
2026-06-07 22:26:03,309.6177577972412,0,1
2026-06-07 22:26:04,312.361478805542,0,1
2026-06-07 22:26:04,248.31843376159668,0,1
2026-06-07 22:26:04,326.7545700073242,0,1
2026-06-07 22:26:05,281.4779281616211,0,1
2026-06-07 22:26:05,324.1457939147949,0,1
2026-06-07 22:26:06,265.3460502624512,0,1
2026-06-07 22:26:06,262.24637031555176,0,1
2026-06-07 22:26:06,293.50948333740234,0,1
2026-06-07 22:26:07,247.93148040771484,0,1
2026-06-07 22:26:07,326.5371322631836,0,1
2026-06-07 22:26:08,311.77735328674316,0,1
2026-06-07 22:26:08,346.77815437316895,0,1
2026-06-07 22:26:08,342.70334243774414,0,1
2026-06-07 22:26:09,391.193151473999,0,1
2026-06-07 22:26:09,310.452938079834,0,1
2026-06-07 22:26:10,328.75561714172363,0,1
2026-06-07 22:26:10,280.26723861694336,0,1
2026-06-07 22:26:11,295.3922748565674,0,1
2026-06-07 22:26:11,277.76598930358887,0,1
2026-06-07 22:26:11,218.0023193359375,0,1
2026-06-07 22:26:12,324.2828845977783,0,1
2026-06-07 22:26:12,232.7878475189209,0,1
2026-06-07 22:26:12,232.1181297302246,0,1
2026-06-07 22:26:13,314.4955635070801,0,1
2026-06-07 22:26:13,373.4610080718994,0,1
2026-06-07 22:26:14,325.9737491607666,0,1
2026-06-07 22:26:14,327.0285129547119,0,1
2026-06-07 22:26:15,281.9645404815674,0,1
2026-06-07 22:26:15,248.7659454345703,0,1
2026-06-07 22:26:15,372.65777587890625,0,1
2026-06-07 22:26:16,300.0445365905762,0,1
2026-06-07 22:26:16,312.4053478240967,0,1
2026-06-07 22:26:17,404.38270568847656,0,1
2026-06-07 22:26:17,232.05924034118652,0,1
2026-06-07 22:26:18,494.33374404907227,0,1
2026-06-07 22:26:48,342.2379493713379,0,1
2026-06-07 22:26:49,266.6950225830078,0,1
2026-06-07 22:26:53,268.08667182922363,0,1
2026-06-07 22:26:54,684.4437122344971,0,1
2026-06-07 22:26:55,278.4266471862793,0,1
2026-06-07 22:26:55,588.8609886169434,0,1
2026-06-07 22:26:56,155.69519996643066,0,1
2026-06-07 22:26:58,840.2132987976074,0,1
2026-06-07 22:26:59,421.7498302459717,0,1
2026-06-07 22:27:00,277.0497798919678,0,1
2026-06-07 22:27:01,278.80239486694336,0,1
2026-06-07 22:27:02,264.6775245666504,0,1
2026-06-07 22:27:02,296.5676784515381,0,1
2026-06-07 22:27:04,731.5349578857422,0,1
2026-06-07 22:27:06,683.8128566741943,0,1
2026-06-07 22:27:08,527.4209976196289,0,1
2026-06-07 22:27:09,342.64349937438965,0,1
2026-06-07 22:27:11,312.25132942199707,0,1
2026-06-07 22:27:12,294.07334327697754,0,1
2026-06-07 22:27:14,278.2764434814453,0,1
2026-06-07 22:27:15,807.0967197418213,0,1
2026-06-07 22:27:16,311.2044334411621,0,1
2026-06-07 22:28:10,792.6137447357178,0,1
2026-06-07 22:28:38,217.6804542541504,0,1
2026-06-07 22:28:38,310.2385997772217,0,1
2026-06-07 22:28:39,358.7172031402588,0,1
2026-06-07 22:28:39,286.57031059265137,0,1
2026-06-07 22:28:39,265.00582695007324,0,1
2026-06-07 22:28:40,374.12261962890625,0,1
2026-06-07 22:28:40,233.51478576660156,0,1
2026-06-07 22:28:41,267.0910358428955,0,1
2026-06-07 22:28:41,278.5665988922119,0,1
2026-06-07 22:28:41,325.2840042114258,0,1
2026-06-07 22:28:42,233.353853225708,0,1
2026-06-07 22:28:42,316.9674873352051,0,1
2026-06-07 22:28:42,279.68668937683105,0,1
2026-06-07 22:28:43,237.72835731506348,0,1
2026-06-07 22:28:43,279.2167663574219,0,1
2026-06-07 22:28:44,235.3193759918213,0,1
2026-06-07 22:28:44,326.2968063354492,0,1
2026-06-07 22:28:44,278.6595821380615,0,1
2026-06-07 22:28:45,217.68760681152344,0,1
2026-06-07 22:28:45,231.05669021606445,0,1
2026-06-07 22:28:45,340.6980037689209,0,1
2026-06-07 22:28:46,341.0494327545166,0,1
2026-06-07 22:28:46,309.4966411590576,0,1
2026-06-07 22:28:47,294.7986125946045,0,1
2026-06-07 22:28:47,248.17538261413574,0,1
2026-06-07 22:28:48,404.4833183288574,0,1
2026-06-07 22:28:48,275.8316993713379,0,1
2026-06-07 22:28:48,336.4579677581787,0,1
2026-06-07 22:28:49,266.13545417785645,0,1
2026-06-07 22:28:49,269.30809020996094,0,1
2026-06-07 22:28:50,214.46466445922852,0,1
2026-06-07 22:28:50,238.6033535003662,0,1
2026-06-07 22:28:50,216.0501480102539,0,1
2026-06-07 22:28:51,323.15921783447266,0,1
2026-06-07 22:28:51,301.09500885009766,0,1
2026-06-07 22:28:51,276.08203887939453,0,1
2026-06-07 22:28:52,248.4912872314453,0,1
2026-06-07 22:28:52,311.1867904663086,0,1
2026-06-07 22:28:53,296.12255096435547,0,1
2026-06-07 22:28:53,282.49049186706543,0,1
2026-06-07 22:28:53,326.59292221069336,0,1
2026-06-07 22:28:54,326.3359069824219,0,1
2026-06-07 22:28:54,384.86766815185547,0,1
2026-06-07 22:28:55,248.7618923187256,0,1
2026-06-07 22:28:55,292.3104763031006,0,1
2026-06-07 22:28:56,389.61100578308105,0,1
2026-06-07 22:28:56,390.1233673095703,0,1
2026-06-07 22:28:56,260.06603240966797,0,1
2026-06-07 22:28:57,342.6544666290283,0,1
2026-06-07 22:28:57,403.5055637359619,0,1
2026-06-07 22:28:58,313.5714530944824,0,1
2026-06-07 22:28:58,325.29687881469727,0,1
2026-06-07 22:28:59,311.97357177734375,0,1
2026-06-07 22:28:59,247.36857414245605,0,1
2026-06-07 22:28:59,343.7376022338867,0,1
2026-06-07 22:29:00,280.0252437591553,0,1
2026-06-07 22:29:00,335.27374267578125,0,1
2026-06-07 22:29:01,233.92558097839355,0,1
2026-06-07 22:29:01,293.4114933013916,0,1
2026-06-07 22:29:01,296.21052742004395,0,1
2026-06-07 22:29:02,326.9481658935547,0,1
2026-06-07 22:29:02,291.11528396606445,0,1
2026-06-07 22:29:03,266.14904403686523,0,1
2026-06-07 22:29:03,248.0473518371582,0,1
2026-06-07 22:29:03,293.7273979187012,0,1
2026-06-07 22:29:04,328.8753032684326,0,1
2026-06-07 22:29:04,325.2904415130615,0,1
2026-06-07 22:29:05,293.3831214904785,0,1
2026-06-07 22:29:05,388.69237899780273,0,1
2026-06-07 22:29:06,358.6280345916748,0,1
2026-06-07 22:29:06,308.36963653564453,0,1
2026-06-07 22:29:07,358.48307609558105,0,1
2026-06-07 22:29:07,384.8874568939209,0,1
2026-06-07 22:29:08,666.1396026611328,0,1
2026-06-07 22:29:38,221.14849090576172,0,1
2026-06-07 22:29:40,229.45284843444824,0,1
2026-06-07 22:29:54,223.72007369995117,0,1
2026-06-07 22:29:55,235.81457138061523,0,1
2026-06-07 22:29:56,239.45021629333496,0,1
2026-06-07 22:29:56,233.01196098327637,0,1
2026-06-07 22:30:01,231.86564445495605,0,1
2026-06-07 22:30:03,228.58214378356934,0,1
2026-06-07 22:30:03,430.9227466583252,0,1
2026-06-07 22:30:04,233.54053497314453,0,1
2026-06-07 22:30:05,217.3902988433838,0,1
2026-06-07 22:30:06,230.8483123779297,0,1
2026-06-07 22:30:07,243.82352828979492,0,1
2026-06-07 22:31:28,260.5748176574707,0,1
2026-06-07 22:31:28,311.3439083099365,0,1
2026-06-07 22:31:29,264.42790031433105,0,1
2026-06-07 22:31:29,308.00557136535645,0,1
2026-06-07 22:31:30,358.7019443511963,0,1
2026-06-07 22:31:30,342.62824058532715,0,1
2026-06-07 22:31:30,310.1694583892822,0,1
2026-06-07 22:31:31,280.2252769470215,0,1
2026-06-07 22:31:31,342.20170974731445,0,1
2026-06-07 22:31:32,279.8783779144287,0,1
2026-06-07 22:31:32,246.4759349822998,0,1
2026-06-07 22:31:32,279.496431350708,0,1
2026-06-07 22:31:33,390.0949954986572,0,1
2026-06-07 22:31:33,313.051700592041,0,1
2026-06-07 22:31:34,248.5060691833496,0,1
2026-06-07 22:31:34,264.79101181030273,0,1
2026-06-07 22:31:34,279.24561500549316,0,1
2026-06-07 22:31:35,311.6016387939453,0,1
2026-06-07 22:31:35,279.0849208831787,0,1
2026-06-07 22:31:36,266.0393714904785,0,1
2026-06-07 22:31:36,235.49509048461914,0,1
2026-06-07 22:31:36,263.0186080932617,0,1
2026-06-07 22:31:37,170.40538787841797,0,1
2026-06-07 22:31:37,310.0543022155762,0,1
2026-06-07 22:31:38,341.0184383392334,0,1
2026-06-07 22:31:38,282.8853130340576,0,1
2026-06-07 22:31:38,309.2350959777832,0,1
2026-06-07 22:31:39,282.1166515350342,0,1
2026-06-07 22:31:39,400.0678062438965,0,1
2026-06-07 22:31:40,250.1664161682129,0,1
2026-06-07 22:31:40,296.79059982299805,0,1
2026-06-07 22:31:40,281.9356918334961,0,1
2026-06-07 22:31:41,295.9613800048828,0,1
2026-06-07 22:31:41,218.6262607574463,0,1
2026-06-07 22:31:41,281.8739414215088,0,1
2026-06-07 22:31:42,265.17724990844727,0,1
2026-06-07 22:31:42,326.74145698547363,0,1
2026-06-07 22:31:43,250.20074844360352,0,1
2026-06-07 22:31:43,294.4791316986084,0,1
2026-06-07 22:31:43,295.1703071594238,0,1
2026-06-07 22:31:44,200.61635971069336,0,1
2026-06-07 22:31:44,311.6941452026367,0,1
2026-06-07 22:31:45,328.39369773864746,0,1
2026-06-07 22:31:45,227.5710105895996,0,1
2026-06-07 22:31:45,355.18646240234375,0,1
2026-06-07 22:31:46,296.5848445892334,0,1
2026-06-07 22:31:46,356.3668727874756,0,1
2026-06-07 22:31:47,454.7441005706787,0,1
2026-06-07 22:31:47,359.00402069091797,0,1
2026-06-07 22:31:48,264.26243782043457,0,1
2026-06-07 22:31:48,357.541561126709,0,1
2026-06-07 22:31:49,265.14720916748047,0,1
2026-06-07 22:31:49,267.78483390808105,0,1
2026-06-07 22:31:49,232.13458061218262,0,1
2026-06-07 22:31:50,206.08067512512207,0,1
2026-06-07 22:31:50,264.3618583679199,0,1
2026-06-07 22:31:50,283.4324836730957,0,1
2026-06-07 22:31:51,295.16029357910156,0,1
2026-06-07 22:31:51,203.67026329040527,0,1
2026-06-07 22:31:51,299.7303009033203,0,1
2026-06-07 22:31:52,250.9307861328125,0,1
2026-06-07 22:31:52,344.39611434936523,0,1
2026-06-07 22:31:53,296.21291160583496,0,1
2026-06-07 22:31:53,295.61805725097656,0,1
2026-06-07 22:31:53,266.01362228393555,0,1
2026-06-07 22:31:54,297.2450256347656,0,1
2026-06-07 22:31:54,282.05060958862305,0,1
2026-06-07 22:31:55,295.43232917785645,0,1
2026-06-07 22:31:55,324.3072032928467,0,1
2026-06-07 22:31:55,326.5395164489746,0,1
2026-06-07 22:31:56,230.1499843597412,0,1
2026-06-07 22:31:56,239.38512802124023,0,1
2026-06-07 22:31:57,329.74910736083984,0,1
2026-06-07 22:31:57,385.93387603759766,0,1
2026-06-07 22:31:58,308.3817958831787,0,1
2026-06-07 22:31:58,464.41006660461426,0,1
2026-06-07 22:32:29,280.3926467895508,0,1
2026-06-07 22:32:29,280.63464164733887,0,1
2026-06-07 22:32:33,295.6502437591553,0,1
2026-06-07 22:32:34,297.96767234802246,0,1
2026-06-07 22:32:37,481.95910453796387,0,1
2026-06-07 22:32:38,999.7174739837646,0,1
2026-06-07 22:32:39,340.44456481933594,0,1
2026-06-07 22:32:40,278.4903049468994,0,1
2026-06-07 22:32:43,360.6455326080322,0,1
2026-06-07 22:32:55,529.3464660644531,0,1
2026-06-07 22:32:56,286.4871025085449,0,1
2026-06-07 22:32:56,332.8855037689209,0,1
2026-06-07 22:32:58,646.634578704834,0,1
2026-06-07 22:33:49,917.8392887115479,0,1
2026-06-07 22:34:18,344.0744876861572,0,1
2026-06-07 22:34:19,202.6984691619873,0,1
2026-06-07 22:34:19,254.23336029052734,0,1
2026-06-07 22:34:19,233.57200622558594,0,1
2026-06-07 22:34:20,309.1912269592285,0,1
2026-06-07 22:34:20,171.15044593811035,0,1
2026-06-07 22:34:20,296.40889167785645,0,1
2026-06-07 22:34:21,253.29017639160156,0,1
2026-06-07 22:34:21,311.6898536682129,0,1
2026-06-07 22:34:22,328.71270179748535,0,1
2026-06-07 22:34:22,313.4305477142334,0,1
2026-06-07 22:34:22,312.42847442626953,0,1
2026-06-07 22:34:23,344.17104721069336,0,1
2026-06-07 22:34:23,294.0247058868408,0,1
2026-06-07 22:34:24,234.69305038452148,0,1
2026-06-07 22:34:24,218.7943458557129,0,1
2026-06-07 22:34:24,298.4480857849121,0,1
2026-06-07 22:34:25,295.5446243286133,0,1
2026-06-07 22:34:25,231.89091682434082,0,1
2026-06-07 22:34:26,373.3808994293213,0,1
2026-06-07 22:34:26,296.13423347473145,0,1
2026-06-07 22:34:26,315.5651092529297,0,1
2026-06-07 22:34:27,294.7092056274414,0,1
2026-06-07 22:34:27,296.81873321533203,0,1
2026-06-07 22:34:28,313.24148178100586,0,1
2026-06-07 22:34:28,281.6581726074219,0,1
2026-06-07 22:34:28,278.6669731140137,0,1
2026-06-07 22:34:29,418.2298183441162,0,1
2026-06-07 22:34:29,298.50053787231445,0,1
2026-06-07 22:34:30,327.1493911743164,0,1
2026-06-07 22:34:30,233.81829261779785,0,1
2026-06-07 22:34:31,334.3212604522705,0,1
2026-06-07 22:34:31,404.4029712677002,0,1
2026-06-07 22:34:31,259.65213775634766,0,1
2026-06-07 22:34:32,248.12841415405273,0,1
2026-06-07 22:34:32,277.9250144958496,0,1
2026-06-07 22:34:33,232.26189613342285,0,1
2026-06-07 22:34:33,232.87606239318848,0,1
2026-06-07 22:34:33,280.08365631103516,0,1
2026-06-07 22:34:34,277.96173095703125,0,1
2026-06-07 22:34:34,342.40245819091797,0,1
2026-06-07 22:34:35,341.49718284606934,0,1
2026-06-07 22:34:35,318.1753158569336,0,1
2026-06-07 22:34:35,232.76495933532715,0,1
2026-06-07 22:34:36,309.5090389251709,0,1
2026-06-07 22:34:36,357.8665256500244,0,1
2026-06-07 22:34:37,358.94155502319336,0,1
2026-06-07 22:34:37,295.3355312347412,0,1
2026-06-07 22:34:37,211.23003959655762,0,1
2026-06-07 22:34:38,263.9763355255127,0,1
2026-06-07 22:34:38,233.11758041381836,0,1
2026-06-07 22:34:38,248.7642765045166,0,1
2026-06-07 22:34:39,343.1992530822754,0,1
2026-06-07 22:34:39,279.77442741394043,0,1
2026-06-07 22:34:40,261.77334785461426,0,1
2026-06-07 22:34:40,249.30548667907715,0,1
2026-06-07 22:34:41,359.9200248718262,0,1
2026-06-07 22:34:41,310.02235412597656,0,1
2026-06-07 22:34:41,389.404296875,0,1
2026-06-07 22:34:42,266.19887351989746,0,1
2026-06-07 22:34:42,327.93736457824707,0,1
2026-06-07 22:34:43,213.5477066040039,0,1
2026-06-07 22:34:43,278.80191802978516,0,1
2026-06-07 22:34:43,376.8906593322754,0,1
2026-06-07 22:34:44,309.36121940612793,0,1
2026-06-07 22:34:44,263.7803554534912,0,1
2026-06-07 22:34:45,292.3579216003418,0,1
2026-06-07 22:34:45,279.29234504699707,0,1
2026-06-07 22:34:45,235.07022857666016,0,1
2026-06-07 22:34:46,281.0835838317871,0,1
2026-06-07 22:34:46,247.09701538085938,0,1
2026-06-07 22:34:47,298.33507537841797,0,1
2026-06-07 22:34:47,294.18468475341797,0,1
2026-06-07 22:34:47,248.3205795288086,0,1
2026-06-07 22:34:48,297.7564334869385,0,1
2026-06-07 22:34:49,777.1494388580322,0,1
2026-06-07 22:35:18,263.89503479003906,0,1
2026-06-07 22:35:19,264.33730125427246,0,1
2026-06-07 22:35:20,387.5761032104492,0,1
2026-06-07 22:35:21,340.4076099395752,0,1
2026-06-07 22:35:22,279.4668674468994,0,1
2026-06-07 22:35:23,281.33106231689453,0,1
2026-06-07 22:35:25,310.06813049316406,0,1
2026-06-07 22:35:26,281.6479206085205,0,1
2026-06-07 22:35:30,275.0885486602783,0,1
2026-06-07 22:35:32,278.6250114440918,0,1
2026-06-07 22:35:33,279.6287536621094,0,1
2026-06-07 22:35:34,269.3302631378174,0,1
2026-06-07 22:35:35,260.5423927307129,0,1
2026-06-07 22:35:35,260.0271701812744,0,1
2026-06-07 22:35:37,358.92462730407715,0,1
2026-06-07 22:35:41,725.4824638366699,0,1
2026-06-07 22:35:42,270.5371379852295,0,1
2026-06-07 22:35:44,529.7088623046875,0,1
2026-06-07 22:35:46,976.9701957702637,0,1
2026-06-07 22:35:48,283.1740379333496,0,1
2026-06-07 22:36:39,621.0436820983887,0,1
2026-06-07 22:37:09,332.7796459197998,0,1
2026-06-07 22:37:09,313.33041191101074,0,1
2026-06-07 22:37:09,356.9772243499756,0,1
2026-06-07 22:37:10,279.9830436706543,0,1
2026-06-07 22:37:10,286.92126274108887,0,1
2026-06-07 22:37:11,310.18853187561035,0,1
2026-06-07 22:37:11,280.5187702178955,0,1
2026-06-07 22:37:11,265.0797367095947,0,1
2026-06-07 22:37:12,358.72745513916016,0,1
2026-06-07 22:37:12,310.1003170013428,0,1
2026-06-07 22:37:13,343.0328369140625,0,1
2026-06-07 22:37:13,295.9785461425781,0,1
2026-06-07 22:37:14,261.26694679260254,0,1
2026-06-07 22:37:14,268.45312118530273,0,1
2026-06-07 22:37:14,328.87744903564453,0,1
2026-06-07 22:37:15,264.88637924194336,0,1
2026-06-07 22:37:15,310.8832836151123,0,1
2026-06-07 22:37:16,295.0551509857178,0,1
2026-06-07 22:37:16,247.82037734985352,0,1
2026-06-07 22:37:16,345.0000286102295,0,1
2026-06-07 22:37:17,295.4263687133789,0,1
2026-06-07 22:37:17,267.0118808746338,0,1
2026-06-07 22:37:18,307.4796199798584,0,1
2026-06-07 22:37:18,251.79457664489746,0,1
2026-06-07 22:37:18,263.5204792022705,0,1
2026-06-07 22:37:19,295.8040237426758,0,1
2026-06-07 22:37:19,372.2507953643799,0,1
2026-06-07 22:37:19,236.15074157714844,0,1
2026-06-07 22:37:20,329.1606903076172,0,1
2026-06-07 22:37:20,282.9480171203613,0,1
2026-06-07 22:37:21,279.6792984008789,0,1
2026-06-07 22:37:21,231.89187049865723,0,1
2026-06-07 22:37:21,328.2313346862793,0,1
2026-06-07 22:37:22,223.90317916870117,0,1
2026-06-07 22:37:22,263.45205307006836,0,1
2026-06-07 22:37:23,281.40759468078613,0,1
2026-06-07 22:37:23,310.7616901397705,0,1
2026-06-07 22:37:23,295.5799102783203,0,1
2026-06-07 22:37:24,186.09118461608887,0,1
2026-06-07 22:37:24,389.5411491394043,0,1
2026-06-07 22:37:25,247.7285861968994,0,1
2026-06-07 22:37:25,153.90324592590332,0,1
2026-06-07 22:37:25,341.1448001861572,0,1
2026-06-07 22:37:26,187.7117156982422,0,1
2026-06-07 22:37:26,311.0682964324951,0,1
2026-06-07 22:37:26,312.35647201538086,0,1
2026-06-07 22:37:27,264.30678367614746,0,1
2026-06-07 22:37:27,342.9684638977051,0,1
2026-06-07 22:37:28,280.61890602111816,0,1
2026-06-07 22:37:28,292.7966117858887,0,1
2026-06-07 22:37:28,247.3461627960205,0,1
2026-06-07 22:37:29,327.96263694763184,0,1
2026-06-07 22:37:29,298.7985610961914,0,1
2026-06-07 22:37:30,249.4959831237793,0,1
2026-06-07 22:37:30,219.30527687072754,0,1
2026-06-07 22:37:30,261.6744041442871,0,1
2026-06-07 22:37:31,313.37738037109375,0,1
2026-06-07 22:37:31,248.69561195373535,0,1
2026-06-07 22:37:32,393.27335357666016,0,1
2026-06-07 22:37:32,308.7434768676758,0,1
2026-06-07 22:37:32,326.0161876678467,0,1
2026-06-07 22:37:33,294.7871685028076,0,1
2026-06-07 22:37:33,295.2697277069092,0,1
2026-06-07 22:37:33,187.34240531921387,0,1
2026-06-07 22:37:34,279.9994945526123,0,1
2026-06-07 22:37:34,342.3652648925781,0,1
2026-06-07 22:37:35,248.2740879058838,0,1
2026-06-07 22:37:35,263.2613182067871,0,1
2026-06-07 22:37:35,231.66513442993164,0,1
2026-06-07 22:37:36,373.31318855285645,0,1
2026-06-07 22:37:36,295.8097457885742,0,1
2026-06-07 22:37:37,359.5085144042969,0,1
2026-06-07 22:37:37,308.55536460876465,0,1
2026-06-07 22:37:38,328.2055854797363,0,1
2026-06-07 22:37:38,251.08098983764648,0,1
2026-06-07 22:37:39,604.4692993164062,0,1
2026-06-07 22:38:13,796.7529296875,0,1
2026-06-07 22:38:14,795.9780693054199,0,1
2026-06-07 22:38:15,295.2852249145508,0,1
2026-06-07 22:38:20,247.42937088012695,0,1
2026-06-07 22:38:21,793.0581569671631,0,1
2026-06-07 22:38:23,763.0126476287842,0,1
2026-06-07 22:38:24,267.2920227050781,0,1
2026-06-07 22:38:27,307.42955207824707,0,1
2026-06-07 22:38:27,294.0046787261963,0,1
2026-06-07 22:38:28,281.8939685821533,0,1
2026-06-07 22:38:29,171.99969291687012,0,1
2026-06-07 22:38:30,250.05865097045898,0,1
2026-06-07 22:38:31,296.63896560668945,0,1
2026-06-07 22:38:33,327.65841484069824,0,1
2026-06-07 22:38:33,201.61747932434082,0,1
2026-06-07 22:38:34,777.9614925384521,0,1
2026-06-07 22:38:35,247.3444938659668,0,1
2026-06-07 22:38:35,282.78160095214844,0,1
2026-06-07 22:38:38,298.6769676208496,0,1
2026-06-07 22:39:31,186.08355522155762,0,1
2026-06-07 22:39:59,275.6917476654053,0,1
2026-06-07 22:39:59,344.1905975341797,0,1
2026-06-07 22:40:00,281.200647354126,0,1
2026-06-07 22:40:00,310.33968925476074,0,1
2026-06-07 22:40:00,278.78308296203613,0,1
2026-06-07 22:40:01,245.61238288879395,0,1
2026-06-07 22:40:01,262.43066787719727,0,1
2026-06-07 22:40:01,312.8857612609863,0,1
2026-06-07 22:40:02,358.72507095336914,0,1
2026-06-07 22:40:02,341.7830467224121,0,1
2026-06-07 22:40:03,282.1197509765625,0,1
2026-06-07 22:40:03,271.1970806121826,0,1
2026-06-07 22:40:04,340.15393257141113,0,1
2026-06-07 22:40:04,327.18396186828613,0,1
2026-06-07 22:40:04,240.18311500549316,0,1
2026-06-07 22:40:05,356.69541358947754,0,1
2026-06-07 22:40:05,339.4339084625244,0,1
2026-06-07 22:40:06,259.19628143310547,0,1
2026-06-07 22:40:06,277.9529094696045,0,1
2026-06-07 22:40:06,293.98298263549805,0,1
2026-06-07 22:40:07,359.21764373779297,0,1
2026-06-07 22:40:07,355.74865341186523,0,1
2026-06-07 22:40:08,342.00310707092285,0,1
2026-06-07 22:40:08,309.95941162109375,0,1
2026-06-07 22:40:09,266.5715217590332,0,1
2026-06-07 22:40:09,247.21932411193848,0,1
2026-06-07 22:40:09,247.6489543914795,0,1
2026-06-07 22:40:10,282.50694274902344,0,1
2026-06-07 22:40:10,307.37781524658203,0,1
2026-06-07 22:40:11,311.495304107666,0,1
2026-06-07 22:40:11,265.43617248535156,0,1
2026-06-07 22:40:11,325.2534866333008,0,1
2026-06-07 22:40:12,279.31904792785645,0,1
2026-06-07 22:40:12,281.60834312438965,0,1
2026-06-07 22:40:13,372.88856506347656,0,1
2026-06-07 22:40:13,277.04596519470215,0,1
2026-06-07 22:40:13,205.3821086883545,0,1
2026-06-07 22:40:14,266.371488571167,0,1
2026-06-07 22:40:14,356.5831184387207,0,1
2026-06-07 22:40:15,326.06053352355957,0,1
2026-06-07 22:40:15,311.7983341217041,0,1
2026-06-07 22:40:15,312.78395652770996,0,1
2026-06-07 22:40:16,233.3667278289795,0,1
2026-06-07 22:40:16,263.66400718688965,0,1
2026-06-07 22:40:17,249.15337562561035,0,1
2026-06-07 22:40:17,279.94537353515625,0,1
2026-06-07 22:40:17,307.85608291625977,0,1
2026-06-07 22:40:18,247.99513816833496,0,1
2026-06-07 22:40:18,251.76072120666504,0,1
2026-06-07 22:40:19,359.62390899658203,0,1
2026-06-07 22:40:19,326.22694969177246,0,1
2026-06-07 22:40:19,343.62077713012695,0,1
2026-06-07 22:40:20,390.66410064697266,0,1
2026-06-07 22:40:20,249.19438362121582,0,1
2026-06-07 22:40:21,341.7203426361084,0,1
2026-06-07 22:40:21,278.9149284362793,0,1
2026-06-07 22:40:21,217.41676330566406,0,1
2026-06-07 22:40:22,248.87752532958984,0,1
2026-06-07 22:40:22,388.4117603302002,0,1
2026-06-07 22:40:23,309.86928939819336,0,1
2026-06-07 22:40:23,375.551700592041,0,1
2026-06-07 22:40:24,265.75279235839844,0,1
2026-06-07 22:40:24,282.6821804046631,0,1
2026-06-07 22:40:24,295.0742244720459,0,1
2026-06-07 22:40:25,248.66580963134766,0,1
2026-06-07 22:40:25,279.9234390258789,0,1
2026-06-07 22:40:25,298.74181747436523,0,1
2026-06-07 22:40:26,326.5829086303711,0,1
2026-06-07 22:40:26,295.1688766479492,0,1
2026-06-07 22:40:27,295.8672046661377,0,1
2026-06-07 22:40:27,292.633056640625,0,1
2026-06-07 22:40:28,310.2917671203613,0,1
2026-06-07 22:40:28,327.3510932922363,0,1
2026-06-07 22:40:28,310.5597496032715,0,1
2026-06-07 22:41:01,781.4116477966309,0,1
2026-06-07 22:41:02,278.2604694366455,0,1
2026-06-07 22:41:03,265.49506187438965,0,1
2026-06-07 22:41:05,779.0639400482178,0,1
2026-06-07 22:41:05,298.2463836669922,0,1
2026-06-07 22:41:06,732.5873374938965,0,1
2026-06-07 22:41:08,401.39079093933105,0,1
2026-06-07 22:41:09,638.9038562774658,0,1
2026-06-07 22:41:10,341.57586097717285,0,1
2026-06-07 22:41:11,296.5669631958008,0,1
2026-06-07 22:41:12,280.52449226379395,0,1
2026-06-07 22:41:14,356.6851615905762,0,1
2026-06-07 22:41:16,292.85264015197754,0,1
2026-06-07 22:41:17,345.34549713134766,0,1
2026-06-07 22:41:18,267.3649787902832,0,1
2026-06-07 22:41:19,267.3053741455078,0,1
2026-06-07 22:41:22,294.8768138885498,0,1
2026-06-07 22:41:23,280.01904487609863,0,1
2026-06-07 22:41:25,262.84146308898926,0,1
2026-06-07 22:41:26,264.8510932922363,0,1
2026-06-07 22:41:28,589.8141860961914,0,1
2026-06-07 22:41:28,256.9413185119629,0,1
2026-06-07 22:41:29,253.10087203979492,0,1
2026-06-07 22:42:49,334.08355712890625,0,1
2026-06-07 22:42:49,310.3945255279541,0,1
2026-06-07 22:42:50,381.91819190979004,0,1
2026-06-07 22:42:50,201.8897533416748,0,1
2026-06-07 22:42:51,184.5996379852295,0,1
2026-06-07 22:42:51,326.6580104827881,0,1
2026-06-07 22:42:51,262.2096538543701,0,1
2026-06-07 22:42:52,308.8383674621582,0,1
2026-06-07 22:42:52,325.6683349609375,0,1
2026-06-07 22:42:53,279.0212631225586,0,1
2026-06-07 22:42:53,156.8450927734375,0,1
2026-06-07 22:42:53,311.9823932647705,0,1
2026-06-07 22:42:54,249.6964931488037,0,1
2026-06-07 22:42:54,310.52589416503906,0,1
2026-06-07 22:42:55,388.28349113464355,0,1
2026-06-07 22:42:55,328.0930519104004,0,1
2026-06-07 22:42:55,328.39083671569824,0,1
2026-06-07 22:42:56,247.40338325500488,0,1
2026-06-07 22:42:56,278.8372039794922,0,1
2026-06-07 22:42:57,264.4479274749756,0,1
2026-06-07 22:42:57,342.75293350219727,0,1
2026-06-07 22:42:57,328.110933303833,0,1
2026-06-07 22:42:58,325.72484016418457,0,1
2026-06-07 22:42:58,357.65552520751953,0,1
2026-06-07 22:42:59,328.5369873046875,0,1
2026-06-07 22:42:59,295.0136661529541,0,1
2026-06-07 22:43:00,251.11818313598633,0,1
2026-06-07 22:43:00,296.63658142089844,0,1
2026-06-07 22:43:00,260.99467277526855,0,1
2026-06-07 22:43:01,342.44275093078613,0,1
2026-06-07 22:43:01,297.58524894714355,0,1
2026-06-07 22:43:02,311.0055923461914,0,1
2026-06-07 22:43:02,217.3771858215332,0,1
2026-06-07 22:43:02,356.8761348724365,0,1
2026-06-07 22:43:03,391.52073860168457,0,1
2026-06-07 22:43:03,375.2102851867676,0,1
2026-06-07 22:43:04,327.0535469055176,0,1
2026-06-07 22:43:04,250.8375644683838,0,1
2026-06-07 22:43:04,217.6802158355713,0,1
2026-06-07 22:43:05,296.28658294677734,0,1
2026-06-07 22:43:05,325.4737854003906,0,1
2026-06-07 22:43:06,296.16403579711914,0,1
2026-06-07 22:43:06,313.40909004211426,0,1
2026-06-07 22:43:07,312.90340423583984,0,1
2026-06-07 22:43:07,234.0550422668457,0,1
2026-06-07 22:43:07,295.17054557800293,0,1
2026-06-07 22:43:08,234.1616153717041,0,1
2026-06-07 22:43:08,274.72710609436035,0,1
2026-06-07 22:43:08,264.7993564605713,0,1
2026-06-07 22:43:09,294.42906379699707,0,1
2026-06-07 22:43:09,318.5384273529053,0,1
2026-06-07 22:43:10,249.59039688110352,0,1
2026-06-07 22:43:10,357.9084873199463,0,1
2026-06-07 22:43:10,280.72619438171387,0,1
2026-06-07 22:43:11,389.6164894104004,0,1
2026-06-07 22:43:11,297.4855899810791,0,1
2026-06-07 22:43:12,343.1737422943115,0,1
2026-06-07 22:43:12,343.98865699768066,0,1
2026-06-07 22:43:13,421.85115814208984,0,1
2026-06-07 22:43:13,372.33757972717285,0,1
2026-06-07 22:43:14,248.43621253967285,0,1
2026-06-07 22:43:14,264.74928855895996,0,1
2026-06-07 22:43:14,327.6534080505371,0,1
2026-06-07 22:43:15,266.4453983306885,0,1
2026-06-07 22:43:15,312.2987747192383,0,1
2026-06-07 22:43:16,233.06632041931152,0,1
2026-06-07 22:43:16,247.42555618286133,0,1
2026-06-07 22:43:16,234.18211936950684,0,1
2026-06-07 22:43:17,279.6604633331299,0,1
2026-06-07 22:43:17,247.12133407592773,0,1
2026-06-07 22:43:17,279.62303161621094,0,1
2026-06-07 22:43:18,340.7421112060547,0,1
2026-06-07 22:43:18,295.9575653076172,0,1
2026-06-07 22:43:19,886.1639499664307,0,1
2026-06-07 22:43:51,772.4831104278564,0,1
2026-06-07 22:43:54,277.3699760437012,0,1
2026-06-07 22:43:56,282.2093963623047,0,1
2026-06-07 22:43:57,715.7835960388184,0,1
2026-06-07 22:43:59,280.7631492614746,0,1
2026-06-07 22:44:00,981.7588329315186,0,1
2026-06-07 22:44:02,997.7192878723145,0,1
2026-06-07 22:44:03,278.38921546936035,0,1
2026-06-07 22:44:04,294.64173316955566,0,1
2026-06-07 22:44:05,763.1688117980957,0,1
2026-06-07 22:44:06,237.10060119628906,0,1
2026-06-07 22:44:07,300.34708976745605,0,1
2026-06-07 22:44:08,636.1243724822998,0,1
2026-06-07 22:44:11,964.1664028167725,0,1
2026-06-07 22:44:11,311.61975860595703,0,1
2026-06-07 22:44:12,515.8810615539551,0,1
2026-06-07 22:44:13,376.1873245239258,0,1
2026-06-07 22:44:16,297.3742485046387,0,1
2026-06-07 22:44:16,310.38761138916016,0,1
2026-06-07 22:44:17,279.82497215270996,0,1
2026-06-07 22:44:19,778.4438133239746,0,1
2026-06-07 22:45:10,338.70387077331543,0,1
2026-06-07 22:45:39,327.3026943206787,0,1
2026-06-07 22:45:40,264.0557289123535,0,1
2026-06-07 22:45:40,251.37639045715332,0,1
2026-06-07 22:45:40,339.7510051727295,0,1
2026-06-07 22:45:41,186.2025260925293,0,1
2026-06-07 22:45:41,344.62666511535645,0,1
2026-06-07 22:45:42,265.1958465576172,0,1
2026-06-07 22:45:42,261.8072032928467,0,1
2026-06-07 22:45:42,309.39507484436035,0,1
2026-06-07 22:45:43,342.130184173584,0,1
2026-06-07 22:45:43,373.1575012207031,0,1
2026-06-07 22:45:44,266.66784286499023,0,1
2026-06-07 22:45:44,310.03594398498535,0,1
2026-06-07 22:45:44,282.909631729126,0,1
2026-06-07 22:45:45,298.7957000732422,0,1
2026-06-07 22:45:45,327.00324058532715,0,1
2026-06-07 22:45:46,284.4982147216797,0,1
2026-06-07 22:45:46,294.82054710388184,0,1
2026-06-07 22:45:47,341.815710067749,0,1
2026-06-07 22:45:47,310.9562397003174,0,1
2026-06-07 22:45:47,298.7494468688965,0,1
2026-06-07 22:45:48,277.93335914611816,0,1
2026-06-07 22:45:48,246.73819541931152,0,1
2026-06-07 22:45:48,192.85130500793457,0,1
2026-06-07 22:45:49,362.19048500061035,0,1
2026-06-07 22:45:49,234.29059982299805,0,1
2026-06-07 22:45:50,313.16399574279785,0,1
2026-06-07 22:45:50,343.1234359741211,0,1
2026-06-07 22:45:51,402.7595520019531,0,1
2026-06-07 22:45:51,234.00330543518066,0,1
2026-06-07 22:45:51,310.87565422058105,0,1
2026-06-07 22:45:52,251.60908699035645,0,1
2026-06-07 22:45:52,280.6408405303955,0,1
2026-06-07 22:45:53,309.128999710083,0,1
2026-06-07 22:45:53,298.60472679138184,0,1
2026-06-07 22:45:53,293.5056686401367,0,1
2026-06-07 22:45:54,295.3376770019531,0,1
2026-06-07 22:45:54,313.01403045654297,0,1
2026-06-07 22:45:55,295.26305198669434,0,1
2026-06-07 22:45:55,281.53371810913086,0,1
2026-06-07 22:45:55,281.10218048095703,0,1
2026-06-07 22:45:56,343.7542915344238,0,1
2026-06-07 22:45:56,247.6799488067627,0,1
2026-06-07 22:45:57,265.0783061981201,0,1
2026-06-07 22:45:57,265.094518661499,0,1
2026-06-07 22:45:57,280.4281711578369,0,1
2026-06-07 22:45:58,282.99903869628906,0,1
2026-06-07 22:45:58,311.9189739227295,0,1
2026-06-07 22:45:59,296.6034412384033,0,1
2026-06-07 22:45:59,337.9788398742676,0,1
2026-06-07 22:45:59,262.9964351654053,0,1
2026-06-07 22:46:00,342.7290916442871,0,1
2026-06-07 22:46:00,264.1029357910156,0,1
2026-06-07 22:46:01,290.2050018310547,0,1
2026-06-07 22:46:01,235.0153923034668,0,1
2026-06-07 22:46:01,311.2902641296387,0,1
2026-06-07 22:46:02,238.45696449279785,0,1
2026-06-07 22:46:02,300.01211166381836,0,1
2026-06-07 22:46:02,235.84842681884766,0,1
2026-06-07 22:46:03,327.343225479126,0,1
2026-06-07 22:46:03,332.11231231689453,0,1
2026-06-07 22:46:04,208.91451835632324,0,1
2026-06-07 22:46:04,374.03321266174316,0,1
2026-06-07 22:46:04,279.60872650146484,0,1
2026-06-07 22:46:05,253.53431701660156,0,1
2026-06-07 22:46:05,280.03454208374023,0,1
2026-06-07 22:46:06,216.68720245361328,0,1
2026-06-07 22:46:06,264.42480087280273,0,1
2026-06-07 22:46:06,296.9825267791748,0,1
2026-06-07 22:46:07,326.0998725891113,0,1
2026-06-07 22:46:07,281.268835067749,0,1
2026-06-07 22:46:08,263.1039619445801,0,1
2026-06-07 22:46:08,249.71866607666016,0,1
2026-06-07 22:46:08,263.0581855773926,0,1
2026-06-07 22:46:09,201.37858390808105,0,1
2026-06-07 22:46:09,234.88187789916992,0,1
2026-06-07 22:46:41,294.60763931274414,0,1
2026-06-07 22:46:42,297.4810600280762,0,1
2026-06-07 22:46:45,295.24922370910645,0,1
2026-06-07 22:46:45,280.6580066680908,0,1
2026-06-07 22:46:47,637.6810073852539,0,1
2026-06-07 22:46:47,173.41065406799316,0,1
2026-06-07 22:46:49,267.53807067871094,0,1
2026-06-07 22:46:50,313.3852481842041,0,1
2026-06-07 22:46:56,777.9877185821533,0,1
2026-06-07 22:47:00,314.342737197876,0,1
2026-06-07 22:47:03,250.59103965759277,0,1
2026-06-07 22:47:04,284.2750549316406,0,1
2026-06-07 22:47:06,966.5014743804932,0,1
2026-06-07 22:47:08,796.9779968261719,0,1
2026-06-07 22:47:59,815.6802654266357,0,1
2026-06-07 22:48:29,215.7278060913086,0,1
2026-06-07 22:48:30,343.416690826416,0,1
2026-06-07 22:48:30,362.262487411499,0,1
2026-06-07 22:48:31,233.51001739501953,0,1
2026-06-07 22:48:31,279.27279472351074,0,1
2026-06-07 22:48:31,295.3522205352783,0,1
2026-06-07 22:48:32,264.94574546813965,0,1
2026-06-07 22:48:32,325.2873420715332,0,1
2026-06-07 22:48:33,342.0569896697998,0,1
2026-06-07 22:48:33,309.18025970458984,0,1
2026-06-07 22:48:34,279.88219261169434,0,1
2026-06-07 22:48:34,276.46446228027344,0,1
2026-06-07 22:48:34,297.6508140563965,0,1
2026-06-07 22:48:35,278.87415885925293,0,1
2026-06-07 22:48:35,263.58532905578613,0,1
2026-06-07 22:48:35,248.21710586547852,0,1
2026-06-07 22:48:36,279.5090675354004,0,1
2026-06-07 22:48:36,374.13477897644043,0,1
2026-06-07 22:48:37,294.8265075683594,0,1
2026-06-07 22:48:37,189.00060653686523,0,1
2026-06-07 22:48:37,263.9956474304199,0,1
2026-06-07 22:48:38,451.5206813812256,0,1
2026-06-07 22:48:38,295.7274913787842,0,1
2026-06-07 22:48:39,202.75449752807617,0,1
2026-06-07 22:48:39,312.41750717163086,0,1
2026-06-07 22:48:39,293.3313846588135,0,1
2026-06-07 22:48:40,344.11120414733887,0,1
2026-06-07 22:48:40,391.0524845123291,0,1
2026-06-07 22:48:41,326.5111446380615,0,1
2026-06-07 22:48:41,351.47666931152344,0,1
2026-06-07 22:48:42,249.25923347473145,0,1
2026-06-07 22:48:42,326.3363838195801,0,1
2026-06-07 22:48:42,263.37575912475586,0,1
2026-06-07 22:48:43,266.31641387939453,0,1
2026-06-07 22:48:43,295.50814628601074,0,1
2026-06-07 22:48:44,312.4685287475586,0,1
2026-06-07 22:48:44,232.42998123168945,0,1
2026-06-07 22:48:44,277.27437019348145,0,1
2026-06-07 22:48:45,265.4614448547363,0,1
2026-06-07 22:48:45,294.57688331604004,0,1
2026-06-07 22:48:46,246.6893196105957,0,1
2026-06-07 22:48:46,343.6622619628906,0,1
2026-06-07 22:48:46,356.13441467285156,0,1
2026-06-07 22:48:47,295.8717346191406,0,1
2026-06-07 22:48:47,294.6813106536865,0,1
2026-06-07 22:48:48,326.0319232940674,0,1
2026-06-07 22:48:48,326.77721977233887,0,1
2026-06-07 22:48:48,234.63988304138184,0,1
2026-06-07 22:48:49,342.7307605743408,0,1
2026-06-07 22:48:49,324.2299556732178,0,1
2026-06-07 22:48:50,356.6246032714844,0,1
2026-06-07 22:48:50,316.084623336792,0,1
2026-06-07 22:48:51,311.91468238830566,0,1
2026-06-07 22:48:51,263.87548446655273,0,1
2026-06-07 22:48:51,265.1348114013672,0,1
2026-06-07 22:48:52,358.4146499633789,0,1
2026-06-07 22:48:52,265.167236328125,0,1
2026-06-07 22:48:53,277.4314880371094,0,1
2026-06-07 22:48:53,250.35357475280762,0,1
2026-06-07 22:48:53,329.55002784729004,0,1
2026-06-07 22:48:54,358.31737518310547,0,1
2026-06-07 22:48:54,249.72796440124512,0,1
2026-06-07 22:48:55,280.4727554321289,0,1
2026-06-07 22:48:55,222.44858741760254,0,1
2026-06-07 22:48:55,340.5342102050781,0,1
2026-06-07 22:48:56,261.75880432128906,0,1
2026-06-07 22:48:56,256.6089630126953,0,1
2026-06-07 22:48:57,294.47126388549805,0,1
2026-06-07 22:48:57,248.6422061920166,0,1
2026-06-07 22:48:57,232.0535182952881,0,1
2026-06-07 22:48:58,326.97010040283203,0,1
2026-06-07 22:48:58,281.05950355529785,0,1
2026-06-07 22:48:59,340.81339836120605,0,1
2026-06-07 22:48:59,345.2000617980957,0,1
2026-06-07 22:49:00,509.01293754577637,0,1
2026-06-07 22:49:32,265.031099319458,0,1
2026-06-07 22:49:33,260.2887153625488,0,1
2026-06-07 22:49:36,282.010555267334,0,1
2026-06-07 22:49:37,638.9482021331787,0,1
2026-06-07 22:49:39,294.35157775878906,0,1
2026-06-07 22:49:41,748.9087581634521,0,1
2026-06-07 22:49:42,313.5497570037842,0,1
2026-06-07 22:49:43,295.8364486694336,0,1
2026-06-07 22:49:44,177.95920372009277,0,1
2026-06-07 22:49:44,341.57252311706543,0,1
2026-06-07 22:49:45,327.4965286254883,0,1
2026-06-07 22:49:47,983.3898544311523,0,1
2026-06-07 22:49:49,763.0712985992432,0,1
2026-06-07 22:49:50,333.59622955322266,0,1
2026-06-07 22:49:51,279.4766426086426,0,1
2026-06-07 22:49:52,297.1618175506592,0,1
2026-06-07 22:49:56,986.6397380828857,0,1
2026-06-07 22:49:58,502.79927253723145,0,1
2026-06-07 22:49:59,298.0215549468994,0,1
2026-06-07 22:50:55,493.9079284667969,0,1
2026-06-07 22:51:20,374.48668479919434,0,1
2026-06-07 22:51:20,187.6811981201172,0,1
2026-06-07 22:51:21,327.86083221435547,0,1
2026-06-07 22:51:21,233.97231101989746,0,1
2026-06-07 22:51:21,296.39434814453125,0,1
2026-06-07 22:51:22,343.59240531921387,0,1
2026-06-07 22:51:22,300.42338371276855,0,1
2026-06-07 22:51:23,292.5987243652344,0,1
2026-06-07 22:51:23,173.13885688781738,0,1
2026-06-07 22:51:23,265.35630226135254,0,1
2026-06-07 22:51:24,341.2594795227051,0,1
2026-06-07 22:51:24,310.4550838470459,0,1
2026-06-07 22:51:25,340.52205085754395,0,1
2026-06-07 22:51:25,265.6669616699219,0,1
2026-06-07 22:51:25,344.4504737854004,0,1
2026-06-07 22:51:26,235.07213592529297,0,1
2026-06-07 22:51:26,265.0265693664551,0,1
2026-06-07 22:51:26,247.37811088562012,0,1
2026-06-07 22:51:27,323.2839107513428,0,1
2026-06-07 22:51:27,216.71581268310547,0,1
2026-06-07 22:51:28,343.6563014984131,0,1
2026-06-07 22:51:28,329.50353622436523,0,1
2026-06-07 22:51:28,265.4573917388916,0,1
2026-06-07 22:51:29,356.42552375793457,0,1
2026-06-07 22:51:29,279.3095111846924,0,1
2026-06-07 22:51:30,233.10565948486328,0,1
2026-06-07 22:51:30,309.95821952819824,0,1
2026-06-07 22:51:30,249.06563758850098,0,1
2026-06-07 22:51:31,358.2584857940674,0,1
2026-06-07 22:51:31,358.75463485717773,0,1
2026-06-07 22:51:32,358.428955078125,0,1
2026-06-07 22:51:32,297.73712158203125,0,1
2026-06-07 22:51:33,280.9314727783203,0,1
2026-06-07 22:51:33,385.67090034484863,0,1
2026-06-07 22:51:34,323.1935501098633,0,1
2026-06-07 22:51:34,250.17952919006348,0,1
2026-06-07 22:51:34,329.35047149658203,0,1
2026-06-07 22:51:35,311.45524978637695,0,1
2026-06-07 22:51:35,216.83526039123535,0,1
2026-06-07 22:51:35,265.4600143432617,0,1
2026-06-07 22:51:36,293.43318939208984,0,1
2026-06-07 22:51:36,280.42030334472656,0,1
2026-06-07 22:51:37,295.8202362060547,0,1
2026-06-07 22:51:37,312.88647651672363,0,1
2026-06-07 22:51:38,406.11839294433594,0,1
2026-06-07 22:51:38,281.512975692749,0,1
2026-06-07 22:51:38,171.34881019592285,0,1
2026-06-07 22:51:39,326.7362117767334,0,1
2026-06-07 22:51:39,310.99987030029297,0,1
2026-06-07 22:51:40,311.13386154174805,0,1
2026-06-07 22:51:40,279.96253967285156,0,1
2026-06-07 22:51:40,370.9127902984619,0,1
2026-06-07 22:51:41,265.8541202545166,0,1
2026-06-07 22:51:41,310.75501441955566,0,1
2026-06-07 22:51:42,326.1148929595947,0,1
2026-06-07 22:51:42,216.5238857269287,0,1
2026-06-07 22:51:42,263.3776664733887,0,1
2026-06-07 22:51:43,356.29940032958984,0,1
2026-06-07 22:51:43,329.514741897583,0,1
2026-06-07 22:51:44,295.41993141174316,0,1
2026-06-07 22:51:44,250.1523494720459,0,1
2026-06-07 22:51:44,298.2027530670166,0,1
2026-06-07 22:51:45,343.1992530822754,0,1
2026-06-07 22:51:45,281.0542583465576,0,1
2026-06-07 22:51:46,295.396089553833,0,1
2026-06-07 22:51:46,329.31971549987793,0,1
2026-06-07 22:51:46,279.28757667541504,0,1
2026-06-07 22:51:47,265.58494567871094,0,1
2026-06-07 22:51:47,250.09942054748535,0,1
2026-06-07 22:51:48,372.59888648986816,0,1
2026-06-07 22:51:48,343.639612197876,0,1
2026-06-07 22:51:48,250.42247772216797,0,1
2026-06-07 22:51:49,325.20270347595215,0,1
2026-06-07 22:51:49,248.65221977233887,0,1
2026-06-07 22:51:50,498.5475540161133,0,1
2026-06-07 22:52:21,226.00269317626953,0,1
2026-06-07 22:52:32,401.05128288269043,0,1
2026-06-07 22:52:34,430.065393447876,0,1
2026-06-07 22:52:35,860.1782321929932,0,1
2026-06-07 22:52:35,221.26531600952148,0,1
2026-06-07 22:52:36,226.8819808959961,0,1
2026-06-07 22:52:39,228.8367748260498,0,1
2026-06-07 22:52:40,245.4969882965088,0,1
2026-06-07 22:52:41,230.19719123840332,0,1
2026-06-07 22:52:44,230.27300834655762,0,1
2026-06-07 22:52:46,257.8260898590088,0,1
2026-06-07 22:52:49,479.0356159210205,0,1
2026-06-07 22:54:10,278.8541316986084,0,1
2026-06-07 22:54:10,311.5658760070801,0,1
2026-06-07 22:54:11,266.6449546813965,0,1
2026-06-07 22:54:11,275.59566497802734,0,1
2026-06-07 22:54:11,322.3903179168701,0,1
2026-06-07 22:54:12,237.62273788452148,0,1
2026-06-07 22:54:12,328.444242477417,0,1
2026-06-07 22:54:13,209.69510078430176,0,1
2026-06-07 22:54:13,274.6415138244629,0,1
2026-06-07 22:54:13,313.0176067352295,0,1
2026-06-07 22:54:14,254.53829765319824,0,1
2026-06-07 22:54:14,229.83431816101074,0,1
2026-06-07 22:54:14,282.6120853424072,0,1
2026-06-07 22:54:15,270.69592475891113,0,1
2026-06-07 22:54:15,214.74266052246094,0,1
2026-06-07 22:54:15,259.89532470703125,0,1
2026-06-07 22:54:16,228.36732864379883,0,1
2026-06-07 22:54:16,274.0623950958252,0,1
2026-06-07 22:54:17,256.5898895263672,0,1
2026-06-07 22:54:17,279.9334526062012,0,1
2026-06-07 22:54:17,206.8462371826172,0,1
2026-06-07 22:54:18,276.0152816772461,0,1
2026-06-07 22:54:18,191.59984588623047,0,1
2026-06-07 22:54:18,226.2732982635498,0,1
2026-06-07 22:54:19,267.5151824951172,0,1
2026-06-07 22:54:19,232.8944206237793,0,1
2026-06-07 22:54:19,349.78437423706055,0,1
2026-06-07 22:54:20,315.0041103363037,0,1
2026-06-07 22:54:20,178.82466316223145,0,1
2026-06-07 22:54:20,265.7012939453125,0,1
2026-06-07 22:54:21,284.01875495910645,0,1
2026-06-07 22:54:21,218.77121925354004,0,1
2026-06-07 22:54:22,244.02379989624023,0,1
2026-06-07 22:54:22,252.3202896118164,0,1
2026-06-07 22:54:22,301.35154724121094,0,1
2026-06-07 22:54:23,341.86601638793945,0,1
2026-06-07 22:54:23,265.39134979248047,0,1
2026-06-07 22:54:24,340.9388065338135,0,1
2026-06-07 22:54:24,262.2082233428955,0,1
2026-06-07 22:54:24,205.08265495300293,0,1
2026-06-07 22:54:25,288.86866569519043,0,1
2026-06-07 22:54:25,251.33466720581055,0,1
2026-06-07 22:54:25,263.4744644165039,0,1
2026-06-07 22:54:26,290.86923599243164,0,1
2026-06-07 22:54:26,228.55782508850098,0,1
2026-06-07 22:54:26,244.94147300720215,0,1
2026-06-07 22:54:27,382.89713859558105,0,1
2026-06-07 22:54:27,397.01199531555176,0,1
2026-06-07 22:54:28,252.7916431427002,0,1
2026-06-07 22:54:28,296.2615489959717,0,1
2026-06-07 22:54:28,237.23077774047852,0,1
2026-06-07 22:54:29,185.72139739990234,0,1
2026-06-07 22:54:29,196.66814804077148,0,1
2026-06-07 22:54:29,294.77548599243164,0,1
2026-06-07 22:54:30,362.9326820373535,0,1
2026-06-07 22:54:30,239.00508880615234,0,1
2026-06-07 22:54:31,266.4639949798584,0,1
2026-06-07 22:54:31,255.43880462646484,0,1
2026-06-07 22:54:31,268.4776782989502,0,1
2026-06-07 22:54:32,289.2446517944336,0,1
2026-06-07 22:54:32,252.96974182128906,0,1
2026-06-07 22:54:32,313.98510932922363,0,1
2026-06-07 22:54:33,214.66732025146484,0,1
2026-06-07 22:54:33,227.51545906066895,0,1
2026-06-07 22:54:34,265.37251472473145,0,1
2026-06-07 22:54:34,358.9284420013428,0,1
2026-06-07 22:54:34,310.70733070373535,0,1
2026-06-07 22:54:35,329.94747161865234,0,1
2026-06-07 22:54:35,241.46056175231934,0,1
2026-06-07 22:54:36,323.0443000793457,0,1
2026-06-07 22:54:36,222.73659706115723,0,1
2026-06-07 22:54:36,296.1621284484863,0,1
2026-06-07 22:54:37,236.32574081420898,0,1
2026-06-07 22:54:37,204.5154571533203,0,1
2026-06-07 22:54:37,309.8757266998291,0,1
2026-06-07 22:54:38,325.6566524505615,0,1
2026-06-07 22:54:38,234.7874641418457,0,1
2026-06-07 22:54:39,313.0495548248291,0,1
2026-06-07 22:54:39,201.3692855834961,0,1
2026-06-07 22:54:39,233.51764678955078,0,1
2026-06-07 22:54:40,245.48673629760742,0,1
2026-06-07 22:55:11,220.7469940185547,0,1
2026-06-07 22:55:14,641.7100429534912,0,1
2026-06-07 22:55:15,437.70313262939453,0,1
2026-06-07 22:55:16,669.2476272583008,0,1
2026-06-07 22:55:17,437.6699924468994,0,1
2026-06-07 22:55:19,736.3736629486084,0,1
2026-06-07 22:55:20,227.6322841644287,0,1
2026-06-07 22:55:22,231.522798538208,0,1
2026-06-07 22:55:22,260.9734535217285,0,1
2026-06-07 22:55:24,245.79906463623047,0,1
2026-06-07 22:55:25,221.86589241027832,0,1
2026-06-07 22:55:28,652.3315906524658,0,1
2026-06-07 22:55:31,225.09765625,0,1
2026-06-07 22:55:32,218.64867210388184,0,1
2026-06-07 22:55:35,652.1315574645996,0,1
2026-06-07 22:55:36,703.1536102294922,0,1
2026-06-07 22:55:37,232.02061653137207,0,1
2026-06-07 22:55:38,218.40190887451172,0,1
2026-06-07 22:55:38,216.48144721984863,0,1
2026-06-07 22:55:39,221.8320369720459,0,1
2026-06-07 22:56:30,687.9677772521973,0,1
2026-06-07 22:57:00,370.8033561706543,0,1
2026-06-07 22:57:01,323.9097595214844,0,1
2026-06-07 22:57:01,360.6228828430176,0,1
2026-06-07 22:57:01,219.6040153503418,0,1
2026-06-07 22:57:02,297.99914360046387,0,1
2026-06-07 22:57:02,313.1527900695801,0,1
2026-06-07 22:57:03,293.63393783569336,0,1
2026-06-07 22:57:03,216.91632270812988,0,1
2026-06-07 22:57:03,291.7335033416748,0,1
2026-06-07 22:57:04,263.14425468444824,0,1
2026-06-07 22:57:04,188.29727172851562,0,1
2026-06-07 22:57:04,312.4105930328369,0,1
2026-06-07 22:57:05,274.2464542388916,0,1
2026-06-07 22:57:05,281.9833755493164,0,1
2026-06-07 22:57:06,312.2272491455078,0,1
2026-06-07 22:57:06,350.8493900299072,0,1
2026-06-07 22:57:06,305.92799186706543,0,1
2026-06-07 22:57:07,320.79005241394043,0,1
2026-06-07 22:57:07,260.87474822998047,0,1
2026-06-07 22:57:08,270.74694633483887,0,1
2026-06-07 22:57:08,295.0599193572998,0,1
2026-06-07 22:57:08,289.37339782714844,0,1
2026-06-07 22:57:09,241.55879020690918,0,1
2026-06-07 22:57:09,285.30001640319824,0,1
2026-06-07 22:57:09,328.3374309539795,0,1
2026-06-07 22:57:10,279.4690132141113,0,1
2026-06-07 22:57:10,297.04785346984863,0,1
2026-06-07 22:57:11,312.0739459991455,0,1
2026-06-07 22:57:11,302.8521537780762,0,1
2026-06-07 22:57:11,279.91366386413574,0,1
2026-06-07 22:57:12,292.4773693084717,0,1
2026-06-07 22:57:12,281.48603439331055,0,1
2026-06-07 22:57:13,294.7347164154053,0,1
2026-06-07 22:57:13,328.045129776001,0,1
2026-06-07 22:57:13,296.0350513458252,0,1
2026-06-07 22:57:14,342.73314476013184,0,1
2026-06-07 22:57:14,322.6001262664795,0,1
2026-06-07 22:57:15,294.4042682647705,0,1
2026-06-07 22:57:15,290.80963134765625,0,1
2026-06-07 22:57:15,245.80669403076172,0,1
2026-06-07 22:57:16,269.03724670410156,0,1
2026-06-07 22:57:16,373.46339225769043,0,1
2026-06-07 22:57:17,152.7273654937744,0,1
2026-06-07 22:57:17,332.49545097351074,0,1
2026-06-07 22:57:17,189.6953582763672,0,1
2026-06-07 22:57:18,314.76306915283203,0,1
2026-06-07 22:57:18,262.92872428894043,0,1
2026-06-07 22:57:19,387.12501525878906,0,1
2026-06-07 22:57:19,281.86702728271484,0,1
2026-06-07 22:57:19,239.37010765075684,0,1
2026-06-07 22:57:20,308.77161026000977,0,1
2026-06-07 22:57:20,327.6951313018799,0,1
2026-06-07 22:57:21,360.05520820617676,0,1
2026-06-07 22:57:21,296.80514335632324,0,1
2026-06-07 22:57:21,336.75575256347656,0,1
2026-06-07 22:57:22,275.6071090698242,0,1
2026-06-07 22:57:22,305.4940700531006,0,1
2026-06-07 22:57:23,305.2642345428467,0,1
2026-06-07 22:57:23,316.21551513671875,0,1
2026-06-07 22:57:23,200.15883445739746,0,1
2026-06-07 22:57:24,278.13220024108887,0,1
2026-06-07 22:57:24,292.47474670410156,0,1
2026-06-07 22:57:24,268.07689666748047,0,1
2026-06-07 22:57:25,282.12833404541016,0,1
2026-06-07 22:57:25,261.39187812805176,0,1
2026-06-07 22:57:26,257.3699951171875,0,1
2026-06-07 22:57:26,225.86297988891602,0,1
2026-06-07 22:57:26,303.6665916442871,0,1
2026-06-07 22:57:27,342.5283432006836,0,1
2026-06-07 22:57:27,282.5155258178711,0,1
2026-06-07 22:57:28,262.25733757019043,0,1
2026-06-07 22:57:28,257.43627548217773,0,1
2026-06-07 22:57:28,161.79823875427246,0,1
2026-06-07 22:57:28,244.92573738098145,0,1
2026-06-07 22:57:29,185.76383590698242,0,1
2026-06-07 22:57:29,276.49784088134766,0,1
2026-06-07 22:57:30,326.4470100402832,0,1
2026-06-07 22:57:30,438.07268142700195,0,1
2026-06-07 22:58:01,219.17271614074707,0,1
2026-06-07 22:58:03,224.34139251708984,0,1
2026-06-07 22:58:06,223.0062484741211,0,1
2026-06-07 22:58:06,233.0183982849121,0,1
2026-06-07 22:58:07,222.05352783203125,0,1
2026-06-07 22:58:09,226.52792930603027,0,1
2026-06-07 22:58:11,440.93990325927734,0,1
2026-06-07 22:58:12,221.24767303466797,0,1
2026-06-07 22:58:13,650.4602432250977,0,1
2026-06-07 22:58:15,233.4747314453125,0,1
2026-06-07 22:58:15,232.1643829345703,0,1
2026-06-07 22:58:16,221.65393829345703,0,1
2026-06-07 22:58:19,222.06616401672363,0,1
2026-06-07 22:58:20,646.9292640686035,0,1
2026-06-07 22:58:21,223.3138084411621,0,1
2026-06-07 22:58:22,234.12370681762695,0,1
2026-06-07 22:58:23,643.9471244812012,0,1
2026-06-07 22:58:24,222.7761745452881,0,1
2026-06-07 22:58:24,224.4579792022705,0,1
2026-06-07 22:58:26,644.9828147888184,0,1
2026-06-07 22:58:27,219.73323822021484,0,1
2026-06-07 22:58:27,250.06937980651855,0,1
2026-06-07 22:58:29,254.97865676879883,0,1
2026-06-07 22:59:20,921.5147495269775,0,1
2026-06-07 22:59:50,231.69541358947754,0,1
2026-06-07 22:59:51,279.03246879577637,0,1
2026-06-07 22:59:51,230.13925552368164,0,1
2026-06-07 22:59:51,276.45254135131836,0,1
2026-06-07 22:59:52,265.84744453430176,0,1
2026-06-07 22:59:52,361.4084720611572,0,1
2026-06-07 22:59:53,324.2807388305664,0,1
2026-06-07 22:59:53,341.447114944458,0,1
2026-06-07 22:59:53,275.1445770263672,0,1
2026-06-07 22:59:54,240.75722694396973,0,1
2026-06-07 22:59:54,329.70285415649414,0,1
2026-06-07 22:59:55,262.3584270477295,0,1
2026-06-07 22:59:55,276.08704566955566,0,1
2026-06-07 22:59:55,235.63504219055176,0,1
2026-06-07 22:59:56,241.57357215881348,0,1
2026-06-07 22:59:56,340.9922122955322,0,1
2026-06-07 22:59:56,261.1865997314453,0,1
2026-06-07 22:59:57,336.51161193847656,0,1
2026-06-07 22:59:57,325.4251480102539,0,1
2026-06-07 22:59:58,275.1181125640869,0,1
2026-06-07 22:59:58,220.5829620361328,0,1
2026-06-07 22:59:58,293.0185794830322,0,1
2026-06-07 22:59:59,275.76327323913574,0,1
2026-06-07 22:59:59,245.67556381225586,0,1
2026-06-07 22:59:59,283.7378978729248,0,1
2026-06-07 23:00:00,385.9426975250244,0,1
2026-06-07 23:00:00,259.9291801452637,0,1
2026-06-07 23:00:01,277.1952152252197,0,1
2026-06-07 23:00:01,307.4686527252197,0,1
2026-06-07 23:00:02,314.79954719543457,0,1
2026-06-07 23:00:02,307.2500228881836,0,1
2026-06-07 23:00:02,314.2709732055664,0,1
2026-06-07 23:00:03,334.7756862640381,0,1
2026-06-07 23:00:03,282.32264518737793,0,1
2026-06-07 23:00:04,250.51283836364746,0,1
2026-06-07 23:00:04,251.47724151611328,0,1
2026-06-07 23:00:04,274.8072147369385,0,1
2026-06-07 23:00:05,354.7205924987793,0,1
2026-06-07 23:00:05,234.7877025604248,0,1
2026-06-07 23:00:05,273.8504409790039,0,1
2026-06-07 23:00:06,296.1695194244385,0,1
2026-06-07 23:00:06,232.74874687194824,0,1
2026-06-07 23:00:07,344.73180770874023,0,1
2026-06-07 23:00:07,370.4380989074707,0,1
2026-06-07 23:00:08,320.77693939208984,0,1
2026-06-07 23:00:08,260.67423820495605,0,1
2026-06-07 23:00:08,266.24250411987305,0,1
2026-06-07 23:00:09,295.11547088623047,0,1
2026-06-07 23:00:09,282.0615768432617,0,1
2026-06-07 23:00:10,393.3603763580322,0,1
2026-06-07 23:00:10,281.2848091125488,0,1
2026-06-07 23:00:10,337.6924991607666,0,1
2026-06-07 23:00:11,263.9164924621582,0,1
2026-06-07 23:00:11,282.35936164855957,0,1
2026-06-07 23:00:12,377.8533935546875,0,1
2026-06-07 23:00:12,241.6248321533203,0,1
2026-06-07 23:00:12,313.20858001708984,0,1
2026-06-07 23:00:13,306.6823482513428,0,1
2026-06-07 23:00:13,347.90563583374023,0,1
2026-06-07 23:00:14,255.8598518371582,0,1
2026-06-07 23:00:14,281.89682960510254,0,1
2026-06-07 23:00:14,268.05615425109863,0,1
2026-06-07 23:00:15,281.5985679626465,0,1
2026-06-07 23:00:15,208.68921279907227,0,1
2026-06-07 23:00:15,292.7744388580322,0,1
2026-06-07 23:00:16,313.6444091796875,0,1
2026-06-07 23:00:16,323.70543479919434,0,1
2026-06-07 23:00:17,274.00708198547363,0,1
2026-06-07 23:00:17,264.3258571624756,0,1
2026-06-07 23:00:17,257.6863765716553,0,1
2026-06-07 23:00:18,283.04505348205566,0,1
2026-06-07 23:00:18,261.1567974090576,0,1
2026-06-07 23:00:18,198.74048233032227,0,1
2026-06-07 23:00:19,331.51698112487793,0,1
2026-06-07 23:00:19,253.2632350921631,0,1
2026-06-07 23:00:20,261.8603706359863,0,1
2026-06-07 23:00:20,284.4521999359131,0,1
2026-06-07 23:00:52,385.16879081726074,0,1
2026-06-07 23:00:57,232.91349411010742,0,1
2026-06-07 23:00:58,231.50372505187988,0,1
2026-06-07 23:01:00,219.03562545776367,0,1
2026-06-07 23:01:01,430.83715438842773,0,1
2026-06-07 23:01:05,224.38359260559082,0,1
2026-06-07 23:01:06,228.07598114013672,0,1
2026-06-07 23:01:07,223.62780570983887,0,1
2026-06-07 23:01:07,219.24781799316406,0,1
2026-06-07 23:01:13,663.4731292724609,0,1
2026-06-07 23:01:14,643.6984539031982,0,1
2026-06-07 23:01:17,227.20766067504883,0,1
2026-06-07 23:01:17,261.9645595550537,0,1
2026-06-07 23:01:18,536.2405776977539,0,1
2026-06-07 23:01:20,226.41229629516602,0,1
2026-06-07 23:02:40,268.200159072876,0,1
2026-06-07 23:02:41,283.4768295288086,0,1
2026-06-07 23:02:41,237.01238632202148,0,1
2026-06-07 23:02:41,219.68817710876465,0,1
2026-06-07 23:02:42,288.097620010376,0,1
2026-06-07 23:02:42,355.33714294433594,0,1
2026-06-07 23:02:43,229.7356128692627,0,1
2026-06-07 23:02:43,285.28594970703125,0,1
2026-06-07 23:02:43,272.62282371520996,0,1
2026-06-07 23:02:44,340.9733772277832,0,1
2026-06-07 23:02:44,241.65940284729004,0,1
2026-06-07 23:02:45,324.85342025756836,0,1
2026-06-07 23:02:45,286.96393966674805,0,1
2026-06-07 23:02:45,343.28627586364746,0,1
2026-06-07 23:02:46,291.7497158050537,0,1
2026-06-07 23:02:46,281.6596031188965,0,1
2026-06-07 23:02:47,276.83258056640625,0,1
2026-06-07 23:02:47,407.41682052612305,0,1
2026-06-07 23:02:47,234.7712516784668,0,1
2026-06-07 23:02:48,325.4578113555908,0,1
2026-06-07 23:02:48,263.1065845489502,0,1
2026-06-07 23:02:49,267.72022247314453,0,1
2026-06-07 23:02:49,332.155704498291,0,1
2026-06-07 23:02:49,269.7288990020752,0,1
2026-06-07 23:02:50,275.8469581604004,0,1
2026-06-07 23:02:50,255.7213306427002,0,1
2026-06-07 23:02:51,344.15173530578613,0,1
2026-06-07 23:02:51,158.9033603668213,0,1
2026-06-07 23:02:51,256.9892406463623,0,1
2026-06-07 23:02:52,261.05690002441406,0,1
2026-06-07 23:02:52,279.60848808288574,0,1
2026-06-07 23:02:52,286.82398796081543,0,1
2026-06-07 23:02:53,288.2068157196045,0,1
2026-06-07 23:02:53,340.9562110900879,0,1
2026-06-07 23:02:54,270.4317569732666,0,1
2026-06-07 23:02:54,315.9298896789551,0,1
2026-06-07 23:02:54,323.15707206726074,0,1
2026-06-07 23:02:55,253.4494400024414,0,1
2026-06-07 23:02:55,367.85411834716797,0,1
2026-06-07 23:02:56,218.4145450592041,0,1
2026-06-07 23:02:56,317.04115867614746,0,1
2026-06-07 23:02:56,292.0825481414795,0,1
2026-06-07 23:02:57,270.2367305755615,0,1
2026-06-07 23:02:57,366.58740043640137,0,1
2026-06-07 23:02:58,348.68764877319336,0,1
2026-06-07 23:02:58,304.2445182800293,0,1
2026-06-07 23:02:58,286.4186763763428,0,1
2026-06-07 23:02:59,233.1826686859131,0,1
2026-06-07 23:02:59,344.2859649658203,0,1
2026-06-07 23:03:00,260.2651119232178,0,1
2026-06-07 23:03:00,261.51132583618164,0,1
2026-06-07 23:03:00,263.1514072418213,0,1
2026-06-07 23:03:01,275.0284671783447,0,1
2026-06-07 23:03:01,276.9463062286377,0,1
2026-06-07 23:03:01,306.1251640319824,0,1
2026-06-07 23:03:02,220.1235294342041,0,1
2026-06-07 23:03:02,248.8863468170166,0,1
2026-06-07 23:03:03,247.27892875671387,0,1
2026-06-07 23:03:03,265.29741287231445,0,1
2026-06-07 23:03:03,283.4353446960449,0,1
2026-06-07 23:03:04,243.15261840820312,0,1
2026-06-07 23:03:04,291.576623916626,0,1
2026-06-07 23:03:04,347.17679023742676,0,1
2026-06-07 23:03:05,268.871545791626,0,1
2026-06-07 23:03:05,270.54834365844727,0,1
2026-06-07 23:03:06,272.95517921447754,0,1
2026-06-07 23:03:06,286.46302223205566,0,1
2026-06-07 23:03:06,321.5935230255127,0,1
2026-06-07 23:03:07,268.343448638916,0,1
2026-06-07 23:03:07,323.897123336792,0,1
2026-06-07 23:03:08,250.17690658569336,0,1
2026-06-07 23:03:08,236.2370491027832,0,1
2026-06-07 23:03:08,280.318021774292,0,1
2026-06-07 23:03:09,300.983190536499,0,1
2026-06-07 23:03:09,281.34632110595703,0,1
2026-06-07 23:03:09,274.4894027709961,0,1
2026-06-07 23:03:10,213.52529525756836,0,1
2026-06-07 23:03:10,208.8162899017334,0,1
2026-06-07 23:03:11,428.295373916626,0,1
2026-06-07 23:03:41,222.8395938873291,0,1
2026-06-07 23:03:42,228.87086868286133,0,1
2026-06-07 23:03:43,232.41758346557617,0,1
2026-06-07 23:03:44,234.07292366027832,0,1
2026-06-07 23:03:45,218.7955379486084,0,1
2026-06-07 23:03:46,631.1357021331787,0,1
2026-06-07 23:03:46,218.31393241882324,0,1
2026-06-07 23:03:47,468.88279914855957,0,1
2026-06-07 23:03:48,433.4092140197754,0,1
2026-06-07 23:03:48,286.4511013031006,0,1
2026-06-07 23:03:49,701.0455131530762,0,1
2026-06-07 23:03:51,222.001314163208,0,1
2026-06-07 23:03:51,444.2112445831299,0,1
2026-06-07 23:03:53,647.0198631286621,0,1
2026-06-07 23:03:54,221.70019149780273,0,1
2026-06-07 23:03:55,253.43012809753418,0,1
2026-06-07 23:03:59,236.14239692687988,0,1
2026-06-07 23:05:02,250.75435638427734,0,1
2026-06-07 23:05:31,235.36205291748047,0,1
2026-06-07 23:05:31,265.4988765716553,0,1
2026-06-07 23:05:31,262.07900047302246,0,1
2026-06-07 23:05:32,344.1345691680908,0,1
2026-06-07 23:05:32,339.3113613128662,0,1
2026-06-07 23:05:33,314.18776512145996,0,1
2026-06-07 23:05:33,217.56768226623535,0,1
2026-06-07 23:05:33,281.71229362487793,0,1
2026-06-07 23:05:34,394.61565017700195,0,1
2026-06-07 23:05:34,296.54622077941895,0,1
2026-06-07 23:05:35,220.46279907226562,0,1
2026-06-07 23:05:35,268.44191551208496,0,1
2026-06-07 23:05:35,249.5737075805664,0,1
2026-06-07 23:05:36,357.6700687408447,0,1
2026-06-07 23:05:36,326.5419006347656,0,1
2026-06-07 23:05:37,279.5863151550293,0,1
2026-06-07 23:05:37,375.6706714630127,0,1
2026-06-07 23:05:38,267.078161239624,0,1
2026-06-07 23:05:38,218.55497360229492,0,1
2026-06-07 23:05:38,314.711332321167,0,1
2026-06-07 23:05:39,266.3578987121582,0,1
2026-06-07 23:05:39,248.8565444946289,0,1
2026-06-07 23:05:39,279.66809272766113,0,1
2026-06-07 23:05:40,325.1504898071289,0,1
2026-06-07 23:05:40,420.66216468811035,0,1
2026-06-07 23:05:41,279.5417308807373,0,1
2026-06-07 23:05:41,301.2862205505371,0,1
2026-06-07 23:05:42,279.21295166015625,0,1
2026-06-07 23:05:42,279.60658073425293,0,1
2026-06-07 23:05:42,236.85884475708008,0,1
2026-06-07 23:05:43,342.16809272766113,0,1
2026-06-07 23:05:43,281.02612495422363,0,1
2026-06-07 23:05:44,312.0272159576416,0,1
2026-06-07 23:05:44,325.4570960998535,0,1
2026-06-07 23:05:44,328.4173011779785,0,1
2026-06-07 23:05:45,327.6827335357666,0,1
2026-06-07 23:05:45,248.1229305267334,0,1
2026-06-07 23:05:46,277.41360664367676,0,1
2026-06-07 23:05:46,278.51176261901855,0,1
2026-06-07 23:05:46,292.80972480773926,0,1
2026-06-07 23:05:47,251.63865089416504,0,1
2026-06-07 23:05:47,310.3494644165039,0,1
2026-06-07 23:05:48,372.1354007720947,0,1
2026-06-07 23:05:48,248.87371063232422,0,1
2026-06-07 23:05:48,329.00238037109375,0,1
2026-06-07 23:05:49,263.6384963989258,0,1
2026-06-07 23:05:49,235.581636428833,0,1
2026-06-07 23:05:50,266.054630279541,0,1
2026-06-07 23:05:50,187.88576126098633,0,1
2026-06-07 23:05:50,279.96110916137695,0,1
2026-06-07 23:05:51,345.4256057739258,0,1
2026-06-07 23:05:51,419.7244644165039,0,1
2026-06-07 23:05:52,263.167142868042,0,1
2026-06-07 23:05:52,332.66639709472656,0,1
2026-06-07 23:05:52,309.1578483581543,0,1
2026-06-07 23:05:53,327.90517807006836,0,1
2026-06-07 23:05:53,281.4908027648926,0,1
2026-06-07 23:05:54,297.1227169036865,0,1
2026-06-07 23:05:54,326.9064426422119,0,1
2026-06-07 23:05:55,324.42188262939453,0,1
2026-06-07 23:05:55,294.8427200317383,0,1
2026-06-07 23:05:55,237.21981048583984,0,1
2026-06-07 23:05:56,192.14820861816406,0,1
2026-06-07 23:05:56,232.30934143066406,0,1
2026-06-07 23:05:56,342.78011322021484,0,1
2026-06-07 23:05:57,218.98436546325684,0,1
2026-06-07 23:05:57,327.3582458496094,0,1
2026-06-07 23:05:57,250.05745887756348,0,1
2026-06-07 23:05:58,342.6945209503174,0,1
2026-06-07 23:05:58,204.3449878692627,0,1
2026-06-07 23:05:59,297.76859283447266,0,1
2026-06-07 23:05:59,360.1202964782715,0,1
2026-06-07 23:06:00,292.1595573425293,0,1
2026-06-07 23:06:00,297.52492904663086,0,1
2026-06-07 23:06:00,249.58491325378418,0,1
2026-06-07 23:06:31,279.862642288208,0,1
2026-06-07 23:06:32,310.44912338256836,0,1
2026-06-07 23:06:33,745.3024387359619,0,1
2026-06-07 23:06:37,558.9542388916016,0,1
2026-06-07 23:06:41,324.1615295410156,0,1
2026-06-07 23:06:42,284.7447395324707,0,1
2026-06-07 23:06:43,342.0372009277344,0,1
2026-06-07 23:06:44,204.21600341796875,0,1
2026-06-07 23:06:45,295.2570915222168,0,1
2026-06-07 23:06:46,299.746036529541,0,1
2026-06-07 23:06:48,761.0461711883545,0,1
2026-06-07 23:06:48,764.5561695098877,0,1
2026-06-07 23:06:49,267.40074157714844,0,1
2026-06-07 23:06:51,601.5896797180176,0,1
2026-06-07 23:06:55,311.48338317871094,0,1
2026-06-07 23:06:57,310.29725074768066,0,1
2026-06-07 23:07:00,280.9596061706543,0,1
2026-06-07 23:07:51,514.8725509643555,0,1
2026-06-07 23:08:21,262.6781463623047,0,1
2026-06-07 23:08:21,341.77660942077637,0,1
2026-06-07 23:08:22,372.997522354126,0,1
2026-06-07 23:08:22,232.1035861968994,0,1
2026-06-07 23:08:23,344.6383476257324,0,1
2026-06-07 23:08:23,281.53276443481445,0,1
2026-06-07 23:08:23,264.0836238861084,0,1
2026-06-07 23:08:24,234.81202125549316,0,1
2026-06-07 23:08:24,311.75947189331055,0,1
2026-06-07 23:08:25,326.3680934906006,0,1
2026-06-07 23:08:25,279.8008918762207,0,1
2026-06-07 23:08:25,247.80750274658203,0,1
2026-06-07 23:08:26,358.09874534606934,0,1
2026-06-07 23:08:26,311.25688552856445,0,1
2026-06-07 23:08:27,233.25276374816895,0,1
2026-06-07 23:08:27,374.7589588165283,0,1
2026-06-07 23:08:28,344.55227851867676,0,1
2026-06-07 23:08:28,344.66004371643066,0,1
2026-06-07 23:08:28,263.730525970459,0,1
2026-06-07 23:08:29,296.07510566711426,0,1
2026-06-07 23:08:29,264.1596794128418,0,1
2026-06-07 23:08:29,248.3997344970703,0,1
2026-06-07 23:08:30,374.70436096191406,0,1
2026-06-07 23:08:30,201.51710510253906,0,1
2026-06-07 23:08:31,326.801061630249,0,1
2026-06-07 23:08:31,343.54090690612793,0,1
2026-06-07 23:08:32,297.90687561035156,0,1
2026-06-07 23:08:32,340.74902534484863,0,1
2026-06-07 23:08:33,450.41656494140625,0,1
2026-06-07 23:08:33,278.46336364746094,0,1
2026-06-07 23:08:33,251.40738487243652,0,1
2026-06-07 23:08:34,342.92149543762207,0,1
2026-06-07 23:08:34,171.83971405029297,0,1
2026-06-07 23:08:34,295.0551509857178,0,1
2026-06-07 23:08:35,341.4030075073242,0,1
2026-06-07 23:08:35,374.5579719543457,0,1
2026-06-07 23:08:36,355.5488586425781,0,1
2026-06-07 23:08:36,264.4045352935791,0,1
2026-06-07 23:08:37,264.0573978424072,0,1
2026-06-07 23:08:37,281.76069259643555,0,1
2026-06-07 23:08:37,423.8696098327637,0,1
2026-06-07 23:08:38,248.2295036315918,0,1
2026-06-07 23:08:38,325.67334175109863,0,1
2026-06-07 23:08:39,313.4446144104004,0,1
2026-06-07 23:08:39,217.6070213317871,0,1
2026-06-07 23:08:39,297.4658012390137,0,1
2026-06-07 23:08:40,266.7207717895508,0,1
2026-06-07 23:08:40,433.4437847137451,0,1
2026-06-07 23:08:41,264.13488388061523,0,1
2026-06-07 23:08:41,284.8212718963623,0,1
2026-06-07 23:08:41,245.47386169433594,0,1
2026-06-07 23:08:42,279.8879146575928,0,1
2026-06-07 23:08:42,343.25122833251953,0,1
2026-06-07 23:08:43,327.625036239624,0,1
2026-06-07 23:08:43,264.48750495910645,0,1
2026-06-07 23:08:44,327.9876708984375,0,1
2026-06-07 23:08:44,388.23676109313965,0,1
2026-06-07 23:08:44,201.7650604248047,0,1
2026-06-07 23:08:45,358.30068588256836,0,1
2026-06-07 23:08:45,342.8516387939453,0,1
2026-06-07 23:08:46,279.48617935180664,0,1
2026-06-07 23:08:46,327.409029006958,0,1
2026-06-07 23:08:46,249.406099319458,0,1
2026-06-07 23:08:47,265.857458114624,0,1
2026-06-07 23:08:47,192.27266311645508,0,1
2026-06-07 23:08:48,312.4268054962158,0,1
2026-06-07 23:08:48,238.30819129943848,0,1
2026-06-07 23:08:48,250.42414665222168,0,1
2026-06-07 23:08:49,311.28621101379395,0,1
2026-06-07 23:08:49,359.9543571472168,0,1
2026-06-07 23:08:50,265.9764289855957,0,1
2026-06-07 23:08:50,250.30112266540527,0,1
2026-06-07 23:08:50,297.868013381958,0,1
2026-06-07 23:08:51,650.9921550750732,0,1
2026-06-07 23:09:22,530.1928520202637,0,1
2026-06-07 23:09:23,295.5145835876465,0,1
2026-06-07 23:09:26,326.3399600982666,0,1
2026-06-07 23:09:28,281.4958095550537,0,1
2026-06-07 23:09:30,280.5325984954834,0,1
2026-06-07 23:09:39,278.3703804016113,0,1
2026-06-07 23:09:41,281.07213973999023,0,1
2026-06-07 23:09:43,298.6757755279541,0,1
2026-06-07 23:09:48,766.709566116333,0,1
2026-06-07 23:09:49,309.2989921569824,0,1
2026-06-07 23:10:41,992.6860332489014,0,1
2026-06-07 23:11:11,265.1195526123047,0,1
2026-06-07 23:11:11,217.3483371734619,0,1
2026-06-07 23:11:12,294.89850997924805,0,1
2026-06-07 23:11:12,298.68626594543457,0,1
2026-06-07 23:11:13,246.5682029724121,0,1
2026-06-07 23:11:13,389.556884765625,0,1
2026-06-07 23:11:14,269.1175937652588,0,1
2026-06-07 23:11:14,355.70812225341797,0,1
2026-06-07 23:11:14,293.86138916015625,0,1
2026-06-07 23:11:15,296.7207431793213,0,1
2026-06-07 23:11:15,230.7722568511963,0,1
2026-06-07 23:11:16,341.27235412597656,0,1
2026-06-07 23:11:16,354.9034595489502,0,1
2026-06-07 23:11:16,326.3428211212158,0,1
2026-06-07 23:11:17,281.3243865966797,0,1
2026-06-07 23:11:17,265.32888412475586,0,1
2026-06-07 23:11:18,307.4517250061035,0,1
2026-06-07 23:11:18,293.00475120544434,0,1
2026-06-07 23:11:18,312.4723434448242,0,1
2026-06-07 23:11:19,217.07940101623535,0,1
2026-06-07 23:11:19,311.13624572753906,0,1
2026-06-07 23:11:20,247.14088439941406,0,1
2026-06-07 23:11:20,264.32085037231445,0,1
2026-06-07 23:11:20,281.0173034667969,0,1
2026-06-07 23:11:21,202.21877098083496,0,1
2026-06-07 23:11:21,249.7849464416504,0,1
2026-06-07 23:11:21,292.0269966125488,0,1
2026-06-07 23:11:22,249.14813041687012,0,1
2026-06-07 23:11:22,310.9426498413086,0,1
2026-06-07 23:11:23,249.91798400878906,0,1
2026-06-07 23:11:23,296.6914176940918,0,1
2026-06-07 23:11:23,329.17189598083496,0,1
2026-06-07 23:11:24,331.00390434265137,0,1
2026-06-07 23:11:24,298.40779304504395,0,1
2026-06-07 23:11:25,309.4332218170166,0,1
2026-06-07 23:11:25,279.3383598327637,0,1
2026-06-07 23:11:25,262.76493072509766,0,1
2026-06-07 23:11:26,390.9914493560791,0,1
2026-06-07 23:11:26,357.64336585998535,0,1
2026-06-07 23:11:27,447.93128967285156,0,1
2026-06-07 23:11:27,248.69775772094727,0,1
2026-06-07 23:11:28,295.44949531555176,0,1
2026-06-07 23:11:28,309.6930980682373,0,1
2026-06-07 23:11:28,249.2973804473877,0,1
2026-06-07 23:11:29,232.7594757080078,0,1
2026-06-07 23:11:29,264.9393081665039,0,1
2026-06-07 23:11:30,355.93128204345703,0,1
2026-06-07 23:11:30,309.8490238189697,0,1
2026-06-07 23:11:30,200.63328742980957,0,1
2026-06-07 23:11:31,250.82635879516602,0,1
2026-06-07 23:11:31,327.8167247772217,0,1
2026-06-07 23:11:32,279.33692932128906,0,1
2026-06-07 23:11:32,218.09148788452148,0,1
2026-06-07 23:11:32,271.331787109375,0,1
2026-06-07 23:11:33,311.4454746246338,0,1
2026-06-07 23:11:33,341.0453796386719,0,1
2026-06-07 23:11:33,202.70037651062012,0,1
2026-06-07 23:11:34,329.7381401062012,0,1
2026-06-07 23:11:34,232.63812065124512,0,1
2026-06-07 23:11:35,327.3744583129883,0,1
2026-06-07 23:11:35,309.3605041503906,0,1
2026-06-07 23:11:35,248.671293258667,0,1
2026-06-07 23:11:36,279.2246341705322,0,1
2026-06-07 23:11:36,329.8804759979248,0,1
2026-06-07 23:11:37,312.9875659942627,0,1
2026-06-07 23:11:37,187.4523162841797,0,1
2026-06-07 23:11:37,267.4276828765869,0,1
2026-06-07 23:11:38,234.8487377166748,0,1
2026-06-07 23:11:38,327.21805572509766,0,1
2026-06-07 23:11:38,265.3508186340332,0,1
2026-06-07 23:11:39,283.13612937927246,0,1
2026-06-07 23:11:39,177.12974548339844,0,1
2026-06-07 23:11:40,310.7316493988037,0,1
2026-06-07 23:11:40,312.6497268676758,0,1
2026-06-07 23:11:40,326.1070251464844,0,1
2026-06-07 23:11:41,326.14636421203613,0,1
2026-06-07 23:12:12,750.3457069396973,0,1
2026-06-07 23:12:13,781.444787979126,0,1
2026-06-07 23:12:14,269.0160274505615,0,1
2026-06-07 23:12:15,263.37575912475586,0,1
2026-06-07 23:12:17,327.3799419403076,0,1
2026-06-07 23:12:17,311.91039085388184,0,1
2026-06-07 23:12:19,279.6139717102051,0,1
2026-06-07 23:12:20,324.251651763916,0,1
2026-06-07 23:12:25,750.105619430542,0,1
2026-06-07 23:12:27,516.7179107666016,0,1
2026-06-07 23:12:28,308.7940216064453,0,1
2026-06-07 23:12:29,311.85388565063477,0,1
2026-06-07 23:12:30,296.1716651916504,0,1
2026-06-07 23:12:31,282.76586532592773,0,1
2026-06-07 23:12:33,951.5738487243652,0,1
2026-06-07 23:12:34,438.61937522888184,0,1
2026-06-07 23:12:35,295.8965301513672,0,1
2026-06-07 23:12:39,291.4080619812012,0,1
2026-06-07 23:13:44,698.1098651885986,0,1
2026-06-07 23:14:01,264.15371894836426,0,1
2026-06-07 23:14:02,328.60326766967773,0,1
2026-06-07 23:14:02,358.351469039917,0,1
2026-06-07 23:14:03,329.4646739959717,0,1
2026-06-07 23:14:03,187.55340576171875,0,1
2026-06-07 23:14:03,222.63574600219727,0,1
2026-06-07 23:14:04,374.97782707214355,0,1
2026-06-07 23:14:04,235.44716835021973,0,1
2026-06-07 23:14:05,421.76294326782227,0,1
2026-06-07 23:14:05,297.2557544708252,0,1
2026-06-07 23:14:06,266.4074897766113,0,1
2026-06-07 23:14:06,269.3979740142822,0,1
2026-06-07 23:14:06,295.2744960784912,0,1
2026-06-07 23:14:07,282.0756435394287,0,1
2026-06-07 23:14:07,266.7059898376465,0,1
2026-06-07 23:14:07,294.68417167663574,0,1
2026-06-07 23:14:08,282.14502334594727,0,1
2026-06-07 23:14:08,281.31937980651855,0,1
2026-06-07 23:14:09,310.1968765258789,0,1
2026-06-07 23:14:09,327.8038501739502,0,1
2026-06-07 23:14:09,273.1659412384033,0,1
2026-06-07 23:14:10,310.8937740325928,0,1
2026-06-07 23:14:10,401.5629291534424,0,1
2026-06-07 23:14:11,419.5117950439453,0,1
2026-06-07 23:14:11,326.97105407714844,0,1
2026-06-07 23:14:12,279.4773578643799,0,1
2026-06-07 23:14:12,310.53638458251953,0,1
2026-06-07 23:14:13,248.69847297668457,0,1
2026-06-07 23:14:13,219.5606231689453,0,1
2026-06-07 23:14:13,329.30612564086914,0,1
2026-06-07 23:14:14,280.93767166137695,0,1
2026-06-07 23:14:14,352.9467582702637,0,1
2026-06-07 23:14:14,219.79498863220215,0,1
2026-06-07 23:14:15,292.9708957672119,0,1
2026-06-07 23:14:15,251.77907943725586,0,1
2026-06-07 23:14:16,233.79206657409668,0,1
2026-06-07 23:14:16,311.7489814758301,0,1
2026-06-07 23:14:16,355.50594329833984,0,1
2026-06-07 23:14:17,343.69730949401855,0,1
2026-06-07 23:14:17,252.9733180999756,0,1
2026-06-07 23:14:18,358.35719108581543,0,1
2026-06-07 23:14:18,311.34843826293945,0,1
2026-06-07 23:14:19,271.72136306762695,0,1
2026-06-07 23:14:19,309.8921775817871,0,1
2026-06-07 23:14:19,311.84887886047363,0,1
2026-06-07 23:14:20,373.6112117767334,0,1
2026-06-07 23:14:20,256.03389739990234,0,1
2026-06-07 23:14:21,263.60321044921875,0,1
2026-06-07 23:14:21,232.8026294708252,0,1
2026-06-07 23:14:21,295.6242561340332,0,1
2026-06-07 23:14:22,295.70484161376953,0,1
2026-06-07 23:14:22,407.135009765625,0,1
2026-06-07 23:14:23,264.2068862915039,0,1
2026-06-07 23:14:23,373.6298084259033,0,1
2026-06-07 23:14:24,357.8624725341797,0,1
2026-06-07 23:14:24,231.09149932861328,0,1
2026-06-07 23:14:24,340.86036682128906,0,1
2026-06-07 23:14:25,213.61637115478516,0,1
2026-06-07 23:14:25,276.8082618713379,0,1
2026-06-07 23:14:26,313.4491443634033,0,1
2026-06-07 23:14:26,296.8027591705322,0,1
2026-06-07 23:14:26,309.7193241119385,0,1
2026-06-07 23:14:27,234.80677604675293,0,1
2026-06-07 23:14:27,265.26546478271484,0,1
2026-06-07 23:14:27,155.19237518310547,0,1
2026-06-07 23:14:28,264.33610916137695,0,1
2026-06-07 23:14:28,217.20290184020996,0,1
2026-06-07 23:14:28,327.50964164733887,0,1
2026-06-07 23:14:29,342.90218353271484,0,1
2026-06-07 23:14:29,201.310396194458,0,1
2026-06-07 23:14:30,250.5810260772705,0,1
2026-06-07 23:14:30,293.19167137145996,0,1
2026-06-07 23:14:30,232.374906539917,0,1
2026-06-07 23:14:31,265.22374153137207,0,1
2026-06-07 23:14:31,695.5482959747314,0,1
2026-06-07 23:15:02,278.0261039733887,0,1
2026-06-07 23:15:05,277.47082710266113,0,1
2026-06-07 23:15:07,327.4679183959961,0,1
2026-06-07 23:15:08,340.2740955352783,0,1
2026-06-07 23:15:10,152.1768569946289,0,1
2026-06-07 23:15:13,274.60241317749023,0,1
2026-06-07 23:15:13,390.12646675109863,0,1
2026-06-07 23:15:15,625.3421306610107,0,1
2026-06-07 23:15:18,343.62339973449707,0,1
2026-06-07 23:15:19,299.1213798522949,0,1
2026-06-07 23:15:22,262.93349266052246,0,1
2026-06-07 23:15:24,423.9170551300049,0,1
2026-06-07 23:15:24,294.1703796386719,0,1
2026-06-07 23:15:26,342.1642780303955,0,1
2026-06-07 23:15:27,500.31042098999023,0,1
2026-06-07 23:15:28,761.9938850402832,0,1
2026-06-07 23:15:29,282.26327896118164,0,1
2026-06-07 23:15:31,324.21302795410156,0,1
2026-06-07 23:15:31,357.96546936035156,0,1
2026-06-07 23:16:22,981.6646575927734,0,1
2026-06-07 23:16:52,423.5575199127197,0,1
2026-06-07 23:16:52,282.44805335998535,0,1
2026-06-07 23:16:53,308.20488929748535,0,1
2026-06-07 23:16:53,279.12235260009766,0,1
2026-06-07 23:16:53,278.6116600036621,0,1
2026-06-07 23:16:54,295.48120498657227,0,1
2026-06-07 23:16:54,295.15981674194336,0,1
2026-06-07 23:16:55,296.6938018798828,0,1
2026-06-07 23:16:55,249.5131492614746,0,1
2026-06-07 23:16:55,309.114933013916,0,1
2026-06-07 23:16:56,405.6286811828613,0,1
2026-06-07 23:16:56,277.6472568511963,0,1
2026-06-07 23:16:57,214.73383903503418,0,1
2026-06-07 23:16:57,341.74180030822754,0,1
2026-06-07 23:16:57,266.1151885986328,0,1
2026-06-07 23:16:58,390.31314849853516,0,1
2026-06-07 23:16:58,305.12237548828125,0,1
2026-06-07 23:16:59,264.6443843841553,0,1
2026-06-07 23:16:59,296.0364818572998,0,1
2026-06-07 23:17:00,362.28203773498535,0,1
2026-06-07 23:17:00,294.01373863220215,0,1
2026-06-07 23:17:00,310.1017475128174,0,1
2026-06-07 23:17:01,280.519962310791,0,1
2026-06-07 23:17:01,248.3353614807129,0,1
2026-06-07 23:17:02,326.22718811035156,0,1
2026-06-07 23:17:02,294.54946517944336,0,1
2026-06-07 23:17:02,202.77714729309082,0,1
2026-06-07 23:17:03,342.5893783569336,0,1
2026-06-07 23:17:03,281.8596363067627,0,1
2026-06-07 23:17:03,262.4049186706543,0,1
2026-06-07 23:17:04,282.15742111206055,0,1
2026-06-07 23:17:04,295.87674140930176,0,1
2026-06-07 23:17:05,234.1773509979248,0,1
2026-06-07 23:17:05,372.61295318603516,0,1
2026-06-07 23:17:05,296.5667247772217,0,1
2026-06-07 23:17:06,311.86985969543457,0,1
2026-06-07 23:17:06,310.21881103515625,0,1
2026-06-07 23:17:07,296.1251735687256,0,1
2026-06-07 23:17:07,376.18565559387207,0,1
2026-06-07 23:17:08,342.6947593688965,0,1
2026-06-07 23:17:08,295.49694061279297,0,1
2026-06-07 23:17:08,203.9012908935547,0,1
2026-06-07 23:17:09,325.91819763183594,0,1
2026-06-07 23:17:09,202.52060890197754,0,1
2026-06-07 23:17:09,217.6804542541504,0,1
2026-06-07 23:17:10,344.15316581726074,0,1
2026-06-07 23:17:10,240.9515380859375,0,1
2026-06-07 23:17:11,326.28607749938965,0,1
2026-06-07 23:17:11,322.9100704193115,0,1
2026-06-07 23:17:11,201.3108730316162,0,1
2026-06-07 23:17:12,187.9100799560547,0,1
2026-06-07 23:17:12,280.6241512298584,0,1
2026-06-07 23:17:12,266.05892181396484,0,1
2026-06-07 23:17:13,329.7770023345947,0,1
2026-06-07 23:17:13,263.23604583740234,0,1
2026-06-07 23:17:14,250.1540184020996,0,1
2026-06-07 23:17:14,327.67581939697266,0,1
2026-06-07 23:17:14,280.9746265411377,0,1
2026-06-07 23:17:15,249.41349029541016,0,1
2026-06-07 23:17:15,294.7356700897217,0,1
2026-06-07 23:17:16,312.52479553222656,0,1
2026-06-07 23:17:16,264.08910751342773,0,1
2026-06-07 23:17:16,329.2365074157715,0,1
2026-06-07 23:17:17,282.254695892334,0,1
2026-06-07 23:17:17,297.9738712310791,0,1
2026-06-07 23:17:18,246.98209762573242,0,1
2026-06-07 23:17:18,361.5386486053467,0,1
2026-06-07 23:17:18,232.64837265014648,0,1
2026-06-07 23:17:19,294.8262691497803,0,1
2026-06-07 23:17:19,248.30365180969238,0,1
2026-06-07 23:17:20,307.66749382019043,0,1
2026-06-07 23:17:20,404.6459197998047,0,1
2026-06-07 23:17:21,343.56689453125,0,1
2026-06-07 23:17:21,339.40768241882324,0,1
2026-06-07 23:17:22,693.0727958679199,0,1
2026-06-07 23:17:53,280.00855445861816,0,1
2026-06-07 23:17:53,313.07387351989746,0,1
2026-06-07 23:17:57,298.2666492462158,0,1
2026-06-07 23:17:58,763.7960910797119,0,1
2026-06-07 23:18:01,281.6805839538574,0,1
2026-06-07 23:18:05,326.83539390563965,0,1
2026-06-07 23:18:06,293.7169075012207,0,1
2026-06-07 23:18:08,810.8034133911133,0,1
2026-06-07 23:18:09,760.8425617218018,0,1
2026-06-07 23:18:10,510.18548011779785,0,1
2026-06-07 23:18:11,297.03807830810547,0,1
2026-06-07 23:18:11,295.9616184234619,0,1
2026-06-07 23:18:13,589.3218517303467,0,1
2026-06-07 23:18:14,788.0754470825195,0,1
2026-06-07 23:18:16,591.6297435760498,0,1
2026-06-07 23:18:16,251.46150588989258,0,1
2026-06-07 23:18:19,604.5541763305664,0,1
2026-06-07 23:18:22,277.97651290893555,0,1
2026-06-07 23:19:14,401.84831619262695,0,1
2026-06-07 23:19:42,246.64568901062012,0,1
2026-06-07 23:19:42,235.84246635437012,0,1
2026-06-07 23:19:43,250.2439022064209,0,1
2026-06-07 23:19:43,328.474760055542,0,1
2026-06-07 23:19:43,327.65913009643555,0,1
2026-06-07 23:19:44,327.52537727355957,0,1
2026-06-07 23:19:44,376.2056827545166,0,1
2026-06-07 23:19:45,326.22385025024414,0,1
2026-06-07 23:19:45,296.173095703125,0,1
2026-06-07 23:19:46,342.47779846191406,0,1
2026-06-07 23:19:46,311.63740158081055,0,1
2026-06-07 23:19:46,251.0812282562256,0,1
2026-06-07 23:19:47,330.094575881958,0,1
2026-06-07 23:19:47,329.1962146759033,0,1
2026-06-07 23:19:48,235.17942428588867,0,1
2026-06-07 23:19:48,279.94585037231445,0,1
2026-06-07 23:19:49,357.0709228515625,0,1
2026-06-07 23:19:49,234.81392860412598,0,1
2026-06-07 23:19:49,259.54651832580566,0,1
2026-06-07 23:19:50,279.4303894042969,0,1
2026-06-07 23:19:50,321.96879386901855,0,1
2026-06-07 23:19:50,262.62593269348145,0,1
2026-06-07 23:19:51,281.75878524780273,0,1
2026-06-07 23:19:51,297.35541343688965,0,1
2026-06-07 23:19:52,280.86352348327637,0,1
2026-06-07 23:19:52,307.89875984191895,0,1
2026-06-07 23:19:53,404.3722152709961,0,1
2026-06-07 23:19:53,220.7357883453369,0,1
2026-06-07 23:19:53,275.1626968383789,0,1
2026-06-07 23:19:54,233.05797576904297,0,1
2026-06-07 23:19:54,215.50869941711426,0,1
2026-06-07 23:19:54,264.73116874694824,0,1
2026-06-07 23:19:55,356.6310405731201,0,1
2026-06-07 23:19:55,248.7955093383789,0,1
2026-06-07 23:19:55,233.46805572509766,0,1
2026-06-07 23:19:56,309.31687355041504,0,1
2026-06-07 23:19:56,262.20011711120605,0,1
2026-06-07 23:19:57,232.6681613922119,0,1
2026-06-07 23:19:57,282.7026844024658,0,1
2026-06-07 23:19:57,279.63924407958984,0,1
2026-06-07 23:19:58,234.2524528503418,0,1
2026-06-07 23:19:58,233.29401016235352,0,1
2026-06-07 23:19:58,249.1309642791748,0,1
2026-06-07 23:19:59,265.00439643859863,0,1
2026-06-07 23:19:59,280.2236080169678,0,1
2026-06-07 23:20:00,370.8069324493408,0,1
2026-06-07 23:20:00,310.2731704711914,0,1
2026-06-07 23:20:01,330.9001922607422,0,1
2026-06-07 23:20:01,307.2192668914795,0,1
2026-06-07 23:20:01,326.43985748291016,0,1
2026-06-07 23:20:02,232.19728469848633,0,1
2026-06-07 23:20:02,202.33440399169922,0,1
2026-06-07 23:20:02,294.2519187927246,0,1
2026-06-07 23:20:03,346.8904495239258,0,1
2026-06-07 23:20:03,311.91563606262207,0,1
2026-06-07 23:20:04,390.93971252441406,0,1
2026-06-07 23:20:04,356.66346549987793,0,1
2026-06-07 23:20:05,384.19485092163086,0,1
2026-06-07 23:20:05,354.84981536865234,0,1
2026-06-07 23:20:06,342.15378761291504,0,1
2026-06-07 23:20:06,312.05081939697266,0,1
2026-06-07 23:20:06,295.96495628356934,0,1
2026-06-07 23:20:07,280.1327705383301,0,1
2026-06-07 23:20:07,377.2459030151367,0,1
2026-06-07 23:20:08,309.6494674682617,0,1
2026-06-07 23:20:08,312.03532218933105,0,1
2026-06-07 23:20:09,248.17585945129395,0,1
2026-06-07 23:20:09,155.79962730407715,0,1
2026-06-07 23:20:09,313.7524127960205,0,1
2026-06-07 23:20:10,328.8238048553467,0,1
2026-06-07 23:20:10,343.51563453674316,0,1
2026-06-07 23:20:11,301.25904083251953,0,1
2026-06-07 23:20:11,405.18712997436523,0,1
2026-06-07 23:20:11,221.38595581054688,0,1
2026-06-07 23:20:12,853.1539440155029,0,1
2026-06-07 23:20:43,297.27840423583984,0,1
2026-06-07 23:20:45,372.9846477508545,0,1
2026-06-07 23:20:46,154.9661159515381,0,1
2026-06-07 23:20:48,604.9709320068359,0,1
2026-06-07 23:20:49,297.91879653930664,0,1
2026-06-07 23:20:50,296.7689037322998,0,1
2026-06-07 23:20:55,964.6725654602051,0,1
2026-06-07 23:20:56,746.1261749267578,0,1
2026-06-07 23:20:57,173.0635166168213,0,1
2026-06-07 23:21:01,761.6088390350342,0,1
2026-06-07 23:21:02,309.8573684692383,0,1
2026-06-07 23:21:03,680.7184219360352,0,1
2026-06-07 23:21:09,767.3323154449463,0,1
2026-06-07 23:21:09,331.9587707519531,0,1
2026-06-07 23:21:11,313.22264671325684,0,1
2026-06-07 23:22:17,727.9248237609863,0,1
2026-06-07 23:22:32,186.87129020690918,0,1
2026-06-07 23:22:32,340.82794189453125,0,1
2026-06-07 23:22:33,343.4412479400635,0,1
2026-06-07 23:22:33,310.40477752685547,0,1
2026-06-07 23:22:34,246.9925880432129,0,1
2026-06-07 23:22:34,312.1306896209717,0,1
2026-06-07 23:22:35,358.78658294677734,0,1
2026-06-07 23:22:35,449.68652725219727,0,1
2026-06-07 23:22:36,280.5328369140625,0,1
2026-06-07 23:22:36,436.3253116607666,0,1
2026-06-07 23:22:36,263.4902000427246,0,1
2026-06-07 23:22:37,282.9899787902832,0,1
2026-06-07 23:22:37,235.77094078063965,0,1
2026-06-07 23:22:38,312.3645782470703,0,1
2026-06-07 23:22:38,343.58716011047363,0,1
2026-06-07 23:22:38,201.34592056274414,0,1
2026-06-07 23:22:39,347.02181816101074,0,1
2026-06-07 23:22:39,202.63218879699707,0,1
2026-06-07 23:22:40,261.9493007659912,0,1
2026-06-07 23:22:40,236.65332794189453,0,1
2026-06-07 23:22:40,325.3657817840576,0,1
2026-06-07 23:22:41,292.96255111694336,0,1
2026-06-07 23:22:41,311.5108013153076,0,1
2026-06-07 23:22:42,294.8470115661621,0,1
2026-06-07 23:22:42,310.8947277069092,0,1
2026-06-07 23:22:42,341.56131744384766,0,1
2026-06-07 23:22:43,296.46778106689453,0,1
2026-06-07 23:22:43,327.864408493042,0,1
2026-06-07 23:22:44,248.97480010986328,0,1
2026-06-07 23:22:44,325.8929252624512,0,1
2026-06-07 23:22:44,328.57704162597656,0,1
2026-06-07 23:22:45,208.30035209655762,0,1
2026-06-07 23:22:45,234.19857025146484,0,1
2026-06-07 23:22:46,387.09044456481934,0,1
2026-06-07 23:22:46,233.9332103729248,0,1
2026-06-07 23:22:46,357.2111129760742,0,1
2026-06-07 23:22:47,202.23140716552734,0,1
2026-06-07 23:22:47,283.6499214172363,0,1
2026-06-07 23:22:48,297.96481132507324,0,1
2026-06-07 23:22:48,342.9901599884033,0,1
2026-06-07 23:22:48,357.393741607666,0,1
2026-06-07 23:22:49,234.60698127746582,0,1
2026-06-07 23:22:49,327.46434211730957,0,1
2026-06-07 23:22:50,311.4581108093262,0,1
2026-06-07 23:22:50,359.96198654174805,0,1
2026-06-07 23:22:50,277.62341499328613,0,1
2026-06-07 23:22:51,327.8472423553467,0,1
2026-06-07 23:22:51,338.90652656555176,0,1
2026-06-07 23:22:52,342.9090976715088,0,1
2026-06-07 23:22:52,280.6251049041748,0,1
2026-06-07 23:22:53,277.7574062347412,0,1
2026-06-07 23:22:53,265.2316093444824,0,1
2026-06-07 23:22:53,323.9731788635254,0,1
2026-06-07 23:22:54,308.11142921447754,0,1
2026-06-07 23:22:54,248.7928867340088,0,1
2026-06-07 23:22:55,324.82242584228516,0,1
2026-06-07 23:22:55,281.91208839416504,0,1
2026-06-07 23:22:55,370.9135055541992,0,1
2026-06-07 23:22:56,297.727108001709,0,1
2026-06-07 23:22:56,340.85607528686523,0,1
2026-06-07 23:22:57,279.83999252319336,0,1
2026-06-07 23:22:57,235.3224754333496,0,1
2026-06-07 23:22:57,214.6587371826172,0,1
2026-06-07 23:22:58,217.576265335083,0,1
2026-06-07 23:22:58,294.5411205291748,0,1
2026-06-07 23:22:58,263.7174129486084,0,1
2026-06-07 23:22:59,341.1426544189453,0,1
2026-06-07 23:22:59,202.00395584106445,0,1
2026-06-07 23:23:00,307.1095943450928,0,1
2026-06-07 23:23:00,310.9259605407715,0,1
2026-06-07 23:23:00,310.36996841430664,0,1
2026-06-07 23:23:01,248.56829643249512,0,1
2026-06-07 23:23:01,325.7267475128174,0,1
2026-06-07 23:23:02,327.7606964111328,0,1
2026-06-07 23:23:02,494.24028396606445,0,1
2026-06-07 23:23:33,325.1481056213379,0,1
2026-06-07 23:23:35,638.1456851959229,0,1
2026-06-07 23:23:36,280.1976203918457,0,1
2026-06-07 23:23:39,858.9637279510498,0,1
2026-06-07 23:23:43,516.1457061767578,0,1
2026-06-07 23:23:45,308.4826469421387,0,1
2026-06-07 23:23:46,251.56307220458984,0,1
2026-06-07 23:23:48,293.86353492736816,0,1
2026-06-07 23:23:52,328.3698558807373,0,1
2026-06-07 23:23:53,311.6276264190674,0,1
2026-06-07 23:23:54,312.9267692565918,0,1
2026-06-07 23:23:54,312.19959259033203,0,1
2026-06-07 23:23:56,311.8307590484619,0,1
2026-06-07 23:23:57,280.1661491394043,0,1
2026-06-07 23:23:58,277.6174545288086,0,1
2026-06-07 23:23:59,732.2072982788086,0,1
2026-06-07 23:24:00,279.18052673339844,0,1
2026-06-07 23:24:01,294.0239906311035,0,1
2026-06-07 23:24:56,231.64892196655273,0,1
2026-06-07 23:25:22,294.757604598999,0,1
2026-06-07 23:25:23,247.56979942321777,0,1
2026-06-07 23:25:23,324.0680694580078,0,1
2026-06-07 23:25:24,324.19872283935547,0,1
2026-06-07 23:25:24,282.2391986846924,0,1
2026-06-07 23:25:24,248.6734390258789,0,1
2026-06-07 23:25:25,326.22814178466797,0,1
2026-06-07 23:25:25,233.0176830291748,0,1
2026-06-07 23:25:26,264.5540237426758,0,1
2026-06-07 23:25:26,343.05381774902344,0,1
2026-06-07 23:25:26,312.5145435333252,0,1
2026-06-07 23:25:27,295.84813117980957,0,1
2026-06-07 23:25:27,339.9388790130615,0,1
2026-06-07 23:25:28,325.7780075073242,0,1
2026-06-07 23:25:28,260.82921028137207,0,1
2026-06-07 23:25:28,279.052734375,0,1
2026-06-07 23:25:29,234.6632480621338,0,1
2026-06-07 23:25:29,359.8768711090088,0,1
2026-06-07 23:25:30,312.14332580566406,0,1
2026-06-07 23:25:30,217.52333641052246,0,1
2026-06-07 23:25:30,218.39022636413574,0,1
2026-06-07 23:25:31,372.1170425415039,0,1
2026-06-07 23:25:31,303.7583827972412,0,1
2026-06-07 23:25:32,284.5315933227539,0,1
2026-06-07 23:25:32,316.1044120788574,0,1
2026-06-07 23:25:32,297.61576652526855,0,1
2026-06-07 23:25:33,311.59067153930664,0,1
2026-06-07 23:25:33,308.7575435638428,0,1
2026-06-07 23:25:34,295.2768802642822,0,1
2026-06-07 23:25:34,283.19835662841797,0,1
2026-06-07 23:25:34,311.59162521362305,0,1
2026-06-07 23:25:35,251.3413429260254,0,1
2026-06-07 23:25:35,328.16553115844727,0,1
2026-06-07 23:25:36,295.69339752197266,0,1
2026-06-07 23:25:36,390.14458656311035,0,1
2026-06-07 23:25:37,266.1411762237549,0,1
2026-06-07 23:25:37,263.38720321655273,0,1
2026-06-07 23:25:37,310.46271324157715,0,1
2026-06-07 23:25:38,244.98915672302246,0,1
2026-06-07 23:25:38,342.52452850341797,0,1
2026-06-07 23:25:38,232.8968048095703,0,1
2026-06-07 23:25:39,310.9397888183594,0,1
2026-06-07 23:25:39,295.3617572784424,0,1
2026-06-07 23:25:40,263.8685703277588,0,1
2026-06-07 23:25:40,356.87875747680664,0,1
2026-06-07 23:25:41,267.4560546875,0,1
2026-06-07 23:25:41,294.39353942871094,0,1
2026-06-07 23:25:41,249.04537200927734,0,1
2026-06-07 23:25:42,389.3907070159912,0,1
2026-06-07 23:25:42,234.3907356262207,0,1
2026-06-07 23:25:42,280.2274227142334,0,1
2026-06-07 23:25:43,327.0707130432129,0,1
2026-06-07 23:25:43,436.54942512512207,0,1
2026-06-07 23:25:44,325.27732849121094,0,1
2026-06-07 23:25:44,268.45407485961914,0,1
2026-06-07 23:25:45,249.59897994995117,0,1
2026-06-07 23:25:45,281.82339668273926,0,1
2026-06-07 23:25:46,372.1601963043213,0,1
2026-06-07 23:25:46,278.77044677734375,0,1
2026-06-07 23:25:46,309.5228672027588,0,1
2026-06-07 23:25:47,292.5848960876465,0,1
2026-06-07 23:25:47,388.0198001861572,0,1
2026-06-07 23:25:48,356.17804527282715,0,1
2026-06-07 23:25:48,308.4573745727539,0,1
2026-06-07 23:25:48,264.70088958740234,0,1
2026-06-07 23:25:49,326.56049728393555,0,1
2026-06-07 23:25:49,278.5773277282715,0,1
2026-06-07 23:25:50,279.6778678894043,0,1
2026-06-07 23:25:50,448.9321708679199,0,1
2026-06-07 23:25:51,218.75786781311035,0,1
2026-06-07 23:25:51,233.2742214202881,0,1
2026-06-07 23:25:51,338.88864517211914,0,1
2026-06-07 23:25:52,293.34139823913574,0,1
2026-06-07 23:25:53,757.6775550842285,0,1
2026-06-07 23:26:25,736.0820770263672,0,1
2026-06-07 23:26:26,281.88514709472656,0,1
2026-06-07 23:26:27,156.60476684570312,0,1
2026-06-07 23:26:29,281.1422348022461,0,1
2026-06-07 23:26:30,282.04917907714844,0,1
2026-06-07 23:26:34,763.9532089233398,0,1
2026-06-07 23:26:35,284.4245433807373,0,1
2026-06-07 23:26:44,278.6695957183838,0,1
2026-06-07 23:26:45,324.48601722717285,0,1
2026-06-07 23:26:46,795.5338954925537,0,1
2026-06-07 23:26:48,790.1935577392578,0,1
2026-06-07 23:26:51,796.5590953826904,0,1
2026-06-07 23:26:52,297.9700565338135,0,1
2026-06-07 23:27:43,994.3037033081055,0,1
2026-06-07 23:28:13,356.63390159606934,0,1
2026-06-07 23:28:13,250.76961517333984,0,1
2026-06-07 23:28:13,311.4738464355469,0,1
2026-06-07 23:28:14,203.3708095550537,0,1
2026-06-07 23:28:14,324.2666721343994,0,1
2026-06-07 23:28:15,219.30718421936035,0,1
2026-06-07 23:28:15,388.63515853881836,0,1
2026-06-07 23:28:15,186.56516075134277,0,1
2026-06-07 23:28:16,309.1583251953125,0,1
2026-06-07 23:28:16,355.75151443481445,0,1
2026-06-07 23:28:17,280.1389694213867,0,1
2026-06-07 23:28:17,387.25805282592773,0,1
2026-06-07 23:28:18,433.3622455596924,0,1
2026-06-07 23:28:18,264.1892433166504,0,1
2026-06-07 23:28:18,326.92646980285645,0,1
2026-06-07 23:28:19,310.02354621887207,0,1
2026-06-07 23:28:19,324.7566223144531,0,1
2026-06-07 23:28:20,327.12268829345703,0,1
2026-06-07 23:28:20,292.6633358001709,0,1
2026-06-07 23:28:21,248.65961074829102,0,1
2026-06-07 23:28:21,219.1145420074463,0,1
2026-06-07 23:28:21,249.00078773498535,0,1
2026-06-07 23:28:22,323.1196403503418,0,1
2026-06-07 23:28:22,217.00143814086914,0,1
2026-06-07 23:28:22,294.12078857421875,0,1
2026-06-07 23:28:23,385.2269649505615,0,1
2026-06-07 23:28:23,265.51198959350586,0,1
2026-06-07 23:28:24,294.51870918273926,0,1
2026-06-07 23:28:24,311.74612045288086,0,1
2026-06-07 23:28:24,286.8835926055908,0,1
2026-06-07 23:28:25,294.2502498626709,0,1
2026-06-07 23:28:25,264.0354633331299,0,1
2026-06-07 23:28:26,230.7124137878418,0,1
2026-06-07 23:28:26,292.3154830932617,0,1
2026-06-07 23:28:26,296.877384185791,0,1
2026-06-07 23:28:27,280.3001403808594,0,1
2026-06-07 23:28:27,324.6750831604004,0,1
2026-06-07 23:28:28,237.77031898498535,0,1
2026-06-07 23:28:28,295.0155735015869,0,1
2026-06-07 23:28:28,265.0144100189209,0,1
2026-06-07 23:28:29,187.33882904052734,0,1
2026-06-07 23:28:29,295.17602920532227,0,1
2026-06-07 23:28:29,278.6273956298828,0,1
2026-06-07 23:28:30,327.15797424316406,0,1
2026-06-07 23:28:30,348.8650321960449,0,1
2026-06-07 23:28:31,297.58501052856445,0,1
2026-06-07 23:28:31,338.9883041381836,0,1
2026-06-07 23:28:32,310.6245994567871,0,1
2026-06-07 23:28:32,279.3910503387451,0,1
2026-06-07 23:28:32,231.80317878723145,0,1
2026-06-07 23:28:33,264.5373344421387,0,1
2026-06-07 23:28:33,264.3892765045166,0,1
2026-06-07 23:28:33,280.5311679840088,0,1
2026-06-07 23:28:34,341.83740615844727,0,1
2026-06-07 23:28:34,342.59676933288574,0,1
2026-06-07 23:28:35,403.0735492706299,0,1
2026-06-07 23:28:35,313.9159679412842,0,1
2026-06-07 23:28:36,279.4821262359619,0,1
2026-06-07 23:28:36,247.5748062133789,0,1
2026-06-07 23:28:36,218.8100814819336,0,1
2026-06-07 23:28:37,404.9551486968994,0,1
2026-06-07 23:28:37,234.35068130493164,0,1
2026-06-07 23:28:38,265.81406593322754,0,1
2026-06-07 23:28:38,266.90196990966797,0,1
2026-06-07 23:28:38,297.6505756378174,0,1
2026-06-07 23:28:39,294.83914375305176,0,1
2026-06-07 23:28:39,280.89404106140137,0,1
2026-06-07 23:28:39,293.78414154052734,0,1
2026-06-07 23:28:40,326.06959342956543,0,1
2026-06-07 23:28:40,296.6470718383789,0,1
2026-06-07 23:28:41,340.56973457336426,0,1
2026-06-07 23:28:41,389.27316665649414,0,1
2026-06-07 23:28:42,420.0124740600586,0,1
2026-06-07 23:28:42,389.0838623046875,0,1
2026-06-07 23:29:15,281.1105251312256,0,1
2026-06-07 23:29:18,512.2313499450684,0,1
2026-06-07 23:29:18,294.8157787322998,0,1
2026-06-07 23:29:19,852.6060581207275,0,1
2026-06-07 23:29:21,297.6505756378174,0,1
2026-06-07 23:29:22,326.6587257385254,0,1
2026-06-07 23:29:23,542.5817966461182,0,1
2026-06-07 23:29:25,293.4565544128418,0,1
2026-06-07 23:29:27,296.49925231933594,0,1
2026-06-07 23:29:32,511.6000175476074,0,1
2026-06-07 23:29:35,295.03798484802246,0,1
2026-06-07 23:29:37,279.8445224761963,0,1
2026-06-07 23:29:43,748.2609748840332,0,1
2026-06-07 23:30:33,699.5584964752197,0,1
2026-06-07 23:31:03,249.14288520812988,0,1
2026-06-07 23:31:03,285.3667736053467,0,1
2026-06-07 23:31:04,298.08902740478516,0,1
2026-06-07 23:31:04,309.92817878723145,0,1
2026-06-07 23:31:05,311.07330322265625,0,1
2026-06-07 23:31:05,324.1405487060547,0,1
2026-06-07 23:31:05,389.89996910095215,0,1
2026-06-07 23:31:06,294.04139518737793,0,1
2026-06-07 23:31:06,328.6111354827881,0,1
2026-06-07 23:31:07,246.30975723266602,0,1
2026-06-07 23:31:07,404.98805046081543,0,1
2026-06-07 23:31:08,295.2404022216797,0,1
2026-06-07 23:31:08,341.24040603637695,0,1
2026-06-07 23:31:08,295.5625057220459,0,1
2026-06-07 23:31:09,248.42143058776855,0,1
2026-06-07 23:31:09,294.89946365356445,0,1
2026-06-07 23:31:10,310.8968734741211,0,1
2026-06-07 23:31:10,310.46056747436523,0,1
2026-06-07 23:31:11,405.2577018737793,0,1
2026-06-07 23:31:11,249.10235404968262,0,1
2026-06-07 23:31:11,310.2285861968994,0,1
2026-06-07 23:31:12,264.6961212158203,0,1
2026-06-07 23:31:12,279.5124053955078,0,1
2026-06-07 23:31:12,280.5063724517822,0,1
2026-06-07 23:31:13,346.4827537536621,0,1
2026-06-07 23:31:13,281.21113777160645,0,1
2026-06-07 23:31:14,264.8773193359375,0,1
2026-06-07 23:31:14,282.95135498046875,0,1
2026-06-07 23:31:14,250.95081329345703,0,1
2026-06-07 23:31:15,280.08198738098145,0,1
2026-06-07 23:31:15,297.36971855163574,0,1
2026-06-07 23:31:16,281.6803455352783,0,1
2026-06-07 23:31:16,406.8930149078369,0,1
2026-06-07 23:31:16,231.0936450958252,0,1
2026-06-07 23:31:17,283.21123123168945,0,1
2026-06-07 23:31:17,376.10673904418945,0,1
2026-06-07 23:31:18,340.4545783996582,0,1
2026-06-07 23:31:18,248.7320899963379,0,1
2026-06-07 23:31:19,311.04373931884766,0,1
2026-06-07 23:31:19,296.48351669311523,0,1
2026-06-07 23:31:19,326.5712261199951,0,1
2026-06-07 23:31:20,343.1687355041504,0,1
2026-06-07 23:31:20,328.6724090576172,0,1
2026-06-07 23:31:21,327.9719352722168,0,1
2026-06-07 23:31:21,245.95308303833008,0,1
2026-06-07 23:31:21,328.77206802368164,0,1
2026-06-07 23:31:22,312.46399879455566,0,1
2026-06-07 23:31:22,265.2270793914795,0,1
2026-06-07 23:31:23,265.7604217529297,0,1
2026-06-07 23:31:23,388.17286491394043,0,1
2026-06-07 23:31:24,371.92535400390625,0,1
2026-06-07 23:31:24,292.6957607269287,0,1
2026-06-07 23:31:24,328.66454124450684,0,1
2026-06-07 23:31:25,340.6188488006592,0,1
2026-06-07 23:31:25,343.7213897705078,0,1
2026-06-07 23:31:26,310.24765968322754,0,1
2026-06-07 23:31:26,293.95532608032227,0,1
2026-06-07 23:31:27,310.65917015075684,0,1
2026-06-07 23:31:27,310.1799488067627,0,1
2026-06-07 23:31:27,279.28662300109863,0,1
2026-06-07 23:31:28,218.64867210388184,0,1
2026-06-07 23:31:28,311.6612434387207,0,1
2026-06-07 23:31:29,263.2272243499756,0,1
2026-06-07 23:31:29,232.34820365905762,0,1
2026-06-07 23:31:29,232.8481674194336,0,1
2026-06-07 23:31:30,232.560396194458,0,1
2026-06-07 23:31:30,239.01748657226562,0,1
2026-06-07 23:31:30,272.5956439971924,0,1
2026-06-07 23:31:31,295.08233070373535,0,1
2026-06-07 23:31:31,280.42101860046387,0,1
2026-06-07 23:31:31,297.45984077453613,0,1
2026-06-07 23:31:32,308.7916374206543,0,1
2026-06-07 23:31:32,326.86924934387207,0,1
2026-06-07 23:31:33,587.2015953063965,0,1
2026-06-07 23:32:03,262.87078857421875,0,1
2026-06-07 23:32:04,298.9017963409424,0,1
2026-06-07 23:32:07,294.24524307250977,0,1
2026-06-07 23:32:07,295.1176166534424,0,1
2026-06-07 23:32:09,342.3895835876465,0,1
2026-06-07 23:32:11,295.6066131591797,0,1
2026-06-07 23:32:14,610.1021766662598,0,1
2026-06-07 23:32:16,295.8550453186035,0,1
2026-06-07 23:32:17,154.78157997131348,0,1
2026-06-07 23:32:18,293.6558723449707,0,1
2026-06-07 23:32:18,296.74482345581055,0,1
2026-06-07 23:32:19,330.3971290588379,0,1
2026-06-07 23:32:21,295.54080963134766,0,1
2026-06-07 23:32:23,154.4787883758545,0,1
2026-06-07 23:32:24,528.0263423919678,0,1
2026-06-07 23:32:29,359.3018054962158,0,1
2026-06-07 23:32:30,160.6276035308838,0,1
2026-06-07 23:32:32,343.8429832458496,0,1
2026-06-07 23:33:53,282.62782096862793,0,1
2026-06-07 23:33:54,319.1549777984619,0,1
2026-06-07 23:33:54,327.30579376220703,0,1
2026-06-07 23:33:54,312.43395805358887,0,1
2026-06-07 23:33:55,296.91052436828613,0,1
2026-06-07 23:33:55,321.516752243042,0,1
2026-06-07 23:33:56,344.0718650817871,0,1
2026-06-07 23:33:56,266.9262886047363,0,1
2026-06-07 23:33:57,341.44067764282227,0,1
2026-06-07 23:33:57,297.05166816711426,0,1
2026-06-07 23:33:57,293.03455352783203,0,1
2026-06-07 23:33:58,297.86181449890137,0,1
2026-06-07 23:33:58,281.780481338501,0,1
2026-06-07 23:33:59,310.50777435302734,0,1
2026-06-07 23:33:59,267.2238349914551,0,1
2026-06-07 23:33:59,234.39335823059082,0,1
2026-06-07 23:34:00,402.65774726867676,0,1
2026-06-07 23:34:00,385.03265380859375,0,1
2026-06-07 23:34:01,208.65392684936523,0,1
2026-06-07 23:34:01,340.42930603027344,0,1
2026-06-07 23:34:01,293.1222915649414,0,1
2026-06-07 23:34:02,234.16996002197266,0,1
2026-06-07 23:34:02,310.3504180908203,0,1
2026-06-07 23:34:03,327.27789878845215,0,1
2026-06-07 23:34:03,264.3415927886963,0,1
2026-06-07 23:34:03,249.16410446166992,0,1
2026-06-07 23:34:04,419.2047119140625,0,1
2026-06-07 23:34:04,295.34053802490234,0,1
2026-06-07 23:34:05,358.4580421447754,0,1
2026-06-07 23:34:05,233.91318321228027,0,1
2026-06-07 23:34:06,310.9147548675537,0,1
2026-06-07 23:34:06,249.94516372680664,0,1
2026-06-07 23:34:06,325.47950744628906,0,1
2026-06-07 23:34:07,298.1419563293457,0,1
2026-06-07 23:34:07,232.15413093566895,0,1
2026-06-07 23:34:08,390.6238079071045,0,1
2026-06-07 23:34:08,325.3157138824463,0,1
2026-06-07 23:34:08,218.19353103637695,0,1
2026-06-07 23:34:09,278.5646915435791,0,1
2026-06-07 23:34:09,247.66874313354492,0,1
2026-06-07 23:34:10,341.5663242340088,0,1
2026-06-07 23:34:10,325.2270221710205,0,1
2026-06-07 23:34:10,313.0464553833008,0,1
2026-06-07 23:34:11,264.93382453918457,0,1
2026-06-07 23:34:11,339.82229232788086,0,1
2026-06-07 23:34:12,295.4065799713135,0,1
2026-06-07 23:34:12,282.81450271606445,0,1
2026-06-07 23:34:12,264.76430892944336,0,1
2026-06-07 23:34:13,282.4370861053467,0,1
2026-06-07 23:34:13,327.7432918548584,0,1
2026-06-07 23:34:14,311.0370635986328,0,1
2026-06-07 23:34:14,219.7887897491455,0,1
2026-06-07 23:34:14,312.27707862854004,0,1
2026-06-07 23:34:15,281.1286449432373,0,1
2026-06-07 23:34:15,234.93361473083496,0,1
2026-06-07 23:34:16,300.4434108734131,0,1
2026-06-07 23:34:16,329.195499420166,0,1
2026-06-07 23:34:16,296.0329055786133,0,1
2026-06-07 23:34:17,309.91172790527344,0,1
2026-06-07 23:34:17,246.65021896362305,0,1
2026-06-07 23:34:18,315.1087760925293,0,1
2026-06-07 23:34:18,277.28843688964844,0,1
2026-06-07 23:34:18,219.60735321044922,0,1
2026-06-07 23:34:19,219.33507919311523,0,1
2026-06-07 23:34:19,200.86336135864258,0,1
2026-06-07 23:34:19,265.5293941497803,0,1
2026-06-07 23:34:20,326.71093940734863,0,1
2026-06-07 23:34:20,332.3993682861328,0,1
2026-06-07 23:34:21,353.6856174468994,0,1
2026-06-07 23:34:21,341.4335250854492,0,1
2026-06-07 23:34:21,296.3685989379883,0,1
2026-06-07 23:34:22,282.83047676086426,0,1
2026-06-07 23:34:22,279.2339324951172,0,1
2026-06-07 23:34:23,200.74748992919922,0,1
2026-06-07 23:34:23,655.336856842041,0,1
2026-06-07 23:34:57,315.81830978393555,0,1
2026-06-07 23:34:59,514.4655704498291,0,1
2026-06-07 23:35:00,750.8132457733154,0,1
2026-06-07 23:35:01,387.5536918640137,0,1
2026-06-07 23:35:03,295.70865631103516,0,1
2026-06-07 23:35:03,295.70674896240234,0,1
2026-06-07 23:35:05,281.7418575286865,0,1
2026-06-07 23:35:08,791.5298938751221,0,1
2026-06-07 23:35:10,296.933650970459,0,1
2026-06-07 23:35:15,391.7243480682373,0,1
2026-06-07 23:35:17,797.309160232544,0,1
2026-06-07 23:35:19,592.2856330871582,0,1
2026-06-07 23:35:23,308.77161026000977,0,1
2026-06-07 23:36:14,193.58420372009277,0,1
2026-06-07 23:36:43,262.31980323791504,0,1
2026-06-07 23:36:44,250.8699893951416,0,1
2026-06-07 23:36:44,323.7037658691406,0,1
2026-06-07 23:36:45,265.8886909484863,0,1
2026-06-07 23:36:45,357.5778007507324,0,1
2026-06-07 23:36:45,343.70970726013184,0,1
2026-06-07 23:36:46,264.0366554260254,0,1
2026-06-07 23:36:46,265.15722274780273,0,1
2026-06-07 23:36:47,328.0949592590332,0,1
2026-06-07 23:36:47,264.1792297363281,0,1
2026-06-07 23:36:48,357.04708099365234,0,1
2026-06-07 23:36:48,249.833345413208,0,1
2026-06-07 23:36:48,311.2471103668213,0,1
2026-06-07 23:36:49,264.26148414611816,0,1
2026-06-07 23:36:49,325.8240222930908,0,1
2026-06-07 23:36:49,240.92674255371094,0,1
2026-06-07 23:36:50,343.29748153686523,0,1
2026-06-07 23:36:50,332.0455551147461,0,1
2026-06-07 23:36:51,203.38034629821777,0,1
2026-06-07 23:36:51,310.88781356811523,0,1
2026-06-07 23:36:51,291.9023036956787,0,1
2026-06-07 23:36:52,358.8416576385498,0,1
2026-06-07 23:36:52,345.6099033355713,0,1
2026-06-07 23:36:53,342.2987461090088,0,1
2026-06-07 23:36:53,309.0815544128418,0,1
2026-06-07 23:36:54,324.07474517822266,0,1
2026-06-07 23:36:54,310.5182647705078,0,1
2026-06-07 23:36:55,358.1719398498535,0,1
2026-06-07 23:36:55,235.1357936859131,0,1
2026-06-07 23:36:55,279.5679569244385,0,1
2026-06-07 23:36:56,391.01314544677734,0,1
2026-06-07 23:36:56,248.0778694152832,0,1
2026-06-07 23:36:57,308.06493759155273,0,1
2026-06-07 23:36:57,249.11785125732422,0,1
2026-06-07 23:36:57,266.5700912475586,0,1
2026-06-07 23:36:58,370.8691596984863,0,1
2026-06-07 23:36:58,389.38307762145996,0,1
2026-06-07 23:36:59,327.67510414123535,0,1
2026-06-07 23:36:59,310.09864807128906,0,1
2026-06-07 23:37:00,295.4235076904297,0,1
2026-06-07 23:37:00,338.9592170715332,0,1
2026-06-07 23:37:00,232.12456703186035,0,1
2026-06-07 23:37:01,234.20476913452148,0,1
2026-06-07 23:37:01,356.90808296203613,0,1
2026-06-07 23:37:02,281.1570167541504,0,1
2026-06-07 23:37:02,295.1376438140869,0,1
2026-06-07 23:37:02,218.3849811553955,0,1
2026-06-07 23:37:03,392.242431640625,0,1
2026-06-07 23:37:03,234.21692848205566,0,1
2026-06-07 23:37:03,235.24975776672363,0,1
2026-06-07 23:37:04,327.91757583618164,0,1
2026-06-07 23:37:04,358.7226867675781,0,1
2026-06-07 23:37:05,250.1237392425537,0,1
2026-06-07 23:37:05,293.7154769897461,0,1
2026-06-07 23:37:05,292.85740852355957,0,1
2026-06-07 23:37:06,340.44528007507324,0,1
2026-06-07 23:37:06,355.4050922393799,0,1
2026-06-07 23:37:07,359.2333793640137,0,1
2026-06-07 23:37:07,277.15277671813965,0,1
2026-06-07 23:37:08,263.077974319458,0,1
2026-06-07 23:37:08,248.34084510803223,0,1
2026-06-07 23:37:08,251.10816955566406,0,1
2026-06-07 23:37:09,265.5656337738037,0,1
2026-06-07 23:37:09,377.0794868469238,0,1
2026-06-07 23:37:10,313.34948539733887,0,1
2026-06-07 23:37:10,296.8313694000244,0,1
2026-06-07 23:37:10,248.89254570007324,0,1
2026-06-07 23:37:11,293.0729389190674,0,1
2026-06-07 23:37:11,308.8657855987549,0,1
2026-06-07 23:37:12,234.16566848754883,0,1
2026-06-07 23:37:12,371.9637393951416,0,1
2026-06-07 23:37:12,267.9917812347412,0,1
2026-06-07 23:37:13,357.4199676513672,0,1
2026-06-07 23:37:14,576.0741233825684,0,1
2026-06-07 23:37:44,280.37333488464355,0,1
2026-06-07 23:37:47,790.2545928955078,0,1
2026-06-07 23:37:48,342.35215187072754,0,1
2026-06-07 23:37:48,327.9752731323242,0,1
2026-06-07 23:37:49,279.1748046875,0,1
2026-06-07 23:37:54,313.9317035675049,0,1
2026-06-07 23:37:55,980.79514503479,0,1
2026-06-07 23:37:56,625.206470489502,0,1
2026-06-07 23:37:59,798.9382743835449,0,1
2026-06-07 23:38:00,242.57659912109375,0,1
2026-06-07 23:38:00,296.3371276855469,0,1
2026-06-07 23:38:01,358.0746650695801,0,1
2026-06-07 23:38:01,295.67623138427734,0,1
2026-06-07 23:38:02,314.25952911376953,0,1
2026-06-07 23:38:04,268.09072494506836,0,1
2026-06-07 23:38:06,358.7934970855713,0,1
2026-06-07 23:38:06,278.57422828674316,0,1
2026-06-07 23:38:08,284.08193588256836,0,1
2026-06-07 23:38:08,277.2042751312256,0,1
2026-06-07 23:38:10,282.0580005645752,0,1
2026-06-07 23:38:11,296.4763641357422,0,1
2026-06-07 23:38:14,821.4406967163086,0,1
2026-06-07 23:39:19,636.4040374755859,0,1
2026-06-07 23:39:34,267.52638816833496,0,1
2026-06-07 23:39:34,295.1018810272217,0,1
2026-06-07 23:39:34,294.9872016906738,0,1
2026-06-07 23:39:35,345.17836570739746,0,1
2026-06-07 23:39:35,262.53819465637207,0,1
2026-06-07 23:39:36,248.81863594055176,0,1
2026-06-07 23:39:36,357.76686668395996,0,1
2026-06-07 23:39:37,294.0707206726074,0,1
2026-06-07 23:39:37,300.2140522003174,0,1
2026-06-07 23:39:37,326.4780044555664,0,1
2026-06-07 23:39:38,374.54819679260254,0,1
2026-06-07 23:39:38,299.86047744750977,0,1
2026-06-07 23:39:39,311.7184638977051,0,1
2026-06-07 23:39:39,341.1839008331299,0,1
2026-06-07 23:39:40,292.6170825958252,0,1
2026-06-07 23:39:40,249.42874908447266,0,1
2026-06-07 23:39:40,311.59448623657227,0,1
2026-06-07 23:39:41,308.61806869506836,0,1
2026-06-07 23:39:41,284.2450141906738,0,1
2026-06-07 23:39:42,268.0048942565918,0,1
2026-06-07 23:39:42,229.4294834136963,0,1
2026-06-07 23:39:42,261.4481449127197,0,1
2026-06-07 23:39:43,345.745325088501,0,1
2026-06-07 23:39:43,264.0116214752197,0,1
2026-06-07 23:39:43,325.2909183502197,0,1
2026-06-07 23:39:44,282.6571464538574,0,1
2026-06-07 23:39:44,280.5027961730957,0,1
2026-06-07 23:39:45,330.07001876831055,0,1
2026-06-07 23:39:45,218.89424324035645,0,1
2026-06-07 23:39:45,342.6480293273926,0,1
2026-06-07 23:39:46,216.3095474243164,0,1
2026-06-07 23:39:46,311.7334842681885,0,1
2026-06-07 23:39:47,311.429500579834,0,1
2026-06-07 23:39:47,356.42004013061523,0,1
2026-06-07 23:39:48,357.6195240020752,0,1
2026-06-07 23:39:48,278.839111328125,0,1
2026-06-07 23:39:48,379.06408309936523,0,1
2026-06-07 23:39:49,287.8131866455078,0,1
2026-06-07 23:39:49,324.65481758117676,0,1
2026-06-07 23:39:50,276.4465808868408,0,1
2026-06-07 23:39:50,188.20834159851074,0,1
2026-06-07 23:39:50,268.92828941345215,0,1
2026-06-07 23:39:51,311.36488914489746,0,1
2026-06-07 23:39:51,250.37789344787598,0,1
2026-06-07 23:39:51,278.74302864074707,0,1
2026-06-07 23:39:52,248.99530410766602,0,1
2026-06-07 23:39:52,374.24445152282715,0,1
2026-06-07 23:39:53,230.7889461517334,0,1
2026-06-07 23:39:53,312.20459938049316,0,1
2026-06-07 23:39:53,296.2307929992676,0,1
2026-06-07 23:39:54,266.92748069763184,0,1
2026-06-07 23:39:54,282.0477485656738,0,1
2026-06-07 23:39:55,382.63535499572754,0,1
2026-06-07 23:39:55,278.83124351501465,0,1
2026-06-07 23:39:56,404.5710563659668,0,1
2026-06-07 23:39:56,219.50697898864746,0,1
2026-06-07 23:39:56,326.0319232940674,0,1
2026-06-07 23:39:57,296.2377071380615,0,1
2026-06-07 23:39:57,266.94703102111816,0,1
2026-06-07 23:39:58,309.3690872192383,0,1
2026-06-07 23:39:58,326.6177177429199,0,1
2026-06-07 23:39:58,357.1915626525879,0,1
2026-06-07 23:39:59,312.4079704284668,0,1
2026-06-07 23:39:59,219.0389633178711,0,1
2026-06-07 23:40:00,324.6579170227051,0,1
2026-06-07 23:40:00,358.62135887145996,0,1
2026-06-07 23:40:01,249.7577667236328,0,1
2026-06-07 23:40:01,326.7102241516113,0,1
2026-06-07 23:40:01,291.41688346862793,0,1
2026-06-07 23:40:02,296.33545875549316,0,1
2026-06-07 23:40:02,358.79039764404297,0,1
2026-06-07 23:40:03,342.21911430358887,0,1
2026-06-07 23:40:03,233.33120346069336,0,1
2026-06-07 23:40:04,898.996114730835,0,1
2026-06-07 23:40:35,339.91312980651855,0,1
2026-06-07 23:40:36,341.9029712677002,0,1
2026-06-07 23:40:38,811.3749027252197,0,1
2026-06-07 23:40:40,311.6178512573242,0,1
2026-06-07 23:40:42,809.5302581787109,0,1
2026-06-07 23:40:44,380.0771236419678,0,1
2026-06-07 23:40:45,325.29592514038086,0,1
2026-06-07 23:40:49,642.3797607421875,0,1
