2026-06-02 00:55:47,0.6656646728515625,0,normal
2026-06-02 00:55:47,1.8811225891113281,0,normal
2026-06-02 00:55:47,1.9376277923583984,0,normal
2026-06-02 00:55:47,2.9387474060058594,0,normal
2026-06-02 00:55:47,2.1724700927734375,0,normal
2026-06-02 00:55:48,1.1310577392578125,0,normal
2026-06-02 00:55:48,1.0285377502441406,0,normal
2026-06-02 00:55:48,1.2736320495605469,0,normal
2026-06-02 00:55:48,1.2743473052978516,0,normal
2026-06-02 00:55:48,1.9829273223876953,0,normal
2026-06-02 00:55:48,1.3115406036376953,0,normal
2026-06-02 00:55:48,2.0139217376708984,0,normal
2026-06-02 00:55:48,7.7266693115234375,0,normal
2026-06-02 00:55:48,0.40435791015625,0,normal
2026-06-02 00:55:49,1.7476081848144531,0,normal
2026-06-02 00:55:49,2.5587081909179688,0,normal
2026-06-02 00:55:49,1.2688636779785156,0,normal
2026-06-02 00:55:49,1.2094974517822266,0,normal
2026-06-02 00:55:49,0.7436275482177734,0,normal
2026-06-02 00:55:49,2.5949478149414062,0,normal
2026-06-02 00:55:49,1.0619163513183594,0,normal
2026-06-02 00:55:49,1.0478496551513672,0,normal
2026-06-02 00:55:49,0.9438991546630859,0,normal
2026-06-02 00:55:49,1.384735107421875,0,normal
2026-06-02 00:55:50,0.8115768432617188,0,normal
2026-06-02 00:55:50,2.094268798828125,0,normal
2026-06-02 00:55:50,1.2063980102539062,0,normal
2026-06-02 00:55:50,3.791332244873047,0,normal
2026-06-02 00:55:50,2.273082733154297,0,normal
2026-06-02 00:55:50,1.8565654754638672,0,normal
2026-06-02 00:55:50,1.9185543060302734,0,normal
2026-06-02 00:55:50,1.4050006866455078,0,normal
2026-06-02 00:55:50,1.5473365783691406,0,normal
2026-06-02 00:55:51,5.430698394775391,0,normal
2026-06-02 00:55:51,1.979827880859375,0,normal
2026-06-02 00:55:51,1.6753673553466797,0,normal
2026-06-02 00:55:51,0.9479522705078125,0,normal
2026-06-02 00:55:51,1.4653205871582031,0,normal
2026-06-02 00:55:51,2.877473831176758,0,normal
2026-06-02 00:55:51,0.8022785186767578,0,normal
2026-06-02 00:55:51,1.8970966339111328,0,normal
2026-06-02 00:55:51,1.584768295288086,0,normal
2026-06-02 00:55:51,1.7316341400146484,0,normal
2026-06-02 00:55:52,2.535104751586914,0,normal
2026-06-02 00:55:52,1.4178752899169922,0,normal
2026-06-02 00:55:52,2.0203590393066406,0,normal
2026-06-02 00:55:52,1.0294914245605469,0,normal
2026-06-02 00:55:52,0.8990764617919922,0,normal
2026-06-02 00:55:52,0.7872581481933594,0,normal
2026-06-02 00:55:52,0.431060791015625,0,normal
2026-06-02 00:55:52,0.5178451538085938,0,normal
2026-06-02 00:55:52,1.3155937194824219,0,normal
2026-06-02 00:55:52,2.0456314086914062,0,normal
2026-06-02 00:55:53,2.298116683959961,0,normal
2026-06-02 00:55:53,1.516580581665039,0,normal
2026-06-02 00:55:53,1.2121200561523438,0,normal
2026-06-02 00:55:53,0.9796619415283203,0,normal
2026-06-02 00:55:53,2.4585723876953125,0,normal
2026-06-02 00:55:53,1.5921592712402344,0,normal
2026-06-02 00:55:53,1.466512680053711,0,normal
2026-06-02 00:55:53,1.186370849609375,0,normal
2026-06-02 00:55:53,1.3546943664550781,0,normal
2026-06-02 00:55:54,1.7285346984863281,0,normal
2026-06-02 00:55:54,0.6473064422607422,0,normal
2026-06-02 00:55:54,1.1897087097167969,0,normal
2026-06-02 00:55:54,3.307342529296875,0,normal
2026-06-02 00:55:54,2.3407936096191406,0,normal
2026-06-02 00:55:54,1.4693737030029297,0,normal
2026-06-02 00:55:54,1.2848377227783203,0,normal
2026-06-02 00:55:54,2.0170211791992188,0,normal
2026-06-02 00:55:54,2.3801326751708984,0,normal
2026-06-02 00:55:54,1.0030269622802734,0,normal
2026-06-02 00:55:55,3.5266876220703125,0,normal
2026-06-02 00:55:55,1.2869834899902344,0,normal
2026-06-02 00:55:55,1.0733604431152344,0,normal
2026-06-02 00:55:55,1.285552978515625,0,normal
2026-06-02 00:55:55,1.688241958618164,0,normal
2026-06-02 00:55:55,1.1510848999023438,0,normal
2026-06-02 00:55:55,0.5915164947509766,0,normal
2026-06-02 00:55:55,0.46706199645996094,0,normal
2026-06-02 00:55:55,1.3041496276855469,0,normal
2026-06-02 00:55:55,2.1436214447021484,0,normal
2026-06-02 00:55:56,1.0700225830078125,0,normal
2026-06-02 00:55:56,3.657817840576172,0,normal
2026-06-02 00:55:56,1.8999576568603516,0,normal
2026-06-02 00:55:56,2.1076202392578125,0,normal
2026-06-02 00:55:56,1.3384819030761719,0,normal
2026-06-02 00:55:56,2.907991409301758,0,normal
2026-06-02 00:55:56,1.1432170867919922,0,normal
2026-06-02 00:55:56,1.4238357543945312,0,normal
2026-06-02 00:55:56,1.184225082397461,0,normal
2026-06-02 00:55:57,1.142263412475586,0,normal
2026-06-02 00:55:57,1.9898414611816406,0,normal
2026-06-02 00:55:57,2.910137176513672,0,normal
2026-06-02 00:55:57,1.9407272338867188,0,normal
2026-06-02 00:55:57,0.9515285491943359,0,normal
2026-06-02 00:55:57,1.3349056243896484,0,normal
2026-06-02 00:55:57,1.1456012725830078,0,normal
2026-06-02 00:55:57,1.3513565063476562,0,normal
2026-06-02 00:55:57,1.5909671783447266,0,normal
2026-06-02 00:55:57,1.9125938415527344,0,normal
2026-06-02 00:55:58,1.5802383422851562,0,normal
2026-06-02 00:55:58,1.033782958984375,0,normal
2026-06-02 00:55:58,1.3501644134521484,0,normal
2026-06-02 00:55:58,1.5764236450195312,0,normal
2026-06-02 00:55:58,1.8014907836914062,0,normal
2026-06-02 00:55:58,0.9071826934814453,0,normal
2026-06-02 00:55:58,3.2720565795898438,0,normal
2026-06-02 00:55:58,0.6155967712402344,0,normal
2026-06-02 00:55:58,1.15203857421875,0,normal
2026-06-02 00:55:58,1.3151168823242188,0,normal
2026-06-02 00:55:59,2.2830963134765625,0,normal
2026-06-02 00:55:59,0.46372413635253906,0,normal
2026-06-02 00:55:59,1.8236637115478516,0,normal
2026-06-02 00:55:59,2.3763179779052734,0,normal
2026-06-02 00:55:59,2.4521350860595703,0,normal
2026-06-02 00:55:59,1.4472007751464844,0,normal
2026-06-02 00:55:59,1.2423992156982422,0,normal
2026-06-02 00:55:59,1.0023117065429688,0,normal
2026-06-02 00:55:59,1.1909008026123047,0,normal
2026-06-02 00:56:00,1.161813735961914,0,normal
2026-06-02 00:56:00,0.49304962158203125,0,normal
2026-06-02 00:56:00,1.8947124481201172,0,normal
2026-06-02 00:56:00,1.9326210021972656,0,normal
2026-06-02 00:56:00,1.5308856964111328,0,normal
2026-06-02 00:56:00,1.3034343719482422,0,normal
2026-06-02 00:56:00,1.909017562866211,0,normal
2026-06-02 00:56:00,3.1976699829101562,0,normal
2026-06-02 00:56:00,1.5540122985839844,0,normal
2026-06-02 00:56:00,1.7862319946289062,0,normal
2026-06-02 00:56:01,1.5857219696044922,0,normal
2026-06-02 00:56:01,1.5766620635986328,0,normal
2026-06-02 00:56:01,1.6431808471679688,0,normal
2026-06-02 00:56:01,1.8191337585449219,0,normal
2026-06-02 00:56:01,1.4295578002929688,0,normal
2026-06-02 00:56:01,2.092123031616211,0,normal
2026-06-02 00:56:01,3.894329071044922,0,normal
2026-06-02 00:56:01,0.5609989166259766,0,normal
2026-06-02 00:56:01,0.7562637329101562,0,normal
2026-06-02 00:56:01,1.7046928405761719,0,normal
2026-06-02 00:56:02,1.7788410186767578,0,normal
2026-06-02 00:56:02,3.2079219818115234,0,normal
2026-06-02 00:56:02,1.580953598022461,0,normal
2026-06-02 00:56:02,2.607107162475586,0,normal
2026-06-02 00:56:02,2.234220504760742,0,normal
2026-06-02 00:56:02,2.260446548461914,0,normal
2026-06-02 00:56:02,1.2531280517578125,0,normal
2026-06-02 00:56:02,0.7486343383789062,0,normal
2026-06-02 00:56:02,1.6398429870605469,0,normal
2026-06-02 00:56:03,2.8007030487060547,0,normal
2026-06-02 00:56:03,1.64031982421875,0,normal
2026-06-02 00:56:03,2.243518829345703,0,normal
2026-06-02 00:56:03,1.5978813171386719,0,normal
2026-06-02 00:56:03,2.634286880493164,0,normal
2026-06-02 00:56:03,1.2400150299072266,0,normal
2026-06-02 00:56:03,2.0580291748046875,0,normal
2026-06-02 00:56:03,1.4684200286865234,0,normal
2026-06-02 00:56:03,0.4742145538330078,0,normal
2026-06-02 00:56:03,1.4476776123046875,0,normal
2026-06-02 00:56:04,0.7109642028808594,0,normal
2026-06-02 00:56:04,1.0139942169189453,0,normal
2026-06-02 00:56:04,1.7936229705810547,0,normal
2026-06-02 00:56:04,1.931905746459961,0,normal
2026-06-02 00:56:04,1.6655921936035156,0,normal
2026-06-02 00:56:04,4.160404205322266,0,normal
2026-06-02 00:56:04,3.6058425903320312,0,normal
2026-06-02 00:56:04,2.9311180114746094,0,normal
2026-06-02 00:56:04,1.0209083557128906,0,normal
2026-06-02 00:56:04,0.8633136749267578,0,normal
2026-06-02 00:56:05,0.4372596740722656,0,normal
2026-06-02 00:56:05,1.9991397857666016,0,normal
2026-06-02 00:56:05,0.8296966552734375,0,normal
2026-06-02 00:56:05,1.912832260131836,0,normal
2026-06-02 00:56:05,1.3256072998046875,0,normal
2026-06-02 00:56:05,1.7712116241455078,0,normal
2026-06-02 00:56:05,1.6739368438720703,0,normal
2026-06-02 00:56:05,1.5845298767089844,0,normal
2026-06-02 00:56:05,1.7316341400146484,0,normal
2026-06-02 00:56:06,3.2846927642822266,0,normal
2026-06-02 00:56:06,1.775979995727539,0,normal
2026-06-02 00:56:06,1.4579296112060547,0,normal
2026-06-02 00:56:06,1.4188289642333984,0,normal
2026-06-02 00:56:06,1.3957023620605469,0,normal
2026-06-02 00:56:06,2.2406578063964844,0,normal
2026-06-02 00:56:06,1.409292221069336,0,normal
2026-06-02 00:56:06,2.147674560546875,0,normal
2026-06-02 00:56:06,2.2230148315429688,0,normal
2026-06-02 00:56:06,2.0265579223632812,0,normal
2026-06-02 00:56:07,1.4159679412841797,0,normal
2026-06-02 00:56:07,2.977132797241211,0,normal
2026-06-02 00:56:07,1.7087459564208984,0,normal
2026-06-02 00:56:07,1.0786056518554688,0,normal
2026-06-02 00:56:07,1.1048316955566406,0,normal
2026-06-02 00:56:07,1.1131763458251953,0,normal
2026-06-02 00:56:07,2.7322769165039062,0,normal
2026-06-02 00:56:07,1.7390251159667969,0,normal
2026-06-02 00:56:07,1.634359359741211,0,normal
2026-06-02 00:56:08,0.6229877471923828,0,normal
2026-06-02 00:56:08,0.9093284606933594,0,normal
2026-06-02 00:56:08,0.4477500915527344,0,normal
2026-06-02 00:56:08,1.6734600067138672,0,normal
2026-06-02 00:56:08,1.0790824890136719,0,normal
2026-06-02 00:56:08,2.4251937866210938,0,normal
2026-06-02 00:56:08,1.4224052429199219,0,normal
2026-06-02 00:56:08,1.397848129272461,0,normal
2026-06-02 00:56:08,2.5136470794677734,0,normal
2026-06-02 00:56:08,1.5742778778076172,0,normal
2026-06-02 00:56:09,1.1386871337890625,0,normal
2026-06-02 00:56:09,2.0956993103027344,0,normal
2026-06-02 00:56:09,1.9826889038085938,0,normal
2026-06-02 00:56:09,1.867055892944336,0,normal
2026-06-02 00:56:09,1.0602474212646484,0,normal
2026-06-02 00:56:09,1.4464855194091797,0,normal
2026-06-02 00:56:09,1.8990039825439453,0,normal
2026-06-02 00:56:09,1.3110637664794922,0,normal
2026-06-02 00:56:09,1.7690658569335938,0,normal
2026-06-02 00:56:10,1.7039775848388672,0,normal
2026-06-02 00:56:10,0.5209445953369141,0,normal
2026-06-02 00:56:10,3.7097930908203125,0,normal
2026-06-02 00:56:10,1.0042190551757812,0,normal
2026-06-02 00:56:10,0.9489059448242188,0,normal
2026-06-02 00:56:10,1.3380050659179688,0,normal
2026-06-02 00:56:10,1.7600059509277344,0,normal
2026-06-02 00:56:10,1.9140243530273438,0,normal
2026-06-02 00:56:10,0.9832382202148438,0,normal
2026-06-02 00:56:10,1.1942386627197266,0,normal
2026-06-02 00:56:11,2.15911865234375,0,normal
2026-06-02 00:56:11,0.8025169372558594,0,normal
2026-06-02 00:56:11,0.7233619689941406,0,normal
2026-06-02 00:56:11,1.1141300201416016,0,normal
2026-06-02 00:56:11,2.8803348541259766,0,normal
2026-06-02 00:56:11,0.5869865417480469,0,normal
2026-06-02 00:56:11,1.6217231750488281,0,normal
2026-06-02 00:56:11,4.602909088134766,0,normal
2026-06-02 00:56:11,2.941608428955078,0,normal
2026-06-02 00:56:11,3.2749176025390625,0,normal
2026-06-02 00:56:12,1.676797866821289,0,normal
2026-06-02 00:56:12,2.5420188903808594,0,normal
2026-06-02 00:56:12,1.4240741729736328,0,normal
2026-06-02 00:56:12,1.6407966613769531,0,normal
2026-06-02 00:56:12,3.1011104583740234,0,normal
2026-06-02 00:56:12,3.0181407928466797,0,normal
2026-06-02 00:56:12,1.4777183532714844,0,normal
2026-06-02 00:56:12,1.0192394256591797,0,normal
2026-06-02 00:56:12,2.2423267364501953,0,normal
2026-06-02 00:56:13,1.4443397521972656,0,normal
2026-06-02 00:56:13,2.1409988403320312,0,normal
2026-06-02 00:56:13,1.5082359313964844,0,normal
2026-06-02 00:56:13,2.1843910217285156,0,normal
2026-06-02 00:56:13,1.9533634185791016,0,normal
2026-06-02 00:56:13,1.771688461303711,0,normal
2026-06-02 00:56:13,0.8375644683837891,0,normal
2026-06-02 00:56:13,1.4238357543945312,0,normal
2026-06-02 00:56:13,1.058340072631836,0,normal
2026-06-02 00:56:13,2.58636474609375,0,normal
2026-06-02 00:56:14,2.597808837890625,0,normal
2026-06-02 00:56:14,0.7777214050292969,0,normal
2026-06-02 00:56:14,1.5571117401123047,0,normal
2026-06-02 00:56:14,1.8186569213867188,0,normal
2026-06-02 00:56:14,0.45418739318847656,0,normal
2026-06-02 00:56:14,0.49805641174316406,0,normal
2026-06-02 00:56:14,0.5381107330322266,0,normal
2026-06-02 00:56:14,1.451253890991211,0,normal
2026-06-02 00:56:14,1.3701915740966797,0,normal
2026-06-02 00:56:14,2.4018287658691406,0,normal
2026-06-02 00:56:15,2.8014183044433594,0,normal
2026-06-02 00:56:15,2.4204254150390625,0,normal
2026-06-02 00:56:15,3.8526058197021484,0,normal
2026-06-02 00:56:15,2.129077911376953,0,normal
2026-06-02 00:56:15,1.7168521881103516,0,normal
2026-06-02 00:56:15,1.7235279083251953,0,normal
2026-06-02 00:56:15,0.5753040313720703,0,normal
2026-06-02 00:56:15,1.4514923095703125,0,normal
2026-06-02 00:56:15,0.9424686431884766,0,normal
2026-06-02 00:56:16,2.3527145385742188,0,normal
2026-06-02 00:56:16,4.181146621704102,0,normal
2026-06-02 00:56:16,0.6082057952880859,0,normal
2026-06-02 00:56:16,1.3611316680908203,0,normal
2026-06-02 00:56:16,2.222299575805664,0,normal
2026-06-02 00:56:16,0.9260177612304688,0,normal
2026-06-02 00:56:16,1.2123584747314453,0,normal
2026-06-02 00:56:16,2.767801284790039,0,normal
2026-06-02 00:56:16,2.3801326751708984,0,normal
2026-06-02 00:56:16,1.5087127685546875,0,normal
2026-06-02 00:56:17,3.2372474670410156,0,normal
2026-06-02 00:56:17,1.2600421905517578,0,normal
2026-06-02 00:56:17,1.8661022186279297,0,normal
2026-06-02 00:56:17,1.363515853881836,0,normal
2026-06-02 00:56:17,5.297660827636719,0,normal
2026-06-02 00:56:17,0.48851966857910156,0,normal
2026-06-02 00:56:17,1.0819435119628906,0,normal
2026-06-02 00:56:17,0.8902549743652344,0,normal
2026-06-02 00:56:17,1.9109249114990234,0,normal
2026-06-02 00:56:17,0.5357265472412109,0,normal
2026-06-02 00:56:18,1.481771469116211,0,normal
2026-06-02 00:56:18,2.7365684509277344,0,normal
2026-06-02 00:56:18,0.926971435546875,0,normal
2026-06-02 00:56:18,1.848459243774414,0,normal
2026-06-02 00:56:18,4.564762115478516,0,normal
2026-06-02 00:56:18,1.4126300811767578,0,normal
2026-06-02 00:56:18,1.6360282897949219,0,normal
2026-06-02 00:56:18,3.326892852783203,0,normal
2026-06-02 00:56:18,2.3107528686523438,0,normal
2026-06-02 00:56:19,1.493215560913086,0,normal
2026-06-02 00:56:19,2.491474151611328,0,normal
2026-06-02 00:56:19,0.7915496826171875,0,normal
2026-06-02 00:56:19,0.8032321929931641,0,normal
2026-06-02 00:56:19,1.7805099487304688,0,normal
2026-06-02 00:56:19,1.6717910766601562,0,normal
2026-06-02 00:56:19,1.0814666748046875,0,normal
2026-06-02 00:56:19,1.5110969543457031,0,normal
2026-06-02 00:56:19,2.524852752685547,0,normal
2026-06-02 00:56:19,1.5811920166015625,0,normal
2026-06-02 00:56:20,1.856088638305664,0,normal
2026-06-02 00:56:20,1.5087127685546875,0,normal
2026-06-02 00:56:20,3.714323043823242,0,normal
2026-06-02 00:56:20,1.2569427490234375,0,normal
2026-06-02 00:56:20,1.0325908660888672,0,normal
2026-06-02 00:56:20,1.180410385131836,0,normal
2026-06-02 00:56:20,0.8945465087890625,0,normal
2026-06-02 00:56:20,1.5354156494140625,0,normal
2026-06-02 00:56:20,1.1022090911865234,0,normal
2026-06-02 00:56:21,1.766204833984375,0,normal
2026-06-02 00:56:21,1.2173652648925781,0,normal
2026-06-02 00:56:21,2.2521018981933594,0,normal
2026-06-02 00:56:21,0.9055137634277344,0,normal
2026-06-02 00:56:21,1.9304752349853516,0,normal
2026-06-02 00:56:21,2.1538734436035156,0,normal
2026-06-02 00:56:21,1.1334419250488281,0,normal
2026-06-02 00:56:21,1.1284351348876953,0,normal
2026-06-02 00:56:21,1.0488033294677734,0,normal
2026-06-02 00:56:21,0.8580684661865234,0,normal
2026-06-02 00:56:22,1.6362667083740234,0,normal
2026-06-02 00:56:22,1.3027191162109375,0,normal
2026-06-02 00:56:22,1.5912055969238281,0,normal
2026-06-02 00:56:22,1.0159015655517578,0,normal
2026-06-02 00:56:22,1.725912094116211,0,normal
2026-06-02 00:56:22,1.6925334930419922,0,normal
2026-06-02 00:56:22,1.7099380493164062,0,normal
2026-06-02 00:56:22,2.2821426391601562,0,normal
2026-06-02 00:56:22,2.290487289428711,0,normal
2026-06-02 00:56:22,1.6796588897705078,0,normal
2026-06-02 00:56:23,1.2421607971191406,0,normal
2026-06-02 00:56:23,1.60980224609375,0,normal
2026-06-02 00:56:23,1.4977455139160156,0,normal
2026-06-02 00:56:23,1.024484634399414,0,normal
2026-06-02 00:56:23,1.2710094451904297,0,normal
2026-06-02 00:56:23,1.5180110931396484,0,normal
2026-06-02 00:56:23,2.0647048950195312,0,normal
2026-06-02 00:56:23,0.7674694061279297,0,normal
2026-06-02 00:56:23,1.4674663543701172,0,normal
2026-06-02 00:56:24,1.3997554779052734,0,normal
2026-06-02 00:56:24,1.5649795532226562,0,normal
2026-06-02 00:56:24,1.0502338409423828,0,normal
2026-06-02 00:56:24,1.8579959869384766,0,normal
2026-06-02 00:56:24,0.5528926849365234,0,normal
2026-06-02 00:56:24,2.0236968994140625,0,normal
2026-06-02 00:56:24,1.6798973083496094,0,normal
2026-06-02 00:56:24,1.7218589782714844,0,normal
2026-06-02 00:56:24,1.9724369049072266,0,normal
2026-06-02 00:56:24,1.5566349029541016,0,normal
2026-06-02 00:56:25,5.982637405395508,0,normal
2026-06-02 00:56:25,1.809835433959961,0,normal
2026-06-02 00:56:25,2.686738967895508,0,normal
2026-06-02 00:56:25,1.630544662475586,0,normal
2026-06-02 00:56:25,2.404451370239258,0,normal
2026-06-02 00:56:25,1.9831657409667969,0,normal
2026-06-02 00:56:25,1.138925552368164,0,normal
2026-06-02 00:56:25,1.981496810913086,0,normal
2026-06-02 00:56:25,1.560211181640625,0,normal
2026-06-02 00:56:26,0.6635189056396484,0,normal
2026-06-02 00:56:26,1.3127326965332031,0,normal
2026-06-02 00:56:26,2.0568370819091797,0,normal
2026-06-02 00:56:26,1.2271404266357422,0,normal
2026-06-02 00:56:26,1.8894672393798828,0,normal
2026-06-02 00:56:26,1.7497539520263672,0,normal
2026-06-02 00:56:26,1.926422119140625,0,normal
2026-06-02 00:56:26,1.7316341400146484,0,normal
2026-06-02 00:56:26,2.2842884063720703,0,normal
2026-06-02 00:56:26,0.8409023284912109,0,normal
2026-06-02 00:56:27,2.0096302032470703,0,normal
2026-06-02 00:56:27,2.3000240325927734,0,normal
2026-06-02 00:56:27,1.5490055084228516,0,normal
2026-06-02 00:56:27,1.5740394592285156,0,normal
2026-06-02 00:56:27,1.7147064208984375,0,normal
2026-06-02 00:56:27,1.4271736145019531,0,normal
2026-06-02 00:56:27,1.4529228210449219,0,normal
2026-06-02 00:56:27,1.4443397521972656,0,normal
2026-06-02 00:56:27,1.1243820190429688,0,normal
2026-06-02 00:56:27,2.019166946411133,0,normal
2026-06-02 00:56:28,1.344919204711914,0,normal
2026-06-02 00:56:28,1.155853271484375,0,normal
2026-06-02 00:56:28,1.7499923706054688,0,normal
2026-06-02 00:56:28,1.8947124481201172,0,normal
2026-06-02 00:56:28,1.9793510437011719,0,normal
2026-06-02 00:56:28,0.9765625,0,normal
2026-06-02 00:56:28,1.444101333618164,0,normal
2026-06-02 00:56:28,1.6760826110839844,0,normal
2026-06-02 00:56:28,1.1768341064453125,0,normal
2026-06-02 00:56:29,1.4312267303466797,0,normal
2026-06-02 00:56:29,1.2269020080566406,0,normal
2026-06-02 00:56:29,1.4100074768066406,0,normal
2026-06-02 00:56:29,1.5003681182861328,0,normal
2026-06-02 00:56:29,0.8289813995361328,0,normal
2026-06-02 00:56:29,0.8294582366943359,0,normal
2026-06-02 00:56:29,1.1920928955078125,0,normal
2026-06-02 00:56:29,1.0712146759033203,0,normal
2026-06-02 00:56:29,0.74005126953125,0,normal
2026-06-02 00:56:29,1.5993118286132812,0,normal
2026-06-02 00:56:30,0.4658699035644531,0,normal
2026-06-02 00:56:30,0.8325576782226562,0,normal
2026-06-02 00:56:30,0.7839202880859375,0,normal
2026-06-02 00:56:30,1.2526512145996094,0,normal
2026-06-02 00:56:30,2.0029544830322266,0,normal
2026-06-02 00:56:30,0.8826255798339844,0,normal
2026-06-02 00:56:30,1.4522075653076172,0,normal
2026-06-02 00:56:30,1.5597343444824219,0,normal
2026-06-02 00:56:30,2.048969268798828,0,normal
2026-06-02 00:56:30,0.5536079406738281,0,normal
2026-06-02 00:56:31,1.3005733489990234,0,normal
2026-06-02 00:56:31,1.0976791381835938,0,normal
2026-06-02 00:56:31,1.9121170043945312,0,normal
2026-06-02 00:56:31,1.0685920715332031,0,normal
2026-06-02 00:56:31,2.0360946655273438,0,normal
2026-06-02 00:56:31,1.3072490692138672,0,normal
2026-06-02 00:56:31,1.7461776733398438,0,normal
2026-06-02 00:56:31,0.6079673767089844,0,normal
2026-06-02 00:56:31,1.3642311096191406,0,normal
2026-06-02 00:56:32,0.7903575897216797,0,normal
2026-06-02 00:56:32,1.979827880859375,0,normal
2026-06-02 00:56:32,1.1379718780517578,0,normal
2026-06-02 00:56:32,0.9663105010986328,0,normal
2026-06-02 00:56:32,1.779317855834961,0,normal
2026-06-02 00:56:32,1.5978813171386719,0,normal
2026-06-02 00:56:32,0.9510517120361328,0,normal
2026-06-02 00:56:32,1.6431808471679688,0,normal
2026-06-02 00:56:32,1.4123916625976562,0,normal
2026-06-02 00:56:32,2.0208358764648438,0,normal
2026-06-02 00:56:33,1.4181137084960938,0,normal
2026-06-02 00:56:33,1.1560916900634766,0,normal
2026-06-02 00:56:33,0.797271728515625,0,normal
2026-06-02 00:56:33,1.4636516571044922,0,normal
2026-06-02 00:56:33,1.3706684112548828,0,normal
2026-06-02 00:56:33,1.1839866638183594,0,normal
2026-06-02 00:56:33,1.2340545654296875,0,normal
2026-06-02 00:56:33,1.6629695892333984,0,normal
2026-06-02 00:56:33,1.7714500427246094,0,normal
2026-06-02 00:56:34,2.4576187133789062,0,normal
2026-06-02 00:56:34,1.012563705444336,0,normal
2026-06-02 00:56:34,1.796722412109375,0,normal
2026-06-02 00:56:34,0.8921623229980469,0,normal
2026-06-02 00:56:34,1.188516616821289,0,normal
2026-06-02 00:56:34,1.5208721160888672,0,normal
2026-06-02 00:56:34,1.4700889587402344,0,normal
2026-06-02 00:56:34,3.308534622192383,0,normal
2026-06-02 00:56:34,1.468658447265625,0,normal
2026-06-02 00:56:34,1.3134479522705078,0,normal
2026-06-02 00:56:35,2.4967193603515625,0,normal
2026-06-02 00:56:35,1.0538101196289062,0,normal
2026-06-02 00:56:35,2.349376678466797,0,normal
2026-06-02 00:56:35,1.4197826385498047,0,normal
2026-06-02 00:56:35,1.2333393096923828,0,normal
2026-06-02 00:56:35,1.1408329010009766,0,normal
2026-06-02 00:56:35,1.3675689697265625,0,normal
2026-06-02 00:56:35,1.428365707397461,0,normal
2026-06-02 00:56:35,0.69427490234375,0,normal
2026-06-02 00:56:36,1.432657241821289,0,normal
2026-06-02 00:56:36,1.3298988342285156,0,normal
2026-06-02 00:56:36,1.3911724090576172,0,normal
2026-06-02 00:56:36,0.7493495941162109,0,normal
2026-06-02 00:56:36,1.4586448669433594,0,normal
2026-06-02 00:56:36,2.833127975463867,0,normal
2026-06-02 00:56:36,1.7139911651611328,0,normal
2026-06-02 00:56:36,0.6229877471923828,0,normal
2026-06-02 00:56:36,1.9276142120361328,0,normal
2026-06-02 00:56:36,1.2500286102294922,0,normal
2026-06-02 00:56:37,1.565694808959961,0,normal
2026-06-02 00:56:37,1.130819320678711,0,normal
2026-06-02 00:56:37,1.186370849609375,0,normal
2026-06-02 00:56:37,1.2574195861816406,0,normal
2026-06-02 00:56:37,1.6260147094726562,0,normal
2026-06-02 00:56:37,1.7175674438476562,0,normal
2026-06-02 00:56:37,2.146482467651367,0,normal
2026-06-02 00:56:37,1.0640621185302734,0,normal
2026-06-02 00:56:37,0.9386539459228516,0,normal
2026-06-02 00:56:37,2.2211074829101562,0,normal
2026-06-02 00:56:38,1.238107681274414,0,normal
2026-06-02 00:56:38,2.435445785522461,0,normal
2026-06-02 00:56:38,1.2764930725097656,0,normal
2026-06-02 00:56:38,1.2843608856201172,0,normal
2026-06-02 00:56:38,0.885009765625,0,normal
2026-06-02 00:56:38,1.8148422241210938,0,normal
2026-06-02 00:56:38,4.51970100402832,0,normal
2026-06-02 00:56:38,1.1889934539794922,0,normal
2026-06-02 00:56:38,1.8711090087890625,0,normal
2026-06-02 00:56:39,1.8527507781982422,0,normal
2026-06-02 00:56:39,1.8482208251953125,0,normal
2026-06-02 00:56:39,1.0442733764648438,0,normal
2026-06-02 00:56:39,1.3849735260009766,0,normal
2026-06-02 00:56:39,1.7268657684326172,0,normal
2026-06-02 00:56:39,0.8587837219238281,0,normal
2026-06-02 00:56:39,1.4832019805908203,0,normal
2026-06-02 00:56:39,1.3582706451416016,0,normal
2026-06-02 00:56:39,1.4998912811279297,0,normal
2026-06-02 00:56:39,1.237630844116211,0,normal
2026-06-02 00:56:40,1.6088485717773438,0,normal
2026-06-02 00:56:40,2.087831497192383,0,normal
2026-06-02 00:56:40,6.0520172119140625,0,normal
2026-06-02 00:56:40,1.6393661499023438,0,normal
2026-06-02 00:56:40,1.1670589447021484,0,normal
2026-06-02 00:56:40,0.9982585906982422,0,normal
2026-06-02 00:56:40,1.9412040710449219,0,normal
2026-06-02 00:56:40,1.5332698822021484,0,normal
2026-06-02 00:56:40,1.367330551147461,0,normal
2026-06-02 00:56:41,1.6880035400390625,0,normal
2026-06-02 00:56:41,2.1576881408691406,0,normal
2026-06-02 00:56:41,1.5418529510498047,0,normal
2026-06-02 00:56:41,1.3518333435058594,0,normal
2026-06-02 00:56:41,1.5892982482910156,0,normal
2026-06-02 00:56:41,1.0476112365722656,0,normal
2026-06-02 00:56:41,2.6769638061523438,0,normal
2026-06-02 00:56:41,0.8950233459472656,0,normal
2026-06-02 00:56:41,1.6164779663085938,0,normal
2026-06-02 00:56:41,1.978158950805664,0,normal
2026-06-02 00:56:42,1.9137859344482422,0,normal
2026-06-02 00:56:42,1.312255859375,0,normal
2026-06-02 00:56:42,2.827882766723633,0,normal
2026-06-02 00:56:42,1.8677711486816406,0,normal
2026-06-02 00:56:42,1.1184215545654297,0,normal
2026-06-02 00:56:42,1.3072490692138672,0,normal
2026-06-02 00:56:42,0.8962154388427734,0,normal
2026-06-02 00:56:42,0.8521080017089844,0,normal
2026-06-02 00:56:42,0.8699893951416016,0,normal
2026-06-02 00:56:42,1.2776851654052734,0,normal
2026-06-02 00:56:43,1.1360645294189453,0,normal
2026-06-02 00:56:43,1.2309551239013672,0,normal
2026-06-02 00:56:43,1.7216205596923828,0,normal
2026-06-02 00:56:43,1.6658306121826172,0,normal
2026-06-02 00:56:43,2.8192996978759766,0,normal
2026-06-02 00:56:43,1.989603042602539,0,normal
2026-06-02 00:56:43,1.6200542449951172,0,normal
2026-06-02 00:56:43,1.5201568603515625,0,normal
2026-06-02 00:56:43,1.7676353454589844,0,normal
2026-06-02 00:56:44,4.325151443481445,0,normal
2026-06-02 00:56:44,2.2406578063964844,0,normal
2026-06-02 00:56:44,1.0137557983398438,0,normal
2026-06-02 00:56:44,1.5947818756103516,0,normal
2026-06-02 00:56:44,0.44226646423339844,0,normal
2026-06-02 00:56:44,0.4925727844238281,0,normal
2026-06-02 00:56:44,0.4820823669433594,0,normal
2026-06-02 00:56:44,1.15966796875,0,normal
2026-06-02 00:56:44,1.1701583862304688,0,normal
2026-06-02 00:56:44,2.508878707885742,0,normal
2026-06-02 00:56:45,2.246856689453125,0,normal
2026-06-02 00:56:45,1.8849372863769531,0,normal
2026-06-02 00:56:45,1.5420913696289062,0,normal
2026-06-02 00:56:45,1.6241073608398438,0,normal
2026-06-02 00:56:45,4.475593566894531,0,normal
2026-06-02 00:56:45,1.3170242309570312,0,normal
2026-06-02 00:56:45,1.35040283203125,0,normal
2026-06-02 00:56:45,2.9439926147460938,0,normal
2026-06-02 00:56:45,0.7016658782958984,0,normal
2026-06-02 00:56:46,2.9664039611816406,0,normal
2026-06-02 00:56:46,1.4882087707519531,0,normal
2026-06-02 00:56:46,1.8284320831298828,0,normal
2026-06-02 00:56:46,1.438140869140625,0,normal
2026-06-02 00:56:46,2.5475025177001953,0,normal
2026-06-02 00:56:46,1.3699531555175781,0,normal
2026-06-02 00:56:46,2.282857894897461,0,normal
2026-06-02 00:56:46,4.268884658813477,0,normal
2026-06-02 00:56:46,0.9069442749023438,0,normal
2026-06-02 00:56:46,1.8758773803710938,0,normal
2026-06-02 00:56:47,1.9671916961669922,0,normal
2026-06-02 00:56:47,1.0762214660644531,0,normal
2026-06-02 00:56:47,1.4410018920898438,0,normal
2026-06-02 00:56:47,1.7278194427490234,0,normal
2026-06-02 00:56:47,2.0666122436523438,0,normal
2026-06-02 00:56:47,4.028081893920898,0,normal
2026-06-02 00:56:47,1.6350746154785156,0,normal
2026-06-02 00:56:47,2.3565292358398438,0,normal
2026-06-02 00:56:47,0.5714893341064453,0,normal
2026-06-02 00:56:47,1.6829967498779297,0,normal
2026-06-02 00:56:48,2.1398067474365234,0,normal
2026-06-02 00:56:48,1.5201568603515625,0,normal
2026-06-02 00:56:48,2.093076705932617,0,normal
2026-06-02 00:56:48,2.082347869873047,0,normal
2026-06-02 00:56:48,1.7368793487548828,0,normal
2026-06-02 00:56:48,1.1017322540283203,0,normal
2026-06-02 00:56:48,2.099752426147461,0,normal
2026-06-02 00:56:48,0.6208419799804688,0,normal
2026-06-02 00:56:48,1.8091201782226562,0,normal
2026-06-02 00:56:49,9.295940399169922,0,normal
2026-06-02 00:56:49,2.4950504302978516,0,normal
2026-06-02 00:56:49,1.5785694122314453,0,normal
2026-06-02 00:56:49,2.6276111602783203,0,normal
2026-06-02 00:56:49,1.6162395477294922,0,normal
2026-06-02 00:56:49,0.9655952453613281,0,normal
2026-06-02 00:56:49,2.1750926971435547,0,normal
2026-06-02 00:56:49,1.688241958618164,0,normal
2026-06-02 00:56:49,1.7783641815185547,0,normal
2026-06-02 00:56:49,1.565694808959961,0,normal
2026-06-02 00:56:50,1.378774642944336,0,normal
2026-06-02 00:56:50,1.2614727020263672,0,normal
2026-06-02 00:56:50,2.8574466705322266,0,normal
2026-06-02 00:56:50,1.5931129455566406,0,normal
2026-06-02 00:56:50,1.2295246124267578,0,normal
2026-06-02 00:56:50,1.432657241821289,0,normal
2026-06-02 00:56:50,1.2507438659667969,0,normal
2026-06-02 00:56:50,2.210378646850586,0,normal
2026-06-02 00:56:50,1.0673999786376953,0,normal
2026-06-02 00:56:51,3.772735595703125,0,normal
2026-06-02 00:56:51,0.9908676147460938,0,normal
2026-06-02 00:56:51,1.926422119140625,0,normal
2026-06-02 00:56:51,1.5153884887695312,0,normal
2026-06-02 00:56:51,1.9693374633789062,0,normal
2026-06-02 00:56:51,1.5332698822021484,0,normal
2026-06-02 00:56:51,1.9099712371826172,0,normal
2026-06-02 00:56:51,0.7665157318115234,0,normal
2026-06-02 00:56:51,1.2607574462890625,0,normal
2026-06-02 00:56:51,1.325845718383789,0,normal
2026-06-02 00:56:52,1.3191699981689453,0,normal
2026-06-02 00:56:52,0.6287097930908203,0,normal
2026-06-02 00:56:52,1.5411376953125,0,normal
2026-06-02 00:56:52,1.9083023071289062,0,normal
2026-06-02 00:56:52,1.859903335571289,0,normal
2026-06-02 00:56:52,1.3470649719238281,0,normal
2026-06-02 00:56:52,1.2328624725341797,0,normal
2026-06-02 00:56:52,1.3384819030761719,0,normal
2026-06-02 00:56:52,1.2729167938232422,0,normal
2026-06-02 00:56:52,1.0099411010742188,0,normal
2026-06-02 00:56:53,1.7936229705810547,0,normal
2026-06-02 00:56:53,1.86920166015625,0,normal
2026-06-02 00:56:53,2.2656917572021484,0,normal
2026-06-02 00:56:53,1.3277530670166016,0,normal
2026-06-02 00:56:53,1.4383792877197266,0,normal
2026-06-02 00:56:53,3.44085693359375,0,normal
2026-06-02 00:56:53,1.8839836120605469,0,normal
2026-06-02 00:56:53,3.4515857696533203,0,normal
2026-06-02 00:56:53,1.4185905456542969,0,normal
2026-06-02 00:56:54,1.047372817993164,0,normal
2026-06-02 00:56:54,0.972747802734375,0,normal
2026-06-02 00:56:54,2.3152828216552734,0,normal
2026-06-02 00:56:54,0.9131431579589844,0,normal
2026-06-02 00:56:54,2.6366710662841797,0,normal
2026-06-02 00:56:54,1.6846656799316406,0,normal
2026-06-02 00:56:54,4.450559616088867,0,normal
2026-06-02 00:56:54,1.203298568725586,0,normal
2026-06-02 00:56:54,1.708984375,0,normal
2026-06-02 00:56:54,1.6279220581054688,0,normal
2026-06-02 00:56:55,2.0220279693603516,0,normal
2026-06-02 00:56:55,3.1843185424804688,0,normal
2026-06-02 00:56:55,0.7584095001220703,0,normal
2026-06-02 00:56:55,0.6189346313476562,0,normal
2026-06-02 00:56:55,1.6312599182128906,0,normal
2026-06-02 00:56:55,1.857757568359375,0,normal
2026-06-02 00:56:55,0.5195140838623047,0,normal
2026-06-02 00:56:55,1.6970634460449219,0,normal
2026-06-02 00:56:55,1.814126968383789,0,normal
2026-06-02 00:56:56,1.3952255249023438,0,normal
2026-06-02 00:56:56,1.8610954284667969,0,normal
2026-06-02 00:56:56,2.1762847900390625,0,normal
2026-06-02 00:56:56,5.442380905151367,0,normal
2026-06-02 00:56:56,1.2879371643066406,0,normal
2026-06-02 00:56:56,3.2737255096435547,0,normal
2026-06-02 00:56:56,1.7771720886230469,0,normal
2026-06-02 00:56:56,1.4967918395996094,0,normal
2026-06-02 11:26:05,1.245737075805664,0,normal
2026-06-02 11:26:05,1.1267662048339844,0,normal
2026-06-02 11:26:05,1.527547836303711,0,normal
2026-06-02 11:26:05,1.2941360473632812,0,normal
2026-06-02 11:26:06,1.5883445739746094,0,normal
2026-06-02 11:26:06,0.6263256072998047,0,normal
2026-06-02 11:26:06,0.4398822784423828,0,normal
2026-06-02 11:26:06,1.287698745727539,0,normal
2026-06-02 11:26:06,0.4756450653076172,0,normal
2026-06-02 11:26:06,0.6916522979736328,0,normal
2026-06-02 11:26:06,0.42319297790527344,0,normal
2026-06-02 11:26:06,0.6029605865478516,0,normal
2026-06-02 11:26:06,0.44727325439453125,0,normal
2026-06-02 11:26:06,0.5548000335693359,0,normal
2026-06-02 11:26:07,0.6270408630371094,0,normal
2026-06-02 11:26:07,1.725912094116211,0,normal
2026-06-02 11:26:07,1.2066364288330078,0,normal
2026-06-02 11:26:07,0.7612705230712891,0,normal
2026-06-02 11:26:07,0.6206035614013672,0,normal
2026-06-02 11:26:07,0.415802001953125,0,normal
2026-06-02 11:26:07,0.8716583251953125,0,normal
2026-06-02 11:26:07,0.9360313415527344,0,normal
2026-06-02 11:26:07,1.1670589447021484,0,normal
2026-06-02 11:26:07,1.7693042755126953,0,normal
2026-06-02 11:26:08,0.84686279296875,0,normal
2026-06-02 11:26:08,0.7083415985107422,0,normal
2026-06-02 11:26:08,0.5505084991455078,0,normal
2026-06-02 11:26:08,0.52642822265625,0,normal
2026-06-02 11:26:08,1.0876655578613281,0,normal
2026-06-02 11:26:08,1.3854503631591797,0,normal
2026-06-02 11:26:08,1.834869384765625,0,normal
2026-06-02 11:26:08,0.5922317504882812,0,normal
2026-06-02 11:26:08,1.0776519775390625,0,normal
2026-06-02 11:26:08,0.5676746368408203,0,normal
2026-06-02 11:26:09,1.0309219360351562,0,normal
2026-06-02 11:26:09,0.5018711090087891,0,normal
2026-06-02 11:26:09,2.419710159301758,0,normal
2026-06-02 11:26:09,1.0907649993896484,0,normal
2026-06-02 11:26:09,1.2955665588378906,0,normal
2026-06-02 11:26:09,1.5361309051513672,0,normal
2026-06-02 11:26:09,1.5406608581542969,0,normal
2026-06-02 11:26:09,0.8418560028076172,0,normal
2026-06-02 11:26:09,1.4393329620361328,0,normal
2026-06-02 11:26:09,0.7584095001220703,0,normal
2026-06-02 11:26:10,0.9508132934570312,0,normal
2026-06-02 11:26:10,1.4858245849609375,0,normal
2026-06-02 11:26:10,0.9596347808837891,0,normal
2026-06-02 11:26:10,0.5216598510742188,0,normal
2026-06-02 11:26:10,1.7969608306884766,0,normal
2026-06-02 11:26:10,0.4763603210449219,0,normal
2026-06-02 11:26:10,0.6392002105712891,0,normal
2026-06-02 11:26:10,0.9477138519287109,0,normal
2026-06-02 11:26:10,0.7646083831787109,0,normal
2026-06-02 11:26:11,1.2884140014648438,0,normal
2026-06-02 11:26:11,1.163482666015625,0,normal
2026-06-02 11:26:11,0.8080005645751953,0,normal
2026-06-02 11:26:11,0.9520053863525391,0,normal
2026-06-02 11:26:11,0.7851123809814453,0,normal
2026-06-02 11:26:11,2.1181106567382812,0,normal
2026-06-02 11:26:11,0.7061958312988281,0,normal
2026-06-02 11:26:11,1.60980224609375,0,normal
2026-06-02 11:26:11,3.314495086669922,0,normal
2026-06-02 11:26:11,0.911712646484375,0,normal
2026-06-02 11:26:12,0.6437301635742188,0,normal
2026-06-02 11:26:12,1.3463497161865234,0,normal
2026-06-02 11:26:12,1.2187957763671875,0,normal
2026-06-02 11:26:12,2.3086071014404297,0,normal
2026-06-02 11:26:12,0.49877166748046875,0,normal
2026-06-02 11:26:12,0.7412433624267578,0,normal
2026-06-02 11:26:12,0.5927085876464844,0,normal
2026-06-02 11:26:12,0.8106231689453125,0,normal
2026-06-02 11:26:12,1.0051727294921875,0,normal
2026-06-02 11:26:12,1.2290477752685547,0,normal
2026-06-02 11:26:13,1.1217594146728516,0,normal
2026-06-02 11:26:13,2.6314258575439453,0,normal
2026-06-02 11:26:13,2.060413360595703,0,normal
2026-06-02 11:26:13,1.1072158813476562,0,normal
2026-06-02 11:26:13,0.7917881011962891,0,normal
2026-06-02 11:26:13,1.1622905731201172,0,normal
2026-06-02 11:26:13,0.5505084991455078,0,normal
2026-06-02 11:26:13,1.0676383972167969,0,normal
2026-06-02 11:26:13,1.1637210845947266,0,normal
2026-06-02 11:26:13,0.9543895721435547,0,normal
2026-06-02 11:26:14,0.8134841918945312,0,normal
2026-06-02 11:26:14,1.0089874267578125,0,normal
2026-06-02 11:26:14,0.934600830078125,0,normal
2026-06-02 11:26:14,0.5054473876953125,0,normal
2026-06-02 11:26:14,0.6971359252929688,0,normal
2026-06-02 11:26:14,1.1947154998779297,0,normal
2026-06-02 11:26:14,2.3381710052490234,0,normal
2026-06-02 11:26:14,0.9174346923828125,0,normal
2026-06-02 11:26:14,0.42247772216796875,0,normal
2026-06-02 11:26:15,0.5347728729248047,0,normal
2026-06-02 11:26:15,0.6051063537597656,0,normal
2026-06-02 11:26:15,0.49376487731933594,0,normal
2026-06-02 11:26:15,0.5381107330322266,0,normal
2026-06-02 11:26:15,1.1632442474365234,0,normal
2026-06-02 11:26:15,1.5223026275634766,0,normal
2026-06-02 11:26:15,1.5652179718017578,0,normal
2026-06-02 11:26:15,1.0991096496582031,0,normal
2026-06-02 11:26:15,1.127004623413086,0,normal
2026-06-02 11:26:15,1.861572265625,0,normal
2026-06-02 11:26:16,1.5354156494140625,0,normal
2026-06-02 11:26:16,1.3322830200195312,0,normal
2026-06-02 11:26:16,1.0018348693847656,0,normal
2026-06-02 11:26:16,0.3802776336669922,0,normal
2026-06-02 11:26:16,1.131296157836914,0,normal
2026-06-02 11:26:16,0.8525848388671875,0,normal
2026-06-02 11:26:16,2.328157424926758,0,normal
2026-06-02 11:26:16,1.7256736755371094,0,normal
2026-06-02 11:26:16,0.6392002105712891,0,normal
2026-06-02 11:26:16,1.2297630310058594,0,normal
2026-06-02 11:26:17,1.1606216430664062,0,normal
2026-06-02 11:26:17,0.8637905120849609,0,normal
2026-06-02 11:26:17,0.640869140625,0,normal
2026-06-02 11:26:17,0.39768218994140625,0,normal
2026-06-02 11:26:17,0.5018711090087891,0,normal
2026-06-02 11:26:17,0.7975101470947266,0,normal
2026-06-02 11:26:17,0.6821155548095703,0,normal
2026-06-02 11:26:17,0.5426406860351562,0,normal
2026-06-02 11:26:17,0.6430149078369141,0,normal
2026-06-02 11:26:17,0.606536865234375,0,normal
2026-06-02 11:26:18,0.7252693176269531,0,normal
2026-06-02 11:26:18,0.5078315734863281,0,normal
2026-06-02 11:26:18,0.598907470703125,0,normal
2026-06-02 11:26:18,0.47850608825683594,0,normal
2026-06-02 11:26:18,3.0486583709716797,0,normal
2026-06-02 11:26:18,0.6017684936523438,0,normal
2026-06-02 11:26:18,0.9357929229736328,0,normal
2026-06-02 11:26:18,1.1463165283203125,0,normal
2026-06-02 11:26:18,0.9608268737792969,0,normal
2026-06-02 11:26:18,0.44083595275878906,0,normal
2026-06-02 11:26:19,0.5548000335693359,0,normal
2026-06-02 11:26:19,0.45943260192871094,0,normal
2026-06-02 11:26:19,1.678466796875,0,normal
2026-06-02 11:26:19,2.4309158325195312,0,normal
2026-06-02 11:26:19,1.2221336364746094,0,normal
2026-06-02 11:26:19,1.0042190551757812,0,normal
2026-06-02 11:26:19,0.9479522705078125,0,normal
2026-06-02 11:26:19,1.0488033294677734,0,normal
2026-06-02 11:26:19,0.7486343383789062,0,normal
2026-06-02 11:26:20,2.1262168884277344,0,normal
2026-06-02 11:26:20,1.2755393981933594,0,normal
2026-06-02 11:26:20,0.48851966857910156,0,normal
2026-06-02 11:26:20,0.8203983306884766,0,normal
2026-06-02 11:26:20,1.1570453643798828,0,normal
2026-06-02 11:26:20,0.9701251983642578,0,normal
2026-06-02 11:26:20,0.5650520324707031,0,normal
2026-06-02 11:26:20,0.9541511535644531,0,normal
2026-06-02 11:26:20,3.7047863006591797,0,normal
2026-06-02 11:26:20,0.5724430084228516,0,normal
2026-06-02 11:26:21,1.0290145874023438,0,normal
2026-06-02 11:26:21,0.7357597351074219,0,normal
2026-06-02 11:26:21,0.4379749298095703,0,normal
2026-06-02 11:26:21,0.47135353088378906,0,normal
2026-06-02 11:26:21,0.7786750793457031,0,normal
2026-06-02 11:26:21,0.6053447723388672,0,normal
2026-06-02 11:26:21,1.9772052764892578,0,normal
2026-06-02 11:26:21,0.8680820465087891,0,normal
2026-06-02 11:26:21,1.3484954833984375,0,normal
2026-06-02 11:26:21,1.3861656188964844,0,normal
2026-06-02 11:26:22,0.6592273712158203,0,normal
2026-06-02 11:26:22,0.7443428039550781,0,normal
2026-06-02 11:26:22,5.0811767578125,0,normal
2026-06-02 11:26:22,0.8804798126220703,0,normal
2026-06-02 11:26:22,1.0204315185546875,0,normal
2026-06-02 11:26:22,0.8184909820556641,0,normal
2026-06-02 11:26:22,1.2218952178955078,0,normal
2026-06-02 11:26:22,1.973867416381836,0,normal
2026-06-02 11:26:22,1.1529922485351562,0,normal
2026-06-02 11:26:22,0.6113052368164062,0,normal
2026-06-02 11:26:23,0.5295276641845703,0,normal
2026-06-02 11:26:23,0.6458759307861328,0,normal
2026-06-02 11:26:23,0.45108795166015625,0,normal
2026-06-02 11:26:23,0.6096363067626953,0,normal
2026-06-02 11:26:23,0.43463706970214844,0,normal
2026-06-02 11:26:23,1.0898113250732422,0,normal
2026-06-02 11:26:23,2.9833316802978516,0,normal
2026-06-02 11:26:23,0.8072853088378906,0,normal
2026-06-02 11:26:23,0.4181861877441406,0,normal
2026-06-02 11:26:24,0.5841255187988281,0,normal
2026-06-02 11:26:24,0.7810592651367188,0,normal
2026-06-02 11:26:24,1.3766288757324219,0,normal
2026-06-02 11:26:24,1.1942386627197266,0,normal
2026-06-02 11:26:24,0.6470680236816406,0,normal
2026-06-02 11:26:24,0.7679462432861328,0,normal
2026-06-02 11:26:24,0.4673004150390625,0,normal
2026-06-02 11:26:24,0.8275508880615234,0,normal
2026-06-02 11:26:24,0.9350776672363281,0,normal
2026-06-02 11:26:24,0.7214546203613281,0,normal
2026-06-02 11:26:25,0.5025863647460938,0,normal
2026-06-02 11:26:25,0.7922649383544922,0,normal
2026-06-02 11:26:25,0.6787776947021484,0,normal
2026-06-02 11:26:25,0.774383544921875,0,normal
2026-06-02 11:26:25,0.6840229034423828,0,normal
2026-06-02 11:26:25,0.476837158203125,0,normal
2026-06-02 11:26:25,0.9791851043701172,0,normal
2026-06-02 11:26:25,0.5931854248046875,0,normal
2026-06-02 11:26:25,0.4878044128417969,0,normal
2026-06-02 11:26:25,1.1599063873291016,0,normal
2026-06-02 11:26:26,1.2972354888916016,0,normal
2026-06-02 11:26:26,0.9126663208007812,0,normal
2026-06-02 11:26:26,0.5846023559570312,0,normal
2026-06-02 11:26:26,0.6396770477294922,0,normal
2026-06-02 11:26:26,0.3857612609863281,0,normal
2026-06-02 11:26:26,0.6809234619140625,0,normal
2026-06-02 11:26:26,0.507354736328125,0,normal
2026-06-02 11:26:26,0.5168914794921875,0,normal
2026-06-02 11:26:26,0.469207763671875,0,normal
2026-06-02 11:26:26,1.804351806640625,0,normal
2026-06-02 11:26:27,1.2481212615966797,0,normal
2026-06-02 11:26:27,0.6716251373291016,0,normal
2026-06-02 11:26:27,0.5788803100585938,0,normal
2026-06-02 11:26:27,0.6184577941894531,0,normal
2026-06-02 11:26:27,0.4894733428955078,0,normal
2026-06-02 11:26:27,0.4799365997314453,0,normal
2026-06-02 11:26:27,0.6754398345947266,0,normal
2026-06-02 11:26:27,1.0912418365478516,0,normal
2026-06-02 11:26:27,1.0066032409667969,0,normal
2026-06-02 11:26:27,0.6570816040039062,0,normal
2026-06-02 11:26:28,0.7569789886474609,0,normal
2026-06-02 11:26:28,0.698089599609375,0,normal
2026-06-02 11:26:28,0.5826950073242188,0,normal
2026-06-02 11:26:28,0.4601478576660156,0,normal
2026-06-02 11:26:28,0.48232078552246094,0,normal
2026-06-02 11:26:28,0.9295940399169922,0,normal
2026-06-02 11:26:28,0.9605884552001953,0,normal
2026-06-02 11:26:28,0.41484832763671875,0,normal
2026-06-02 11:26:28,0.6895065307617188,0,normal
2026-06-02 11:26:29,0.5409717559814453,0,normal
2026-06-02 11:26:29,0.5781650543212891,0,normal
2026-06-02 11:26:29,0.7905960083007812,0,normal
2026-06-02 11:26:29,0.5733966827392578,0,normal
2026-06-02 11:26:29,0.4992485046386719,0,normal
2026-06-02 11:26:29,0.45180320739746094,0,normal
2026-06-02 11:26:29,0.6742477416992188,0,normal
2026-06-02 11:26:29,0.39577484130859375,0,normal
2026-06-02 11:26:29,0.5426406860351562,0,normal
2026-06-02 11:26:29,0.7028579711914062,0,normal
2026-06-02 11:26:30,0.6392002105712891,0,normal
2026-06-02 11:26:30,0.7050037384033203,0,normal
2026-06-02 11:26:30,0.8904933929443359,0,normal
2026-06-02 11:26:30,0.39005279541015625,0,normal
2026-06-02 11:26:30,0.7889270782470703,0,normal
2026-06-02 11:26:30,0.6978511810302734,0,normal
2026-06-02 11:26:30,0.5428791046142578,0,normal
2026-06-02 11:26:30,0.6668567657470703,0,normal
2026-06-02 11:26:30,0.7483959197998047,0,normal
2026-06-02 11:26:30,0.4265308380126953,0,normal
2026-06-02 11:26:31,0.3857612609863281,0,normal
2026-06-02 11:26:31,0.5562305450439453,0,normal
2026-06-02 11:26:31,0.5714893341064453,0,normal
2026-06-02 11:26:31,0.6971359252929688,0,normal
2026-06-02 11:26:31,0.6253719329833984,0,normal
2026-06-02 11:26:31,0.44035911560058594,0,normal
2026-06-02 11:26:31,0.6594657897949219,0,normal
2026-06-02 11:26:31,0.43201446533203125,0,normal
2026-06-02 11:26:31,0.6668567657470703,0,normal
2026-06-02 11:26:31,0.5857944488525391,0,normal
2026-06-02 11:26:32,0.7829666137695312,0,normal
2026-06-02 11:26:32,0.4036426544189453,0,normal
2026-06-02 11:26:32,0.4513263702392578,0,normal
2026-06-02 11:26:32,0.6520748138427734,0,normal
2026-06-02 11:26:32,0.7195472717285156,0,normal
2026-06-02 11:26:32,0.4246234893798828,0,normal
2026-06-02 11:26:32,0.5662441253662109,0,normal
2026-06-02 11:26:32,0.3590583801269531,0,normal
2026-06-02 11:26:32,1.2357234954833984,0,normal
2026-06-02 11:26:32,0.7696151733398438,0,normal
2026-06-02 11:26:33,0.6406307220458984,0,normal
2026-06-02 11:26:33,0.4496574401855469,0,normal
2026-06-02 11:26:33,0.8485317230224609,0,normal
2026-06-02 11:26:33,0.45299530029296875,0,normal
2026-06-02 11:26:33,0.9851455688476562,0,normal
2026-06-02 11:26:33,0.6392002105712891,0,normal
2026-06-02 11:26:33,0.5726814270019531,0,normal
2026-06-02 11:26:33,0.5693435668945312,0,normal
2026-06-02 11:26:33,1.7743110656738281,0,normal
2026-06-02 11:26:33,0.46706199645996094,0,normal
2026-06-02 11:26:34,0.5049705505371094,0,normal
2026-06-02 11:26:34,0.5600452423095703,0,normal
2026-06-02 11:26:34,0.7998943328857422,0,normal
2026-06-02 11:26:34,0.8745193481445312,0,normal
2026-06-02 11:26:34,0.3705024719238281,0,normal
2026-06-02 11:26:34,0.8671283721923828,0,normal
2026-06-02 11:26:34,0.9014606475830078,0,normal
2026-06-02 11:26:34,0.591278076171875,0,normal
2026-06-02 11:26:34,0.5383491516113281,0,normal
2026-06-02 11:26:35,1.1432170867919922,0,normal
2026-06-02 11:26:35,0.37670135498046875,0,normal
2026-06-02 11:26:35,0.5364418029785156,0,normal
2026-06-02 11:26:35,0.5922317504882812,0,normal
2026-06-02 11:26:35,0.45371055603027344,0,normal
2026-06-02 11:26:35,0.4668235778808594,0,normal
2026-06-02 11:26:35,1.245260238647461,0,normal
2026-06-02 11:26:35,0.7619857788085938,0,normal
2026-06-02 11:26:35,0.9291172027587891,0,normal
2026-06-02 11:26:35,0.8244514465332031,0,normal
2026-06-02 11:26:36,1.176595687866211,0,normal
2026-06-02 11:26:36,0.4787445068359375,0,normal
2026-06-02 11:26:36,0.7684230804443359,0,normal
2026-06-02 11:26:36,0.7486343383789062,0,normal
2026-06-02 11:26:36,1.2664794921875,0,normal
2026-06-02 11:26:36,0.8256435394287109,0,normal
2026-06-02 11:26:36,0.6639957427978516,0,normal
2026-06-02 11:26:36,0.3705024719238281,0,normal
2026-06-02 11:26:36,0.5943775177001953,0,normal
2026-06-02 11:26:36,0.7112026214599609,0,normal
2026-06-02 11:26:37,0.9145736694335938,0,normal
2026-06-02 11:26:37,0.7064342498779297,0,normal
2026-06-02 11:26:37,1.1873245239257812,0,normal
2026-06-02 11:26:37,0.7965564727783203,0,normal
2026-06-02 11:26:37,0.9598731994628906,0,normal
2026-06-02 11:26:37,1.3859272003173828,0,normal
2026-06-02 11:26:37,0.9777545928955078,0,normal
2026-06-02 11:26:37,0.5700588226318359,0,normal
2026-06-02 11:26:37,0.8914470672607422,0,normal
2026-06-02 11:26:37,0.7636547088623047,0,normal
2026-06-02 11:26:38,1.1250972747802734,0,normal
2026-06-02 11:26:38,0.6299018859863281,0,normal
2026-06-02 11:26:38,3.145456314086914,0,normal
2026-06-02 11:26:38,1.3408660888671875,0,normal
2026-06-02 11:26:38,0.8931159973144531,0,normal
2026-06-02 11:26:38,0.438690185546875,0,normal
2026-06-02 11:26:38,0.6444454193115234,0,normal
2026-06-02 11:26:38,0.9033679962158203,0,normal
2026-06-02 11:26:38,1.1773109436035156,0,normal
2026-06-02 11:26:38,1.218557357788086,0,normal
2026-06-02 11:26:39,2.4356842041015625,0,normal
2026-06-02 11:26:39,0.8451938629150391,0,normal
2026-06-02 11:26:39,1.3306140899658203,0,normal
2026-06-02 11:26:39,0.7262229919433594,0,normal
2026-06-02 11:26:39,0.8068084716796875,0,normal
2026-06-02 11:26:39,1.2879371643066406,0,normal
2026-06-02 11:26:39,1.2531280517578125,0,normal
2026-06-02 11:26:39,0.8101463317871094,0,normal
2026-06-02 11:26:39,0.5819797515869141,0,normal
2026-06-02 11:26:40,0.6055831909179688,0,normal
2026-06-02 11:26:40,0.7433891296386719,0,normal
2026-06-02 11:26:40,0.7083415985107422,0,normal
2026-06-02 11:26:40,1.5718936920166016,0,normal
2026-06-02 11:26:40,1.1715888977050781,0,normal
2026-06-02 11:26:40,0.47206878662109375,0,normal
2026-06-02 11:26:40,0.6926059722900391,0,normal
2026-06-02 11:26:40,2.7742385864257812,0,normal
2026-06-02 11:26:40,0.48732757568359375,0,normal
2026-06-02 11:26:40,0.732421875,0,normal
2026-06-02 11:26:41,0.5061626434326172,0,normal
2026-06-02 11:26:41,0.5445480346679688,0,normal
2026-06-02 11:26:41,0.47206878662109375,0,normal
2026-06-02 11:26:41,0.45371055603027344,0,normal
2026-06-02 11:26:41,0.4246234893798828,0,normal
2026-06-02 11:26:41,1.2335777282714844,0,normal
2026-06-02 11:26:41,1.859903335571289,0,normal
2026-06-02 11:26:41,0.5228519439697266,0,normal
2026-06-02 11:26:41,0.6620883941650391,0,normal
2026-06-02 11:26:41,0.46253204345703125,0,normal
2026-06-02 11:26:42,0.5509853363037109,0,normal
2026-06-02 11:26:42,0.5247592926025391,0,normal
2026-06-02 11:26:42,0.4677772521972656,0,normal
2026-06-02 11:26:42,1.7962455749511719,0,normal
2026-06-02 11:26:42,0.9961128234863281,0,normal
2026-06-02 11:26:42,0.5695819854736328,0,normal
2026-06-02 11:26:42,0.7112026214599609,0,normal
2026-06-02 11:26:42,0.7903575897216797,0,normal
2026-06-02 11:26:42,0.6804466247558594,0,normal
2026-06-02 11:26:42,1.039266586303711,0,normal
2026-06-02 11:26:43,0.9548664093017578,0,normal
2026-06-02 11:26:43,0.7121562957763672,0,normal
2026-06-02 11:26:43,0.3764629364013672,0,normal
2026-06-02 11:26:43,0.560760498046875,0,normal
2026-06-02 11:26:43,0.9682178497314453,0,normal
2026-06-02 11:26:43,0.6303787231445312,0,normal
2026-06-02 11:26:43,0.6382465362548828,0,normal
2026-06-02 11:26:43,0.4756450653076172,0,normal
2026-06-02 11:26:43,0.8101463317871094,0,normal
2026-06-02 11:26:43,1.5213489532470703,0,normal
2026-06-02 11:26:44,0.4477500915527344,0,normal
2026-06-02 11:26:44,0.49805641174316406,0,normal
2026-06-02 11:26:44,1.0786056518554688,0,normal
2026-06-02 11:26:44,0.3941059112548828,0,normal
2026-06-02 11:26:44,0.6155967712402344,0,normal
2026-06-02 11:26:44,1.6989707946777344,0,normal
2026-06-02 11:26:44,0.72479248046875,0,normal
2026-06-02 11:26:44,0.4410743713378906,0,normal
2026-06-02 11:26:44,0.4630088806152344,0,normal
2026-06-02 11:26:45,1.127004623413086,0,normal
2026-06-02 11:26:45,0.9896755218505859,0,normal
2026-06-02 11:26:45,0.568389892578125,0,normal
2026-06-02 11:26:45,0.6456375122070312,0,normal
2026-06-02 11:26:45,0.4963874816894531,0,normal
2026-06-02 11:26:45,0.9360313415527344,0,normal
2026-06-02 11:26:45,0.3657341003417969,0,normal
2026-06-02 11:26:45,0.4680156707763672,0,normal
2026-06-02 11:26:45,0.6282329559326172,0,normal
2026-06-02 11:26:45,1.2493133544921875,0,normal
2026-06-02 11:26:46,0.5412101745605469,0,normal
2026-06-02 11:26:46,0.6418228149414062,0,normal
2026-06-02 11:26:46,0.5273818969726562,0,normal
2026-06-02 11:26:46,0.9405612945556641,0,normal
2026-06-02 11:26:46,1.1301040649414062,0,normal
2026-06-02 11:26:46,0.7338523864746094,0,normal
2026-06-02 11:26:46,0.9472370147705078,0,normal
2026-06-02 11:26:46,0.6921291351318359,0,normal
2026-06-02 11:26:46,0.75531005859375,0,normal
2026-06-02 11:26:46,1.2433528900146484,0,normal
2026-06-02 11:26:47,1.0151863098144531,0,normal
2026-06-02 11:26:47,1.0361671447753906,0,normal
2026-06-02 11:26:47,1.0929107666015625,0,normal
2026-06-02 11:26:47,0.46944618225097656,0,normal
2026-06-02 11:26:47,1.7201900482177734,0,normal
2026-06-02 11:26:47,1.3535022735595703,0,normal
2026-06-02 11:26:47,0.7758140563964844,0,normal
2026-06-02 11:26:47,1.386404037475586,0,normal
2026-06-02 11:26:47,1.5518665313720703,0,normal
2026-06-02 11:26:47,0.4410743713378906,0,normal
2026-06-02 11:26:48,2.0596981048583984,0,normal
2026-06-02 11:26:48,0.5915164947509766,0,normal
2026-06-02 11:26:48,0.8478164672851562,0,normal
2026-06-02 11:26:48,1.16729736328125,0,normal
2026-06-02 11:26:48,1.049041748046875,0,normal
2026-06-02 11:26:48,1.2865066528320312,0,normal
2026-06-02 11:26:48,2.6121139526367188,0,normal
2026-06-02 11:26:48,0.8084774017333984,0,normal
2026-06-02 11:26:48,1.1599063873291016,0,normal
2026-06-02 11:26:48,1.178741455078125,0,normal
2026-06-02 11:26:49,0.9529590606689453,0,normal
2026-06-02 11:26:49,1.3821125030517578,0,normal
2026-06-02 11:26:49,0.8034706115722656,0,normal
2026-06-02 11:26:49,0.7827281951904297,0,normal
2026-06-02 11:26:49,0.6611347198486328,0,normal
2026-06-02 11:26:49,0.7860660552978516,0,normal
2026-06-02 11:26:49,0.7505416870117188,0,normal
2026-06-02 11:26:49,1.4469623565673828,0,normal
2026-06-02 11:26:49,1.0161399841308594,0,normal
2026-06-02 11:26:50,0.8294582366943359,0,normal
2026-06-02 11:26:50,1.0957717895507812,0,normal
2026-06-02 11:26:50,0.7908344268798828,0,normal
2026-06-02 11:26:50,0.6847381591796875,0,normal
2026-06-02 11:26:50,0.4353523254394531,0,normal
2026-06-02 11:26:50,1.2502670288085938,0,normal
2026-06-02 11:26:50,0.8149147033691406,0,normal
2026-06-02 11:26:50,0.48613548278808594,0,normal
2026-06-02 11:26:50,1.9218921661376953,0,normal
2026-06-02 11:26:50,1.7364025115966797,0,normal
2026-06-02 11:26:51,0.5495548248291016,0,normal
2026-06-02 11:26:51,0.7767677307128906,0,normal
2026-06-02 11:26:51,1.2440681457519531,0,normal
2026-06-02 11:26:51,0.7500648498535156,0,normal
2026-06-02 11:26:51,0.8454322814941406,0,normal
2026-06-02 11:26:51,1.5041828155517578,0,normal
2026-06-02 11:26:51,0.6289482116699219,0,normal
2026-06-02 11:26:51,0.7941722869873047,0,normal
2026-06-02 11:26:51,0.40602684020996094,0,normal
2026-06-02 11:26:51,0.7641315460205078,0,normal
2026-06-02 11:26:52,0.396728515625,0,normal
2026-06-02 11:26:52,3.968477249145508,0,normal
2026-06-02 11:26:52,1.1444091796875,0,normal
2026-06-02 11:26:52,0.5633831024169922,0,normal
2026-06-02 11:26:52,1.275777816772461,0,normal
2026-06-02 11:26:52,0.7903575897216797,0,normal
2026-06-02 11:26:52,0.7328987121582031,0,normal
2026-06-02 11:26:52,0.7250308990478516,0,normal
2026-06-02 11:26:52,0.5514621734619141,0,normal
2026-06-02 11:26:52,0.4279613494873047,0,normal
2026-06-02 11:26:53,0.6132125854492188,0,normal
2026-06-02 11:26:53,1.6622543334960938,0,normal
2026-06-02 11:26:53,2.374887466430664,0,normal
2026-06-02 11:26:53,0.9717941284179688,0,normal
2026-06-02 11:26:53,0.8232593536376953,0,normal
2026-06-02 11:26:53,1.5418529510498047,0,normal
2026-06-02 11:26:53,1.0898113250732422,0,normal
2026-06-02 11:26:53,1.920461654663086,0,normal
2026-06-02 11:26:53,0.5815029144287109,0,normal
2026-06-02 11:26:54,0.7429122924804688,0,normal
2026-06-02 11:26:54,0.9410381317138672,0,normal
2026-06-02 11:26:54,1.3074874877929688,0,normal
2026-06-02 11:26:54,0.9341239929199219,0,normal
2026-06-02 11:26:54,0.8838176727294922,0,normal
2026-06-02 11:26:54,0.6015300750732422,0,normal
2026-06-02 11:26:54,1.9378662109375,0,normal
2026-06-02 11:26:54,0.8406639099121094,0,normal
2026-06-02 11:26:54,0.45371055603027344,0,normal
2026-06-02 11:26:54,0.7443428039550781,0,normal
2026-06-02 11:26:55,0.8208751678466797,0,normal
2026-06-02 11:26:55,0.7069110870361328,0,normal
2026-06-02 11:26:55,0.7033348083496094,0,normal
2026-06-02 11:26:55,0.4856586456298828,0,normal
2026-06-02 11:26:55,0.5276203155517578,0,normal
2026-06-02 11:26:55,1.1606216430664062,0,normal
2026-06-02 11:26:55,0.5233287811279297,0,normal
2026-06-02 11:26:55,0.6144046783447266,0,normal
2026-06-02 11:26:55,0.6177425384521484,0,normal
2026-06-02 11:26:55,0.7715225219726562,0,normal
2026-06-02 11:26:56,0.37789344787597656,0,normal
2026-06-02 11:26:56,1.3115406036376953,0,normal
2026-06-02 11:26:56,0.7460117340087891,0,normal
2026-06-02 11:26:56,1.07574462890625,0,normal
2026-06-02 11:26:56,1.0230541229248047,0,normal
2026-06-02 11:26:56,1.1973381042480469,0,normal
2026-06-02 11:26:56,0.8249282836914062,0,normal
2026-06-02 11:26:56,0.7276535034179688,0,normal
2026-06-02 11:26:56,0.6561279296875,0,normal
2026-06-02 11:26:56,1.0745525360107422,0,normal
2026-06-02 11:26:57,1.0306835174560547,0,normal
2026-06-02 11:26:57,4.184722900390625,0,normal
2026-06-02 11:26:57,0.4532337188720703,0,normal
2026-06-02 11:26:57,0.5347728729248047,0,normal
2026-06-02 11:26:57,0.6489753723144531,0,normal
2026-06-02 11:26:57,0.4341602325439453,0,normal
2026-06-02 11:26:57,2.4907588958740234,0,normal
2026-06-02 11:26:57,2.5517940521240234,0,normal
2026-06-02 11:26:57,0.5385875701904297,0,normal
2026-06-02 11:26:58,1.28936767578125,0,normal
2026-06-02 11:26:58,0.39649009704589844,0,normal
2026-06-02 11:26:58,1.0161399841308594,0,normal
2026-06-02 11:26:58,1.6815662384033203,0,normal
2026-06-02 11:26:58,1.2745857238769531,0,normal
2026-06-02 11:26:58,1.7659664154052734,0,normal
2026-06-02 11:26:58,0.789642333984375,0,normal
2026-06-02 11:26:58,0.6349086761474609,0,normal
2026-06-02 11:26:58,0.4971027374267578,0,normal
2026-06-02 11:26:59,0.438690185546875,0,normal
2026-06-02 11:26:59,0.43773651123046875,0,normal
2026-06-02 11:26:59,0.8366107940673828,0,normal
2026-06-02 11:26:59,0.8230209350585938,0,normal
2026-06-02 11:26:59,0.8203983306884766,0,normal
2026-06-02 11:26:59,0.6458759307861328,0,normal
2026-06-02 11:26:59,1.2111663818359375,0,normal
2026-06-02 11:26:59,0.8270740509033203,0,normal
2026-06-02 11:26:59,1.024007797241211,0,normal
2026-06-02 11:27:00,2.767801284790039,0,normal
2026-06-02 11:27:00,0.843048095703125,0,normal
2026-06-02 11:27:00,1.0075569152832031,0,normal
2026-06-02 11:27:00,1.542806625366211,0,normal
2026-06-02 11:27:00,0.8938312530517578,0,normal
2026-06-02 11:27:00,1.5952587127685547,0,normal
2026-06-02 11:27:00,1.153707504272461,0,normal
2026-06-02 11:27:00,1.3992786407470703,0,normal
2026-06-02 11:27:00,1.7902851104736328,0,normal
2026-06-02 11:27:00,1.0848045349121094,0,normal
2026-06-02 11:27:01,1.1737346649169922,0,normal
2026-06-02 11:27:01,0.9903907775878906,0,normal
2026-06-02 11:27:01,1.3895034790039062,0,normal
2026-06-02 11:27:01,1.421213150024414,0,normal
2026-06-02 11:27:01,2.2149085998535156,0,normal
2026-06-02 11:27:01,0.8077621459960938,0,normal
2026-06-02 11:27:01,0.6623268127441406,0,normal
2026-06-02 11:27:01,0.9951591491699219,0,normal
2026-06-02 11:27:01,0.7412433624267578,0,normal
2026-06-02 11:27:02,0.66375732421875,0,normal
2026-06-02 11:27:02,0.8225440979003906,0,normal
2026-06-02 11:27:02,0.5803108215332031,0,normal
2026-06-02 11:27:02,0.39458274841308594,0,normal
2026-06-02 11:27:02,0.9858608245849609,0,normal
2026-06-02 11:27:02,2.341747283935547,0,normal
2026-06-02 11:27:02,2.1762847900390625,0,normal
2026-06-02 11:27:02,0.66375732421875,0,normal
2026-06-02 11:27:02,1.12152099609375,0,normal
2026-06-02 11:27:03,1.1463165283203125,0,normal
2026-06-02 11:27:03,0.4963874816894531,0,normal
2026-06-02 11:27:03,0.7462501525878906,0,normal
2026-06-02 11:27:03,1.177072525024414,0,normal
2026-06-02 11:27:03,0.7340908050537109,0,normal
2026-06-02 11:27:03,1.0311603546142578,0,normal
2026-06-02 11:27:03,0.5767345428466797,0,normal
2026-06-02 11:27:03,0.44536590576171875,0,normal
2026-06-02 11:27:03,0.5199909210205078,0,normal
2026-06-02 11:27:03,0.7696151733398438,0,normal
2026-06-02 11:27:04,0.6406307220458984,0,normal
2026-06-02 11:27:04,0.8115768432617188,0,normal
2026-06-02 11:27:04,1.5816688537597656,0,normal
2026-06-02 11:27:04,1.085519790649414,0,normal
2026-06-02 11:27:04,0.8950233459472656,0,normal
2026-06-02 11:27:04,0.9393692016601562,0,normal
2026-06-02 11:27:04,0.5831718444824219,0,normal
2026-06-02 11:27:04,0.7445812225341797,0,normal
2026-06-02 11:27:04,0.8242130279541016,0,normal
2026-06-02 11:27:04,0.7312297821044922,0,normal
2026-06-02 11:27:05,0.5295276641845703,0,normal
2026-06-02 11:27:05,0.6611347198486328,0,normal
2026-06-02 11:27:05,0.7498264312744141,0,normal
2026-06-02 11:27:05,0.35858154296875,0,normal
2026-06-02 11:27:05,0.5128383636474609,0,normal
2026-06-02 11:27:05,0.6699562072753906,0,normal
2026-06-02 11:27:05,1.0752677917480469,0,normal
2026-06-02 11:27:05,1.753091812133789,0,normal
2026-06-02 11:27:05,0.9443759918212891,0,normal
2026-06-02 11:27:05,0.5240440368652344,0,normal
2026-06-02 11:27:06,0.6155967712402344,0,normal
2026-06-02 11:27:06,0.8254051208496094,0,normal
2026-06-02 11:27:06,2.543210983276367,0,normal
2026-06-02 11:27:06,0.4565715789794922,0,normal
2026-06-02 11:27:06,0.8113384246826172,0,normal
2026-06-02 11:27:06,0.6468296051025391,0,normal
2026-06-02 11:27:06,0.8883476257324219,0,normal
2026-06-02 11:27:06,0.5280971527099609,0,normal
2026-06-02 11:27:06,0.9407997131347656,0,normal
2026-06-02 11:27:07,0.5154609680175781,0,normal
2026-06-02 11:27:07,0.9381771087646484,0,normal
2026-06-02 11:27:07,0.8573532104492188,0,normal
2026-06-02 11:27:07,1.3620853424072266,0,normal
2026-06-02 11:27:07,1.9011497497558594,0,normal
2026-06-02 11:27:07,1.2307167053222656,0,normal
2026-06-02 11:27:07,0.9453296661376953,0,normal
2026-06-02 11:27:07,0.6499290466308594,0,normal
2026-06-02 11:27:07,1.018524169921875,0,normal
2026-06-02 11:27:07,0.9691715240478516,0,normal
2026-06-02 11:27:08,0.7424354553222656,0,normal
2026-06-02 11:27:08,2.6547908782958984,0,normal
2026-06-02 11:27:08,0.5288124084472656,0,normal
2026-06-02 11:27:08,1.3060569763183594,0,normal
2026-06-02 11:27:08,0.6809234619140625,0,normal
2026-06-02 11:27:08,0.9355545043945312,0,normal
2026-06-02 11:27:08,0.9911060333251953,0,normal
2026-06-02 11:27:08,1.0387897491455078,0,normal
2026-06-02 11:27:08,1.0275840759277344,0,normal
2026-06-02 11:27:08,0.8800029754638672,0,normal
2026-06-02 11:27:09,0.8282661437988281,0,normal
2026-06-02 11:27:09,0.701904296875,0,normal
2026-06-02 11:27:09,1.262664794921875,0,normal
2026-06-02 11:27:09,1.5175342559814453,0,normal
2026-06-02 11:27:09,2.011537551879883,0,normal
2026-06-02 11:27:09,0.9622573852539062,0,normal
2026-06-02 11:27:09,0.640869140625,0,normal
2026-06-02 11:27:09,0.6992816925048828,0,normal
2026-06-02 11:27:09,0.9894371032714844,0,normal
2026-06-02 11:27:09,1.0743141174316406,0,normal
2026-06-02 11:27:10,1.0747909545898438,0,normal
2026-06-02 11:27:10,1.7528533935546875,0,normal
2026-06-02 11:27:10,0.8306503295898438,0,normal
2026-06-02 11:27:10,1.497030258178711,0,normal
2026-06-02 11:27:10,0.9829998016357422,0,normal
2026-06-02 11:27:10,1.1284351348876953,0,normal
2026-06-02 11:27:10,0.7870197296142578,0,normal
2026-06-02 11:27:10,0.385284423828125,0,normal
2026-06-02 11:27:10,0.8013248443603516,0,normal
2026-06-02 11:27:11,0.5888938903808594,0,normal
2026-06-02 11:27:11,0.4916191101074219,0,normal
2026-06-02 11:27:11,0.7548332214355469,0,normal
2026-06-02 11:27:11,0.5786418914794922,0,normal
2026-06-02 11:27:11,0.6246566772460938,0,normal
2026-06-02 11:27:11,1.0476112365722656,0,normal
2026-06-02 11:27:11,0.7681846618652344,0,normal
2026-06-02 11:27:11,0.46634674072265625,0,normal
2026-06-02 11:27:11,0.8225440979003906,0,normal
2026-06-02 11:27:11,1.4736652374267578,0,normal
2026-06-02 11:27:12,0.6465911865234375,0,normal
2026-06-02 11:27:12,0.545501708984375,0,normal
2026-06-02 11:27:12,0.8978843688964844,0,normal
2026-06-02 11:27:12,0.8950233459472656,0,normal
2026-06-02 11:27:12,0.4856586456298828,0,normal
2026-06-02 11:27:12,2.9289722442626953,0,normal
2026-06-02 11:27:12,0.5335807800292969,0,normal
2026-06-02 11:27:12,0.4525184631347656,0,normal
2026-06-02 11:27:12,0.43845176696777344,0,normal
2026-06-02 11:27:12,0.49376487731933594,0,normal
2026-06-02 11:27:13,0.5686283111572266,0,normal
2026-06-02 11:27:13,0.37360191345214844,0,normal
2026-06-02 11:27:13,1.3227462768554688,0,normal
2026-06-02 11:27:13,1.6398429870605469,0,normal
2026-06-02 11:27:13,0.7014274597167969,0,normal
2026-06-02 11:27:13,0.7739067077636719,0,normal
2026-06-02 11:27:13,0.8666515350341797,0,normal
2026-06-02 11:27:13,0.7808208465576172,0,normal
2026-06-02 11:27:13,0.7588863372802734,0,normal
2026-06-02 11:27:13,0.7634162902832031,0,normal
2026-06-02 11:27:14,1.1906623840332031,0,normal
2026-06-02 11:27:14,0.7328987121582031,0,normal
2026-06-02 11:27:14,1.4052391052246094,0,normal
2026-06-02 11:27:14,1.3015270233154297,0,normal
2026-06-02 11:27:14,0.4839897155761719,0,normal
2026-06-02 11:27:14,0.5486011505126953,0,normal
2026-06-02 11:27:14,0.8282661437988281,0,normal
2026-06-02 11:27:14,1.051187515258789,0,normal
2026-06-02 11:27:14,1.0449886322021484,0,normal
2026-06-02 11:27:14,2.54058837890625,0,normal
2026-06-02 11:27:15,0.47469139099121094,0,normal
2026-06-02 11:27:15,0.3905296325683594,0,normal
2026-06-02 11:27:15,0.4088878631591797,0,normal
2026-06-02 11:27:15,0.45561790466308594,0,normal
2026-06-02 11:27:15,0.4978179931640625,0,normal
2026-06-02 11:27:15,0.6170272827148438,0,normal
2026-06-02 11:27:15,0.47087669372558594,0,normal
2026-06-02 11:27:15,0.629425048828125,0,normal
2026-06-02 11:27:15,2.4831295013427734,0,normal
2026-06-02 11:27:16,1.0352134704589844,0,normal
2026-06-02 11:27:16,2.6426315307617188,0,normal
2026-06-02 11:27:16,1.3098716735839844,0,normal
2026-06-02 11:27:16,1.0454654693603516,0,normal
2026-06-02 11:27:16,0.6299018859863281,0,normal
2026-06-02 11:27:16,1.4801025390625,0,normal
2026-06-02 11:27:16,1.2352466583251953,0,normal
2026-06-02 11:27:16,0.7271766662597656,0,normal
2026-06-02 11:27:16,0.45800209045410156,0,normal
2026-06-02 11:27:16,1.4331340789794922,0,normal
2026-06-02 11:27:17,0.7719993591308594,0,normal
2026-06-02 11:27:17,1.1527538299560547,0,normal
2026-06-02 11:27:17,1.9681453704833984,0,normal
2026-06-02 11:27:17,0.7524490356445312,0,normal
2026-06-02 11:27:17,2.5589466094970703,0,normal
2026-06-02 11:27:17,0.52642822265625,0,normal
2026-06-02 11:27:17,0.4665851593017578,0,normal
2026-06-02 11:27:17,0.5102157592773438,0,normal
2026-06-02 11:27:17,0.5755424499511719,0,normal
2026-06-02 11:27:17,0.43964385986328125,0,normal
2026-06-02 11:27:18,1.5113353729248047,0,normal
2026-06-02 11:27:18,0.762939453125,0,normal
2026-06-02 11:27:18,1.9030570983886719,0,normal
2026-06-02 11:27:18,1.8169879913330078,0,normal
2026-06-02 11:27:18,1.3990402221679688,0,normal
2026-06-02 11:27:18,2.9032230377197266,0,normal
2026-06-02 11:27:18,1.7094612121582031,0,normal
2026-06-02 11:27:18,0.7255077362060547,0,normal
2026-06-02 11:27:18,0.8747577667236328,0,normal
2026-06-02 11:27:19,0.39696693420410156,0,normal
2026-06-02 11:27:19,1.4989376068115234,0,normal
2026-06-02 11:27:19,0.6780624389648438,0,normal
2026-06-02 11:27:19,0.45108795166015625,0,normal
2026-06-02 11:27:19,0.5061626434326172,0,normal
2026-06-02 11:27:19,0.5462169647216797,0,normal
2026-06-02 11:27:19,0.5500316619873047,0,normal
2026-06-02 11:27:19,0.8001327514648438,0,normal
2026-06-02 11:27:19,0.37550926208496094,0,normal
2026-06-02 11:27:19,1.2423992156982422,0,normal
2026-06-02 11:27:20,0.4372596740722656,0,normal
2026-06-02 11:27:20,1.0192394256591797,0,normal
2026-06-02 11:27:20,0.6947517395019531,0,normal
2026-06-02 11:27:20,4.312992095947266,0,normal
2026-06-02 11:27:20,0.9984970092773438,0,normal
2026-06-02 11:27:20,0.8425712585449219,0,normal
2026-06-02 11:27:20,0.8819103240966797,0,normal
2026-06-02 11:27:20,0.9412765502929688,0,normal
2026-06-02 11:27:20,4.523277282714844,0,normal
2026-06-02 11:27:20,0.9264945983886719,0,normal
2026-06-02 11:27:21,0.8311271667480469,0,normal
2026-06-02 11:27:21,0.47397613525390625,0,normal
2026-06-02 11:27:21,0.6694793701171875,0,normal
2026-06-02 11:27:21,0.9870529174804688,0,normal
2026-06-02 11:27:21,0.4429817199707031,0,normal
2026-06-02 11:27:21,0.8349418640136719,0,normal
2026-06-02 11:27:21,3.0548572540283203,0,normal
2026-06-02 11:27:21,1.2748241424560547,0,normal
2026-06-02 11:27:21,1.5821456909179688,0,normal
2026-06-02 11:27:21,0.6422996520996094,0,normal
2026-06-02 11:27:22,1.7528533935546875,0,normal
2026-06-02 11:27:22,1.8165111541748047,0,normal
2026-06-02 11:27:22,0.6892681121826172,0,normal
2026-06-02 11:27:22,1.2679100036621094,0,normal
2026-06-02 11:27:22,0.8084774017333984,0,normal
2026-06-02 11:27:22,1.558065414428711,0,normal
2026-06-02 11:27:22,1.295328140258789,0,normal
2026-06-02 11:27:22,1.9447803497314453,0,normal
2026-06-02 11:27:22,1.1088848114013672,0,normal
2026-06-02 11:27:23,2.2225379943847656,0,normal
2026-06-02 11:27:23,1.1172294616699219,0,normal
2026-06-02 11:27:23,2.303600311279297,0,normal
2026-06-02 11:27:23,1.8115043640136719,0,normal
2026-06-02 11:27:23,1.2552738189697266,0,normal
2026-06-02 11:27:23,1.062631607055664,0,normal
2026-06-02 11:27:23,1.3988018035888672,0,normal
2026-06-02 11:27:23,1.7483234405517578,0,normal
2026-06-02 11:27:23,2.5014877319335938,0,normal
2026-06-02 11:27:23,1.7733573913574219,0,normal
2026-06-02 11:27:24,0.43201446533203125,0,normal
2026-06-02 11:27:24,1.2946128845214844,0,normal
2026-06-02 11:27:24,1.7619132995605469,0,normal
2026-06-02 11:27:24,2.243518829345703,0,normal
2026-06-02 11:27:24,2.1245479583740234,0,normal
2026-06-02 11:27:24,0.6291866302490234,0,normal
2026-06-02 11:27:24,1.1272430419921875,0,normal
2026-06-02 11:27:24,1.9550323486328125,0,normal
2026-06-02 11:27:24,0.5464553833007812,0,normal
2026-06-02 11:27:24,0.4591941833496094,0,normal
2026-06-02 11:27:25,0.41937828063964844,0,normal
2026-06-02 11:27:25,0.5133152008056641,0,normal
2026-06-02 11:27:25,1.3675689697265625,0,normal
2026-06-02 11:27:25,0.4706382751464844,0,normal
2026-06-02 11:27:25,0.7119178771972656,0,normal
2026-06-02 11:27:25,0.39649009704589844,0,normal
2026-06-02 11:27:25,0.38313865661621094,0,normal
2026-06-02 11:27:25,0.8387565612792969,0,normal
2026-06-02 11:27:25,0.7042884826660156,0,normal
2026-06-02 11:27:25,1.1248588562011719,0,normal
2026-06-02 11:27:26,0.637054443359375,0,normal
2026-06-02 11:27:26,0.5502700805664062,0,normal
2026-06-02 11:27:26,0.8852481842041016,0,normal
2026-06-02 11:27:26,0.5648136138916016,0,normal
2026-06-02 11:27:26,0.5486011505126953,0,normal
2026-06-02 11:27:26,0.5052089691162109,0,normal
2026-06-02 11:27:26,0.652313232421875,0,normal
2026-06-02 11:27:26,0.5295276641845703,0,normal
2026-06-02 11:27:26,0.8928775787353516,0,normal
2026-06-02 11:27:27,0.5023479461669922,0,normal
2026-06-02 11:27:27,1.2211799621582031,0,normal
2026-06-02 11:27:27,0.8857250213623047,0,normal
2026-06-02 11:27:27,0.5645751953125,0,normal
2026-06-02 11:27:27,0.90789794921875,0,normal
2026-06-02 11:27:27,0.5986690521240234,0,normal
2026-06-02 11:27:27,0.5564689636230469,0,normal
2026-06-02 11:27:27,0.7903575897216797,0,normal
2026-06-02 11:27:27,0.6773471832275391,0,normal
2026-06-02 11:27:27,0.5261898040771484,0,normal
2026-06-02 11:27:28,0.4582405090332031,0,normal
2026-06-02 11:27:28,0.48470497131347656,0,normal
2026-06-02 11:27:28,0.5779266357421875,0,normal
2026-06-02 11:27:28,0.6792545318603516,0,normal
2026-06-02 11:27:28,0.6880760192871094,0,normal
2026-06-02 11:27:28,1.4412403106689453,0,normal
2026-06-02 11:27:28,0.9272098541259766,0,normal
2026-06-02 11:27:28,0.6618499755859375,0,normal
2026-06-02 11:27:28,0.6415843963623047,0,normal
2026-06-02 11:27:28,0.8943080902099609,0,normal
2026-06-02 11:27:29,0.9033679962158203,0,normal
2026-06-02 11:27:29,0.3886222839355469,0,normal
2026-06-02 11:27:29,0.6036758422851562,0,normal
2026-06-02 11:27:29,0.9715557098388672,0,normal
2026-06-02 11:27:29,0.7770061492919922,0,normal
2026-06-02 11:27:29,0.4355907440185547,0,normal
2026-06-02 11:27:29,0.41937828063964844,0,normal
2026-06-02 11:27:29,0.5371570587158203,0,normal
2026-06-02 11:27:29,0.5137920379638672,0,normal
2026-06-02 11:27:29,0.4684925079345703,0,normal
2026-06-02 11:27:30,0.9124279022216797,0,normal
2026-06-02 11:27:30,0.8614063262939453,0,normal
2026-06-02 11:27:30,0.6837844848632812,0,normal
2026-06-02 11:27:30,0.6513595581054688,0,normal
2026-06-02 11:27:30,0.49042701721191406,0,normal
2026-06-02 11:27:30,1.165628433227539,0,normal
2026-06-02 11:27:30,0.4036426544189453,0,normal
2026-06-02 11:27:30,0.5791187286376953,0,normal
2026-06-02 11:27:30,0.4630088806152344,0,normal
2026-06-02 11:27:30,0.9710788726806641,0,normal
2026-06-02 11:27:31,0.7321834564208984,0,normal
2026-06-02 11:27:31,0.4973411560058594,0,normal
2026-06-02 11:27:31,3.4024715423583984,0,normal
2026-06-02 11:27:31,0.7717609405517578,0,normal
2026-06-02 11:27:31,0.8096694946289062,0,normal
2026-06-02 11:27:31,1.1458396911621094,0,normal
2026-06-02 11:27:31,1.0128021240234375,0,normal
2026-06-02 11:27:31,0.6783008575439453,0,normal
2026-06-02 11:27:31,0.5452632904052734,0,normal
2026-06-02 11:27:32,0.42939186096191406,0,normal
2026-06-02 11:27:32,0.7307529449462891,0,normal
2026-06-02 11:27:32,0.6263256072998047,0,normal
2026-06-02 11:27:32,1.0685920715332031,0,normal
2026-06-02 11:27:32,2.793550491333008,0,normal
2026-06-02 11:27:32,0.3876686096191406,0,normal
2026-06-02 11:27:32,0.675201416015625,0,normal
2026-06-02 11:27:32,0.4639625549316406,0,normal
2026-06-02 11:27:32,0.4508495330810547,0,normal
2026-06-02 11:27:32,0.7307529449462891,0,normal
2026-06-02 11:27:33,0.5202293395996094,0,normal
2026-06-02 11:27:33,1.117706298828125,0,normal
2026-06-02 11:27:33,1.3027191162109375,0,normal
2026-06-02 11:27:33,0.576019287109375,0,normal
2026-06-02 11:27:33,0.4837512969970703,0,normal
2026-06-02 11:27:33,0.5731582641601562,0,normal
2026-06-02 11:27:33,0.63323974609375,0,normal
2026-06-02 11:27:33,1.1942386627197266,0,normal
2026-06-02 11:27:33,1.216888427734375,0,normal
2026-06-02 11:27:33,1.230001449584961,0,normal
2026-06-02 11:27:34,0.9257793426513672,0,normal
2026-06-02 11:27:34,0.8342266082763672,0,normal
2026-06-02 11:27:34,0.5135536193847656,0,normal
2026-06-02 11:27:34,1.4140605926513672,0,normal
2026-06-02 11:27:34,0.41365623474121094,0,normal
2026-06-02 11:27:34,0.5233287811279297,0,normal
2026-06-02 11:27:34,0.5893707275390625,0,normal
2026-06-02 11:27:34,0.5269050598144531,0,normal
2026-06-02 11:27:34,0.537872314453125,0,normal
2026-06-02 11:27:34,0.7925033569335938,0,normal
2026-06-02 11:27:35,0.7703304290771484,0,normal
2026-06-02 11:27:35,0.4527568817138672,0,normal
2026-06-02 11:27:35,0.5161762237548828,0,normal
2026-06-02 11:27:35,0.4038810729980469,0,normal
2026-06-02 11:27:35,1.1126995086669922,0,normal
2026-06-02 11:27:35,0.9477138519287109,0,normal
2026-06-02 11:27:35,0.5128383636474609,0,normal
2026-06-02 11:27:35,0.6301403045654297,0,normal
2026-06-02 11:27:35,1.2345314025878906,0,normal
2026-06-02 11:27:35,1.2445449829101562,0,normal
2026-06-02 11:27:36,1.0886192321777344,0,normal
2026-06-02 11:27:36,0.5536079406738281,0,normal
2026-06-02 11:27:36,0.8249282836914062,0,normal
2026-06-02 11:27:36,0.6487369537353516,0,normal
2026-06-02 11:27:36,0.5326271057128906,0,normal
2026-06-02 11:27:36,0.45013427734375,0,normal
2026-06-02 11:27:36,0.7832050323486328,0,normal
2026-06-02 11:27:36,1.035451889038086,0,normal
2026-06-02 11:27:36,0.9279251098632812,0,normal
2026-06-02 11:27:37,1.0421276092529297,0,normal
2026-06-02 11:27:37,0.47898292541503906,0,normal
2026-06-02 11:27:37,1.2316703796386719,0,normal
2026-06-02 11:27:37,0.49591064453125,0,normal
2026-06-02 11:27:37,0.5125999450683594,0,normal
2026-06-02 11:27:37,0.9784698486328125,0,normal
2026-06-02 11:27:37,0.6203651428222656,0,normal
2026-06-02 11:27:37,1.0247230529785156,0,normal
2026-06-02 11:27:37,0.5040168762207031,0,normal
2026-06-02 11:27:37,0.5345344543457031,0,normal
2026-06-02 11:27:38,0.4744529724121094,0,normal
2026-06-02 11:27:38,0.7953643798828125,0,normal
2026-06-02 11:27:38,0.45680999755859375,0,normal
2026-06-02 11:27:38,0.5581378936767578,0,normal
2026-06-02 11:27:38,0.5090236663818359,0,normal
2026-06-02 11:27:38,0.5385875701904297,0,normal
2026-06-02 11:27:38,0.6346702575683594,0,normal
2026-06-02 11:27:38,0.6124973297119141,0,normal
2026-06-02 11:27:38,0.4737377166748047,0,normal
2026-06-02 11:27:38,0.6368160247802734,0,normal
2026-06-02 11:27:39,0.4825592041015625,0,normal
2026-06-02 11:27:39,1.712799072265625,0,normal
2026-06-02 11:27:39,0.49877166748046875,0,normal
2026-06-02 11:27:39,0.5788803100585938,0,normal
2026-06-02 11:27:39,0.46563148498535156,0,normal
2026-06-02 11:27:39,0.7321834564208984,0,normal
2026-06-02 11:27:39,1.049041748046875,0,normal
2026-06-02 11:27:39,0.5185604095458984,0,normal
2026-06-02 11:27:39,0.7710456848144531,0,normal
2026-06-02 11:27:39,0.5376338958740234,0,normal
2026-06-02 11:27:40,0.5574226379394531,0,normal
2026-06-02 11:27:40,0.41937828063964844,0,normal
2026-06-02 11:27:40,0.6501674652099609,0,normal
2026-06-02 11:27:40,0.4191398620605469,0,normal
2026-06-02 11:27:40,0.4699230194091797,0,normal
2026-06-02 11:27:40,0.47397613525390625,0,normal
2026-06-02 11:27:40,0.5619525909423828,0,normal
2026-06-02 11:27:40,0.7126331329345703,0,normal
2026-06-02 11:27:40,1.8086433410644531,0,normal
2026-06-02 11:27:40,0.6768703460693359,0,normal
2026-06-02 11:27:41,0.4630088806152344,0,normal
2026-06-02 11:27:41,0.4417896270751953,0,normal
2026-06-02 11:27:41,0.5080699920654297,0,normal
2026-06-02 11:27:41,0.5295276641845703,0,normal
2026-06-02 11:27:41,0.6504058837890625,0,normal
2026-06-02 11:27:41,0.6558895111083984,0,normal
2026-06-02 11:27:41,0.38909912109375,0,normal
2026-06-02 11:27:41,0.9903907775878906,0,normal
2026-06-02 11:27:41,0.5140304565429688,0,normal
2026-06-02 11:27:41,1.2350082397460938,0,normal
2026-06-02 11:27:42,0.38909912109375,0,normal
2026-06-02 11:27:42,0.4374980926513672,0,normal
2026-06-02 11:27:42,0.5865097045898438,0,normal
2026-06-02 11:27:42,1.0051727294921875,0,normal
2026-06-02 11:27:42,1.3606548309326172,0,normal
2026-06-02 11:27:42,0.9064674377441406,0,normal
2026-06-02 11:27:42,0.8330345153808594,0,normal
2026-06-02 11:27:42,0.8161067962646484,0,normal
2026-06-02 11:27:42,1.1324882507324219,0,normal
2026-06-02 11:27:43,0.8909702301025391,0,normal
2026-06-02 11:27:43,0.6620883941650391,0,normal
2026-06-02 11:27:43,0.46372413635253906,0,normal
2026-06-02 11:27:43,0.4849433898925781,0,normal
2026-06-02 11:27:43,0.4062652587890625,0,normal
2026-06-02 11:27:43,0.6961822509765625,0,normal
2026-06-02 11:27:43,0.36978721618652344,0,normal
2026-06-02 11:27:43,0.9746551513671875,0,normal
2026-06-02 11:27:43,0.6685256958007812,0,normal
2026-06-02 11:27:43,0.4951953887939453,0,normal
2026-06-02 11:27:44,0.9317398071289062,0,normal
2026-06-02 11:27:44,0.5695819854736328,0,normal
2026-06-02 11:27:44,0.41937828063964844,0,normal
2026-06-02 11:27:44,0.40650367736816406,0,normal
2026-06-02 11:27:44,0.5350112915039062,0,normal
2026-06-02 11:27:44,0.4227161407470703,0,normal
2026-06-02 11:27:44,0.5781650543212891,0,normal
2026-06-02 11:27:44,0.8778572082519531,0,normal
2026-06-02 11:27:44,0.7243156433105469,0,normal
2026-06-02 11:27:44,0.37789344787597656,0,normal
2026-06-02 11:27:45,1.0683536529541016,0,normal
2026-06-02 11:27:45,0.4756450653076172,0,normal
2026-06-02 11:27:45,1.3463497161865234,0,normal
2026-06-02 11:27:45,0.5373954772949219,0,normal
2026-06-02 11:27:45,0.6718635559082031,0,normal
2026-06-02 11:27:45,0.67138671875,0,normal
2026-06-02 11:27:45,0.7174015045166016,0,normal
2026-06-02 11:27:45,1.2218952178955078,0,normal
2026-06-02 11:27:45,0.8020401000976562,0,normal
2026-06-02 11:27:45,0.6208419799804688,0,normal
2026-06-02 11:27:46,1.4121532440185547,0,normal
2026-06-02 11:27:46,0.8449554443359375,0,normal
2026-06-02 11:27:46,0.5381107330322266,0,normal
2026-06-02 11:27:46,1.3680458068847656,0,normal
2026-06-02 11:27:46,0.5614757537841797,0,normal
2026-06-02 11:27:46,0.5342960357666016,0,normal
2026-06-02 11:27:46,0.5512237548828125,0,normal
2026-06-02 11:27:46,0.3757476806640625,0,normal
2026-06-02 11:27:46,0.48470497131347656,0,normal
2026-06-02 11:27:46,0.4134178161621094,0,normal
2026-06-02 11:27:47,0.7834434509277344,0,normal
2026-06-02 11:27:47,1.3315677642822266,0,normal
2026-06-02 11:27:47,1.0797977447509766,0,normal
2026-06-02 11:27:47,0.5407333374023438,0,normal
2026-06-02 11:27:47,0.5571842193603516,0,normal
2026-06-02 11:27:47,0.7185935974121094,0,normal
2026-06-02 11:27:47,0.5238056182861328,0,normal
2026-06-02 11:27:47,0.5643367767333984,0,normal
2026-06-02 11:27:47,0.7009506225585938,0,normal
2026-06-02 11:27:47,0.3790855407714844,0,normal
2026-06-02 11:27:48,0.5812644958496094,0,normal
2026-06-02 11:27:48,0.5917549133300781,0,normal
2026-06-02 11:27:48,0.4916191101074219,0,normal
2026-06-02 11:27:48,0.6921291351318359,0,normal
2026-06-02 11:27:48,0.46062469482421875,0,normal
2026-06-02 11:27:48,0.38123130798339844,0,normal
2026-06-02 11:27:48,0.5164146423339844,0,normal
2026-06-02 11:27:48,0.3838539123535156,0,normal
2026-06-02 11:27:48,0.5266666412353516,0,normal
2026-06-02 11:27:49,0.9288787841796875,0,normal
2026-06-02 11:27:49,0.41675567626953125,0,normal
2026-06-02 11:27:49,0.4334449768066406,0,normal
2026-06-02 11:27:49,0.47898292541503906,0,normal
2026-06-02 11:27:49,0.4963874816894531,0,normal
2026-06-02 11:27:49,0.66375732421875,0,normal
2026-06-02 11:27:49,0.8356571197509766,0,normal
2026-06-02 11:27:49,0.4982948303222656,0,normal
2026-06-02 11:27:49,1.1844635009765625,0,normal
2026-06-02 11:27:49,0.5619525909423828,0,normal
2026-06-02 11:27:50,0.7319450378417969,0,normal
2026-06-02 11:27:50,0.38695335388183594,0,normal
2026-06-02 11:27:50,0.6384849548339844,0,normal
2026-06-02 11:27:50,0.5025863647460938,0,normal
2026-06-02 11:27:50,0.5609989166259766,0,normal
2026-06-02 11:27:50,0.6957054138183594,0,normal
2026-06-02 11:27:50,0.705718994140625,0,normal
2026-06-02 11:27:50,0.38242340087890625,0,normal
2026-06-02 11:27:50,0.43320655822753906,0,normal
2026-06-02 11:27:50,1.1181831359863281,0,normal
2026-06-02 11:27:51,0.5917549133300781,0,normal
2026-06-02 11:27:51,1.1336803436279297,0,normal
2026-06-02 11:27:51,0.8399486541748047,0,normal
2026-06-02 11:27:51,1.4562606811523438,0,normal
2026-06-02 11:27:51,0.6196498870849609,0,normal
2026-06-02 11:27:51,0.732421875,0,normal
2026-06-02 11:27:51,0.6821155548095703,0,normal
2026-06-02 11:27:51,0.5247592926025391,0,normal
2026-06-02 11:27:51,0.9911060333251953,0,normal
2026-06-02 11:27:51,0.5791187286376953,0,normal
2026-06-02 11:27:52,0.4734992980957031,0,normal
2026-06-02 11:27:52,0.5881786346435547,0,normal
2026-06-02 11:27:52,0.40841102600097656,0,normal
2026-06-02 11:27:52,0.8165836334228516,0,normal
2026-06-02 11:27:52,0.8687973022460938,0,normal
2026-06-02 11:27:52,0.48279762268066406,0,normal
2026-06-02 11:27:52,0.4405975341796875,0,normal
2026-06-02 11:27:52,0.44798851013183594,0,normal
2026-06-02 11:27:52,0.8733272552490234,0,normal
2026-06-02 11:27:52,1.619577407836914,0,normal
2026-06-02 11:27:53,0.5640983581542969,0,normal
2026-06-02 11:27:53,0.8101463317871094,0,normal
2026-06-02 11:27:53,0.7834434509277344,0,normal
2026-06-02 11:27:53,0.9369850158691406,0,normal
2026-06-02 11:27:53,0.4811286926269531,0,normal
2026-06-02 11:27:53,0.44989585876464844,0,normal
2026-06-02 11:27:53,0.4935264587402344,0,normal
2026-06-02 11:27:53,0.40912628173828125,0,normal
2026-06-02 11:27:53,0.42819976806640625,0,normal
2026-06-02 11:27:54,0.3802776336669922,0,normal
2026-06-02 11:27:54,0.9627342224121094,0,normal
2026-06-02 11:27:54,0.5559921264648438,0,normal
2026-06-02 11:27:54,1.5811920166015625,0,normal
2026-06-02 11:27:54,0.5178451538085938,0,normal
2026-06-02 11:27:54,0.4291534423828125,0,normal
2026-06-02 11:27:54,0.41031837463378906,0,normal
2026-06-02 11:27:54,0.4858970642089844,0,normal
2026-06-02 11:27:54,1.0726451873779297,0,normal
2026-06-02 11:27:54,0.8137226104736328,0,normal
2026-06-02 11:27:55,1.547098159790039,0,normal
2026-06-02 11:27:55,1.1501312255859375,0,normal
2026-06-02 11:27:55,0.6935596466064453,0,normal
2026-06-02 11:27:55,0.5075931549072266,0,normal
2026-06-02 11:27:55,1.1372566223144531,0,normal
2026-06-02 11:27:55,0.522613525390625,0,normal
2026-06-02 11:27:55,0.4353523254394531,0,normal
2026-06-02 11:27:55,0.6687641143798828,0,normal
2026-06-02 11:27:55,2.2237300872802734,0,normal
2026-06-02 11:27:55,0.5214214324951172,0,normal
2026-06-02 11:27:56,0.4286766052246094,0,normal
2026-06-02 11:27:56,0.4496574401855469,0,normal
2026-06-02 11:27:56,0.5202293395996094,0,normal
2026-06-02 11:27:56,0.5486011505126953,0,normal
2026-06-02 11:27:56,0.9634494781494141,0,normal
2026-06-02 11:27:56,0.4646778106689453,0,normal
2026-06-02 11:27:56,0.40912628173828125,0,normal
2026-06-02 11:27:56,0.5154609680175781,0,normal
2026-06-02 11:27:56,0.4687309265136719,0,normal
2026-06-02 11:27:56,1.3206005096435547,0,normal
2026-06-02 11:27:57,0.3650188446044922,0,normal
2026-06-02 11:27:57,0.39005279541015625,0,normal
2026-06-02 11:27:57,1.2712478637695312,0,normal
2026-06-02 11:27:57,0.4706382751464844,0,normal
2026-06-02 11:27:57,0.43487548828125,0,normal
2026-06-02 11:27:57,0.40149688720703125,0,normal
2026-06-02 11:27:57,0.3819465637207031,0,normal
2026-06-02 11:27:57,0.7100105285644531,0,normal
2026-06-02 11:27:57,1.055002212524414,0,normal
2026-06-02 11:27:57,0.38123130798339844,0,normal
2026-06-02 11:27:58,0.47898292541503906,0,normal
2026-06-02 11:27:58,0.6711483001708984,0,normal
2026-06-02 11:27:58,0.8656978607177734,0,normal
2026-06-02 11:27:58,0.41866302490234375,0,normal
2026-06-02 11:27:58,0.6930828094482422,0,normal
2026-06-02 11:27:58,0.7228851318359375,0,normal
2026-06-02 11:27:58,0.8146762847900391,0,normal
2026-06-02 11:27:58,0.44846534729003906,0,normal
2026-06-02 11:27:58,0.6537437438964844,0,normal
2026-06-02 11:27:58,0.4329681396484375,0,normal
2026-06-02 11:27:59,0.9222030639648438,0,normal
2026-06-02 11:27:59,0.8497238159179688,0,normal
2026-06-02 11:27:59,0.759124755859375,0,normal
2026-06-02 11:27:59,0.6597042083740234,0,normal
2026-06-02 11:27:59,1.285552978515625,0,normal
2026-06-02 11:27:59,0.4563331604003906,0,normal
2026-06-02 11:27:59,0.7948875427246094,0,normal
2026-06-02 11:27:59,0.4775524139404297,0,normal
2026-06-02 11:27:59,0.7798671722412109,0,normal
2026-06-02 11:28:00,0.48351287841796875,0,normal
2026-06-02 11:28:00,0.6434917449951172,0,normal
2026-06-02 11:28:00,0.6570816040039062,0,normal
2026-06-02 11:28:00,0.38123130798339844,0,normal
2026-06-02 11:28:00,0.5617141723632812,0,normal
2026-06-02 11:28:00,0.9512901306152344,0,normal
2026-06-02 11:28:00,0.8854866027832031,0,normal
2026-06-02 11:28:00,0.6859302520751953,0,normal
2026-06-02 11:28:00,0.7305145263671875,0,normal
2026-06-02 11:28:00,0.7479190826416016,0,normal
2026-06-02 11:28:01,1.2712478637695312,0,normal
2026-06-02 11:28:01,0.36787986755371094,0,normal
2026-06-02 11:28:01,1.6977787017822266,0,normal
2026-06-02 11:28:01,1.6982555389404297,0,normal
2026-06-02 11:28:01,0.5950927734375,0,normal
2026-06-02 11:28:01,0.6413459777832031,0,normal
2026-06-02 11:28:01,1.5604496002197266,0,normal
2026-06-02 11:28:01,2.731800079345703,0,normal
2026-06-02 11:28:01,1.3153553009033203,0,normal
2026-06-02 11:28:01,2.1686553955078125,0,normal
2026-06-02 11:28:02,0.7326602935791016,0,normal
2026-06-02 11:28:02,0.5993843078613281,0,normal
2026-06-02 11:28:02,0.9107589721679688,0,normal
2026-06-02 11:28:02,0.8845329284667969,0,normal
2026-06-02 11:28:02,0.8108615875244141,0,normal
2026-06-02 11:28:02,0.7078647613525391,0,normal
2026-06-02 11:28:02,0.8099079132080078,0,normal
2026-06-02 11:28:02,0.9849071502685547,0,normal
2026-06-02 11:28:02,0.5691051483154297,0,normal
2026-06-02 11:28:02,0.8070468902587891,0,normal
2026-06-02 11:28:03,0.7770061492919922,0,normal
2026-06-02 11:28:03,0.4992485046386719,0,normal
2026-06-02 11:28:03,0.7269382476806641,0,normal
2026-06-02 11:28:03,1.1489391326904297,0,normal
2026-06-02 11:28:03,0.9989738464355469,0,normal
2026-06-02 11:28:03,1.0132789611816406,0,normal
2026-06-02 11:28:03,0.5805492401123047,0,normal
2026-06-02 11:28:03,0.6012916564941406,0,normal
2026-06-02 11:28:03,0.7903575897216797,0,normal
2026-06-02 11:28:04,0.4642009735107422,0,normal
2026-06-02 11:28:04,0.8153915405273438,0,normal
2026-06-02 11:28:04,0.5526542663574219,0,normal
2026-06-02 11:28:04,0.6840229034423828,0,normal
2026-06-02 11:28:04,0.6880760192871094,0,normal
2026-06-02 11:28:04,0.5908012390136719,0,normal
2026-06-02 11:28:04,0.5726814270019531,0,normal
2026-06-02 11:28:04,0.46753883361816406,0,normal
2026-06-02 11:28:04,0.7665157318115234,0,normal
2026-06-02 11:28:04,0.45180320739746094,0,normal
2026-06-02 11:28:05,0.8590221405029297,0,normal
2026-06-02 11:28:05,0.5316734313964844,0,normal
2026-06-02 11:28:05,1.3222694396972656,0,normal
2026-06-02 11:28:05,1.607656478881836,0,normal
2026-06-02 11:28:05,0.5648136138916016,0,normal
2026-06-02 11:28:05,0.6220340728759766,0,normal
2026-06-02 11:28:05,0.7410049438476562,0,normal
2026-06-02 11:28:05,0.7927417755126953,0,normal
2026-06-02 11:28:05,0.48089027404785156,0,normal
2026-06-02 11:28:05,0.6334781646728516,0,normal
2026-06-02 11:28:06,0.5488395690917969,0,normal
2026-06-02 11:28:06,0.5376338958740234,0,normal
2026-06-02 11:28:06,0.9148120880126953,0,normal
2026-06-02 11:28:06,1.0471343994140625,0,normal
2026-06-02 11:28:06,0.7283687591552734,0,normal
2026-06-02 11:28:06,0.6387233734130859,0,normal
2026-06-02 11:28:06,0.39577484130859375,0,normal
2026-06-02 11:28:06,0.4508495330810547,0,normal
2026-06-02 11:28:06,0.9775161743164062,0,normal
2026-06-02 11:28:06,0.7593631744384766,0,normal
2026-06-02 11:28:07,0.8904933929443359,0,normal
2026-06-02 11:28:07,0.7352828979492188,0,normal
2026-06-02 11:28:07,0.48089027404785156,0,normal
2026-06-02 11:28:07,0.5257129669189453,0,normal
2026-06-02 11:28:07,0.39196014404296875,0,normal
2026-06-02 11:28:07,0.4398822784423828,0,normal
2026-06-02 11:28:07,0.5085468292236328,0,normal
2026-06-02 11:28:07,0.5156993865966797,0,normal
2026-06-02 11:28:07,0.7538795471191406,0,normal
2026-06-02 11:28:07,0.7107257843017578,0,normal
2026-06-02 11:28:08,0.3407001495361328,0,normal
2026-06-02 11:28:08,0.3993511199951172,0,normal
2026-06-02 11:28:08,0.9629726409912109,0,normal
2026-06-02 11:28:08,1.7659664154052734,0,normal
2026-06-02 11:28:08,0.5099773406982422,0,normal
2026-06-02 11:28:08,0.3573894500732422,0,normal
2026-06-02 11:28:08,0.4436969757080078,0,normal
2026-06-02 11:28:08,0.6101131439208984,0,normal
2026-06-02 11:28:08,0.7872581481933594,0,normal
2026-06-02 11:28:08,0.9098052978515625,0,normal
2026-06-02 11:28:09,0.7052421569824219,0,normal
2026-06-02 11:28:09,0.4374980926513672,0,normal
2026-06-02 11:28:09,0.8955001831054688,0,normal
2026-06-02 11:28:09,1.4200210571289062,0,normal
2026-06-02 11:28:09,0.6763935089111328,0,normal
2026-06-02 11:28:09,0.48279762268066406,0,normal
2026-06-02 11:28:09,1.1343955993652344,0,normal
2026-06-02 11:28:09,0.4444122314453125,0,normal
2026-06-02 11:28:09,0.37479400634765625,0,normal
2026-06-02 11:28:10,1.0726451873779297,0,normal
2026-06-02 11:28:10,0.5366802215576172,0,normal
2026-06-02 11:28:10,0.6895065307617188,0,normal
2026-06-02 11:28:10,0.4038810729980469,0,normal
2026-06-02 11:28:10,0.6825923919677734,0,normal
2026-06-02 11:28:10,0.823974609375,0,normal
2026-06-02 11:28:10,0.5028247833251953,0,normal
2026-06-02 11:28:10,0.38170814514160156,0,normal
2026-06-02 11:28:10,1.1091232299804688,0,normal
2026-06-02 11:28:10,0.38933753967285156,0,normal
2026-06-02 11:28:11,0.5209445953369141,0,normal
2026-06-02 11:28:11,0.6163120269775391,0,normal
2026-06-02 11:28:11,4.481792449951172,0,normal
2026-06-02 11:28:11,0.6663799285888672,0,normal
2026-06-02 11:28:11,0.8378028869628906,0,normal
2026-06-02 11:28:11,1.5354156494140625,0,normal
2026-06-02 11:28:11,0.9686946868896484,0,normal
2026-06-02 11:28:11,1.1043548583984375,0,normal
2026-06-02 11:28:11,0.888824462890625,0,normal
2026-06-02 11:28:11,0.9489059448242188,0,normal
2026-06-02 11:28:12,1.0869503021240234,0,normal
2026-06-02 11:28:12,1.0213851928710938,0,normal
2026-06-02 11:28:12,1.2295246124267578,0,normal
2026-06-02 11:28:12,0.6573200225830078,0,normal
2026-06-02 11:28:12,0.8521080017089844,0,normal
2026-06-02 11:28:12,1.4832019805908203,0,normal
2026-06-02 11:28:12,0.7259845733642578,0,normal
2026-06-02 11:28:12,0.9450912475585938,0,normal
2026-06-02 11:28:12,0.5564689636230469,0,normal
2026-06-02 11:28:12,0.44035911560058594,0,normal
2026-06-02 11:28:13,1.2440681457519531,0,normal
2026-06-02 11:28:13,1.4836788177490234,0,normal
2026-06-02 11:28:13,1.4622211456298828,0,normal
2026-06-02 11:28:13,1.1627674102783203,0,normal
2026-06-02 11:28:13,0.8525848388671875,0,normal
2026-06-02 11:28:13,0.7989406585693359,0,normal
2026-06-02 11:28:13,0.8940696716308594,0,normal
2026-06-02 11:28:13,0.5707740783691406,0,normal
2026-06-02 11:28:13,1.0023117065429688,0,normal
2026-06-02 11:28:13,1.0797977447509766,0,normal
2026-06-02 11:28:14,0.5905628204345703,0,normal
2026-06-02 11:28:14,0.9479522705078125,0,normal
2026-06-02 11:28:14,1.0528564453125,0,normal
2026-06-02 11:28:14,1.5802383422851562,0,normal
2026-06-02 11:28:14,0.9222030639648438,0,normal
2026-06-02 11:28:14,1.4388561248779297,0,normal
2026-06-02 11:28:14,0.7855892181396484,0,normal
2026-06-02 11:28:14,0.9589195251464844,0,normal
2026-06-02 11:28:14,0.5490779876708984,0,normal
2026-06-02 11:28:15,0.965118408203125,0,normal
2026-06-02 11:28:15,1.2524127960205078,0,normal
2026-06-02 11:28:15,0.49996376037597656,0,normal
2026-06-02 11:28:15,0.6740093231201172,0,normal
2026-06-02 11:28:15,0.8370876312255859,0,normal
2026-06-02 11:28:15,1.9075870513916016,0,normal
2026-06-02 11:28:15,0.5340576171875,0,normal
2026-06-02 11:28:15,0.6613731384277344,0,normal
2026-06-02 11:28:15,0.6873607635498047,0,normal
2026-06-02 11:28:15,0.6029605865478516,0,normal
2026-06-02 11:28:16,1.020193099975586,0,normal
2026-06-02 11:28:16,0.7300376892089844,0,normal
2026-06-02 11:28:16,0.8256435394287109,0,normal
2026-06-02 11:28:16,1.5063285827636719,0,normal
2026-06-02 11:28:16,1.3315677642822266,0,normal
2026-06-02 11:28:16,1.4462471008300781,0,normal
2026-06-02 11:28:16,1.171112060546875,0,normal
2026-06-02 11:28:16,0.6322860717773438,0,normal
2026-06-02 11:28:16,1.1255741119384766,0,normal
2026-06-02 11:28:16,1.2967586517333984,0,normal
2026-06-02 11:28:17,0.7383823394775391,0,normal
2026-06-02 11:28:17,0.5030632019042969,0,normal
2026-06-02 11:28:17,0.8540153503417969,0,normal
2026-06-02 11:28:17,0.8094310760498047,0,normal
2026-06-02 11:28:17,0.8473396301269531,0,normal
2026-06-02 11:28:17,0.6775856018066406,0,normal
2026-06-02 11:28:17,1.5168190002441406,0,normal
2026-06-02 11:28:17,0.7696151733398438,0,normal
2026-06-02 11:28:17,1.6007423400878906,0,normal
2026-06-02 11:28:17,0.6504058837890625,0,normal
2026-06-02 11:28:18,1.1417865753173828,0,normal
2026-06-02 11:28:18,0.9634494781494141,0,normal
2026-06-02 11:28:18,0.7650852203369141,0,normal
2026-06-02 11:28:18,0.8077621459960938,0,normal
2026-06-02 11:28:18,0.4496574401855469,0,normal
2026-06-02 11:28:18,1.1746883392333984,0,normal
2026-06-02 11:28:18,1.3964176177978516,0,normal
2026-06-02 11:28:18,0.9894371032714844,0,normal
2026-06-02 11:28:18,1.1243820190429688,0,normal
2026-06-02 11:28:19,0.41961669921875,0,normal
2026-06-02 11:28:19,0.9882450103759766,0,normal
2026-06-02 11:28:19,0.4563331604003906,0,normal
2026-06-02 11:28:19,1.3484954833984375,0,normal
2026-06-02 11:28:19,1.0831356048583984,0,normal
2026-06-02 11:28:19,0.7731914520263672,0,normal
2026-06-02 11:28:19,0.8223056793212891,0,normal
2026-06-02 11:28:19,1.093149185180664,0,normal
2026-06-02 11:28:19,0.8673667907714844,0,normal
2026-06-02 11:28:19,0.6611347198486328,0,normal
2026-06-02 11:28:20,0.8130073547363281,0,normal
2026-06-02 11:28:20,0.5862712860107422,0,normal
2026-06-02 11:28:20,0.9479522705078125,0,normal
2026-06-02 11:28:20,0.385284423828125,0,normal
2026-06-02 11:28:20,0.7038116455078125,0,normal
2026-06-02 11:28:20,0.5471706390380859,0,normal
2026-06-02 11:28:20,1.4183521270751953,0,normal
2026-06-02 11:28:20,0.5862712860107422,0,normal
2026-06-02 11:28:20,0.8077621459960938,0,normal
2026-06-02 11:28:20,1.1353492736816406,0,normal
2026-06-02 11:28:21,1.4226436614990234,0,normal
2026-06-02 11:28:21,1.9016265869140625,0,normal
2026-06-02 11:28:21,0.6167888641357422,0,normal
2026-06-02 11:28:21,0.8382797241210938,0,normal
2026-06-02 11:28:21,0.6146430969238281,0,normal
2026-06-02 11:28:21,0.8699893951416016,0,normal
2026-06-02 11:28:21,1.3473033905029297,0,normal
2026-06-02 11:28:21,1.4791488647460938,0,normal
2026-06-02 11:28:21,2.2385120391845703,0,normal
2026-06-02 11:28:21,0.6592273712158203,0,normal
2026-06-02 11:28:22,0.6933212280273438,0,normal
2026-06-02 11:28:22,0.3840923309326172,0,normal
2026-06-02 11:28:22,1.1258125305175781,0,normal
2026-06-02 11:28:22,1.1894702911376953,0,normal
2026-06-02 11:28:22,1.2845993041992188,0,normal
2026-06-02 11:28:22,1.2111663818359375,0,normal
2026-06-02 11:28:22,0.6129741668701172,0,normal
2026-06-02 11:28:22,0.8242130279541016,0,normal
2026-06-02 11:28:22,1.0311603546142578,0,normal
2026-06-02 11:28:22,0.5614757537841797,0,normal
2026-06-02 11:28:23,0.5555152893066406,0,normal
2026-06-02 11:28:23,1.0957717895507812,0,normal
2026-06-02 11:28:23,0.9837150573730469,0,normal
2026-06-02 11:28:23,2.147197723388672,0,normal
2026-06-02 11:28:23,1.989603042602539,0,normal
2026-06-02 11:28:23,1.1224746704101562,0,normal
2026-06-02 11:28:23,1.2364387512207031,0,normal
2026-06-02 11:28:23,0.6306171417236328,0,normal
2026-06-02 11:28:23,1.024484634399414,0,normal
2026-06-02 11:28:24,1.1653900146484375,0,normal
2026-06-02 11:28:24,1.199960708618164,0,normal
2026-06-02 11:28:24,1.2831687927246094,0,normal
2026-06-02 11:28:24,0.8006095886230469,0,normal
2026-06-02 11:28:24,0.8254051208496094,0,normal
2026-06-02 11:28:24,0.36716461181640625,0,normal
2026-06-02 11:28:24,0.3509521484375,0,normal
2026-06-02 11:28:24,0.4012584686279297,0,normal
2026-06-02 11:28:24,0.7915496826171875,0,normal
2026-06-02 11:28:24,1.0805130004882812,0,normal
2026-06-02 11:28:25,0.6215572357177734,0,normal
2026-06-02 11:28:25,2.0160675048828125,0,normal
2026-06-02 11:28:25,2.011537551879883,0,normal
2026-06-02 11:28:25,1.8877983093261719,0,normal
2026-06-02 11:28:25,1.2774467468261719,0,normal
2026-06-02 11:28:25,1.3430118560791016,0,normal
2026-06-02 11:28:25,0.8726119995117188,0,normal
2026-06-02 11:28:25,0.9837150573730469,0,normal
2026-06-02 11:28:25,1.0099411010742188,0,normal
2026-06-02 11:28:25,2.4831295013427734,0,normal
2026-06-02 11:28:26,2.366304397583008,0,normal
2026-06-02 11:28:26,0.6508827209472656,0,normal
2026-06-02 11:28:26,1.9865036010742188,0,normal
2026-06-02 11:28:26,1.9729137420654297,0,normal
2026-06-02 11:28:26,0.8511543273925781,0,normal
2026-06-02 11:28:26,1.0080337524414062,0,normal
2026-06-02 11:28:26,1.3394355773925781,0,normal
2026-06-02 11:28:26,0.5960464477539062,0,normal
2026-06-02 11:28:26,1.0259151458740234,0,normal
2026-06-02 11:28:27,1.1301040649414062,0,normal
2026-06-02 11:28:27,0.7922649383544922,0,normal
2026-06-02 11:28:27,0.3883838653564453,0,normal
2026-06-02 11:28:27,1.8873214721679688,0,normal
2026-06-02 11:28:27,0.6856918334960938,0,normal
2026-06-02 11:28:27,0.7991790771484375,0,normal
2026-06-02 11:28:27,1.434326171875,0,normal
2026-06-02 11:28:27,0.7114410400390625,0,normal
2026-06-02 11:28:27,0.965118408203125,0,normal
2026-06-02 11:28:27,1.3201236724853516,0,normal
2026-06-02 11:28:28,1.0635852813720703,0,normal
2026-06-02 11:28:28,0.8373260498046875,0,normal
2026-06-02 11:28:28,0.6403923034667969,0,normal
2026-06-02 11:28:28,0.8053779602050781,0,normal
2026-06-02 11:28:28,0.6723403930664062,0,normal
2026-06-02 11:28:28,0.8716583251953125,0,normal
2026-06-02 11:28:28,1.064300537109375,0,normal
2026-06-02 11:28:28,0.4360675811767578,0,normal
2026-06-02 11:28:28,1.9135475158691406,0,normal
2026-06-02 11:28:28,0.9095668792724609,0,normal
2026-06-02 11:28:29,0.6587505340576172,0,normal
2026-06-02 11:28:29,0.675201416015625,0,normal
2026-06-02 11:28:29,0.7131099700927734,0,normal
2026-06-02 11:28:29,0.6692409515380859,0,normal
2026-06-02 11:28:29,0.58746337890625,0,normal
2026-06-02 11:28:29,0.4868507385253906,0,normal
2026-06-02 11:28:29,0.8344650268554688,0,normal
2026-06-02 11:28:29,0.7169246673583984,0,normal
2026-06-02 11:28:29,0.5409717559814453,0,normal
2026-06-02 11:28:29,0.701904296875,0,normal
2026-06-02 11:28:30,0.6928443908691406,0,normal
2026-06-02 11:28:30,0.6227493286132812,0,normal
2026-06-02 11:28:30,2.621889114379883,0,normal
2026-06-02 11:28:30,0.5643367767333984,0,normal
2026-06-02 11:28:30,0.7371902465820312,0,normal
2026-06-02 11:28:30,0.7183551788330078,0,normal
2026-06-02 11:28:30,0.7164478302001953,0,normal
2026-06-02 11:28:30,0.5917549133300781,0,normal
2026-06-02 11:28:30,0.5822181701660156,0,normal
2026-06-02 11:28:31,0.7197856903076172,0,normal
2026-06-02 11:28:31,0.8029937744140625,0,normal
2026-06-02 11:28:31,0.8559226989746094,0,normal
2026-06-02 11:28:31,0.9274482727050781,0,normal
2026-06-02 11:28:31,0.7653236389160156,0,normal
2026-06-02 11:28:31,0.7739067077636719,0,normal
2026-06-02 11:28:31,0.6334781646728516,0,normal
2026-06-02 11:28:31,0.8461475372314453,0,normal
2026-06-02 11:28:31,1.0309219360351562,0,normal
2026-06-02 11:28:31,0.9546279907226562,0,normal
2026-06-02 11:28:32,0.9486675262451172,0,normal
2026-06-02 11:28:32,0.7066726684570312,0,normal
2026-06-02 11:28:32,2.9480457305908203,0,normal
2026-06-02 11:28:32,0.8237361907958984,0,normal
2026-06-02 11:28:32,0.6821155548095703,0,normal
2026-06-02 11:28:32,0.9114742279052734,0,normal
2026-06-02 11:28:32,0.9438991546630859,0,normal
2026-06-02 11:28:32,1.026153564453125,0,normal
2026-06-02 11:28:32,1.4624595642089844,0,normal
2026-06-02 11:28:32,1.54876708984375,0,normal
2026-06-02 11:28:33,0.8955001831054688,0,normal
2026-06-02 11:28:33,0.9918212890625,0,normal
2026-06-02 11:28:33,1.0123252868652344,0,normal
2026-06-02 11:28:33,0.4870891571044922,0,normal
2026-06-02 11:28:33,0.6964206695556641,0,normal
2026-06-02 11:28:33,0.7672309875488281,0,normal
2026-06-02 11:28:33,0.9832382202148438,0,normal
2026-06-02 11:28:33,1.028299331665039,0,normal
2026-06-02 11:28:33,1.2035369873046875,0,normal
2026-06-02 11:28:33,0.6084442138671875,0,normal
2026-06-02 11:28:34,1.1322498321533203,0,normal
2026-06-02 11:28:34,0.7462501525878906,0,normal
2026-06-02 11:28:34,1.1742115020751953,0,normal
2026-06-02 11:28:34,0.6358623504638672,0,normal
2026-06-02 11:28:34,0.5209445953369141,0,normal
2026-06-02 11:28:34,1.0366439819335938,0,normal
2026-06-02 11:28:34,0.8518695831298828,0,normal
2026-06-02 11:28:34,1.310586929321289,0,normal
2026-06-02 11:28:34,0.6687641143798828,0,normal
2026-06-02 11:28:35,0.5440711975097656,0,normal
2026-06-02 11:28:35,0.5638599395751953,0,normal
2026-06-02 11:28:35,0.4048347473144531,0,normal
2026-06-02 11:28:35,0.48995018005371094,0,normal
2026-06-02 11:28:35,0.6070137023925781,0,normal
2026-06-02 11:28:35,0.881195068359375,0,normal
2026-06-02 11:28:35,0.5803108215332031,0,normal
2026-06-02 11:28:35,0.5824565887451172,0,normal
2026-06-02 11:28:35,0.7483959197998047,0,normal
2026-06-02 11:28:35,1.0869503021240234,0,normal
2026-06-02 11:28:36,0.7538795471191406,0,normal
2026-06-02 11:28:36,0.5459785461425781,0,normal
2026-06-02 11:28:36,0.5362033843994141,0,normal
2026-06-02 11:28:36,2.081632614135742,0,normal
2026-06-02 11:28:36,0.7541179656982422,0,normal
2026-06-02 11:28:36,0.5552768707275391,0,normal
2026-06-02 11:28:36,0.8056163787841797,0,normal
2026-06-02 11:28:36,1.1997222900390625,0,normal
2026-06-02 11:28:36,0.6322860717773438,0,normal
2026-06-02 11:28:36,0.8270740509033203,0,normal
2026-06-02 11:28:37,0.4916191101074219,0,normal
2026-06-02 11:28:37,0.6155967712402344,0,normal
2026-06-02 11:28:37,0.6577968597412109,0,normal
2026-06-02 11:28:37,0.6127357482910156,0,normal
2026-06-02 11:28:37,0.5562305450439453,0,normal
2026-06-02 11:28:37,0.5335807800292969,0,normal
2026-06-02 11:28:37,0.5447864532470703,0,normal
2026-06-02 11:28:37,0.61798095703125,0,normal
2026-06-02 11:28:37,1.1260509490966797,0,normal
2026-06-02 11:28:37,2.4831295013427734,0,normal
2026-06-02 11:28:38,0.5691051483154297,0,normal
2026-06-02 11:28:38,0.6785392761230469,0,normal
2026-06-02 11:28:38,0.7698535919189453,0,normal
2026-06-02 11:28:38,0.49114227294921875,0,normal
2026-06-02 11:28:38,0.4241466522216797,0,normal
2026-06-02 11:28:38,0.7169246673583984,0,normal
2026-06-02 11:28:38,0.5993843078613281,0,normal
2026-06-02 11:28:38,0.6024837493896484,0,normal
2026-06-02 11:28:38,0.4935264587402344,0,normal
2026-06-02 11:28:38,0.5667209625244141,0,normal
2026-06-02 11:28:39,1.2822151184082031,0,normal
2026-06-02 11:28:39,0.5004405975341797,0,normal
2026-06-02 11:28:39,0.5469322204589844,0,normal
2026-06-02 11:28:39,0.7693767547607422,0,normal
2026-06-02 11:28:39,0.7724761962890625,0,normal
2026-06-02 11:28:39,0.7476806640625,0,normal
2026-06-02 11:28:39,0.7450580596923828,0,normal
2026-06-02 11:28:39,1.9199848175048828,0,normal
2026-06-02 11:28:39,1.1172294616699219,0,normal
2026-06-02 11:28:39,0.9164810180664062,0,normal
2026-06-02 11:28:40,0.9026527404785156,0,normal
2026-06-02 11:28:40,0.7219314575195312,0,normal
2026-06-02 11:28:40,0.3840923309326172,0,normal
2026-06-02 11:28:40,1.2853145599365234,0,normal
2026-06-02 11:28:40,0.3898143768310547,0,normal
2026-06-02 11:28:40,1.0287761688232422,0,normal
2026-06-02 11:28:40,2.1407604217529297,0,normal
2026-06-02 11:28:40,1.1343955993652344,0,normal
2026-06-02 11:28:40,0.8070468902587891,0,normal
2026-06-02 11:28:41,0.7016658782958984,0,normal
2026-06-02 11:28:41,1.1429786682128906,0,normal
2026-06-02 11:28:41,0.926971435546875,0,normal
2026-06-02 11:28:41,0.6012916564941406,0,normal
2026-06-02 11:28:41,0.8151531219482422,0,normal
2026-06-02 11:28:41,0.46944618225097656,0,normal
2026-06-02 11:28:41,0.6797313690185547,0,normal
2026-06-02 11:28:41,0.484466552734375,0,normal
2026-06-02 11:28:41,0.6566047668457031,0,normal
2026-06-02 11:28:41,0.7877349853515625,0,normal
2026-06-02 11:28:42,1.1000633239746094,0,normal
2026-06-02 11:28:42,1.5463829040527344,0,normal
2026-06-02 11:28:42,1.1403560638427734,0,normal
2026-06-02 11:28:42,1.04522705078125,0,normal
2026-06-02 11:28:42,1.4996528625488281,0,normal
2026-06-02 11:28:42,1.417398452758789,0,normal
2026-06-02 11:28:42,1.0504722595214844,0,normal
2026-06-02 11:28:42,0.91552734375,0,normal
2026-06-02 11:28:42,0.9913444519042969,0,normal
2026-06-02 11:28:42,1.1959075927734375,0,normal
2026-06-02 11:28:43,0.6711483001708984,0,normal
2026-06-02 11:28:43,1.7092227935791016,0,normal
2026-06-02 11:28:43,2.0532608032226562,0,normal
2026-06-02 11:28:43,0.9949207305908203,0,normal
2026-06-02 11:28:43,1.230478286743164,0,normal
2026-06-02 11:28:43,1.3875961303710938,0,normal
2026-06-02 11:28:43,0.8919239044189453,0,normal
2026-06-02 11:28:43,0.9016990661621094,0,normal
2026-06-02 11:28:43,0.8418560028076172,0,normal
2026-06-02 11:28:43,0.9965896606445312,0,normal
2026-06-02 11:28:44,1.3403892517089844,0,normal
2026-06-02 11:28:44,0.6661415100097656,0,normal
2026-06-02 11:28:44,1.8146038055419922,0,normal
2026-06-02 11:28:44,0.46515464782714844,0,normal
2026-06-02 11:28:44,2.6197433471679688,0,normal
2026-06-02 11:28:44,1.5387535095214844,0,normal
2026-06-02 11:28:44,0.5512237548828125,0,normal
2026-06-02 11:28:44,0.5538463592529297,0,normal
2026-06-02 11:28:44,1.4896392822265625,0,normal
2026-06-02 11:28:45,4.65083122253418,0,normal
2026-06-02 11:28:45,0.5323886871337891,0,normal
2026-06-02 11:28:45,1.0023117065429688,0,normal
2026-06-02 11:28:45,0.6880760192871094,0,normal
2026-06-02 11:28:45,0.6470680236816406,0,normal
2026-06-02 11:28:45,0.492095947265625,0,normal
2026-06-02 11:28:45,0.4744529724121094,0,normal
2026-06-02 11:28:45,1.0004043579101562,0,normal
2026-06-02 11:28:45,0.8451938629150391,0,normal
2026-06-02 11:28:45,1.4219284057617188,0,normal
2026-06-02 11:28:46,3.6766529083251953,0,normal
2026-06-02 11:28:46,0.9355545043945312,0,normal
2026-06-02 11:28:46,0.5497932434082031,0,normal
2026-06-02 11:28:46,0.4298686981201172,0,normal
2026-06-02 11:28:46,0.8087158203125,0,normal
2026-06-02 11:28:46,1.0230541229248047,0,normal
2026-06-02 11:28:46,0.4680156707763672,0,normal
2026-06-02 11:28:46,0.6859302520751953,0,normal
2026-06-02 11:28:46,0.6349086761474609,0,normal
2026-06-02 11:28:46,0.4200935363769531,0,normal
2026-06-02 11:28:47,0.6635189056396484,0,normal
2026-06-02 11:28:47,1.0037422180175781,0,normal
2026-06-02 11:28:47,0.6883144378662109,0,normal
2026-06-02 11:28:47,1.651763916015625,0,normal
2026-06-02 11:28:47,1.5480518341064453,0,normal
2026-06-02 11:28:47,1.1878013610839844,0,normal
2026-06-02 11:28:47,1.0890960693359375,0,normal
2026-06-02 11:28:47,1.3039112091064453,0,normal
2026-06-02 11:28:47,1.125335693359375,0,normal
2026-06-02 11:28:47,1.9860267639160156,0,normal
2026-06-02 11:28:48,0.6988048553466797,0,normal
2026-06-02 11:28:48,0.6091594696044922,0,normal
2026-06-02 11:28:48,0.8935928344726562,0,normal
2026-06-02 11:28:48,0.9708404541015625,0,normal
2026-06-02 11:28:48,0.5528926849365234,0,normal
2026-06-02 11:28:48,0.41961669921875,0,normal
2026-06-02 11:28:48,0.9074211120605469,0,normal
2026-06-02 11:28:48,0.8327960968017578,0,normal
2026-06-02 11:28:48,1.169443130493164,0,normal
2026-06-02 11:28:49,2.1278858184814453,0,normal
2026-06-02 11:28:49,0.9148120880126953,0,normal
2026-06-02 11:28:49,0.9181499481201172,0,normal
2026-06-02 11:28:49,1.188039779663086,0,normal
2026-06-02 11:28:49,1.4958381652832031,0,normal
2026-06-02 11:28:49,0.6384849548339844,0,normal
2026-06-02 11:28:49,0.6625652313232422,0,normal
2026-06-02 11:28:49,1.1906623840332031,0,normal
2026-06-02 11:28:49,1.1451244354248047,0,normal
2026-06-02 11:28:49,0.6959438323974609,0,normal
2026-06-02 11:28:50,0.7731914520263672,0,normal
2026-06-02 11:28:50,0.8816719055175781,0,normal
2026-06-02 11:28:50,1.0836124420166016,0,normal
2026-06-02 11:28:50,1.1615753173828125,0,normal
2026-06-02 11:28:50,0.5896091461181641,0,normal
2026-06-02 11:28:50,1.5361309051513672,0,normal
2026-06-02 11:28:50,1.2466907501220703,0,normal
2026-06-02 11:28:50,0.5023479461669922,0,normal
2026-06-02 11:28:50,1.184701919555664,0,normal
2026-06-02 11:28:50,0.8704662322998047,0,normal
2026-06-02 11:28:51,0.5841255187988281,0,normal
2026-06-02 11:28:51,0.5905628204345703,0,normal
2026-06-02 11:28:51,0.9450912475585938,0,normal
2026-06-02 11:28:51,1.5935897827148438,0,normal
2026-06-02 11:28:51,0.9241104125976562,0,normal
2026-06-02 11:28:51,1.603841781616211,0,normal
2026-06-02 11:28:51,1.0914802551269531,0,normal
2026-06-02 11:28:51,0.9839534759521484,0,normal
2026-06-02 11:28:51,0.8332729339599609,0,normal
2026-06-02 11:28:51,1.256704330444336,0,normal
2026-06-02 11:28:52,2.4580955505371094,0,normal
2026-06-02 11:28:52,0.9665489196777344,0,normal
2026-06-02 11:28:52,1.1413097381591797,0,normal
2026-06-02 11:28:52,0.9036064147949219,0,normal
2026-06-02 11:28:52,1.4455318450927734,0,normal
2026-06-02 11:28:52,1.2977123260498047,0,normal
2026-06-02 11:28:52,0.637054443359375,0,normal
2026-06-02 11:28:52,1.8014907836914062,0,normal
2026-06-02 11:28:52,0.9410381317138672,0,normal
2026-06-02 11:28:53,0.6256103515625,0,normal
2026-06-02 11:28:53,0.965118408203125,0,normal
2026-06-02 11:28:53,1.0516643524169922,0,normal
2026-06-02 11:28:53,0.4856586456298828,0,normal
2026-06-02 11:28:53,1.0209083557128906,0,normal
2026-06-02 11:28:53,1.7173290252685547,0,normal
2026-06-02 11:28:53,1.0333061218261719,0,normal
2026-06-02 11:28:53,0.9751319885253906,0,normal
2026-06-02 11:28:53,1.0976791381835938,0,normal
2026-06-02 11:28:53,1.0068416595458984,0,normal
2026-06-02 11:28:54,1.3823509216308594,0,normal
2026-06-02 11:28:54,0.3936290740966797,0,normal
2026-06-02 11:28:54,1.1932849884033203,0,normal
2026-06-02 11:28:54,0.9953975677490234,0,normal
2026-06-02 11:28:54,0.5958080291748047,0,normal
2026-06-02 11:28:54,0.9813308715820312,0,normal
2026-06-02 11:28:54,0.49114227294921875,0,normal
2026-06-02 11:28:54,1.630544662475586,0,normal
2026-06-02 11:28:54,0.5278587341308594,0,normal
2026-06-02 11:28:54,0.6239414215087891,0,normal
2026-06-02 11:28:55,0.9398460388183594,0,normal
2026-06-02 11:28:55,1.9121170043945312,0,normal
2026-06-02 11:28:55,2.0630359649658203,0,normal
2026-06-02 11:28:55,0.6687641143798828,0,normal
2026-06-02 11:28:55,0.9732246398925781,0,normal
2026-06-02 11:28:55,1.4832019805908203,0,normal
2026-06-02 11:28:55,0.7350444793701172,0,normal
2026-06-02 11:28:55,0.7028579711914062,0,normal
2026-06-02 11:28:55,1.1014938354492188,0,normal
2026-06-02 11:28:56,0.7464885711669922,0,normal
2026-06-02 11:28:56,1.363515853881836,0,normal
2026-06-02 11:28:56,1.2097358703613281,0,normal
2026-06-02 11:28:56,0.6754398345947266,0,normal
2026-06-02 11:28:56,0.8492469787597656,0,normal
2026-06-02 11:28:56,0.598907470703125,0,normal
2026-06-02 11:28:56,0.9877681732177734,0,normal
2026-06-02 11:28:56,0.9858608245849609,0,normal
2026-06-02 11:28:56,0.5097389221191406,0,normal
2026-06-02 11:28:56,0.7121562957763672,0,normal
2026-06-02 11:28:57,1.0793209075927734,0,normal
2026-06-02 11:28:57,1.0457038879394531,0,normal
2026-06-02 11:28:57,1.3370513916015625,0,normal
2026-06-02 11:28:57,0.8883476257324219,0,normal
2026-06-02 11:28:57,1.0344982147216797,0,normal
2026-06-02 11:28:57,0.9920597076416016,0,normal
2026-06-02 11:28:57,1.146554946899414,0,normal
2026-06-02 11:28:57,0.8804798126220703,0,normal
2026-06-02 11:28:57,1.0156631469726562,0,normal
2026-06-02 11:28:57,0.9295940399169922,0,normal
2026-06-02 11:28:58,0.7333755493164062,0,normal
2026-06-02 11:28:58,0.45037269592285156,0,normal
2026-06-02 11:28:58,0.6542205810546875,0,normal
2026-06-02 11:28:58,0.6971359252929688,0,normal
2026-06-02 11:28:58,0.431060791015625,0,normal
2026-06-02 11:28:58,1.3835430145263672,0,normal
2026-06-02 11:28:58,0.7996559143066406,0,normal
2026-06-02 11:28:58,0.9019374847412109,0,normal
2026-06-02 11:28:58,0.4115104675292969,0,normal
2026-06-02 11:28:58,1.041412353515625,0,normal
2026-06-02 11:28:59,0.9219646453857422,0,normal
2026-06-02 11:28:59,1.0685920715332031,0,normal
2026-06-02 11:28:59,0.7722377777099609,0,normal
2026-06-02 11:28:59,0.5953311920166016,0,normal
2026-06-02 11:28:59,0.8897781372070312,0,normal
2026-06-02 11:28:59,1.3704299926757812,0,normal
2026-06-02 11:28:59,1.4827251434326172,0,normal
2026-06-02 11:28:59,0.63323974609375,0,normal
2026-06-02 11:28:59,0.6849765777587891,0,normal
2026-06-02 11:29:00,0.8761882781982422,0,normal
2026-06-02 11:29:00,0.9932518005371094,0,normal
2026-06-02 11:29:00,0.4947185516357422,0,normal
2026-06-02 11:29:00,1.0161399841308594,0,normal
2026-06-02 11:29:00,0.5438327789306641,0,normal
2026-06-02 11:29:00,1.3260841369628906,0,normal
2026-06-02 11:29:00,0.4410743713378906,0,normal
2026-06-02 11:29:00,0.6046295166015625,0,normal
2026-06-02 11:29:00,0.3857612609863281,0,normal
2026-06-02 11:29:00,0.3905296325683594,0,normal
2026-06-02 11:29:01,0.3592967987060547,0,normal
2026-06-02 11:29:01,0.7457733154296875,0,normal
2026-06-02 11:29:01,0.5137920379638672,0,normal
2026-06-02 11:29:01,0.7503032684326172,0,normal
2026-06-02 11:29:01,0.6136894226074219,0,normal
2026-06-02 11:29:01,0.5326271057128906,0,normal
2026-06-02 11:29:01,0.396728515625,0,normal
2026-06-02 11:29:01,0.9424686431884766,0,normal
2026-06-02 11:29:01,0.49686431884765625,0,normal
2026-06-02 11:29:01,0.75531005859375,0,normal
2026-06-02 11:29:02,0.9744167327880859,0,normal
2026-06-02 11:29:02,0.8904933929443359,0,normal
2026-06-02 11:29:02,0.8032321929931641,0,normal
2026-06-02 11:29:02,0.9949207305908203,0,normal
2026-06-02 11:29:02,1.2602806091308594,0,normal
2026-06-02 11:29:02,0.9303092956542969,0,normal
2026-06-02 11:29:02,1.2481212615966797,0,normal
2026-06-02 11:29:02,0.5440711975097656,0,normal
2026-06-02 11:29:02,0.5686283111572266,0,normal
2026-06-02 11:29:02,1.1444091796875,0,normal
2026-06-02 11:29:03,1.4014244079589844,0,normal
2026-06-02 11:29:03,0.45418739318847656,0,normal
2026-06-02 11:29:03,0.8449554443359375,0,normal
2026-06-02 11:29:03,0.6403923034667969,0,normal
2026-06-02 11:29:03,0.6225109100341797,0,normal
2026-06-02 11:29:03,0.9374618530273438,0,normal
2026-06-02 11:29:03,0.5395412445068359,0,normal
2026-06-02 11:29:03,0.4069805145263672,0,normal
2026-06-02 11:29:03,0.4532337188720703,0,normal
2026-06-02 11:29:03,0.9875297546386719,0,normal
2026-06-02 11:29:04,0.7491111755371094,0,normal
2026-06-02 11:29:04,0.9009838104248047,0,normal
2026-06-02 11:29:04,0.43892860412597656,0,normal
2026-06-02 11:29:04,0.4963874816894531,0,normal
2026-06-02 11:29:04,0.6308555603027344,0,normal
2026-06-02 11:29:04,0.7679462432861328,0,normal
2026-06-02 11:29:04,0.6380081176757812,0,normal
2026-06-02 11:29:04,1.5552043914794922,0,normal
2026-06-02 11:29:04,0.8776187896728516,0,normal
2026-06-02 11:29:05,0.6268024444580078,0,normal
2026-06-02 11:29:05,0.4334449768066406,0,normal
2026-06-02 11:29:05,0.42939186096191406,0,normal
2026-06-02 11:29:05,1.0344982147216797,0,normal
2026-06-02 11:29:05,0.5533695220947266,0,normal
2026-06-02 11:29:05,0.6682872772216797,0,normal
2026-06-02 11:29:05,2.120494842529297,0,normal
2026-06-02 11:29:05,0.8237361907958984,0,normal
2026-06-02 11:29:05,1.0876655578613281,0,normal
2026-06-02 11:29:05,0.6146430969238281,0,normal
2026-06-02 11:29:06,2.1085739135742188,0,normal
2026-06-02 11:29:06,0.7345676422119141,0,normal
2026-06-02 11:29:06,1.0619163513183594,0,normal
2026-06-02 11:29:06,0.5085468292236328,0,normal
2026-06-02 11:29:06,1.3310909271240234,0,normal
2026-06-02 11:29:06,0.6947517395019531,0,normal
2026-06-02 11:29:06,0.6196498870849609,0,normal
2026-06-02 11:29:06,0.7877349853515625,0,normal
2026-06-02 11:29:06,0.9028911590576172,0,normal
2026-06-02 11:29:06,0.885009765625,0,normal
2026-06-02 11:29:07,0.43010711669921875,0,normal
2026-06-02 11:29:07,0.7660388946533203,0,normal
2026-06-02 11:29:07,0.7205009460449219,0,normal
2026-06-02 11:29:07,0.5631446838378906,0,normal
2026-06-02 11:29:07,0.6809234619140625,0,normal
2026-06-02 11:29:07,1.0099411010742188,0,normal
2026-06-02 11:29:07,1.0223388671875,0,normal
2026-06-02 11:29:07,0.8094310760498047,0,normal
2026-06-02 11:29:07,1.0039806365966797,0,normal
2026-06-02 11:29:07,1.3358592987060547,0,normal
2026-06-02 11:29:08,0.7426738739013672,0,normal
2026-06-02 11:29:08,0.7879734039306641,0,normal
2026-06-02 11:29:08,0.7340908050537109,0,normal
2026-06-02 11:29:08,1.0194778442382812,0,normal
2026-06-02 11:29:08,0.9090900421142578,0,normal
2026-06-02 11:29:08,0.5006790161132812,0,normal
2026-06-02 11:29:08,0.7328987121582031,0,normal
2026-06-02 11:29:08,0.4220008850097656,0,normal
2026-06-02 11:29:08,0.6365776062011719,0,normal
2026-06-02 11:29:09,1.1608600616455078,0,normal
2026-06-02 11:29:09,0.6749629974365234,0,normal
2026-06-02 11:29:09,1.3823509216308594,0,normal
2026-06-02 11:29:09,1.4414787292480469,0,normal
2026-06-02 11:29:09,1.489877700805664,0,normal
2026-06-02 11:29:09,1.0204315185546875,0,normal
2026-06-02 11:29:09,0.74005126953125,0,normal
2026-06-02 11:29:09,1.3256072998046875,0,normal
2026-06-02 11:29:09,0.8091926574707031,0,normal
2026-06-02 11:29:09,1.3148784637451172,0,normal
2026-06-02 11:29:10,0.8869171142578125,0,normal
2026-06-02 11:29:10,1.1744499206542969,0,normal
2026-06-02 11:29:10,1.1603832244873047,0,normal
2026-06-02 11:29:10,0.4286766052246094,0,normal
2026-06-02 11:29:10,0.888824462890625,0,normal
2026-06-02 11:29:10,0.7431507110595703,0,normal
2026-06-02 11:29:10,0.8165836334228516,0,normal
2026-06-02 11:29:10,0.6847381591796875,0,normal
2026-06-02 11:29:10,0.8432865142822266,0,normal
2026-06-02 11:29:10,0.7960796356201172,0,normal
2026-06-02 11:29:11,2.011537551879883,0,normal
2026-06-02 11:29:11,1.280069351196289,0,normal
2026-06-02 11:29:11,0.9839534759521484,0,normal
2026-06-02 11:29:11,1.1174678802490234,0,normal
2026-06-02 11:29:11,0.6668567657470703,0,normal
2026-06-02 11:29:11,1.062631607055664,0,normal
2026-06-02 11:29:11,1.8644332885742188,0,normal
2026-06-02 11:29:11,0.7221698760986328,0,normal
2026-06-02 11:29:11,0.9653568267822266,0,normal
2026-06-02 11:29:11,0.6918907165527344,0,normal
2026-06-02 11:29:12,0.9181499481201172,0,normal
2026-06-02 11:29:12,0.5125999450683594,0,normal
2026-06-02 11:29:12,0.6692409515380859,0,normal
2026-06-02 11:29:12,0.5769729614257812,0,normal
2026-06-02 11:29:12,1.1615753173828125,0,normal
2026-06-02 11:29:12,1.0044574737548828,0,normal
2026-06-02 11:29:12,1.4078617095947266,0,normal
2026-06-02 11:29:12,1.1501312255859375,0,normal
2026-06-02 11:29:12,0.5831718444824219,0,normal
2026-06-02 11:29:12,0.6573200225830078,0,normal
2026-06-02 11:29:13,0.4291534423828125,0,normal
2026-06-02 11:29:13,0.4928112030029297,0,normal
2026-06-02 11:29:13,0.4360675811767578,0,normal
2026-06-02 11:29:13,1.2454986572265625,0,normal
2026-06-02 11:29:13,1.5757083892822266,0,normal
2026-06-02 11:29:13,1.9783973693847656,0,normal
2026-06-02 11:29:13,0.7925033569335938,0,normal
2026-06-02 11:29:13,1.0118484497070312,0,normal
2026-06-02 11:29:13,0.5002021789550781,0,normal
2026-06-02 11:29:14,1.2447834014892578,0,normal
2026-06-02 11:29:14,0.4608631134033203,0,normal
2026-06-02 11:29:14,0.6823539733886719,0,normal
2026-06-02 11:29:14,0.5412101745605469,0,normal
2026-06-02 11:29:14,1.6102790832519531,0,normal
2026-06-02 11:29:14,1.1129379272460938,0,normal
2026-06-02 11:29:14,0.7765293121337891,0,normal
2026-06-02 11:29:14,0.7884502410888672,0,normal
2026-06-02 11:29:14,0.7598400115966797,0,normal
2026-06-02 11:29:14,0.6783008575439453,0,normal
2026-06-02 11:29:15,1.1186599731445312,0,normal
2026-06-02 11:29:15,1.3003349304199219,0,normal
2026-06-02 11:29:15,2.501249313354492,0,normal
2026-06-02 11:29:15,1.6183853149414062,0,normal
2026-06-02 11:29:15,1.3303756713867188,0,normal
2026-06-02 11:29:15,0.6966590881347656,0,normal
2026-06-02 11:29:15,1.4014244079589844,0,normal
2026-06-02 11:29:15,1.7080307006835938,0,normal
2026-06-02 11:29:15,0.7863044738769531,0,normal
2026-06-02 11:29:15,0.5083084106445312,0,normal
2026-06-02 11:29:16,1.9078254699707031,0,normal
2026-06-02 11:29:16,0.7729530334472656,0,normal
2026-06-02 11:29:16,0.7495880126953125,0,normal
2026-06-02 11:29:16,3.1311511993408203,0,normal
2026-06-02 11:29:16,0.8456707000732422,0,normal
2026-06-02 11:29:16,0.6351470947265625,0,normal
2026-06-02 11:29:16,1.4262199401855469,0,normal
2026-06-02 11:29:16,0.9169578552246094,0,normal
2026-06-02 11:29:16,0.7719993591308594,0,normal
2026-06-02 11:29:16,1.1208057403564453,0,normal
2026-06-02 11:29:17,0.5385875701904297,0,normal
2026-06-02 11:29:17,0.7028579711914062,0,normal
2026-06-02 11:29:17,1.3577938079833984,0,normal
2026-06-02 11:29:17,0.7159709930419922,0,normal
2026-06-02 11:29:17,0.9057521820068359,0,normal
2026-06-02 11:29:17,0.7832050323486328,0,normal
2026-06-02 11:29:17,0.6847381591796875,0,normal
2026-06-02 11:29:17,0.7963180541992188,0,normal
2026-06-02 11:29:17,1.8198490142822266,0,normal
2026-06-02 11:29:18,0.6968975067138672,0,normal
2026-06-02 11:29:18,0.9732246398925781,0,normal
2026-06-02 11:29:18,1.3778209686279297,0,normal
2026-06-02 11:29:18,1.218557357788086,0,normal
2026-06-02 11:29:18,0.5998611450195312,0,normal
2026-06-02 11:29:18,1.1577606201171875,0,normal
2026-06-02 11:29:18,1.257181167602539,0,normal
2026-06-02 11:29:18,1.0335445404052734,0,normal
2026-06-02 11:29:18,0.44155120849609375,0,normal
2026-06-02 11:29:18,1.0256767272949219,0,normal
2026-06-02 11:29:19,0.9253025054931641,0,normal
2026-06-02 11:29:19,0.5860328674316406,0,normal
2026-06-02 11:29:19,0.522613525390625,0,normal
2026-06-02 11:29:19,1.13677978515625,0,normal
2026-06-02 11:29:19,0.8177757263183594,0,normal
2026-06-02 11:29:19,1.1518001556396484,0,normal
2026-06-02 11:29:19,0.9405612945556641,0,normal
2026-06-02 11:29:19,1.3208389282226562,0,normal
2026-06-02 11:29:19,0.766754150390625,0,normal
2026-06-02 11:29:19,0.6814002990722656,0,normal
2026-06-02 11:29:20,0.9207725524902344,0,normal
2026-06-02 11:29:20,0.9520053863525391,0,normal
2026-06-02 11:29:20,0.7221698760986328,0,normal
2026-06-02 11:29:20,0.5960464477539062,0,normal
2026-06-02 11:29:20,0.3871917724609375,0,normal
2026-06-02 11:29:20,0.48995018005371094,0,normal
2026-06-02 11:29:20,0.5011558532714844,0,normal
2026-06-02 11:29:20,0.3571510314941406,0,normal
2026-06-02 11:29:20,0.5657672882080078,0,normal
2026-06-02 11:29:20,0.6563663482666016,0,normal
2026-06-02 11:29:21,0.4985332489013672,0,normal
2026-06-02 11:29:21,1.2061595916748047,0,normal
2026-06-02 11:29:21,0.698089599609375,0,normal
2026-06-02 11:29:21,3.0031204223632812,0,normal
2026-06-02 11:29:21,1.7516613006591797,0,normal
2026-06-02 11:29:21,0.7367134094238281,0,normal
2026-06-02 11:29:21,1.0733604431152344,0,normal
2026-06-02 11:29:21,0.6983280181884766,0,normal
2026-06-02 11:29:21,1.1224746704101562,0,normal
2026-06-02 11:29:21,0.7944107055664062,0,normal
2026-06-02 11:29:22,0.4611015319824219,0,normal
2026-06-02 11:29:22,0.6961822509765625,0,normal
2026-06-02 11:29:22,1.4462471008300781,0,normal
2026-06-02 11:29:22,0.7653236389160156,0,normal
2026-06-02 11:29:22,0.7646083831787109,0,normal
2026-06-02 11:29:22,1.132965087890625,0,normal
2026-06-02 11:29:22,1.5876293182373047,0,normal
2026-06-02 11:29:22,1.3339519500732422,0,normal
2026-06-02 11:29:22,1.337289810180664,0,normal
2026-06-02 11:29:23,1.821756362915039,0,normal
2026-06-02 11:29:23,2.232789993286133,0,normal
2026-06-02 11:29:23,1.5425682067871094,0,normal
2026-06-02 11:29:23,0.9474754333496094,0,normal
2026-06-02 11:29:23,0.9179115295410156,0,normal
2026-06-02 11:29:23,0.5824565887451172,0,normal
2026-06-02 11:29:23,0.9086132049560547,0,normal
2026-06-02 11:29:23,1.0671615600585938,0,normal
2026-06-02 11:29:23,0.5300045013427734,0,normal
2026-06-02 11:29:23,0.9613037109375,0,normal
2026-06-02 11:29:24,0.8127689361572266,0,normal
2026-06-02 11:29:24,1.54876708984375,0,normal
2026-06-02 11:29:24,0.5331039428710938,0,normal
2026-06-02 11:29:24,0.5533695220947266,0,normal
2026-06-02 11:29:24,0.8378028869628906,0,normal
2026-06-02 11:29:24,0.4858970642089844,0,normal
2026-06-02 11:29:24,0.45800209045410156,0,normal
2026-06-02 11:29:24,0.7550716400146484,0,normal
2026-06-02 11:29:24,0.7681846618652344,0,normal
2026-06-02 11:29:24,0.6594657897949219,0,normal
2026-06-02 11:29:25,1.1544227600097656,0,normal
2026-06-02 11:29:25,0.5171298980712891,0,normal
2026-06-02 11:29:25,0.6420612335205078,0,normal
2026-06-02 11:29:25,0.4706382751464844,0,normal
2026-06-02 11:29:25,0.5426406860351562,0,normal
2026-06-02 11:29:25,0.8130073547363281,0,normal
2026-06-02 11:29:25,1.7180442810058594,0,normal
2026-06-02 11:29:25,1.2462139129638672,0,normal
2026-06-02 11:29:25,0.9391307830810547,0,normal
2026-06-02 11:29:25,1.1153221130371094,0,normal
2026-06-02 11:29:26,0.6818771362304688,0,normal
2026-06-02 11:29:26,0.6861686706542969,0,normal
2026-06-02 11:29:26,0.4978179931640625,0,normal
2026-06-02 11:29:26,0.5118846893310547,0,normal
2026-06-02 11:29:26,0.6313323974609375,0,normal
2026-06-02 11:29:26,0.38242340087890625,0,normal
2026-06-02 11:29:26,0.40221214294433594,0,normal
2026-06-02 11:29:26,0.3631114959716797,0,normal
2026-06-02 11:29:26,0.4513263702392578,0,normal
2026-06-02 11:29:26,0.5979537963867188,0,normal
2026-06-02 11:29:27,0.3733634948730469,0,normal
2026-06-02 11:29:27,0.6945133209228516,0,normal
2026-06-02 11:29:27,0.7462501525878906,0,normal
2026-06-02 11:29:27,1.1241436004638672,0,normal
2026-06-02 11:29:27,0.46324729919433594,0,normal
2026-06-02 11:29:27,0.5509853363037109,0,normal
2026-06-02 11:29:27,0.7779598236083984,0,normal
2026-06-02 11:29:27,0.6096363067626953,0,normal
2026-06-02 11:29:27,0.7739067077636719,0,normal
2026-06-02 11:29:28,0.8327960968017578,0,normal
2026-06-02 11:29:28,0.5540847778320312,0,normal
2026-06-02 11:29:28,0.7107257843017578,0,normal
2026-06-02 11:29:28,0.7977485656738281,0,normal
2026-06-02 11:29:28,0.6527900695800781,0,normal
2026-06-02 11:29:28,0.5846023559570312,0,normal
2026-06-02 11:29:28,0.6148815155029297,0,normal
2026-06-02 11:29:28,0.6442070007324219,0,normal
2026-06-02 11:29:28,2.0143985748291016,0,normal
2026-06-02 11:29:28,0.6198883056640625,0,normal
2026-06-02 11:29:29,0.400543212890625,0,normal
2026-06-02 11:29:29,0.6883144378662109,0,normal
2026-06-02 11:29:29,0.5066394805908203,0,normal
2026-06-02 11:29:29,0.45108795166015625,0,normal
2026-06-02 11:29:29,0.3991127014160156,0,normal
2026-06-02 11:29:29,0.6451606750488281,0,normal
2026-06-02 11:29:29,0.9434223175048828,0,normal
2026-06-02 11:29:29,2.2325515747070312,0,normal
2026-06-02 11:29:29,0.5800724029541016,0,normal
2026-06-02 11:29:29,0.415802001953125,0,normal
2026-06-02 11:29:30,0.5195140838623047,0,normal
2026-06-02 11:29:30,0.3552436828613281,0,normal
2026-06-02 11:29:30,0.44846534729003906,0,normal
2026-06-02 11:29:30,0.3833770751953125,0,normal
2026-06-02 11:29:30,0.4076957702636719,0,normal
2026-06-02 11:29:30,1.1551380157470703,0,normal
2026-06-02 11:29:30,1.9373893737792969,0,normal
2026-06-02 11:29:30,0.7560253143310547,0,normal
2026-06-02 11:29:30,0.44274330139160156,0,normal
2026-06-02 11:29:30,0.8594989776611328,0,normal
2026-06-02 11:29:31,0.6012916564941406,0,normal
2026-06-02 11:29:31,0.8015632629394531,0,normal
2026-06-02 11:29:31,0.7643699645996094,0,normal
2026-06-02 11:29:31,0.3693103790283203,0,normal
2026-06-02 11:29:31,0.4470348358154297,0,normal
2026-06-02 11:29:31,0.5028247833251953,0,normal
2026-06-02 11:29:31,0.6597042083740234,0,normal
2026-06-02 11:29:31,0.45299530029296875,0,normal
2026-06-02 11:29:31,0.4296302795410156,0,normal
2026-06-02 11:29:31,1.1565685272216797,0,normal
2026-06-02 11:29:32,0.4220008850097656,0,normal
2026-06-02 11:29:32,0.5245208740234375,0,normal
2026-06-02 11:29:32,0.52642822265625,0,normal
2026-06-02 11:29:32,0.5853176116943359,0,normal
2026-06-02 11:29:32,0.6692409515380859,0,normal
2026-06-02 11:29:32,1.1832714080810547,0,normal
2026-06-02 11:29:32,0.5862712860107422,0,normal
2026-06-02 11:29:32,0.8404254913330078,0,normal
2026-06-02 11:29:32,1.1022090911865234,0,normal
2026-06-02 11:29:33,0.4534721374511719,0,normal
2026-06-02 11:29:33,0.7505416870117188,0,normal
2026-06-02 11:29:33,1.0068416595458984,0,normal
2026-06-02 11:29:33,0.47516822814941406,0,normal
2026-06-02 11:29:33,0.3960132598876953,0,normal
2026-06-02 11:29:33,0.4253387451171875,0,normal
2026-06-02 11:29:33,0.5483627319335938,0,normal
2026-06-02 11:29:33,0.438690185546875,0,normal
2026-06-02 11:29:33,0.8122920989990234,0,normal
2026-06-02 11:29:33,0.7338523864746094,0,normal
2026-06-02 11:29:34,0.55694580078125,0,normal
2026-06-02 11:29:34,0.4367828369140625,0,normal
2026-06-02 11:29:34,0.6880760192871094,0,normal
2026-06-02 11:29:34,0.4744529724121094,0,normal
2026-06-02 11:29:34,1.1851787567138672,0,normal
2026-06-02 11:29:34,1.874685287475586,0,normal
2026-06-02 11:29:34,0.5469322204589844,0,normal
2026-06-02 11:29:34,1.102447509765625,0,normal
2026-06-02 11:29:34,0.40221214294433594,0,normal
2026-06-02 11:29:34,0.4086494445800781,0,normal
2026-06-02 11:29:35,0.4057884216308594,0,normal
