2026-06-02 01:00:15,1.8804073333740234,0,normal
2026-06-02 01:00:15,1.352548599243164,0,normal
2026-06-02 01:00:15,1.4350414276123047,0,normal
2026-06-02 01:00:15,0.9679794311523438,0,normal
2026-06-02 01:00:15,1.5647411346435547,0,normal
2026-06-02 01:00:15,0.8957386016845703,0,normal
2026-06-02 01:00:15,1.5952587127685547,0,normal
2026-06-02 01:00:16,1.8429756164550781,0,normal
2026-06-02 01:00:16,1.9567012786865234,0,normal
2026-06-02 01:00:16,2.3546218872070312,0,normal
2026-06-02 01:00:16,1.985311508178711,0,normal
2026-06-02 01:00:16,1.9783973693847656,0,normal
2026-06-02 01:00:16,0.8602142333984375,0,normal
2026-06-02 01:00:16,1.3895034790039062,0,normal
2026-06-02 01:00:16,1.584768295288086,0,normal
2026-06-02 01:00:16,0.9367465972900391,0,normal
2026-06-02 01:00:16,1.6548633575439453,0,normal
2026-06-02 01:00:17,1.2941360473632812,0,normal
2026-06-02 01:00:17,1.5683174133300781,0,normal
2026-06-02 01:00:17,3.0274391174316406,0,normal
2026-06-02 01:00:17,1.6260147094726562,0,normal
2026-06-02 01:00:17,1.3098716735839844,0,normal
2026-06-02 01:00:17,1.7609596252441406,0,normal
2026-06-02 01:00:17,2.4132728576660156,0,normal
2026-06-02 01:00:17,1.1858940124511719,0,normal
2026-06-02 01:00:17,1.0912418365478516,0,normal
2026-06-02 01:00:18,1.226186752319336,0,normal
2026-06-02 01:00:18,0.7536411285400391,0,normal
2026-06-02 01:00:18,2.250194549560547,0,normal
2026-06-02 01:00:18,1.9795894622802734,0,normal
2026-06-02 01:00:18,1.0695457458496094,0,normal
2026-06-02 01:00:18,1.165628433227539,0,normal
2026-06-02 01:00:18,0.6122589111328125,0,normal
2026-06-02 01:00:18,0.7367134094238281,0,normal
2026-06-02 01:00:18,1.0483264923095703,0,normal
2026-06-02 01:00:19,213.70458602905273,0,anomaly
2026-06-02 01:00:19,5.324602127075195,0,normal
2026-06-02 01:00:19,0.44798851013183594,0,normal
2026-06-02 01:00:19,1.0449886322021484,0,normal
2026-06-02 01:00:19,1.3926029205322266,0,normal
2026-06-02 01:00:19,1.7626285552978516,0,normal
2026-06-02 01:00:19,0.4620552062988281,0,normal
2026-06-02 01:00:19,0.7545948028564453,0,normal
2026-06-02 01:00:20,1.3470649719238281,0,normal
2026-06-02 01:00:20,1.9640922546386719,0,normal
2026-06-02 01:00:20,1.2156963348388672,0,normal
2026-06-02 01:00:20,0.6115436553955078,0,normal
2026-06-02 01:00:20,2.9277801513671875,0,normal
2026-06-02 01:00:20,2.427816390991211,0,normal
2026-06-02 01:00:20,0.8220672607421875,0,normal
2026-06-02 01:00:20,1.566171646118164,0,normal
2026-06-02 01:00:20,0.9424686431884766,0,normal
2026-06-02 01:00:21,201.7531394958496,0,anomaly
2026-06-02 01:00:21,0.5757808685302734,0,normal
2026-06-02 01:00:21,0.9531974792480469,0,normal
2026-06-02 01:00:21,1.2619495391845703,0,normal
2026-06-02 01:00:21,0.4425048828125,0,normal
2026-06-02 01:00:21,1.8718242645263672,0,normal
2026-06-02 01:00:21,0.5366802215576172,0,normal
2026-06-02 01:00:21,1.7657279968261719,0,normal
2026-06-02 01:00:21,0.9839534759521484,0,normal
2026-06-02 01:00:22,0.9663105010986328,0,normal
2026-06-02 01:00:22,0.4181861877441406,0,normal
2026-06-02 01:00:22,0.7598400115966797,0,normal
2026-06-02 01:00:22,0.7457733154296875,0,normal
2026-06-02 01:00:22,1.5423297882080078,0,normal
2026-06-02 01:00:22,0.44155120849609375,0,normal
2026-06-02 01:00:22,0.5357265472412109,0,normal
2026-06-02 01:00:22,1.2350082397460938,0,normal
2026-06-02 01:00:22,0.4935264587402344,0,normal
2026-06-02 01:00:22,0.6418228149414062,0,normal
2026-06-02 01:00:23,0.41794776916503906,0,normal
2026-06-02 01:00:23,0.5650520324707031,0,normal
2026-06-02 01:00:23,0.732421875,0,normal
2026-06-02 01:00:23,204.61702346801758,0,anomaly
2026-06-02 01:00:23,0.9820461273193359,0,normal
2026-06-02 01:00:23,0.6117820739746094,0,normal
2026-06-02 01:00:23,1.5897750854492188,0,normal
2026-06-02 01:00:24,0.7574558258056641,0,normal
2026-06-02 01:00:24,1.0917186737060547,0,normal
2026-06-02 01:00:24,0.7252693176269531,0,normal
2026-06-02 01:00:24,1.5120506286621094,0,normal
2026-06-02 01:00:24,0.5624294281005859,0,normal
2026-06-02 01:00:24,0.4189014434814453,0,normal
2026-06-02 01:00:24,0.6330013275146484,0,normal
2026-06-02 01:00:24,1.0416507720947266,0,normal
2026-06-02 01:00:24,1.462697982788086,0,normal
2026-06-02 01:00:24,2.4487972259521484,0,normal
2026-06-02 01:00:25,1.5347003936767578,0,normal
2026-06-02 01:00:25,2.312183380126953,0,normal
2026-06-02 01:00:25,224.1499423980713,0,anomaly
2026-06-02 01:00:25,4.522085189819336,0,normal
2026-06-02 01:00:25,1.276254653930664,0,normal
2026-06-02 01:00:25,1.9469261169433594,0,normal
2026-06-02 01:00:25,2.5501251220703125,0,normal
2026-06-02 01:00:25,1.3852119445800781,0,normal
2026-06-02 01:00:26,0.9264945983886719,0,normal
2026-06-02 01:00:26,2.1162033081054688,0,normal
2026-06-02 01:00:26,0.8018016815185547,0,normal
2026-06-02 01:00:26,3.747701644897461,0,normal
2026-06-02 01:00:26,1.76239013671875,0,normal
2026-06-02 01:00:26,2.061605453491211,0,normal
2026-06-02 01:00:26,2.4156570434570312,0,normal
2026-06-02 01:00:26,3.210783004760742,0,normal
2026-06-02 01:00:26,1.4848709106445312,0,normal
2026-06-02 01:00:27,0.4525184631347656,0,normal
2026-06-02 01:00:27,206.66193962097168,0,anomaly
2026-06-02 01:00:27,3.080606460571289,0,normal
2026-06-02 01:00:27,0.8602142333984375,0,normal
2026-06-02 01:00:27,7.30443000793457,0,normal
2026-06-02 01:00:27,3.656625747680664,0,normal
2026-06-02 01:00:27,0.8537769317626953,0,normal
2026-06-02 01:00:27,0.8246898651123047,0,normal
2026-06-02 01:00:28,1.5435218811035156,0,normal
2026-06-02 01:00:28,1.5790462493896484,0,normal
2026-06-02 01:00:28,2.4251937866210938,0,normal
2026-06-02 01:00:28,0.8146762847900391,0,normal
2026-06-02 01:00:28,2.7551651000976562,0,normal
2026-06-02 01:00:28,2.96783447265625,0,normal
2026-06-02 01:00:28,0.9832382202148438,0,normal
2026-06-02 01:00:28,1.2123584747314453,0,normal
2026-06-02 01:00:28,2.0940303802490234,0,normal
2026-06-02 01:00:28,1.8787384033203125,0,normal
2026-06-02 01:00:29,3.3125877380371094,0,normal
2026-06-02 01:00:29,2.4297237396240234,0,normal
2026-06-02 01:00:29,2.1011829376220703,0,normal
2026-06-02 01:00:29,0.7815361022949219,0,normal
2026-06-02 01:00:29,2.4261474609375,0,normal
2026-06-02 01:00:29,2.351999282836914,0,normal
2026-06-02 01:00:29,1.7931461334228516,0,normal
2026-06-02 01:00:29,1.5115737915039062,0,normal
2026-06-02 01:00:29,1.4138221740722656,0,normal
2026-06-02 01:00:30,2.9358863830566406,0,normal
2026-06-02 01:00:30,1.3608932495117188,0,normal
2026-06-02 01:00:30,0.5443096160888672,0,normal
2026-06-02 01:00:30,0.47016143798828125,0,normal
2026-06-02 01:00:30,0.8559226989746094,0,normal
2026-06-02 01:00:30,1.8434524536132812,0,normal
2026-06-02 01:00:30,1.0271072387695312,0,normal
2026-06-02 01:00:30,6.026506423950195,0,normal
2026-06-02 01:00:30,0.7522106170654297,0,normal
2026-06-02 01:00:30,1.399993896484375,0,normal
2026-06-02 01:00:31,1.7731189727783203,0,normal
2026-06-02 01:00:31,3.4284591674804688,0,normal
2026-06-02 01:00:31,207.03983306884766,0,anomaly
2026-06-02 01:00:31,1.4405250549316406,0,normal
2026-06-02 01:00:31,2.268075942993164,0,normal
2026-06-02 01:00:31,204.6217918395996,0,anomaly
2026-06-02 01:00:32,0.7915496826171875,0,normal
2026-06-02 01:00:32,0.7851123809814453,0,normal
2026-06-02 01:00:32,0.8876323699951172,0,normal
2026-06-02 01:00:32,2.125263214111328,0,normal
2026-06-02 01:00:32,2.6750564575195312,0,normal
2026-06-02 01:00:32,1.9147396087646484,0,normal
2026-06-02 01:00:32,1.4965534210205078,0,normal
2026-06-02 01:00:32,2.0651817321777344,0,normal
2026-06-02 01:00:32,0.48160552978515625,0,normal
2026-06-02 01:00:33,1.6269683837890625,0,normal
2026-06-02 01:00:33,1.050710678100586,0,normal
2026-06-02 01:00:33,2.1643638610839844,0,normal
2026-06-02 01:00:33,1.7299652099609375,0,normal
2026-06-02 01:00:33,1.2562274932861328,0,normal
2026-06-02 01:00:33,1.3132095336914062,0,normal
2026-06-02 01:00:33,1.253366470336914,0,normal
2026-06-02 01:00:33,0.6854534149169922,0,normal
2026-06-02 01:00:33,0.5311965942382812,0,normal
2026-06-02 01:00:33,1.1723041534423828,0,normal
2026-06-02 01:00:34,1.0459423065185547,0,normal
2026-06-02 01:00:34,1.9066333770751953,0,normal
2026-06-02 01:00:34,0.8623600006103516,0,normal
2026-06-02 01:00:34,1.0671615600585938,0,normal
2026-06-02 01:00:34,1.3337135314941406,0,normal
2026-06-02 01:00:34,1.859426498413086,0,normal
2026-06-02 01:00:34,1.6934871673583984,0,normal
2026-06-02 01:00:34,1.7895698547363281,0,normal
2026-06-02 01:00:34,1.0585784912109375,0,normal
2026-06-02 01:00:34,1.0256767272949219,0,normal
2026-06-02 01:00:35,1.6989707946777344,0,normal
2026-06-02 01:00:35,1.9047260284423828,0,normal
2026-06-02 01:00:35,2.954721450805664,0,normal
2026-06-02 01:00:35,4.060268402099609,0,normal
2026-06-02 01:00:35,1.5969276428222656,0,normal
2026-06-02 01:00:35,2.422809600830078,0,normal
2026-06-02 01:00:35,2.1445751190185547,0,normal
2026-06-02 01:00:35,0.5633831024169922,0,normal
2026-06-02 01:00:35,1.6160011291503906,0,normal
2026-06-02 01:00:36,0.965118408203125,0,normal
2026-06-02 01:00:36,0.6530284881591797,0,normal
2026-06-02 01:00:36,3.0803680419921875,0,normal
2026-06-02 01:00:36,1.401662826538086,0,normal
2026-06-02 01:00:36,1.4467239379882812,0,normal
2026-06-02 01:00:36,1.1544227600097656,0,normal
2026-06-02 01:00:36,2.618074417114258,0,normal
2026-06-02 01:00:36,2.1407604217529297,0,normal
2026-06-02 01:00:36,1.068115234375,0,normal
2026-06-02 01:00:36,0.5428791046142578,0,normal
2026-06-02 01:00:37,1.0635852813720703,0,normal
2026-06-02 01:00:37,1.3914108276367188,0,normal
2026-06-02 01:00:37,1.4140605926513672,0,normal
2026-06-02 01:00:37,2.4101734161376953,0,normal
2026-06-02 01:00:37,2.9778480529785156,0,normal
2026-06-02 01:00:37,1.447916030883789,0,normal
2026-06-02 01:00:37,1.0640621185302734,0,normal
2026-06-02 01:00:37,1.3189315795898438,0,normal
2026-06-02 01:00:37,1.0781288146972656,0,normal
2026-06-02 01:00:37,2.7832984924316406,0,normal
2026-06-02 01:00:38,6.870508193969727,0,normal
2026-06-02 01:00:38,1.1107921600341797,0,normal
2026-06-02 01:00:38,1.1031627655029297,0,normal
2026-06-02 01:00:38,0.606536865234375,0,normal
2026-06-02 01:00:38,1.7898082733154297,0,normal
2026-06-02 01:00:38,1.7693042755126953,0,normal
2026-06-02 01:00:38,1.4460086822509766,0,normal
2026-06-02 01:00:38,2.4242401123046875,0,normal
2026-06-02 01:00:38,2.562284469604492,0,normal
2026-06-02 01:00:39,1.356363296508789,0,normal
2026-06-02 01:00:39,1.5180110931396484,0,normal
2026-06-02 01:00:39,0.4305839538574219,0,normal
2026-06-02 01:00:39,1.9102096557617188,0,normal
2026-06-02 01:00:39,2.259969711303711,0,normal
2026-06-02 01:00:39,2.351045608520508,0,normal
2026-06-02 01:00:39,1.4126300811767578,0,normal
2026-06-02 01:00:39,1.7023086547851562,0,normal
2026-06-02 01:00:39,1.4309883117675781,0,normal
2026-06-02 01:00:39,0.8218288421630859,0,normal
2026-06-02 01:00:40,1.2459754943847656,0,normal
2026-06-02 01:00:40,1.852273941040039,0,normal
2026-06-02 01:00:40,1.0268688201904297,0,normal
2026-06-02 01:00:40,0.6020069122314453,0,normal
2026-06-02 01:00:40,1.3322830200195312,0,normal
2026-06-02 01:00:40,1.5044212341308594,0,normal
2026-06-02 01:00:40,2.5014877319335938,0,normal
2026-06-02 01:00:40,5.479574203491211,0,normal
2026-06-02 01:00:40,1.8186569213867188,0,normal
2026-06-02 01:00:41,2.5174617767333984,0,normal
2026-06-02 01:00:41,2.285003662109375,0,normal
2026-06-02 01:00:41,1.7290115356445312,0,normal
2026-06-02 01:00:41,2.2885799407958984,0,normal
2026-06-02 01:00:41,1.2881755828857422,0,normal
2026-06-02 01:00:41,1.4967918395996094,0,normal
2026-06-02 01:00:41,3.637075424194336,0,normal
2026-06-02 01:00:41,1.6748905181884766,0,normal
2026-06-02 01:00:41,1.214742660522461,0,normal
2026-06-02 01:00:41,1.2078285217285156,0,normal
2026-06-02 01:00:42,2.6221275329589844,0,normal
2026-06-02 01:00:42,2.4728775024414062,0,normal
2026-06-02 01:00:42,1.6376972198486328,0,normal
2026-06-02 01:00:42,1.7619132995605469,0,normal
2026-06-02 01:00:42,1.6674995422363281,0,normal
2026-06-02 01:00:42,2.694845199584961,0,normal
2026-06-02 01:00:42,2.1202564239501953,0,normal
2026-06-02 01:00:42,1.922607421875,0,normal
2026-06-02 01:00:42,2.5641918182373047,0,normal
2026-06-02 01:00:43,1.5864372253417969,0,normal
2026-06-02 01:00:43,0.9708404541015625,0,normal
2026-06-02 01:00:43,1.7621517181396484,0,normal
2026-06-02 01:00:43,1.3089179992675781,0,normal
2026-06-02 01:00:43,1.312255859375,0,normal
2026-06-02 01:00:43,1.5997886657714844,0,normal
2026-06-02 01:00:43,1.3928413391113281,0,normal
2026-06-02 01:00:43,1.3422966003417969,0,normal
2026-06-02 01:00:43,1.3625621795654297,0,normal
2026-06-02 01:00:43,0.5326271057128906,0,normal
2026-06-02 01:00:44,1.7254352569580078,0,normal
2026-06-02 01:00:44,1.3551712036132812,0,normal
2026-06-02 01:00:44,1.0416507720947266,0,normal
2026-06-02 01:00:44,1.3859272003173828,0,normal
2026-06-02 01:00:44,0.6794929504394531,0,normal
2026-06-02 01:00:44,1.3358592987060547,0,normal
2026-06-02 01:00:44,5.795717239379883,0,normal
2026-06-02 01:00:44,2.1665096282958984,0,normal
2026-06-02 01:00:44,3.1943321228027344,0,normal
2026-06-02 01:00:44,1.5316009521484375,0,normal
2026-06-02 01:00:45,1.4240741729736328,0,normal
2026-06-02 01:00:45,1.4469623565673828,0,normal
2026-06-02 01:00:45,1.0766983032226562,0,normal
2026-06-02 01:00:45,2.7697086334228516,0,normal
2026-06-02 01:00:45,2.0341873168945312,0,normal
2026-06-02 01:00:45,1.6939640045166016,0,normal
2026-06-02 01:00:45,1.7957687377929688,0,normal
2026-06-02 01:00:45,1.054525375366211,0,normal
2026-06-02 01:00:45,0.9238719940185547,0,normal
2026-06-02 01:00:46,1.0957717895507812,0,normal
2026-06-02 01:00:46,1.650094985961914,0,normal
2026-06-02 01:00:46,222.74136543273926,0,anomaly
2026-06-02 01:00:46,0.8788108825683594,0,normal
2026-06-02 01:00:46,1.3332366943359375,0,normal
2026-06-02 01:00:46,1.3637542724609375,0,normal
2026-06-02 01:00:46,1.6193389892578125,0,normal
2026-06-02 01:00:46,7.816314697265625,0,normal
2026-06-02 01:00:47,0.9515285491943359,0,normal
2026-06-02 01:00:47,1.9557476043701172,0,normal
2026-06-02 01:00:47,1.035451889038086,0,normal
2026-06-02 01:00:47,2.103567123413086,0,normal
2026-06-02 01:00:47,1.7180442810058594,0,normal
2026-06-02 01:00:47,3.252267837524414,0,normal
2026-06-02 01:00:47,1.6274452209472656,0,normal
2026-06-02 01:00:47,1.0869503021240234,0,normal
2026-06-02 01:00:47,2.2735595703125,0,normal
2026-06-02 01:00:48,1.6334056854248047,0,normal
2026-06-02 01:00:48,0.4947185516357422,0,normal
2026-06-02 01:00:48,1.402139663696289,0,normal
2026-06-02 01:00:48,3.1156539916992188,0,normal
2026-06-02 01:00:48,2.240419387817383,0,normal
2026-06-02 01:00:48,1.092672348022461,0,normal
2026-06-02 01:00:48,0.6372928619384766,0,normal
2026-06-02 01:00:48,2.7379989624023438,0,normal
2026-06-02 01:00:48,3.564119338989258,0,normal
2026-06-02 01:00:48,1.743316650390625,0,normal
2026-06-02 01:00:49,1.8856525421142578,0,normal
2026-06-02 01:00:49,1.5492439270019531,0,normal
2026-06-02 01:00:49,1.8835067749023438,0,normal
2026-06-02 01:00:49,1.1854171752929688,0,normal
2026-06-02 01:00:49,5.004644393920898,0,normal
2026-06-02 01:00:49,6.829023361206055,0,normal
2026-06-02 01:00:49,1.257181167602539,0,normal
2026-06-02 01:00:49,0.888824462890625,0,normal
2026-06-02 01:00:49,2.7742385864257812,0,normal
2026-06-02 01:00:50,2.5300979614257812,0,normal
2026-06-02 01:00:50,2.7081966400146484,0,normal
2026-06-02 01:00:50,2.057790756225586,0,normal
2026-06-02 01:00:50,1.5077590942382812,0,normal
2026-06-02 01:00:50,1.8355846405029297,0,normal
2026-06-02 01:00:50,2.4156570434570312,0,normal
2026-06-02 01:00:50,0.6642341613769531,0,normal
2026-06-02 01:00:50,1.7626285552978516,0,normal
2026-06-02 01:00:50,0.6327629089355469,0,normal
2026-06-02 01:00:50,0.6320476531982422,0,normal
2026-06-02 01:00:51,0.8285045623779297,0,normal
2026-06-02 01:00:51,1.1444091796875,0,normal
2026-06-02 01:00:51,1.588582992553711,0,normal
2026-06-02 01:00:51,0.492095947265625,0,normal
2026-06-02 01:00:51,1.3515949249267578,0,normal
2026-06-02 01:00:51,0.8029937744140625,0,normal
2026-06-02 01:00:51,1.2667179107666016,0,normal
2026-06-02 01:00:51,2.418994903564453,0,normal
2026-06-02 01:00:51,2.1533966064453125,0,normal
2026-06-02 01:00:51,2.5141239166259766,0,normal
2026-06-02 01:00:52,1.6069412231445312,0,normal
2026-06-02 01:00:52,1.9409656524658203,0,normal
2026-06-02 01:00:52,1.0836124420166016,0,normal
2026-06-02 01:00:52,1.0843276977539062,0,normal
2026-06-02 01:00:52,1.4717578887939453,0,normal
2026-06-02 01:00:52,0.9317398071289062,0,normal
2026-06-02 01:00:52,1.638650894165039,0,normal
2026-06-02 01:00:52,1.52587890625,0,normal
2026-06-02 01:00:52,0.6525516510009766,0,normal
2026-06-02 01:00:53,1.3544559478759766,0,normal
2026-06-02 01:00:53,1.5032291412353516,0,normal
2026-06-02 01:00:53,1.199960708618164,0,normal
2026-06-02 01:00:53,0.858306884765625,0,normal
2026-06-02 01:00:53,0.7526874542236328,0,normal
2026-06-02 01:00:53,1.169443130493164,0,normal
2026-06-02 01:00:53,0.6835460662841797,0,normal
2026-06-02 01:00:53,1.115560531616211,0,normal
2026-06-02 01:00:53,1.0471343994140625,0,normal
2026-06-02 01:00:53,2.5048255920410156,0,normal
2026-06-02 01:00:54,0.96893310546875,0,normal
2026-06-02 01:00:54,0.54168701171875,0,normal
2026-06-02 01:00:54,1.3277530670166016,0,normal
2026-06-02 01:00:54,2.0720958709716797,0,normal
2026-06-02 01:00:54,0.4220008850097656,0,normal
2026-06-02 01:00:54,2.2737979888916016,0,normal
2026-06-02 01:00:54,1.0476112365722656,0,normal
2026-06-02 01:00:54,1.5578269958496094,0,normal
2026-06-02 01:00:54,1.9271373748779297,0,normal
2026-06-02 01:00:54,3.996610641479492,0,normal
2026-06-02 01:00:55,1.5072822570800781,0,normal
2026-06-02 01:00:55,1.6200542449951172,0,normal
2026-06-02 01:00:55,0.5505084991455078,0,normal
2026-06-02 01:00:55,0.9188652038574219,0,normal
2026-06-02 01:00:55,0.5040168762207031,0,normal
2026-06-02 01:00:55,0.4138946533203125,0,normal
2026-06-02 01:00:55,1.2400150299072266,0,normal
2026-06-02 01:00:55,1.508474349975586,0,normal
2026-06-02 01:00:55,1.1603832244873047,0,normal
2026-06-02 01:00:55,2.282381057739258,0,normal
2026-06-02 01:00:56,0.9510517120361328,0,normal
2026-06-02 01:00:56,1.1582374572753906,0,normal
2026-06-02 01:00:56,1.3723373413085938,0,normal
2026-06-02 01:00:56,2.205371856689453,0,normal
2026-06-02 01:00:56,1.634359359741211,0,normal
2026-06-02 01:00:56,1.2428760528564453,0,normal
2026-06-02 01:00:56,2.1834373474121094,0,normal
2026-06-02 01:00:57,211.0297679901123,0,anomaly
2026-06-02 01:00:57,3.0639171600341797,0,normal
2026-06-02 01:00:57,2.2819042205810547,0,normal
2026-06-02 01:00:57,1.3396739959716797,0,normal
2026-06-02 01:00:57,206.99167251586914,0,anomaly
2026-06-02 01:00:57,2.0182132720947266,0,normal
2026-06-02 01:00:57,3.1881332397460938,0,normal
2026-06-02 01:00:57,1.6701221466064453,0,normal
2026-06-02 01:00:58,1.825571060180664,0,normal
2026-06-02 01:00:58,2.5949478149414062,0,normal
2026-06-02 01:00:58,1.104593276977539,0,normal
2026-06-02 01:00:58,1.3513565063476562,0,normal
2026-06-02 01:00:58,2.3679733276367188,0,normal
2026-06-02 01:00:58,0.8630752563476562,0,normal
2026-06-02 01:00:58,1.310586929321289,0,normal
2026-06-02 01:00:58,0.6377696990966797,0,normal
2026-06-02 01:00:58,1.4309883117675781,0,normal
2026-06-02 01:00:59,2.1533966064453125,0,normal
2026-06-02 01:00:59,1.6355514526367188,0,normal
2026-06-02 01:00:59,2.6967525482177734,0,normal
2026-06-02 01:00:59,1.6589164733886719,0,normal
2026-06-02 01:00:59,1.8224716186523438,0,normal
2026-06-02 01:00:59,1.6245841979980469,0,normal
2026-06-02 01:00:59,1.7290115356445312,0,normal
2026-06-02 01:00:59,1.7628669738769531,0,normal
2026-06-02 01:00:59,2.5644302368164062,0,normal
2026-06-02 01:00:59,2.4971961975097656,0,normal
2026-06-02 01:01:00,1.6837120056152344,0,normal
2026-06-02 01:01:00,1.5544891357421875,0,normal
2026-06-02 01:01:00,1.6124248504638672,0,normal
2026-06-02 01:01:00,2.511262893676758,0,normal
2026-06-02 01:01:00,1.2421607971191406,0,normal
2026-06-02 01:01:00,1.5628337860107422,0,normal
2026-06-02 01:01:00,2.092123031616211,0,normal
2026-06-02 01:01:00,1.5921592712402344,0,normal
2026-06-02 01:01:00,1.5828609466552734,0,normal
2026-06-02 01:01:00,2.351999282836914,0,normal
2026-06-02 01:01:01,1.4264583587646484,0,normal
2026-06-02 01:01:01,2.436399459838867,0,normal
2026-06-02 01:01:01,2.405405044555664,0,normal
2026-06-02 01:01:01,4.166364669799805,0,normal
2026-06-02 01:01:01,1.856088638305664,0,normal
2026-06-02 01:01:01,2.6078224182128906,0,normal
2026-06-02 01:01:01,207.0903778076172,0,anomaly
2026-06-02 01:01:02,1.5883445739746094,0,normal
2026-06-02 01:01:02,1.688241958618164,0,normal
2026-06-02 01:01:02,1.6026496887207031,0,normal
2026-06-02 01:01:02,2.4368762969970703,0,normal
2026-06-02 01:01:02,1.5444755554199219,0,normal
2026-06-02 01:01:02,1.4829635620117188,0,normal
2026-06-02 01:01:02,2.881765365600586,0,normal
2026-06-02 01:01:02,1.9354820251464844,0,normal
2026-06-02 01:01:02,3.736734390258789,0,normal
2026-06-02 01:01:02,1.6448497772216797,0,normal
2026-06-02 01:01:03,1.8339157104492188,0,normal
2026-06-02 01:01:03,2.6845932006835938,0,normal
2026-06-02 01:01:03,3.329753875732422,0,normal
2026-06-02 01:01:03,0.6377696990966797,0,normal
2026-06-02 01:01:03,1.0297298431396484,0,normal
2026-06-02 01:01:03,0.7982254028320312,0,normal
2026-06-02 01:01:03,0.8921623229980469,0,normal
2026-06-02 01:01:03,2.9036998748779297,0,normal
2026-06-02 01:01:03,0.7684230804443359,0,normal
2026-06-02 01:01:03,6.447315216064453,0,normal
2026-06-02 01:01:04,2.100706100463867,0,normal
2026-06-02 01:01:04,0.5133152008056641,0,normal
2026-06-02 01:01:04,1.9831657409667969,0,normal
2026-06-02 01:01:04,0.6711483001708984,0,normal
2026-06-02 01:01:04,1.583099365234375,0,normal
2026-06-02 01:01:04,0.6592273712158203,0,normal
2026-06-02 01:01:04,1.6264915466308594,0,normal
2026-06-02 01:01:04,1.3275146484375,0,normal
2026-06-02 01:01:04,1.5528202056884766,0,normal
2026-06-02 01:01:05,0.545501708984375,0,normal
2026-06-02 01:01:05,0.4830360412597656,0,normal
2026-06-02 01:01:05,0.5097389221191406,0,normal
2026-06-02 01:01:05,0.4792213439941406,0,normal
2026-06-02 01:01:05,0.507354736328125,0,normal
2026-06-02 01:01:05,0.6322860717773438,0,normal
2026-06-02 01:01:05,1.2462139129638672,0,normal
2026-06-02 01:01:05,0.8304119110107422,0,normal
2026-06-02 01:01:05,0.469207763671875,0,normal
2026-06-02 01:01:05,0.8375644683837891,0,normal
2026-06-02 01:01:06,0.7367134094238281,0,normal
2026-06-02 01:01:06,2.7213096618652344,0,normal
2026-06-02 01:01:06,0.6303787231445312,0,normal
2026-06-02 01:01:06,1.1143684387207031,0,normal
2026-06-02 01:01:06,0.6835460662841797,0,normal
2026-06-02 01:01:06,1.2674331665039062,0,normal
2026-06-02 01:01:06,216.49909019470215,0,anomaly
2026-06-02 01:01:06,1.7066001892089844,0,normal
2026-06-02 01:01:07,1.4786720275878906,0,normal
2026-06-02 01:01:07,2.2430419921875,0,normal
2026-06-02 01:01:07,1.1317729949951172,0,normal
2026-06-02 01:01:07,1.3992786407470703,0,normal
2026-06-02 01:01:07,2.589702606201172,0,normal
2026-06-02 01:01:07,3.1762123107910156,0,normal
2026-06-02 01:01:07,1.302957534790039,0,normal
2026-06-02 01:01:07,1.3065338134765625,0,normal
2026-06-02 01:01:07,1.3659000396728516,0,normal
2026-06-02 01:01:08,0.7443428039550781,0,normal
2026-06-02 01:01:08,0.8697509765625,0,normal
2026-06-02 01:01:08,0.7984638214111328,0,normal
2026-06-02 01:01:08,1.4138221740722656,0,normal
2026-06-02 01:01:08,0.7345676422119141,0,normal
2026-06-02 01:01:08,1.7304420471191406,0,normal
2026-06-02 01:01:08,0.7424354553222656,0,normal
2026-06-02 01:01:08,0.9980201721191406,0,normal
2026-06-02 01:01:08,0.6103515625,0,normal
2026-06-02 01:01:08,1.0945796966552734,0,normal
2026-06-02 01:01:09,1.2173652648925781,0,normal
2026-06-02 01:01:09,0.782012939453125,0,normal
2026-06-02 01:01:09,0.5638599395751953,0,normal
2026-06-02 01:01:09,0.9560585021972656,0,normal
2026-06-02 01:01:09,1.0917186737060547,0,normal
2026-06-02 01:01:09,1.4481544494628906,0,normal
2026-06-02 01:01:09,1.0902881622314453,0,normal
2026-06-02 01:01:09,1.6100406646728516,0,normal
2026-06-02 01:01:09,1.2619495391845703,0,normal
2026-06-02 01:01:09,0.4413127899169922,0,normal
2026-06-02 01:01:10,3.108501434326172,0,normal
2026-06-02 01:01:10,1.6322135925292969,0,normal
2026-06-02 01:01:10,1.5587806701660156,0,normal
2026-06-02 01:01:10,2.4154186248779297,0,normal
2026-06-02 01:01:10,0.9555816650390625,0,normal
2026-06-02 01:01:10,0.8797645568847656,0,normal
2026-06-02 01:01:10,2.8045177459716797,0,normal
2026-06-02 01:01:10,1.4159679412841797,0,normal
2026-06-02 01:01:10,1.207113265991211,0,normal
2026-06-02 01:01:10,1.2617111206054688,0,normal
2026-06-02 01:01:11,0.9515285491943359,0,normal
2026-06-02 01:01:11,0.5521774291992188,0,normal
2026-06-02 01:01:11,1.0433197021484375,0,normal
2026-06-02 01:01:11,1.9359588623046875,0,normal
2026-06-02 01:01:11,0.7712841033935547,0,normal
2026-06-02 01:01:11,2.3527145385742188,0,normal
2026-06-02 01:01:11,2.0842552185058594,0,normal
2026-06-02 01:01:11,1.9927024841308594,0,normal
2026-06-02 01:01:11,2.1202564239501953,0,normal
2026-06-02 01:01:12,0.8299350738525391,0,normal
2026-06-02 01:01:12,2.137899398803711,0,normal
2026-06-02 01:01:12,2.4406909942626953,0,normal
2026-06-02 01:01:12,2.348184585571289,0,normal
2026-06-02 01:01:12,1.211404800415039,0,normal
2026-06-02 01:01:12,0.9443759918212891,0,normal
2026-06-02 01:01:12,2.093076705932617,0,normal
2026-06-02 01:01:12,0.6198883056640625,0,normal
2026-06-02 01:01:12,1.2428760528564453,0,normal
2026-06-02 01:01:12,1.1184215545654297,0,normal
2026-06-02 01:01:13,2.1326541900634766,0,normal
2026-06-02 01:01:13,1.1143684387207031,0,normal
2026-06-02 01:01:13,1.2290477752685547,0,normal
2026-06-02 01:01:13,0.7009506225585938,0,normal
2026-06-02 01:01:13,2.6824474334716797,0,normal
2026-06-02 01:01:13,1.2829303741455078,0,normal
2026-06-02 01:01:13,1.4605522155761719,0,normal
2026-06-02 01:01:13,1.7237663269042969,0,normal
2026-06-02 01:01:13,0.7660388946533203,0,normal
2026-06-02 01:01:13,1.6589164733886719,0,normal
2026-06-02 01:01:14,0.9982585906982422,0,normal
2026-06-02 01:01:14,1.440286636352539,0,normal
2026-06-02 01:01:14,0.9365081787109375,0,normal
2026-06-02 01:01:14,0.7987022399902344,0,normal
2026-06-02 01:01:14,1.0066032409667969,0,normal
2026-06-02 01:01:14,1.216888427734375,0,normal
2026-06-02 01:01:14,2.149343490600586,0,normal
2026-06-02 01:01:14,1.5461444854736328,0,normal
2026-06-02 01:01:14,0.7882118225097656,0,normal
2026-06-02 01:01:15,1.531839370727539,0,normal
2026-06-02 01:01:15,1.4355182647705078,0,normal
2026-06-02 01:01:15,1.5819072723388672,0,normal
2026-06-02 01:01:15,1.2392997741699219,0,normal
2026-06-02 01:01:15,0.5311965942382812,0,normal
2026-06-02 01:01:15,1.7023086547851562,0,normal
2026-06-02 01:01:15,1.3031959533691406,0,normal
2026-06-02 01:01:15,1.583099365234375,0,normal
2026-06-02 01:01:15,0.5085468292236328,0,normal
2026-06-02 01:01:15,1.3957023620605469,0,normal
2026-06-02 01:01:16,1.5060901641845703,0,normal
2026-06-02 01:01:16,0.8733272552490234,0,normal
2026-06-02 01:01:16,1.918792724609375,0,normal
2026-06-02 01:01:16,0.7045269012451172,0,normal
2026-06-02 01:01:16,0.6735324859619141,0,normal
2026-06-02 01:01:16,1.1823177337646484,0,normal
2026-06-02 01:01:16,1.9557476043701172,0,normal
2026-06-02 01:01:16,1.2600421905517578,0,normal
2026-06-02 01:01:16,1.6591548919677734,0,normal
2026-06-02 01:01:16,3.8857460021972656,0,normal
2026-06-02 01:01:17,2.105236053466797,0,normal
2026-06-02 01:01:17,1.1687278747558594,0,normal
2026-06-02 01:01:17,2.5489330291748047,0,normal
2026-06-02 01:01:17,1.127481460571289,0,normal
2026-06-02 01:01:17,0.8313655853271484,0,normal
2026-06-02 01:01:17,3.7615299224853516,0,normal
2026-06-02 01:01:17,0.5824565887451172,0,normal
2026-06-02 01:01:17,0.6585121154785156,0,normal
2026-06-02 01:01:17,1.1928081512451172,0,normal
2026-06-02 01:01:18,2.4046897888183594,0,normal
2026-06-02 01:01:18,1.3065338134765625,0,normal
2026-06-02 01:01:18,1.8310546875,0,normal
2026-06-02 01:01:18,2.2802352905273438,0,normal
2026-06-02 01:01:18,2.0465850830078125,0,normal
2026-06-02 01:01:18,0.4527568817138672,0,normal
2026-06-02 01:01:18,0.6022453308105469,0,normal
2026-06-02 01:01:18,1.7769336700439453,0,normal
2026-06-02 01:01:18,0.6167888641357422,0,normal
2026-06-02 01:01:18,0.7393360137939453,0,normal
2026-06-02 01:01:19,0.6458759307861328,0,normal
2026-06-02 01:01:19,2.4509429931640625,0,normal
2026-06-02 01:01:19,2.23541259765625,0,normal
2026-06-02 01:01:19,1.2545585632324219,0,normal
2026-06-02 01:01:19,1.8906593322753906,0,normal
2026-06-02 01:01:19,2.501249313354492,0,normal
2026-06-02 01:01:19,1.3260841369628906,0,normal
2026-06-02 11:41:34,1.1601448059082031,0,normal
2026-06-02 11:41:34,1.055002212524414,0,normal
2026-06-02 11:41:34,1.9598007202148438,0,normal
2026-06-02 11:41:34,2.919912338256836,0,normal
2026-06-02 11:41:34,1.712799072265625,0,normal
2026-06-02 11:41:34,2.2017955780029297,0,normal
2026-06-02 11:41:35,1.0557174682617188,0,normal
2026-06-02 11:41:35,0.44465065002441406,0,normal
2026-06-02 11:41:35,1.8885135650634766,0,normal
2026-06-02 11:41:35,2.1812915802001953,0,normal
2026-06-02 11:41:35,1.3082027435302734,0,normal
2026-06-02 11:41:35,0.6239414215087891,0,normal
2026-06-02 11:41:35,1.2476444244384766,0,normal
2026-06-02 11:41:35,1.0385513305664062,0,normal
2026-06-02 11:41:35,0.5214214324951172,0,normal
2026-06-02 11:41:35,1.5842914581298828,0,normal
2026-06-02 11:41:36,0.6241798400878906,0,normal
2026-06-02 11:41:36,1.352071762084961,0,normal
2026-06-02 11:41:36,0.6382465362548828,0,normal
2026-06-02 11:41:36,1.60980224609375,0,normal
2026-06-02 11:41:36,1.8157958984375,0,normal
2026-06-02 11:41:36,0.6127357482910156,0,normal
2026-06-02 11:41:36,2.270221710205078,0,normal
2026-06-02 11:41:36,206.24589920043945,0,anomaly
2026-06-02 11:41:37,1.2845993041992188,0,normal
2026-06-02 11:41:37,1.1522769927978516,0,normal
2026-06-02 11:41:37,1.3966560363769531,0,normal
2026-06-02 11:41:37,2.397298812866211,0,normal
2026-06-02 11:41:37,1.7497539520263672,0,normal
2026-06-02 11:41:37,2.063274383544922,0,normal
2026-06-02 11:41:37,1.222848892211914,0,normal
2026-06-02 11:41:37,1.9712448120117188,0,normal
2026-06-02 11:41:37,0.4673004150390625,0,normal
2026-06-02 11:41:37,0.48232078552246094,0,normal
2026-06-02 11:41:38,0.6246566772460938,0,normal
2026-06-02 11:41:38,0.5271434783935547,0,normal
2026-06-02 11:41:38,0.5323886871337891,0,normal
2026-06-02 11:41:38,1.3189315795898438,0,normal
2026-06-02 11:41:38,0.5080699920654297,0,normal
2026-06-02 11:41:38,0.5049705505371094,0,normal
2026-06-02 11:41:38,0.5218982696533203,0,normal
2026-06-02 11:41:38,2.1834373474121094,0,normal
2026-06-02 11:41:38,1.161336898803711,0,normal
2026-06-02 11:41:39,0.5609989166259766,0,normal
2026-06-02 11:41:39,0.8308887481689453,0,normal
2026-06-02 11:41:39,1.1785030364990234,0,normal
2026-06-02 11:41:39,2.5517940521240234,0,normal
2026-06-02 11:41:39,3.146648406982422,0,normal
2026-06-02 11:41:39,0.6239414215087891,0,normal
2026-06-02 11:41:39,0.4322528839111328,0,normal
2026-06-02 11:41:39,0.8473396301269531,0,normal
2026-06-02 11:41:39,0.4916191101074219,0,normal
2026-06-02 11:41:39,0.5214214324951172,0,normal
2026-06-02 11:41:40,0.6020069122314453,0,normal
2026-06-02 11:41:40,0.44655799865722656,0,normal
2026-06-02 11:41:40,0.5860328674316406,0,normal
2026-06-02 11:41:40,1.1327266693115234,0,normal
2026-06-02 11:41:40,1.100301742553711,0,normal
2026-06-02 11:41:40,0.5998611450195312,0,normal
2026-06-02 11:41:40,1.962900161743164,0,normal
2026-06-02 11:41:40,218.28651428222656,0,anomaly
2026-06-02 11:41:41,0.5247592926025391,0,normal
2026-06-02 11:41:41,1.081228256225586,0,normal
2026-06-02 11:41:41,0.6191730499267578,0,normal
2026-06-02 11:41:41,0.36644935607910156,0,normal
2026-06-02 11:41:41,2.2423267364501953,0,normal
2026-06-02 11:41:41,0.6189346313476562,0,normal
2026-06-02 11:41:41,0.8492469787597656,0,normal
2026-06-02 11:41:41,0.8792877197265625,0,normal
2026-06-02 11:41:41,0.7016658782958984,0,normal
2026-06-02 11:41:41,0.4878044128417969,0,normal
2026-06-02 11:41:42,0.6630420684814453,0,normal
2026-06-02 11:41:42,0.38743019104003906,0,normal
2026-06-02 11:41:42,0.5221366882324219,0,normal
2026-06-02 11:41:42,1.73187255859375,0,normal
2026-06-02 11:41:42,0.46753883361816406,0,normal
2026-06-02 11:41:42,1.7600059509277344,0,normal
2026-06-02 11:41:42,0.4901885986328125,0,normal
2026-06-02 11:41:42,1.474618911743164,0,normal
2026-06-02 11:41:42,0.9524822235107422,0,normal
2026-06-02 11:41:43,0.48279762268066406,0,normal
2026-06-02 11:41:43,0.7271766662597656,0,normal
2026-06-02 11:41:43,0.8273124694824219,0,normal
2026-06-02 11:41:43,0.48661231994628906,0,normal
2026-06-02 11:41:43,0.8375644683837891,0,normal
2026-06-02 11:41:43,0.5211830139160156,0,normal
2026-06-02 11:41:43,0.5578994750976562,0,normal
2026-06-02 11:41:43,0.423431396484375,0,normal
2026-06-02 11:41:43,0.7855892181396484,0,normal
2026-06-02 11:41:43,0.7970333099365234,0,normal
2026-06-02 11:41:44,0.9272098541259766,0,normal
2026-06-02 11:41:44,1.3885498046875,0,normal
2026-06-02 11:41:44,0.9412765502929688,0,normal
2026-06-02 11:41:44,205.5227756500244,0,anomaly
2026-06-02 11:41:44,1.2633800506591797,0,normal
2026-06-02 11:41:44,0.5919933319091797,0,normal
2026-06-02 11:41:44,0.7691383361816406,0,normal
2026-06-02 11:41:44,0.7672309875488281,0,normal
2026-06-02 11:41:45,0.9939670562744141,0,normal
2026-06-02 11:41:45,0.4470348358154297,0,normal
2026-06-02 11:41:45,2.238750457763672,0,normal
2026-06-02 11:41:45,0.7684230804443359,0,normal
2026-06-02 11:41:45,1.6236305236816406,0,normal
2026-06-02 11:41:45,2.280712127685547,0,normal
2026-06-02 11:41:45,1.667022705078125,0,normal
2026-06-02 11:41:45,0.7693767547607422,0,normal
2026-06-02 11:41:45,0.5156993865966797,0,normal
2026-06-02 11:41:45,0.5004405975341797,0,normal
2026-06-02 11:41:46,0.39386749267578125,0,normal
2026-06-02 11:41:46,2.2950172424316406,0,normal
2026-06-02 11:41:46,1.215219497680664,0,normal
2026-06-02 11:41:46,0.9469985961914062,0,normal
2026-06-02 11:41:46,0.7042884826660156,0,normal
2026-06-02 11:41:46,1.1181831359863281,0,normal
2026-06-02 11:41:46,1.466512680053711,0,normal
2026-06-02 11:41:46,1.3380050659179688,0,normal
2026-06-02 11:41:46,1.5647411346435547,0,normal
2026-06-02 11:41:46,1.069784164428711,0,normal
2026-06-02 11:41:47,1.2259483337402344,0,normal
2026-06-02 11:41:47,0.6010532379150391,0,normal
2026-06-02 11:41:47,1.5799999237060547,0,normal
2026-06-02 11:41:47,1.3184547424316406,0,normal
2026-06-02 11:41:47,0.5514621734619141,0,normal
2026-06-02 11:41:47,1.0514259338378906,0,normal
2026-06-02 11:41:47,2.464771270751953,0,normal
2026-06-02 11:41:47,0.8130073547363281,0,normal
2026-06-02 11:41:47,0.6692409515380859,0,normal
2026-06-02 11:41:48,0.5624294281005859,0,normal
2026-06-02 11:41:48,1.4431476593017578,0,normal
2026-06-02 11:41:48,1.1501312255859375,0,normal
2026-06-02 11:41:48,2.7441978454589844,0,normal
2026-06-02 11:41:48,0.6070137023925781,0,normal
2026-06-02 11:41:48,0.45013427734375,0,normal
2026-06-02 11:41:48,0.9000301361083984,0,normal
2026-06-02 11:41:48,1.2714862823486328,0,normal
2026-06-02 11:41:48,1.3453960418701172,0,normal
2026-06-02 11:41:48,1.7330646514892578,0,normal
2026-06-02 11:41:49,1.2314319610595703,0,normal
2026-06-02 11:41:49,1.1157989501953125,0,normal
2026-06-02 11:41:49,0.7407665252685547,0,normal
2026-06-02 11:41:49,0.6365776062011719,0,normal
2026-06-02 11:41:49,1.4777183532714844,0,normal
2026-06-02 11:41:49,0.6766319274902344,0,normal
2026-06-02 11:41:49,0.9970664978027344,0,normal
2026-06-02 11:41:49,0.8008480072021484,0,normal
2026-06-02 11:41:49,0.9181499481201172,0,normal
2026-06-02 11:41:49,1.4088153839111328,0,normal
2026-06-02 11:41:50,0.6074905395507812,0,normal
2026-06-02 11:41:50,0.9210109710693359,0,normal
2026-06-02 11:41:50,2.377748489379883,0,normal
2026-06-02 11:41:50,0.6511211395263672,0,normal
2026-06-02 11:41:50,0.8313655853271484,0,normal
2026-06-02 11:41:50,1.0652542114257812,0,normal
2026-06-02 11:41:50,0.4436969757080078,0,normal
2026-06-02 11:41:50,1.0433197021484375,0,normal
2026-06-02 11:41:50,1.039266586303711,0,normal
2026-06-02 11:41:50,2.8848648071289062,0,normal
2026-06-02 11:41:51,0.9410381317138672,0,normal
2026-06-02 11:41:51,0.7183551788330078,0,normal
2026-06-02 11:41:51,0.3635883331298828,0,normal
2026-06-02 11:41:51,1.268148422241211,0,normal
2026-06-02 11:41:51,1.2722015380859375,0,normal
2026-06-02 11:41:51,1.1870861053466797,0,normal
2026-06-02 11:41:51,3.2122135162353516,0,normal
2026-06-02 11:41:51,1.1966228485107422,0,normal
2026-06-02 11:41:51,0.6866455078125,0,normal
2026-06-02 11:41:52,2.2306442260742188,0,normal
2026-06-02 11:41:52,1.6319751739501953,0,normal
2026-06-02 11:41:52,1.0514259338378906,0,normal
2026-06-02 11:41:52,2.8989315032958984,0,normal
2026-06-02 11:41:52,1.7671585083007812,0,normal
2026-06-02 11:41:52,1.3494491577148438,0,normal
2026-06-02 11:41:52,1.3866424560546875,0,normal
2026-06-02 11:41:52,1.1849403381347656,0,normal
2026-06-02 11:41:52,1.1434555053710938,0,normal
2026-06-02 11:41:52,1.5010833740234375,0,normal
2026-06-02 11:41:53,3.3278465270996094,0,normal
2026-06-02 11:41:53,2.2444725036621094,0,normal
2026-06-02 11:41:53,1.477956771850586,0,normal
2026-06-02 11:41:53,1.3346672058105469,0,normal
2026-06-02 11:41:53,0.8800029754638672,0,normal
2026-06-02 11:41:53,0.4863739013671875,0,normal
2026-06-02 11:41:53,0.9038448333740234,0,normal
2026-06-02 11:41:53,0.7457733154296875,0,normal
2026-06-02 11:41:53,0.6232261657714844,0,normal
2026-06-02 11:41:53,0.5435943603515625,0,normal
2026-06-02 11:41:54,0.5588531494140625,0,normal
2026-06-02 11:41:54,1.4827251434326172,0,normal
2026-06-02 11:41:54,1.9762516021728516,0,normal
2026-06-02 11:41:54,1.1506080627441406,0,normal
2026-06-02 11:41:54,2.1028518676757812,0,normal
2026-06-02 11:41:54,1.4128684997558594,0,normal
2026-06-02 11:41:54,1.3668537139892578,0,normal
2026-06-02 11:41:54,0.4470348358154297,0,normal
2026-06-02 11:41:54,1.2934207916259766,0,normal
2026-06-02 11:41:55,1.401662826538086,0,normal
2026-06-02 11:41:55,1.6510486602783203,0,normal
2026-06-02 11:41:55,1.1246204376220703,0,normal
2026-06-02 11:41:55,1.5957355499267578,0,normal
2026-06-02 11:41:55,2.4721622467041016,0,normal
2026-06-02 11:41:55,3.2181739807128906,0,normal
2026-06-02 11:41:55,1.6951560974121094,0,normal
2026-06-02 11:41:55,2.022266387939453,0,normal
2026-06-02 11:41:55,1.3689994812011719,0,normal
2026-06-02 11:41:55,1.2366771697998047,0,normal
2026-06-02 11:41:56,1.7864704132080078,0,normal
2026-06-02 11:41:56,1.556396484375,0,normal
2026-06-02 11:41:56,1.5571117401123047,0,normal
2026-06-02 11:41:56,1.768350601196289,0,normal
2026-06-02 11:41:56,1.5673637390136719,0,normal
2026-06-02 11:41:56,1.219034194946289,0,normal
2026-06-02 11:41:56,1.68609619140625,0,normal
2026-06-02 11:41:56,1.7592906951904297,0,normal
2026-06-02 11:41:56,1.039266586303711,0,normal
2026-06-02 11:41:56,0.7700920104980469,0,normal
2026-06-02 11:41:57,0.9303092956542969,0,normal
2026-06-02 11:41:57,2.251863479614258,0,normal
2026-06-02 11:41:57,1.7647743225097656,0,normal
2026-06-02 11:41:57,1.8932819366455078,0,normal
2026-06-02 11:41:57,0.8792877197265625,0,normal
2026-06-02 11:41:57,1.873016357421875,0,normal
2026-06-02 11:41:57,3.9169788360595703,0,normal
2026-06-02 11:41:57,1.271963119506836,0,normal
2026-06-02 11:41:57,1.4369487762451172,0,normal
2026-06-02 11:41:58,0.8499622344970703,0,normal
2026-06-02 11:41:58,1.836538314819336,0,normal
2026-06-02 11:41:58,215.5778408050537,0,anomaly
2026-06-02 11:41:58,2.053976058959961,0,normal
2026-06-02 11:41:58,2.1066665649414062,0,normal
2026-06-02 11:41:58,2.46429443359375,0,normal
2026-06-02 11:41:58,1.2066364288330078,0,normal
2026-06-02 11:41:58,1.7230510711669922,0,normal
2026-06-02 11:41:59,1.4846324920654297,0,normal
2026-06-02 11:41:59,1.1699199676513672,0,normal
2026-06-02 11:41:59,2.1109580993652344,0,normal
2026-06-02 11:41:59,1.6107559204101562,0,normal
2026-06-02 11:41:59,1.9161701202392578,0,normal
2026-06-02 11:41:59,2.920866012573242,0,normal
2026-06-02 11:41:59,1.0585784912109375,0,normal
2026-06-02 11:41:59,1.54876708984375,0,normal
2026-06-02 11:41:59,1.4677047729492188,0,normal
2026-06-02 11:42:00,1.0173320770263672,0,normal
2026-06-02 11:42:00,1.405477523803711,0,normal
2026-06-02 11:42:00,2.0656585693359375,0,normal
2026-06-02 11:42:00,0.7126331329345703,0,normal
2026-06-02 11:42:00,0.7259845733642578,0,normal
2026-06-02 11:42:00,1.3320446014404297,0,normal
2026-06-02 11:42:00,2.3267269134521484,0,normal
2026-06-02 11:42:00,0.5543231964111328,0,normal
2026-06-02 11:42:00,1.1620521545410156,0,normal
2026-06-02 11:42:00,1.3053417205810547,0,normal
2026-06-02 11:42:01,2.198934555053711,0,normal
2026-06-02 11:42:01,1.1279582977294922,0,normal
2026-06-02 11:42:01,1.7795562744140625,0,normal
2026-06-02 11:42:01,4.206657409667969,0,normal
2026-06-02 11:42:01,2.5634765625,0,normal
2026-06-02 11:42:01,1.6627311706542969,0,normal
2026-06-02 11:42:01,1.0607242584228516,0,normal
2026-06-02 11:42:01,205.98697662353516,0,anomaly
2026-06-02 11:42:02,0.4258155822753906,0,normal
2026-06-02 11:42:02,0.5044937133789062,0,normal
2026-06-02 11:42:02,1.0995864868164062,0,normal
2026-06-02 11:42:02,0.4076957702636719,0,normal
2026-06-02 11:42:02,0.96893310546875,0,normal
2026-06-02 11:42:02,1.668691635131836,0,normal
2026-06-02 11:42:02,1.0957717895507812,0,normal
2026-06-02 11:42:02,2.0475387573242188,0,normal
2026-06-02 11:42:02,1.5683174133300781,0,normal
2026-06-02 11:42:02,0.7524490356445312,0,normal
2026-06-02 11:42:03,1.2412071228027344,0,normal
2026-06-02 11:42:03,0.5238056182861328,0,normal
2026-06-02 11:42:03,0.4966259002685547,0,normal
2026-06-02 11:42:03,0.4990100860595703,0,normal
2026-06-02 11:42:03,0.6153583526611328,0,normal
2026-06-02 11:42:03,0.6551742553710938,0,normal
2026-06-02 11:42:03,2.374410629272461,0,normal
2026-06-02 11:42:03,0.8933544158935547,0,normal
2026-06-02 11:42:03,0.6735324859619141,0,normal
2026-06-02 11:42:04,0.9212493896484375,0,normal
2026-06-02 11:42:04,0.5435943603515625,0,normal
2026-06-02 11:42:04,0.7817745208740234,0,normal
2026-06-02 11:42:04,0.6914138793945312,0,normal
2026-06-02 11:42:04,0.41985511779785156,0,normal
2026-06-02 11:42:04,0.4284381866455078,0,normal
2026-06-02 11:42:04,0.8130073547363281,0,normal
2026-06-02 11:42:04,1.2068748474121094,0,normal
2026-06-02 11:42:04,0.6673336029052734,0,normal
2026-06-02 11:42:04,1.5954971313476562,0,normal
2026-06-02 11:42:05,0.9083747863769531,0,normal
2026-06-02 11:42:05,1.9397735595703125,0,normal
2026-06-02 11:42:05,0.7808208465576172,0,normal
2026-06-02 11:42:05,0.8397102355957031,0,normal
2026-06-02 11:42:05,0.9915828704833984,0,normal
2026-06-02 11:42:05,1.0113716125488281,0,normal
2026-06-02 11:42:05,1.1200904846191406,0,normal
2026-06-02 11:42:05,0.9500980377197266,0,normal
2026-06-02 11:42:05,0.9202957153320312,0,normal
2026-06-02 11:42:05,0.8225440979003906,0,normal
2026-06-02 11:42:06,1.12152099609375,0,normal
2026-06-02 11:42:06,1.1496543884277344,0,normal
2026-06-02 11:42:06,1.1768341064453125,0,normal
2026-06-02 11:42:06,0.5507469177246094,0,normal
2026-06-02 11:42:06,0.7994174957275391,0,normal
2026-06-02 11:42:06,2.402067184448242,0,normal
2026-06-02 11:42:06,0.8025169372558594,0,normal
2026-06-02 11:42:06,3.1371116638183594,0,normal
2026-06-02 11:42:06,0.5497932434082031,0,normal
2026-06-02 11:42:07,211.95101737976074,0,anomaly
2026-06-02 11:42:07,0.5621910095214844,0,normal
2026-06-02 11:42:07,0.6482601165771484,0,normal
2026-06-02 11:42:07,1.28173828125,0,normal
2026-06-02 11:42:07,1.645803451538086,0,normal
2026-06-02 11:42:07,1.477956771850586,0,normal
2026-06-02 11:42:07,1.5072822570800781,0,normal
2026-06-02 11:42:07,0.8795261383056641,0,normal
2026-06-02 11:42:08,1.5819072723388672,0,normal
2026-06-02 11:42:08,0.6694793701171875,0,normal
2026-06-02 11:42:08,1.4793872833251953,0,normal
2026-06-02 11:42:08,2.717256546020508,0,normal
2026-06-02 11:42:08,0.8647441864013672,0,normal
2026-06-02 11:42:08,1.0318756103515625,0,normal
2026-06-02 11:42:08,1.3604164123535156,0,normal
2026-06-02 11:42:08,1.4400482177734375,0,normal
2026-06-02 11:42:08,1.0843276977539062,0,normal
2026-06-02 11:42:08,1.322031021118164,0,normal
2026-06-02 11:42:09,0.9834766387939453,0,normal
2026-06-02 11:42:09,1.4529228210449219,0,normal
2026-06-02 11:42:09,1.3015270233154297,0,normal
2026-06-02 11:42:09,1.3325214385986328,0,normal
2026-06-02 11:42:09,0.8842945098876953,0,normal
2026-06-02 11:42:09,0.4382133483886719,0,normal
2026-06-02 11:42:09,0.35762786865234375,0,normal
2026-06-02 11:42:09,0.5757808685302734,0,normal
2026-06-02 11:42:09,0.5393028259277344,0,normal
2026-06-02 11:42:09,0.4494190216064453,0,normal
2026-06-02 11:42:10,0.8399486541748047,0,normal
2026-06-02 11:42:10,2.1834373474121094,0,normal
2026-06-02 11:42:10,0.865936279296875,0,normal
2026-06-02 11:42:10,1.7905235290527344,0,normal
2026-06-02 11:42:10,1.491546630859375,0,normal
2026-06-02 11:42:10,5.58018684387207,0,normal
2026-06-02 11:42:10,2.0911693572998047,0,normal
2026-06-02 11:42:10,1.4719963073730469,0,normal
2026-06-02 11:42:10,2.9723644256591797,0,normal
2026-06-02 11:42:11,1.4646053314208984,0,normal
2026-06-02 11:42:11,2.5436878204345703,0,normal
2026-06-02 11:42:11,1.8534660339355469,0,normal
2026-06-02 11:42:11,2.393484115600586,0,normal
2026-06-02 11:42:11,1.5261173248291016,0,normal
2026-06-02 11:42:11,0.8728504180908203,0,normal
2026-06-02 11:42:11,1.7004013061523438,0,normal
2026-06-02 11:42:11,1.470804214477539,0,normal
2026-06-02 11:42:11,2.0301342010498047,0,normal
2026-06-02 11:42:11,1.0058879852294922,0,normal
2026-06-02 11:42:12,1.2958049774169922,0,normal
2026-06-02 11:42:12,2.1119117736816406,0,normal
2026-06-02 11:42:12,0.7665157318115234,0,normal
2026-06-02 11:42:12,0.9181499481201172,0,normal
2026-06-02 11:42:12,3.3597946166992188,0,normal
2026-06-02 11:42:12,1.6579627990722656,0,normal
2026-06-02 11:42:12,0.48232078552246094,0,normal
2026-06-02 11:42:12,0.4076957702636719,0,normal
2026-06-02 11:42:12,2.6540756225585938,0,normal
2026-06-02 11:42:12,2.8743743896484375,0,normal
2026-06-02 11:42:13,1.0383129119873047,0,normal
2026-06-02 11:42:13,1.280069351196289,0,normal
2026-06-02 11:42:13,1.3649463653564453,0,normal
2026-06-02 11:42:13,2.1619796752929688,0,normal
2026-06-02 11:42:13,2.0966529846191406,0,normal
2026-06-02 11:42:13,2.038240432739258,0,normal
2026-06-02 11:42:13,1.7671585083007812,0,normal
2026-06-02 11:42:13,1.8367767333984375,0,normal
2026-06-02 11:42:13,2.041339874267578,0,normal
2026-06-02 11:42:14,1.2476444244384766,0,normal
2026-06-02 11:42:14,0.8206367492675781,0,normal
2026-06-02 11:42:14,1.3890266418457031,0,normal
2026-06-02 11:42:14,1.3680458068847656,0,normal
2026-06-02 11:42:14,210.5867862701416,0,anomaly
2026-06-02 11:42:14,1.3551712036132812,0,normal
2026-06-02 11:42:14,0.74005126953125,0,normal
2026-06-02 11:42:14,0.7264614105224609,0,normal
2026-06-02 11:42:15,1.0554790496826172,0,normal
2026-06-02 11:42:15,0.9338855743408203,0,normal
2026-06-02 11:42:15,0.9610652923583984,0,normal
2026-06-02 11:42:15,0.4336833953857422,0,normal
2026-06-02 11:42:15,0.7791519165039062,0,normal
2026-06-02 11:42:15,1.2819766998291016,0,normal
2026-06-02 11:42:15,0.7843971252441406,0,normal
2026-06-02 11:42:15,221.8611240386963,0,anomaly
2026-06-02 11:42:16,0.9760856628417969,0,normal
2026-06-02 11:42:16,0.43201446533203125,0,normal
2026-06-02 11:42:16,1.4483928680419922,0,normal
2026-06-02 11:42:16,0.6585121154785156,0,normal
2026-06-02 11:42:16,1.894235610961914,0,normal
2026-06-02 11:42:16,1.3554096221923828,0,normal
2026-06-02 11:42:16,0.9374618530273438,0,normal
2026-06-02 11:42:16,0.461578369140625,0,normal
2026-06-02 11:42:16,1.3933181762695312,0,normal
2026-06-02 11:42:17,1.2366771697998047,0,normal
2026-06-02 11:42:17,1.390218734741211,0,normal
2026-06-02 11:42:17,1.3873577117919922,0,normal
2026-06-02 11:42:17,2.1409988403320312,0,normal
2026-06-02 11:42:17,0.7412433624267578,0,normal
2026-06-02 11:42:17,1.1403560638427734,0,normal
2026-06-02 11:42:17,1.1644363403320312,0,normal
2026-06-02 11:42:17,0.9064674377441406,0,normal
2026-06-02 11:42:17,0.4706382751464844,0,normal
2026-06-02 11:42:17,0.5671977996826172,0,normal
2026-06-02 11:42:18,0.38170814514160156,0,normal
2026-06-02 11:42:18,1.9528865814208984,0,normal
2026-06-02 11:42:18,0.8056163787841797,0,normal
2026-06-02 11:42:18,1.1551380157470703,0,normal
2026-06-02 11:42:18,0.5671977996826172,0,normal
2026-06-02 11:42:18,0.4742145538330078,0,normal
2026-06-02 11:42:18,0.7364749908447266,0,normal
2026-06-02 11:42:18,1.699686050415039,0,normal
2026-06-02 11:42:18,0.6458759307861328,0,normal
2026-06-02 11:42:18,0.39315223693847656,0,normal
2026-06-02 11:42:19,1.300811767578125,0,normal
2026-06-02 11:42:19,2.2246837615966797,0,normal
2026-06-02 11:42:19,1.5594959259033203,0,normal
2026-06-02 11:42:19,0.766754150390625,0,normal
2026-06-02 11:42:19,0.4584789276123047,0,normal
2026-06-02 11:42:19,1.01470947265625,0,normal
2026-06-02 11:42:19,1.2660026550292969,0,normal
2026-06-02 11:42:19,1.0478496551513672,0,normal
2026-06-02 11:42:19,0.8556842803955078,0,normal
2026-06-02 11:42:19,0.9236335754394531,0,normal
2026-06-02 11:42:20,0.9174346923828125,0,normal
2026-06-02 11:42:20,0.5905628204345703,0,normal
2026-06-02 11:42:20,0.5919933319091797,0,normal
2026-06-02 11:42:20,0.8091926574707031,0,normal
2026-06-02 11:42:20,0.7536411285400391,0,normal
2026-06-02 11:42:20,1.619577407836914,0,normal
2026-06-02 11:42:20,2.135753631591797,0,normal
2026-06-02 11:42:20,0.4258155822753906,0,normal
2026-06-02 11:42:20,0.41866302490234375,0,normal
2026-06-02 11:42:21,206.30407333374023,0,anomaly
2026-06-02 11:42:21,1.0976791381835938,0,normal
2026-06-02 11:42:21,0.5903244018554688,0,normal
2026-06-02 11:42:21,0.6163120269775391,0,normal
2026-06-02 11:42:21,1.1112689971923828,0,normal
2026-06-02 11:42:21,1.1196136474609375,0,normal
2026-06-02 11:42:21,0.42510032653808594,0,normal
2026-06-02 11:42:21,0.9598731994628906,0,normal
2026-06-02 11:42:22,0.9405612945556641,0,normal
2026-06-02 11:42:22,2.2597312927246094,0,normal
2026-06-02 11:42:22,1.6646385192871094,0,normal
2026-06-02 11:42:22,0.9796619415283203,0,normal
2026-06-02 11:42:22,1.4302730560302734,0,normal
2026-06-02 11:42:22,0.9424686431884766,0,normal
2026-06-02 11:42:22,1.0573863983154297,0,normal
2026-06-02 11:42:22,1.0824203491210938,0,normal
2026-06-02 11:42:22,1.1208057403564453,0,normal
2026-06-02 11:42:28,1.4028549194335938,0,normal
2026-06-02 11:42:28,1.6949176788330078,0,normal
2026-06-02 11:42:28,1.5120506286621094,0,normal
2026-06-02 11:42:29,1.104116439819336,0,normal
2026-06-02 11:42:29,2.144336700439453,0,normal
2026-06-02 11:42:29,1.3852119445800781,0,normal
2026-06-02 11:42:29,0.640869140625,0,normal
2026-06-02 11:42:29,1.1293888092041016,0,normal
2026-06-02 11:42:29,2.349853515625,0,normal
2026-06-02 11:42:29,1.7633438110351562,0,normal
2026-06-02 11:42:29,1.333475112915039,0,normal
2026-06-02 11:42:29,1.6777515411376953,0,normal
2026-06-02 11:42:29,1.6927719116210938,0,normal
2026-06-02 11:42:30,1.956939697265625,0,normal
2026-06-02 11:42:30,1.3158321380615234,0,normal
2026-06-02 11:42:30,2.8634071350097656,0,normal
2026-06-02 11:42:30,0.9138584136962891,0,normal
2026-06-02 11:42:30,2.3698806762695312,0,normal
2026-06-02 11:42:30,2.439737319946289,0,normal
2026-06-02 11:42:30,1.6689300537109375,0,normal
2026-06-02 11:42:30,1.4350414276123047,0,normal
2026-06-02 11:42:31,205.57808876037598,0,anomaly
2026-06-02 11:42:31,1.1012554168701172,0,normal
2026-06-02 11:42:31,0.9450912475585938,0,normal
2026-06-02 11:42:31,0.9548664093017578,0,normal
2026-06-02 11:42:31,1.077413558959961,0,normal
2026-06-02 11:42:31,0.44536590576171875,0,normal
2026-06-02 11:42:31,1.3608932495117188,0,normal
2026-06-02 11:42:31,0.4286766052246094,0,normal
2026-06-02 11:42:31,2.1910667419433594,0,normal
2026-06-02 11:42:32,0.8604526519775391,0,normal
2026-06-02 11:42:32,0.4246234893798828,0,normal
2026-06-02 11:42:32,0.5242824554443359,0,normal
2026-06-02 11:42:32,0.7603168487548828,0,normal
2026-06-02 11:42:32,0.4343986511230469,0,normal
2026-06-02 11:42:32,1.1224746704101562,0,normal
2026-06-02 11:42:32,0.5235671997070312,0,normal
2026-06-02 11:42:32,0.5779266357421875,0,normal
2026-06-02 11:42:32,1.3844966888427734,0,normal
2026-06-02 11:42:32,0.5362033843994141,0,normal
2026-06-02 11:42:33,0.5857944488525391,0,normal
2026-06-02 11:42:33,0.8943080902099609,0,normal
2026-06-02 11:42:33,0.4608631134033203,0,normal
2026-06-02 11:42:33,0.43392181396484375,0,normal
2026-06-02 11:42:33,0.3521442413330078,0,normal
2026-06-02 11:42:33,0.6844997406005859,0,normal
2026-06-02 11:42:33,0.5490779876708984,0,normal
2026-06-02 11:42:33,1.2180805206298828,0,normal
2026-06-02 11:42:33,0.5352497100830078,0,normal
2026-06-02 11:42:33,0.4620552062988281,0,normal
2026-06-02 11:42:34,0.38313865661621094,0,normal
2026-06-02 11:42:34,1.7867088317871094,0,normal
2026-06-02 11:42:34,2.2079944610595703,0,normal
2026-06-02 11:42:34,1.1453628540039062,0,normal
2026-06-02 11:42:34,0.7348060607910156,0,normal
2026-06-02 11:42:34,0.4944801330566406,0,normal
2026-06-02 11:42:34,0.9794235229492188,0,normal
2026-06-02 11:42:34,2.2895336151123047,0,normal
2026-06-02 11:42:34,0.8182525634765625,0,normal
2026-06-02 11:42:34,0.484466552734375,0,normal
2026-06-02 11:42:35,1.192331314086914,0,normal
2026-06-02 11:42:35,2.4809837341308594,0,normal
2026-06-02 11:42:35,0.6265640258789062,0,normal
2026-06-02 11:42:35,1.6574859619140625,0,normal
2026-06-02 11:42:35,1.2047290802001953,0,normal
2026-06-02 11:42:35,0.8270740509033203,0,normal
2026-06-02 11:42:35,2.028942108154297,0,normal
2026-06-02 11:42:35,1.4925003051757812,0,normal
2026-06-02 11:42:35,1.528024673461914,0,normal
2026-06-02 11:42:36,1.8229484558105469,0,normal
2026-06-02 11:42:36,0.9522438049316406,0,normal
2026-06-02 11:42:36,1.279592514038086,0,normal
2026-06-02 11:42:36,0.9555816650390625,0,normal
2026-06-02 11:42:36,0.7555484771728516,0,normal
2026-06-02 11:42:36,0.6678104400634766,0,normal
2026-06-02 11:42:36,0.4525184631347656,0,normal
2026-06-02 11:42:36,0.5953311920166016,0,normal
2026-06-02 11:42:36,0.5545616149902344,0,normal
2026-06-02 11:42:36,0.4868507385253906,0,normal
2026-06-02 11:42:37,0.5247592926025391,0,normal
2026-06-02 11:42:37,0.42557716369628906,0,normal
2026-06-02 11:42:37,0.43320655822753906,0,normal
2026-06-02 11:42:37,0.9543895721435547,0,normal
2026-06-02 11:42:37,0.6577968597412109,0,normal
2026-06-02 11:42:37,0.6434917449951172,0,normal
2026-06-02 11:42:37,0.4839897155761719,0,normal
2026-06-02 11:42:37,0.6859302520751953,0,normal
2026-06-02 11:42:37,0.8411407470703125,0,normal
2026-06-02 11:42:37,0.6361007690429688,0,normal
2026-06-02 11:42:38,0.6589889526367188,0,normal
2026-06-02 11:42:38,0.8718967437744141,0,normal
2026-06-02 11:42:38,2.576589584350586,0,normal
2026-06-02 11:42:38,2.3343563079833984,0,normal
2026-06-02 11:42:38,0.8020401000976562,0,normal
2026-06-02 11:42:38,0.9427070617675781,0,normal
2026-06-02 11:42:38,1.4219284057617188,0,normal
2026-06-02 11:42:38,0.8454322814941406,0,normal
2026-06-02 11:42:39,223.01554679870605,0,anomaly
2026-06-02 11:42:39,0.7965564727783203,0,normal
2026-06-02 11:42:39,0.8232593536376953,0,normal
2026-06-02 11:42:39,0.5156993865966797,0,normal
2026-06-02 11:42:39,0.4887580871582031,0,normal
2026-06-02 11:42:39,0.8974075317382812,0,normal
2026-06-02 11:42:39,0.7722377777099609,0,normal
2026-06-02 11:42:39,0.4591941833496094,0,normal
2026-06-02 11:42:39,1.0600090026855469,0,normal
2026-06-02 11:42:40,1.222372055053711,0,normal
2026-06-02 11:42:40,0.514984130859375,0,normal
2026-06-02 11:42:40,0.5769729614257812,0,normal
2026-06-02 11:42:40,1.2097358703613281,0,normal
2026-06-02 11:42:40,0.8552074432373047,0,normal
2026-06-02 11:42:40,1.4941692352294922,0,normal
2026-06-02 11:42:40,1.2197494506835938,0,normal
2026-06-02 11:42:40,0.9028911590576172,0,normal
2026-06-02 11:42:40,0.5428791046142578,0,normal
2026-06-02 11:42:40,0.9143352508544922,0,normal
2026-06-02 11:42:41,0.560760498046875,0,normal
2026-06-02 11:42:41,0.759124755859375,0,normal
2026-06-02 11:42:41,0.6804466247558594,0,normal
2026-06-02 11:42:41,0.7162094116210938,0,normal
2026-06-02 11:42:41,0.6644725799560547,0,normal
2026-06-02 11:42:41,0.8778572082519531,0,normal
2026-06-02 11:42:41,1.9800662994384766,0,normal
2026-06-02 11:42:41,1.7538070678710938,0,normal
2026-06-02 11:42:41,0.8523464202880859,0,normal
2026-06-02 11:42:41,0.8335113525390625,0,normal
2026-06-02 11:42:42,0.8914470672607422,0,normal
2026-06-02 11:42:42,0.9214878082275391,0,normal
2026-06-02 11:42:42,1.0235309600830078,0,normal
2026-06-02 11:42:42,0.8673667907714844,0,normal
2026-06-02 11:42:42,1.0952949523925781,0,normal
2026-06-02 11:42:42,0.48351287841796875,0,normal
2026-06-02 11:42:42,1.033782958984375,0,normal
2026-06-02 11:42:42,0.6251335144042969,0,normal
2026-06-02 11:42:42,1.215219497680664,0,normal
2026-06-02 11:42:42,0.6651878356933594,0,normal
2026-06-02 11:42:43,0.9360313415527344,0,normal
2026-06-02 11:42:43,0.7109642028808594,0,normal
2026-06-02 11:42:43,0.5323886871337891,0,normal
2026-06-02 11:42:43,0.4658699035644531,0,normal
2026-06-02 11:42:43,0.9951591491699219,0,normal
2026-06-02 11:42:43,0.4513263702392578,0,normal
2026-06-02 11:42:43,0.4725456237792969,0,normal
2026-06-02 11:42:43,2.959012985229492,0,normal
2026-06-02 11:42:43,0.4971027374267578,0,normal
2026-06-02 11:42:43,0.8409023284912109,0,normal
2026-06-02 11:42:44,0.5440711975097656,0,normal
2026-06-02 11:42:44,0.46896934509277344,0,normal
2026-06-02 11:42:44,0.3523826599121094,0,normal
2026-06-02 11:42:44,0.4088878631591797,0,normal
2026-06-02 11:42:44,0.40793418884277344,0,normal
2026-06-02 11:42:44,0.3724098205566406,0,normal
2026-06-02 11:42:44,2.5272369384765625,0,normal
2026-06-02 11:42:44,3.7260055541992188,0,normal
2026-06-02 11:42:44,0.4382133483886719,0,normal
2026-06-02 11:42:45,0.7941722869873047,0,normal
2026-06-02 11:42:45,2.4449825286865234,0,normal
2026-06-02 11:42:45,0.4851818084716797,0,normal
2026-06-02 11:42:45,1.149892807006836,0,normal
2026-06-02 11:42:45,0.6248950958251953,0,normal
2026-06-02 11:42:45,1.0454654693603516,0,normal
2026-06-02 11:42:45,1.4009475708007812,0,normal
2026-06-02 11:42:45,0.6363391876220703,0,normal
2026-06-02 11:42:45,1.512289047241211,0,normal
2026-06-02 11:42:45,2.7370452880859375,0,normal
2026-06-02 11:42:46,0.4711151123046875,0,normal
2026-06-02 11:42:46,1.5044212341308594,0,normal
2026-06-02 11:42:46,0.8962154388427734,0,normal
2026-06-02 11:42:46,0.8754730224609375,0,normal
2026-06-02 11:42:46,1.115560531616211,0,normal
2026-06-02 11:42:46,0.44655799865722656,0,normal
2026-06-02 11:42:46,2.1681785583496094,0,normal
2026-06-02 11:42:46,0.5967617034912109,0,normal
2026-06-02 11:42:46,0.9794235229492188,0,normal
2026-06-02 11:42:46,1.1034011840820312,0,normal
2026-06-02 11:42:47,0.8783340454101562,0,normal
2026-06-02 11:42:47,2.0818710327148438,0,normal
2026-06-02 11:42:47,1.678466796875,0,normal
2026-06-02 11:42:47,1.650094985961914,0,normal
2026-06-02 11:42:47,0.6546974182128906,0,normal
2026-06-02 11:42:47,0.5316734313964844,0,normal
2026-06-02 11:42:47,1.0764598846435547,0,normal
2026-06-02 11:42:48,203.4308910369873,0,anomaly
2026-06-02 11:42:48,0.45680999755859375,0,normal
2026-06-02 11:42:48,0.6709098815917969,0,normal
2026-06-02 11:42:48,1.0724067687988281,0,normal
2026-06-02 11:42:48,0.9140968322753906,0,normal
2026-06-02 11:42:48,0.8058547973632812,0,normal
2026-06-02 11:42:48,0.7271766662597656,0,normal
2026-06-02 11:42:48,2.942323684692383,0,normal
2026-06-02 11:42:48,1.8773078918457031,0,normal
2026-06-02 11:42:48,1.287698745727539,0,normal
2026-06-02 11:42:49,1.2552738189697266,0,normal
2026-06-02 11:42:49,1.3401508331298828,0,normal
2026-06-02 11:42:49,0.8783340454101562,0,normal
2026-06-02 11:42:49,0.5125999450683594,0,normal
2026-06-02 11:42:49,0.9226799011230469,0,normal
2026-06-02 11:42:49,1.2884140014648438,0,normal
2026-06-02 11:42:49,3.11279296875,0,normal
2026-06-02 11:42:49,4.61125373840332,0,normal
2026-06-02 11:42:49,1.1937618255615234,0,normal
2026-06-02 11:42:49,0.7441043853759766,0,normal
2026-06-02 11:42:50,2.1584033966064453,0,normal
2026-06-02 11:42:50,0.39577484130859375,0,normal
2026-06-02 11:42:50,0.5598068237304688,0,normal
2026-06-02 11:42:50,1.5816688537597656,0,normal
2026-06-02 11:42:50,0.9858608245849609,0,normal
2026-06-02 11:42:50,0.5793571472167969,0,normal
2026-06-02 11:42:50,0.6864070892333984,0,normal
2026-06-02 11:42:50,1.146078109741211,0,normal
2026-06-02 11:42:50,0.6222724914550781,0,normal
2026-06-02 11:42:50,0.8187294006347656,0,normal
2026-06-02 11:42:51,0.6873607635498047,0,normal
2026-06-02 11:42:51,1.0457038879394531,0,normal
2026-06-02 11:42:51,0.5123615264892578,0,normal
2026-06-02 11:42:51,0.7436275482177734,0,normal
2026-06-02 11:42:51,0.49567222595214844,0,normal
2026-06-02 11:42:51,0.6320476531982422,0,normal
2026-06-02 11:42:51,0.6589889526367188,0,normal
2026-06-02 11:42:51,2.2077560424804688,0,normal
2026-06-02 11:42:51,0.5421638488769531,0,normal
2026-06-02 11:42:52,0.86212158203125,0,normal
2026-06-02 11:42:52,1.0776519775390625,0,normal
2026-06-02 11:42:52,2.3331642150878906,0,normal
2026-06-02 11:42:52,0.9396076202392578,0,normal
2026-06-02 11:42:52,0.40984153747558594,0,normal
2026-06-02 11:42:52,1.3735294342041016,0,normal
2026-06-02 11:42:52,1.0271072387695312,0,normal
2026-06-02 11:42:52,1.0690689086914062,0,normal
2026-06-02 11:42:52,0.4985332489013672,0,normal
2026-06-02 11:42:52,1.5265941619873047,0,normal
2026-06-02 11:42:53,0.5710124969482422,0,normal
2026-06-02 11:42:53,0.6182193756103516,0,normal
2026-06-02 11:42:53,1.161813735961914,0,normal
2026-06-02 11:42:53,206.66122436523438,0,anomaly
2026-06-02 11:42:53,0.7529258728027344,0,normal
2026-06-02 11:42:53,2.6493072509765625,0,normal
2026-06-02 11:42:53,1.1317729949951172,0,normal
2026-06-02 11:42:53,0.5297660827636719,0,normal
2026-06-02 11:42:54,1.135110855102539,0,normal
2026-06-02 11:42:54,2.696990966796875,0,normal
2026-06-02 11:42:54,1.5723705291748047,0,normal
2026-06-02 11:42:54,1.0654926300048828,0,normal
2026-06-02 11:42:54,207.77630805969238,0,anomaly
2026-06-02 11:42:54,1.0228157043457031,0,normal
2026-06-02 11:42:54,1.5218257904052734,0,normal
2026-06-02 11:42:55,0.5464553833007812,0,normal
2026-06-02 11:42:55,0.553131103515625,0,normal
2026-06-02 11:42:55,0.4444122314453125,0,normal
2026-06-02 11:42:55,0.5767345428466797,0,normal
2026-06-02 11:42:55,0.8509159088134766,0,normal
2026-06-02 11:42:55,0.4241466522216797,0,normal
2026-06-02 11:42:55,0.8769035339355469,0,normal
2026-06-02 11:42:55,0.6525516510009766,0,normal
2026-06-02 11:42:55,0.5466938018798828,0,normal
2026-06-02 11:42:55,0.6155967712402344,0,normal
2026-06-02 11:42:56,0.4832744598388672,0,normal
2026-06-02 11:42:56,1.2907981872558594,0,normal
2026-06-02 11:42:56,0.7081031799316406,0,normal
2026-06-02 11:42:56,0.8237361907958984,0,normal
2026-06-02 11:42:56,0.91552734375,0,normal
2026-06-02 11:42:56,1.043558120727539,0,normal
2026-06-02 11:42:56,0.461578369140625,0,normal
2026-06-02 11:42:56,0.9267330169677734,0,normal
2026-06-02 11:42:56,0.4773139953613281,0,normal
2026-06-02 11:42:56,0.6966590881347656,0,normal
2026-06-02 11:42:57,0.4971027374267578,0,normal
2026-06-02 11:42:57,0.39005279541015625,0,normal
2026-06-02 11:42:57,0.8060932159423828,0,normal
2026-06-02 11:42:57,0.4601478576660156,0,normal
2026-06-02 11:42:57,0.4074573516845703,0,normal
2026-06-02 11:42:57,0.5877017974853516,0,normal
2026-06-02 11:42:57,0.6844997406005859,0,normal
2026-06-02 11:42:57,0.6771087646484375,0,normal
2026-06-02 11:42:57,0.499725341796875,0,normal
2026-06-02 11:42:57,0.5974769592285156,0,normal
2026-06-02 11:42:58,0.5321502685546875,0,normal
2026-06-02 11:42:58,0.5278587341308594,0,normal
2026-06-02 11:42:58,214.07794952392578,0,anomaly
2026-06-02 11:42:58,0.41747093200683594,0,normal
2026-06-02 11:42:58,0.7975101470947266,0,normal
2026-06-02 11:42:58,0.5879402160644531,0,normal
2026-06-02 11:42:58,0.7376670837402344,0,normal
2026-06-02 11:42:58,0.9438991546630859,0,normal
2026-06-02 11:42:59,0.9579658508300781,0,normal
2026-06-02 11:42:59,1.310110092163086,0,normal
2026-06-02 11:42:59,0.39696693420410156,0,normal
2026-06-02 11:42:59,1.348733901977539,0,normal
2026-06-02 11:42:59,0.5500316619873047,0,normal
2026-06-02 11:42:59,0.41031837463378906,0,normal
2026-06-02 11:42:59,0.4551410675048828,0,normal
2026-06-02 11:42:59,0.6577968597412109,0,normal
2026-06-02 11:42:59,0.5092620849609375,0,normal
2026-06-02 11:42:59,0.4673004150390625,0,normal
2026-06-02 11:43:00,0.4591941833496094,0,normal
2026-06-02 11:43:00,0.5776882171630859,0,normal
2026-06-02 11:43:00,0.6866455078125,0,normal
2026-06-02 11:43:00,0.4711151123046875,0,normal
2026-06-02 11:43:00,0.4909038543701172,0,normal
2026-06-02 11:43:00,0.43463706970214844,0,normal
2026-06-02 11:43:00,0.3821849822998047,0,normal
2026-06-02 11:43:00,0.5624294281005859,0,normal
2026-06-02 11:43:00,0.8919239044189453,0,normal
2026-06-02 11:43:01,0.8740425109863281,0,normal
2026-06-02 11:43:01,0.5626678466796875,0,normal
2026-06-02 11:43:01,0.6787776947021484,0,normal
2026-06-02 11:43:01,0.4467964172363281,0,normal
2026-06-02 11:43:01,0.6439685821533203,0,normal
2026-06-02 11:43:01,0.5164146423339844,0,normal
2026-06-02 11:43:01,0.7374286651611328,0,normal
2026-06-02 11:43:01,2.881765365600586,0,normal
2026-06-02 11:43:01,0.7357597351074219,0,normal
2026-06-02 11:43:01,1.1720657348632812,0,normal
2026-06-02 11:43:02,0.7405281066894531,0,normal
2026-06-02 11:43:02,1.073598861694336,0,normal
2026-06-02 11:43:02,0.7121562957763672,0,normal
2026-06-02 11:43:02,1.251220703125,0,normal
2026-06-02 11:43:02,0.6301403045654297,0,normal
2026-06-02 11:43:02,0.9572505950927734,0,normal
2026-06-02 11:43:02,0.8635520935058594,0,normal
2026-06-02 11:43:02,0.7798671722412109,0,normal
2026-06-02 11:43:02,0.8969306945800781,0,normal
2026-06-02 11:43:02,0.804901123046875,0,normal
2026-06-02 11:43:03,0.5443096160888672,0,normal
2026-06-02 11:43:03,0.5283355712890625,0,normal
2026-06-02 11:43:03,0.5781650543212891,0,normal
2026-06-02 11:43:03,0.7503032684326172,0,normal
2026-06-02 11:43:03,0.7450580596923828,0,normal
2026-06-02 11:43:03,0.5006790161132812,0,normal
2026-06-02 11:43:03,2.892732620239258,0,normal
2026-06-02 11:43:03,0.4265308380126953,0,normal
2026-06-02 11:43:03,3.4999847412109375,0,normal
2026-06-02 11:43:03,0.5018711090087891,0,normal
2026-06-02 11:43:04,0.4818439483642578,0,normal
2026-06-02 11:43:04,0.7002353668212891,0,normal
2026-06-02 11:43:04,0.40793418884277344,0,normal
2026-06-02 11:43:04,0.5660057067871094,0,normal
2026-06-02 11:43:04,0.5509853363037109,0,normal
2026-06-02 11:43:04,0.6992816925048828,0,normal
2026-06-02 11:43:04,1.0423660278320312,0,normal
2026-06-02 11:43:04,0.4439353942871094,0,normal
2026-06-02 11:43:04,0.45228004455566406,0,normal
2026-06-02 11:43:04,0.9005069732666016,0,normal
2026-06-02 11:43:05,0.5757808685302734,0,normal
2026-06-02 11:43:05,1.0018348693847656,0,normal
2026-06-02 11:43:05,0.6165504455566406,0,normal
2026-06-02 11:43:05,0.9477138519287109,0,normal
2026-06-02 11:43:05,1.0159015655517578,0,normal
2026-06-02 11:43:05,0.44989585876464844,0,normal
2026-06-02 11:43:05,0.8840560913085938,0,normal
2026-06-02 11:43:05,0.8308887481689453,0,normal
2026-06-02 11:43:05,0.9753704071044922,0,normal
2026-06-02 11:43:06,0.5173683166503906,0,normal
2026-06-02 11:43:06,0.6890296936035156,0,normal
2026-06-02 11:43:06,0.8754730224609375,0,normal
2026-06-02 11:43:06,0.6241798400878906,0,normal
2026-06-02 11:43:06,0.7715225219726562,0,normal
2026-06-02 11:43:06,0.9744167327880859,0,normal
2026-06-02 11:43:06,0.45037269592285156,0,normal
2026-06-02 11:43:06,0.5369186401367188,0,normal
2026-06-02 11:43:06,0.7066726684570312,0,normal
2026-06-02 11:43:06,0.6575584411621094,0,normal
2026-06-02 11:43:07,3.6401748657226562,0,normal
2026-06-02 11:43:07,2.317190170288086,0,normal
2026-06-02 11:43:07,0.5731582641601562,0,normal
2026-06-02 11:43:07,0.5304813385009766,0,normal
2026-06-02 11:43:07,0.4324913024902344,0,normal
2026-06-02 11:43:07,0.6504058837890625,0,normal
2026-06-02 11:43:07,0.6308555603027344,0,normal
2026-06-02 11:43:07,1.3439655303955078,0,normal
2026-06-02 11:43:07,2.7267932891845703,0,normal
2026-06-02 11:43:07,0.4749298095703125,0,normal
2026-06-02 11:43:08,1.5645027160644531,0,normal
2026-06-02 11:43:08,0.4124641418457031,0,normal
2026-06-02 11:43:08,0.4284381866455078,0,normal
2026-06-02 11:43:08,0.7519721984863281,0,normal
2026-06-02 11:43:08,2.318859100341797,0,normal
2026-06-02 11:43:08,1.669168472290039,0,normal
2026-06-02 11:43:08,0.5478858947753906,0,normal
2026-06-02 11:43:08,0.5252361297607422,0,normal
2026-06-02 11:43:08,1.3875961303710938,0,normal
2026-06-02 11:43:08,1.8396377563476562,0,normal
2026-06-02 11:43:09,4.801273345947266,0,normal
2026-06-02 11:43:09,0.9851455688476562,0,normal
2026-06-02 11:43:09,0.4749298095703125,0,normal
2026-06-02 11:43:09,0.42057037353515625,0,normal
2026-06-02 11:43:09,3.056764602661133,0,normal
2026-06-02 11:43:09,1.3420581817626953,0,normal
2026-06-02 11:43:09,0.4477500915527344,0,normal
2026-06-02 11:43:09,1.8606185913085938,0,normal
2026-06-02 11:43:09,1.9462108612060547,0,normal
2026-06-02 11:43:10,0.4439353942871094,0,normal
2026-06-02 11:43:10,2.2230148315429688,0,normal
2026-06-02 11:43:10,1.31988525390625,0,normal
2026-06-02 11:43:10,0.640869140625,0,normal
2026-06-02 11:43:10,1.8656253814697266,0,normal
2026-06-02 11:43:10,2.2339820861816406,0,normal
2026-06-02 11:43:10,2.2127628326416016,0,normal
2026-06-02 11:43:10,1.8045902252197266,0,normal
2026-06-02 11:43:10,0.9465217590332031,0,normal
2026-06-02 11:43:10,0.6101131439208984,0,normal
2026-06-02 11:43:11,1.0600090026855469,0,normal
2026-06-02 11:43:11,2.0818710327148438,0,normal
2026-06-02 11:43:11,1.447439193725586,0,normal
2026-06-02 11:43:11,0.4966259002685547,0,normal
2026-06-02 11:43:11,2.8455257415771484,0,normal
2026-06-02 11:43:11,3.3769607543945312,0,normal
2026-06-02 11:43:11,4.571199417114258,0,normal
2026-06-02 11:43:11,1.1954307556152344,0,normal
2026-06-02 11:43:11,1.3568401336669922,0,normal
2026-06-02 11:43:11,1.0712146759033203,0,normal
2026-06-02 11:43:12,0.4673004150390625,0,normal
2026-06-02 11:43:12,1.9998550415039062,0,normal
2026-06-02 11:43:12,1.48773193359375,0,normal
2026-06-02 11:43:12,1.7039775848388672,0,normal
2026-06-02 11:43:12,0.5445480346679688,0,normal
2026-06-02 11:43:12,1.3217926025390625,0,normal
2026-06-02 11:43:12,1.6434192657470703,0,normal
2026-06-02 11:43:12,1.3287067413330078,0,normal
2026-06-02 11:43:12,2.0723342895507812,0,normal
2026-06-02 11:43:13,1.146078109741211,0,normal
2026-06-02 11:43:13,1.1799335479736328,0,normal
2026-06-02 11:43:13,0.8890628814697266,0,normal
2026-06-02 11:43:13,1.9278526306152344,0,normal
2026-06-02 11:43:13,1.672506332397461,0,normal
2026-06-02 11:43:13,1.416921615600586,0,normal
2026-06-02 11:43:13,0.675201416015625,0,normal
2026-06-02 11:43:13,0.640869140625,0,normal
2026-06-02 11:43:13,1.1894702911376953,0,normal
2026-06-02 11:43:13,0.9000301361083984,0,normal
2026-06-02 11:43:14,1.504659652709961,0,normal
2026-06-02 11:43:14,0.728607177734375,0,normal
2026-06-02 11:43:14,0.5314350128173828,0,normal
2026-06-02 11:43:14,1.4963150024414062,0,normal
2026-06-02 11:43:14,1.132965087890625,0,normal
2026-06-02 11:43:14,0.4329681396484375,0,normal
2026-06-02 11:43:14,0.3859996795654297,0,normal
2026-06-02 11:43:14,0.4222393035888672,0,normal
2026-06-02 11:43:14,1.1105537414550781,0,normal
2026-06-02 11:43:14,1.7063617706298828,0,normal
2026-06-02 11:43:15,0.5407333374023438,0,normal
2026-06-02 11:43:15,0.92315673828125,0,normal
2026-06-02 11:43:15,0.4668235778808594,0,normal
2026-06-02 11:43:15,0.5412101745605469,0,normal
2026-06-02 11:43:15,1.9059181213378906,0,normal
2026-06-02 11:43:15,0.888824462890625,0,normal
2026-06-02 11:43:15,0.8502006530761719,0,normal
2026-06-02 11:43:15,0.44274330139160156,0,normal
2026-06-02 11:43:15,0.46634674072265625,0,normal
2026-06-02 11:43:15,1.1928081512451172,0,normal
2026-06-02 11:43:16,0.7669925689697266,0,normal
2026-06-02 11:43:16,0.4143714904785156,0,normal
2026-06-02 11:43:16,0.5767345428466797,0,normal
2026-06-02 11:43:16,2.5255680084228516,0,normal
2026-06-02 11:43:16,2.518892288208008,0,normal
2026-06-02 11:43:16,0.8726119995117188,0,normal
2026-06-02 11:43:16,1.0876655578613281,0,normal
2026-06-02 11:43:16,0.8876323699951172,0,normal
2026-06-02 11:43:16,0.49686431884765625,0,normal
2026-06-02 11:43:17,2.010345458984375,0,normal
2026-06-02 11:43:17,1.0530948638916016,0,normal
2026-06-02 11:43:17,1.5273094177246094,0,normal
2026-06-02 11:43:17,1.0254383087158203,0,normal
2026-06-02 11:43:17,1.4510154724121094,0,normal
2026-06-02 11:43:17,1.522064208984375,0,normal
2026-06-02 11:43:17,0.9746551513671875,0,normal
2026-06-02 11:43:17,2.1789073944091797,0,normal
2026-06-02 11:43:17,1.4538764953613281,0,normal
2026-06-02 11:43:17,0.7212162017822266,0,normal
2026-06-02 11:43:18,0.621795654296875,0,normal
2026-06-02 11:43:18,1.5392303466796875,0,normal
2026-06-02 11:43:18,0.6191730499267578,0,normal
2026-06-02 11:43:18,0.9071826934814453,0,normal
2026-06-02 11:43:18,1.0538101196289062,0,normal
2026-06-02 11:43:18,1.1413097381591797,0,normal
2026-06-02 11:43:18,1.6121864318847656,0,normal
2026-06-02 11:43:18,2.2614002227783203,0,normal
2026-06-02 11:43:18,1.4803409576416016,0,normal
2026-06-02 11:43:18,1.0678768157958984,0,normal
2026-06-02 11:43:19,1.1858940124511719,0,normal
2026-06-02 11:43:19,0.9639263153076172,0,normal
2026-06-02 11:43:19,1.779317855834961,0,normal
2026-06-02 11:43:19,0.8904933929443359,0,normal
2026-06-02 11:43:19,2.4318695068359375,0,normal
2026-06-02 11:43:19,1.1601448059082031,0,normal
2026-06-02 11:43:19,1.5702247619628906,0,normal
2026-06-02 11:43:19,1.142740249633789,0,normal
2026-06-02 11:43:19,0.8234977722167969,0,normal
2026-06-02 11:43:20,1.4843940734863281,0,normal
2026-06-02 11:43:20,1.825094223022461,0,normal
2026-06-02 11:43:20,0.6999969482421875,0,normal
2026-06-02 11:43:20,1.4379024505615234,0,normal
2026-06-02 11:43:20,0.38623809814453125,0,normal
2026-06-02 11:43:20,0.4837512969970703,0,normal
2026-06-02 11:43:20,0.9295940399169922,0,normal
2026-06-02 11:43:20,1.2955665588378906,0,normal
2026-06-02 11:43:20,2.0520687103271484,0,normal
2026-06-02 11:43:20,0.4277229309082031,0,normal
2026-06-02 11:43:21,1.6107559204101562,0,normal
2026-06-02 11:43:21,0.8223056793212891,0,normal
2026-06-02 11:43:21,1.0776519775390625,0,normal
2026-06-02 11:43:21,1.676321029663086,0,normal
2026-06-02 11:43:21,3.4034252166748047,0,normal
2026-06-02 11:43:21,1.0585784912109375,0,normal
2026-06-02 11:43:21,0.5850791931152344,0,normal
2026-06-02 11:43:21,2.082347869873047,0,normal
2026-06-02 11:43:21,0.41794776916503906,0,normal
2026-06-02 11:43:21,0.4153251647949219,0,normal
2026-06-02 11:43:22,0.5154609680175781,0,normal
2026-06-02 11:43:22,2.8557777404785156,0,normal
2026-06-02 11:43:22,0.6084442138671875,0,normal
2026-06-02 11:43:22,0.5714893341064453,0,normal
2026-06-02 11:43:22,1.1992454528808594,0,normal
2026-06-02 11:43:22,0.4687309265136719,0,normal
2026-06-02 11:43:22,1.1343955993652344,0,normal
2026-06-02 11:43:22,0.42319297790527344,0,normal
2026-06-02 11:43:22,2.0732879638671875,0,normal
2026-06-02 11:43:22,0.6873607635498047,0,normal
2026-06-02 11:43:23,0.9295940399169922,0,normal
2026-06-02 11:43:23,0.6437301635742188,0,normal
2026-06-02 11:43:23,0.7023811340332031,0,normal
2026-06-02 11:43:23,1.3108253479003906,0,normal
2026-06-02 11:43:23,0.7040500640869141,0,normal
2026-06-02 11:43:23,1.1701583862304688,0,normal
2026-06-02 11:43:23,0.5738735198974609,0,normal
2026-06-02 11:43:23,0.7603168487548828,0,normal
2026-06-02 11:43:23,0.9703636169433594,0,normal
2026-06-02 11:43:23,0.5881786346435547,0,normal
2026-06-02 11:43:24,0.4620552062988281,0,normal
2026-06-02 11:43:24,0.5397796630859375,0,normal
2026-06-02 11:43:24,0.5538463592529297,0,normal
2026-06-02 11:43:24,1.0180473327636719,0,normal
2026-06-02 11:43:24,0.6492137908935547,0,normal
2026-06-02 11:43:24,0.9109973907470703,0,normal
2026-06-02 11:43:24,1.2278556823730469,0,normal
2026-06-02 11:43:24,1.2531280517578125,0,normal
2026-06-02 11:43:24,0.9958744049072266,0,normal
2026-06-02 11:43:25,0.46944618225097656,0,normal
2026-06-02 11:43:25,1.661539077758789,0,normal
2026-06-02 11:43:25,3.350973129272461,0,normal
2026-06-02 11:43:25,225.8155345916748,0,anomaly
2026-06-02 11:43:25,0.8552074432373047,0,normal
2026-06-02 11:43:25,2.5386810302734375,0,normal
2026-06-02 11:43:25,0.7905960083007812,0,normal
2026-06-02 11:43:25,2.2017955780029297,0,normal
2026-06-02 11:43:26,1.7690658569335938,0,normal
2026-06-02 11:43:26,2.1953582763671875,0,normal
2026-06-02 11:43:26,1.25885009765625,0,normal
2026-06-02 11:43:26,1.397848129272461,0,normal
2026-06-02 11:43:26,0.8573532104492188,0,normal
2026-06-02 11:43:26,1.4405250549316406,0,normal
2026-06-02 11:43:26,1.3630390167236328,0,normal
2026-06-02 11:43:26,2.0503997802734375,0,normal
2026-06-02 11:43:26,1.3539791107177734,0,normal
2026-06-02 11:43:26,0.7421970367431641,0,normal
2026-06-02 11:43:27,0.7035732269287109,0,normal
2026-06-02 11:43:27,1.336812973022461,0,normal
2026-06-02 11:43:27,1.0139942169189453,0,normal
2026-06-02 11:43:27,1.1241436004638672,0,normal
2026-06-02 11:43:27,0.6291866302490234,0,normal
2026-06-02 11:43:27,2.0356178283691406,0,normal
2026-06-02 11:43:27,1.3518333435058594,0,normal
2026-06-02 11:43:27,0.61798095703125,0,normal
2026-06-02 11:43:27,1.1548995971679688,0,normal
2026-06-02 11:43:28,1.7626285552978516,0,normal
2026-06-02 11:43:28,2.2542476654052734,0,normal
2026-06-02 11:43:28,1.4739036560058594,0,normal
2026-06-02 11:43:28,1.2955665588378906,0,normal
2026-06-02 11:43:28,1.0960102081298828,0,normal
2026-06-02 11:43:28,0.6361007690429688,0,normal
2026-06-02 11:43:28,1.142263412475586,0,normal
2026-06-02 11:43:28,3.3464431762695312,0,normal
2026-06-02 11:43:29,211.25149726867676,0,anomaly
2026-06-02 11:43:29,1.9054412841796875,0,normal
2026-06-02 11:43:29,0.9400844573974609,0,normal
2026-06-02 11:43:29,1.1205673217773438,0,normal
2026-06-02 11:43:29,1.077413558959961,0,normal
2026-06-02 11:43:29,0.9622573852539062,0,normal
2026-06-02 11:43:29,2.689838409423828,0,normal
2026-06-02 11:43:29,0.4093647003173828,0,normal
2026-06-02 11:43:29,0.6937980651855469,0,normal
2026-06-02 11:43:29,0.5130767822265625,0,normal
2026-06-02 11:43:30,0.5550384521484375,0,normal
2026-06-02 11:43:30,0.36716461181640625,0,normal
2026-06-02 11:43:30,3.053903579711914,0,normal
2026-06-02 11:43:30,1.8911361694335938,0,normal
2026-06-02 11:43:30,0.8628368377685547,0,normal
2026-06-02 11:43:30,1.6753673553466797,0,normal
2026-06-02 11:43:30,219.46978569030762,0,anomaly
2026-06-02 11:43:31,1.3587474822998047,0,normal
2026-06-02 11:43:31,1.262664794921875,0,normal
2026-06-02 11:43:31,0.4506111145019531,0,normal
2026-06-02 11:43:31,1.5130043029785156,0,normal
2026-06-02 11:43:31,1.2445449829101562,0,normal
2026-06-02 11:43:31,2.442598342895508,0,normal
2026-06-02 11:43:31,2.8879642486572266,0,normal
2026-06-02 11:43:31,1.3229846954345703,0,normal
2026-06-02 11:43:31,1.7576217651367188,0,normal
2026-06-02 11:43:31,0.6463527679443359,0,normal
2026-06-02 11:43:32,1.6818046569824219,0,normal
2026-06-02 11:43:32,1.2366771697998047,0,normal
2026-06-02 11:43:32,2.3899078369140625,0,normal
2026-06-02 11:43:32,1.6775131225585938,0,normal
2026-06-02 11:43:32,1.4684200286865234,0,normal
2026-06-02 11:43:32,0.5853176116943359,0,normal
2026-06-02 11:43:32,2.1638870239257812,0,normal
2026-06-02 11:43:32,1.840353012084961,0,normal
2026-06-02 11:43:32,1.2848377227783203,0,normal
2026-06-02 11:43:32,1.4541149139404297,0,normal
2026-06-02 11:43:33,0.9374618530273438,0,normal
2026-06-02 11:43:33,1.2917518615722656,0,normal
2026-06-02 11:43:33,0.8046627044677734,0,normal
2026-06-02 11:43:33,2.905607223510742,0,normal
2026-06-02 11:43:33,0.8897781372070312,0,normal
2026-06-02 11:43:33,0.7460117340087891,0,normal
2026-06-02 11:43:33,1.0211467742919922,0,normal
2026-06-02 11:43:33,1.027822494506836,0,normal
2026-06-02 11:43:33,2.092599868774414,0,normal
2026-06-02 11:43:34,0.6420612335205078,0,normal
2026-06-02 11:43:34,1.5845298767089844,0,normal
2026-06-02 11:43:34,0.3750324249267578,0,normal
2026-06-02 11:43:34,0.6654262542724609,0,normal
2026-06-02 11:43:34,0.6003379821777344,0,normal
2026-06-02 11:43:34,0.5693435668945312,0,normal
2026-06-02 11:43:34,0.5440711975097656,0,normal
2026-06-02 11:43:34,0.5433559417724609,0,normal
2026-06-02 11:43:34,0.8528232574462891,0,normal
2026-06-02 11:43:34,1.1982917785644531,0,normal
2026-06-02 11:43:35,0.7393360137939453,0,normal
2026-06-02 11:43:35,0.5207061767578125,0,normal
2026-06-02 11:43:35,218.72520446777344,0,anomaly
2026-06-02 11:43:35,0.9648799896240234,0,normal
2026-06-02 11:43:35,0.4858970642089844,0,normal
2026-06-02 11:43:35,0.4897117614746094,0,normal
2026-06-02 11:43:35,1.2137889862060547,0,normal
2026-06-02 11:43:35,0.7014274597167969,0,normal
2026-06-02 11:43:36,0.9112358093261719,0,normal
2026-06-02 11:43:36,0.9441375732421875,0,normal
2026-06-02 11:43:36,0.5311965942382812,0,normal
2026-06-02 11:43:36,1.4061927795410156,0,normal
2026-06-02 11:43:36,0.6256103515625,0,normal
2026-06-02 11:43:36,206.15363121032715,0,anomaly
2026-06-02 11:43:36,0.5409717559814453,0,normal
2026-06-02 11:43:36,0.6914138793945312,0,normal
2026-06-02 11:43:37,0.9698867797851562,0,normal
2026-06-02 11:43:37,0.4036426544189453,0,normal
2026-06-02 11:43:37,0.38814544677734375,0,normal
2026-06-02 11:43:37,0.7040500640869141,0,normal
2026-06-02 11:43:37,0.6320476531982422,0,normal
2026-06-02 11:43:37,0.64849853515625,0,normal
2026-06-02 11:43:37,0.4696846008300781,0,normal
2026-06-02 11:43:37,0.4584789276123047,0,normal
2026-06-02 11:43:37,0.6494522094726562,0,normal
2026-06-02 11:43:38,0.6334781646728516,0,normal
2026-06-02 11:43:38,217.6201343536377,0,anomaly
2026-06-02 11:43:38,0.7967948913574219,0,normal
2026-06-02 11:43:38,3.5648345947265625,0,normal
2026-06-02 11:43:38,0.77056884765625,0,normal
2026-06-02 11:43:38,0.5748271942138672,0,normal
2026-06-02 11:43:38,0.5815029144287109,0,normal
2026-06-02 11:43:38,0.45680999755859375,0,normal
2026-06-02 11:43:39,0.5123615264892578,0,normal
2026-06-02 11:43:39,0.6060600280761719,0,normal
2026-06-02 11:43:39,0.46324729919433594,0,normal
2026-06-02 11:43:39,0.49567222595214844,0,normal
2026-06-02 11:43:39,1.5645027160644531,0,normal
2026-06-02 11:43:39,1.1298656463623047,0,normal
2026-06-02 11:43:39,1.1129379272460938,0,normal
2026-06-02 11:43:39,0.6308555603027344,0,normal
2026-06-02 11:43:39,0.5054473876953125,0,normal
2026-06-02 11:43:39,0.5898475646972656,0,normal
2026-06-02 11:43:40,0.4069805145263672,0,normal
2026-06-02 11:43:40,0.47707557678222656,0,normal
2026-06-02 11:43:40,0.6158351898193359,0,normal
2026-06-02 11:43:40,4.430055618286133,0,normal
2026-06-02 11:43:40,1.176595687866211,0,normal
2026-06-02 11:43:40,0.5915164947509766,0,normal
2026-06-02 11:43:40,0.6144046783447266,0,normal
2026-06-02 11:43:40,0.5693435668945312,0,normal
2026-06-02 11:43:40,0.8242130279541016,0,normal
2026-06-02 11:43:40,1.0008811950683594,0,normal
2026-06-02 11:43:41,0.5877017974853516,0,normal
2026-06-02 11:43:41,0.8955001831054688,0,normal
2026-06-02 11:43:41,0.8733272552490234,0,normal
2026-06-02 11:43:41,0.6520748138427734,0,normal
2026-06-02 11:43:41,0.8063316345214844,0,normal
2026-06-02 11:43:41,1.0595321655273438,0,normal
2026-06-02 11:43:41,0.4963874816894531,0,normal
2026-06-02 11:43:41,0.6330013275146484,0,normal
2026-06-02 11:43:41,0.7121562957763672,0,normal
2026-06-02 11:43:41,0.8862018585205078,0,normal
2026-06-02 11:43:42,1.3401508331298828,0,normal
2026-06-02 11:43:42,1.026153564453125,0,normal
2026-06-02 11:43:42,0.7786750793457031,0,normal
2026-06-02 11:43:42,0.6091594696044922,0,normal
2026-06-02 11:43:42,0.4208087921142578,0,normal
2026-06-02 11:43:42,0.5321502685546875,0,normal
2026-06-02 11:43:42,0.6091594696044922,0,normal
2026-06-02 11:43:42,1.4719963073730469,0,normal
2026-06-02 11:43:42,1.2083053588867188,0,normal
2026-06-02 11:43:43,0.4506111145019531,0,normal
2026-06-02 11:43:43,0.4591941833496094,0,normal
2026-06-02 11:43:43,0.7755756378173828,0,normal
2026-06-02 11:43:43,0.9393692016601562,0,normal
2026-06-02 11:43:43,2.194643020629883,0,normal
2026-06-02 11:43:43,0.9891986846923828,0,normal
2026-06-02 11:43:43,0.6220340728759766,0,normal
2026-06-02 11:43:43,0.9825229644775391,0,normal
2026-06-02 11:43:43,0.560760498046875,0,normal
2026-06-02 11:43:43,3.111600875854492,0,normal
2026-06-02 11:43:44,0.7174015045166016,0,normal
2026-06-02 11:43:44,0.5021095275878906,0,normal
2026-06-02 11:43:44,1.0347366333007812,0,normal
2026-06-02 11:43:44,0.4420280456542969,0,normal
2026-06-02 11:43:44,0.7584095001220703,0,normal
2026-06-02 11:43:44,0.8151531219482422,0,normal
2026-06-02 11:43:44,1.3802051544189453,0,normal
2026-06-02 11:43:44,2.273082733154297,0,normal
2026-06-02 11:43:44,1.734018325805664,0,normal
2026-06-02 11:43:44,0.5440711975097656,0,normal
2026-06-02 11:43:45,0.5881786346435547,0,normal
2026-06-02 11:43:45,0.5805492401123047,0,normal
2026-06-02 11:43:45,2.022981643676758,0,normal
2026-06-02 11:43:45,0.7321834564208984,0,normal
2026-06-02 11:43:45,0.5462169647216797,0,normal
2026-06-02 11:43:45,0.7030963897705078,0,normal
2026-06-02 11:43:45,0.49185752868652344,0,normal
2026-06-02 11:43:45,0.701904296875,0,normal
2026-06-02 11:43:45,1.9044876098632812,0,normal
2026-06-02 11:43:45,2.3279190063476562,0,normal
2026-06-02 11:43:53,0.7617473602294922,0,normal
2026-06-02 11:43:53,1.814126968383789,0,normal
2026-06-02 11:43:53,0.5540847778320312,0,normal
2026-06-02 11:43:53,2.3996829986572266,0,normal
2026-06-02 11:43:53,2.5632381439208984,0,normal
2026-06-02 11:43:53,1.5010833740234375,0,normal
2026-06-02 11:43:53,1.5406608581542969,0,normal
2026-06-02 11:43:53,1.4748573303222656,0,normal
2026-06-02 11:43:54,0.5068778991699219,0,normal
2026-06-02 11:43:54,0.46181678771972656,0,normal
2026-06-02 11:43:54,4.918098449707031,0,normal
2026-06-02 11:43:54,0.6363391876220703,0,normal
2026-06-02 11:43:54,0.4596710205078125,0,normal
2026-06-02 11:43:54,0.9186267852783203,0,normal
2026-06-02 11:43:54,209.59806442260742,0,anomaly
2026-06-02 11:43:55,0.5023479461669922,0,normal
2026-06-02 11:43:55,0.5183219909667969,0,normal
2026-06-02 11:43:55,0.8618831634521484,0,normal
2026-06-02 11:43:55,1.3697147369384766,0,normal
2026-06-02 11:43:55,0.728607177734375,0,normal
2026-06-02 11:43:55,0.5078315734863281,0,normal
2026-06-02 11:43:55,0.9553432464599609,0,normal
2026-06-02 11:43:55,1.30462646484375,0,normal
2026-06-02 11:43:55,1.4348030090332031,0,normal
2026-06-02 11:43:55,0.6806850433349609,0,normal
2026-06-02 11:43:56,1.192331314086914,0,normal
2026-06-02 11:43:56,0.8471012115478516,0,normal
2026-06-02 11:43:56,0.5631446838378906,0,normal
2026-06-02 11:43:56,0.6716251373291016,0,normal
2026-06-02 11:43:56,0.41747093200683594,0,normal
2026-06-02 11:43:56,0.3802776336669922,0,normal
2026-06-02 11:43:56,0.40459632873535156,0,normal
2026-06-02 11:43:56,0.6651878356933594,0,normal
2026-06-02 11:43:56,0.9722709655761719,0,normal
2026-06-02 11:43:56,0.9050369262695312,0,normal
2026-06-02 11:43:57,0.4799365997314453,0,normal
2026-06-02 11:43:57,0.55694580078125,0,normal
2026-06-02 11:43:57,0.6203651428222656,0,normal
2026-06-02 11:43:57,0.6668567657470703,0,normal
2026-06-02 11:43:57,0.5311965942382812,0,normal
2026-06-02 11:43:57,0.6871223449707031,0,normal
2026-06-02 11:43:57,0.47278404235839844,0,normal
2026-06-02 11:43:57,0.6680488586425781,0,normal
2026-06-02 11:43:57,0.5862712860107422,0,normal
2026-06-02 11:43:57,1.1255741119384766,0,normal
2026-06-02 11:43:58,0.5578994750976562,0,normal
2026-06-02 11:43:58,0.6339550018310547,0,normal
2026-06-02 11:43:58,1.9726753234863281,0,normal
2026-06-02 11:43:58,1.687765121459961,0,normal
2026-06-02 11:43:58,0.5178451538085938,0,normal
2026-06-02 11:43:58,0.5578994750976562,0,normal
2026-06-02 11:43:58,0.6835460662841797,0,normal
2026-06-02 11:43:58,0.6823539733886719,0,normal
2026-06-02 11:43:58,0.5807876586914062,0,normal
2026-06-02 11:43:58,0.5154609680175781,0,normal
2026-06-02 11:43:59,0.6334781646728516,0,normal
2026-06-02 11:43:59,0.6089210510253906,0,normal
2026-06-02 11:43:59,0.5829334259033203,0,normal
2026-06-02 11:43:59,2.6938915252685547,0,normal
2026-06-02 11:43:59,0.7815361022949219,0,normal
2026-06-02 11:43:59,0.47135353088378906,0,normal
2026-06-02 11:43:59,0.9980201721191406,0,normal
2026-06-02 11:43:59,0.5228519439697266,0,normal
2026-06-02 11:43:59,0.48804283142089844,0,normal
2026-06-02 11:43:59,0.6134510040283203,0,normal
2026-06-02 11:44:00,0.5280971527099609,0,normal
2026-06-02 11:44:00,1.0898113250732422,0,normal
2026-06-02 11:44:00,1.2371540069580078,0,normal
2026-06-02 11:44:00,0.40459632873535156,0,normal
2026-06-02 11:44:00,0.42438507080078125,0,normal
2026-06-02 11:44:00,0.5943775177001953,0,normal
2026-06-02 11:44:00,0.5769729614257812,0,normal
2026-06-02 11:44:00,0.6437301635742188,0,normal
2026-06-02 11:44:00,0.4477500915527344,0,normal
2026-06-02 11:44:01,0.6763935089111328,0,normal
2026-06-02 11:44:01,1.1763572692871094,0,normal
2026-06-02 11:44:01,0.8387565612792969,0,normal
2026-06-02 11:44:01,1.283884048461914,0,normal
2026-06-02 11:44:01,0.4954338073730469,0,normal
2026-06-02 11:44:01,1.978158950805664,0,normal
2026-06-02 11:44:01,0.5383491516113281,0,normal
2026-06-02 11:44:01,0.6566047668457031,0,normal
2026-06-02 11:44:01,0.751495361328125,0,normal
2026-06-02 11:44:01,0.6046295166015625,0,normal
2026-06-02 11:44:02,1.3513565063476562,0,normal
2026-06-02 11:44:02,0.6031990051269531,0,normal
2026-06-02 11:44:02,0.5977153778076172,0,normal
2026-06-02 11:44:02,0.644683837890625,0,normal
2026-06-02 11:44:02,0.5316734313964844,0,normal
2026-06-02 11:44:02,0.55694580078125,0,normal
2026-06-02 11:44:02,0.9167194366455078,0,normal
2026-06-02 11:44:02,0.5559921264648438,0,normal
2026-06-02 11:44:02,0.7886886596679688,0,normal
2026-06-02 11:44:02,1.329183578491211,0,normal
2026-06-02 11:44:03,0.7159709930419922,0,normal
2026-06-02 11:44:03,0.9429454803466797,0,normal
2026-06-02 11:44:03,0.5993843078613281,0,normal
2026-06-02 11:44:03,0.4947185516357422,0,normal
2026-06-02 11:44:03,0.3981590270996094,0,normal
2026-06-02 11:44:03,0.7498264312744141,0,normal
2026-06-02 11:44:03,1.1451244354248047,0,normal
2026-06-02 11:44:03,0.6809234619140625,0,normal
2026-06-02 11:44:03,0.6797313690185547,0,normal
2026-06-02 11:44:03,0.7803440093994141,0,normal
2026-06-02 11:44:04,0.690460205078125,0,normal
2026-06-02 11:44:04,0.6313323974609375,0,normal
2026-06-02 11:44:04,0.5354881286621094,0,normal
2026-06-02 11:44:04,0.8976459503173828,0,normal
2026-06-02 11:44:04,0.8504390716552734,0,normal
2026-06-02 11:44:04,0.47397613525390625,0,normal
2026-06-02 11:44:04,0.4782676696777344,0,normal
2026-06-02 11:44:04,0.7421970367431641,0,normal
2026-06-02 11:44:04,0.6361007690429688,0,normal
2026-06-02 11:44:04,0.6563663482666016,0,normal
2026-06-02 11:44:05,0.4601478576660156,0,normal
2026-06-02 11:44:05,0.47707557678222656,0,normal
2026-06-02 11:44:05,0.5521774291992188,0,normal
2026-06-02 11:44:05,3.3452510833740234,0,normal
2026-06-02 11:44:05,0.9005069732666016,0,normal
2026-06-02 11:44:05,0.5333423614501953,0,normal
2026-06-02 11:44:05,0.7016658782958984,0,normal
2026-06-02 11:44:05,0.4718303680419922,0,normal
2026-06-02 11:44:05,0.6990432739257812,0,normal
2026-06-02 11:44:06,0.4951953887939453,0,normal
2026-06-02 11:44:06,0.4730224609375,0,normal
2026-06-02 11:44:06,0.4417896270751953,0,normal
2026-06-02 11:44:06,0.5996227264404297,0,normal
2026-06-02 11:44:06,1.0862350463867188,0,normal
2026-06-02 11:44:06,0.48422813415527344,0,normal
2026-06-02 11:44:06,0.9670257568359375,0,normal
2026-06-02 11:44:06,2.2537708282470703,0,normal
2026-06-02 11:44:06,0.5216598510742188,0,normal
2026-06-02 11:44:06,0.8561611175537109,0,normal
2026-06-02 11:44:07,1.247406005859375,0,normal
2026-06-02 11:44:07,0.6077289581298828,0,normal
2026-06-02 11:44:07,0.7054805755615234,0,normal
2026-06-02 11:44:07,0.5173683166503906,0,normal
2026-06-02 11:44:07,0.48160552978515625,0,normal
2026-06-02 11:44:07,0.42700767517089844,0,normal
2026-06-02 11:44:07,0.7750988006591797,0,normal
2026-06-02 11:44:07,0.8399486541748047,0,normal
2026-06-02 11:44:07,0.5681514739990234,0,normal
2026-06-02 11:44:07,0.9791851043701172,0,normal
2026-06-02 11:44:08,1.8072128295898438,0,normal
2026-06-02 11:44:08,0.9605884552001953,0,normal
2026-06-02 11:44:08,0.5359649658203125,0,normal
2026-06-02 11:44:08,1.3124942779541016,0,normal
2026-06-02 11:44:08,0.9853839874267578,0,normal
2026-06-02 11:44:08,1.6353130340576172,0,normal
2026-06-02 11:44:08,0.8919239044189453,0,normal
2026-06-02 11:44:08,0.6985664367675781,0,normal
2026-06-02 11:44:08,0.7729530334472656,0,normal
2026-06-02 11:44:09,1.2636184692382812,0,normal
2026-06-02 11:44:09,1.3628005981445312,0,normal
2026-06-02 11:44:09,0.6995201110839844,0,normal
2026-06-02 11:44:09,0.9570121765136719,0,normal
2026-06-02 11:44:09,0.6811618804931641,0,normal
2026-06-02 11:44:09,1.1894702911376953,0,normal
2026-06-02 11:44:09,0.9772777557373047,0,normal
2026-06-02 11:44:09,1.2905597686767578,0,normal
2026-06-02 11:44:09,0.6823539733886719,0,normal
2026-06-02 11:44:09,0.3914833068847656,0,normal
2026-06-02 11:44:10,0.476837158203125,0,normal
2026-06-02 11:44:10,0.5784034729003906,0,normal
2026-06-02 11:44:10,0.6265640258789062,0,normal
2026-06-02 11:44:10,0.4601478576660156,0,normal
2026-06-02 11:44:10,0.6160736083984375,0,normal
2026-06-02 11:44:10,0.8907318115234375,0,normal
2026-06-02 11:44:10,0.9236335754394531,0,normal
2026-06-02 11:44:10,0.5650520324707031,0,normal
2026-06-02 11:44:10,0.6275177001953125,0,normal
2026-06-02 11:44:10,0.58746337890625,0,normal
2026-06-02 11:44:11,0.6136894226074219,0,normal
2026-06-02 11:44:11,0.4210472106933594,0,normal
2026-06-02 11:44:11,0.7083415985107422,0,normal
2026-06-02 11:44:11,0.41103363037109375,0,normal
2026-06-02 11:44:11,0.8213520050048828,0,normal
2026-06-02 11:44:11,1.1179447174072266,0,normal
2026-06-02 11:44:11,0.4830360412597656,0,normal
2026-06-02 11:44:11,0.5290508270263672,0,normal
2026-06-02 11:44:11,0.6780624389648438,0,normal
2026-06-02 11:44:11,0.4718303680419922,0,normal
2026-06-02 11:44:12,0.4913806915283203,0,normal
2026-06-02 11:44:12,0.4887580871582031,0,normal
2026-06-02 11:44:12,0.6456375122070312,0,normal
2026-06-02 11:44:12,0.3814697265625,0,normal
2026-06-02 11:44:12,1.1036396026611328,0,normal
2026-06-02 11:44:12,0.54168701171875,0,normal
2026-06-02 11:44:12,0.6358623504638672,0,normal
2026-06-02 11:44:12,0.6489753723144531,0,normal
2026-06-02 11:44:12,0.8635520935058594,0,normal
2026-06-02 11:44:12,1.369476318359375,0,normal
2026-06-02 11:44:13,0.461578369140625,0,normal
2026-06-02 11:44:13,0.5991458892822266,0,normal
2026-06-02 11:44:13,0.469207763671875,0,normal
2026-06-02 11:44:13,1.0917186737060547,0,normal
2026-06-02 11:44:13,0.5638599395751953,0,normal
2026-06-02 11:44:13,0.6349086761474609,0,normal
2026-06-02 11:44:13,0.8530616760253906,0,normal
2026-06-02 11:44:13,0.9415149688720703,0,normal
2026-06-02 11:44:13,0.6237030029296875,0,normal
2026-06-02 11:44:13,0.4642009735107422,0,normal
2026-06-02 11:44:14,0.47278404235839844,0,normal
2026-06-02 11:44:14,214.02788162231445,0,anomaly
2026-06-02 11:44:14,1.2581348419189453,0,normal
2026-06-02 11:44:14,0.4699230194091797,0,normal
2026-06-02 11:44:14,0.6487369537353516,0,normal
2026-06-02 11:44:14,1.0609626770019531,0,normal
2026-06-02 11:44:14,0.5605220794677734,0,normal
2026-06-02 11:44:15,0.8299350738525391,0,normal
2026-06-02 11:44:15,0.7233619689941406,0,normal
2026-06-02 11:44:15,0.7557868957519531,0,normal
2026-06-02 11:44:15,0.5357265472412109,0,normal
2026-06-02 11:44:15,0.6725788116455078,0,normal
2026-06-02 11:44:15,0.4940032958984375,0,normal
2026-06-02 11:44:15,0.5757808685302734,0,normal
2026-06-02 11:44:15,0.4191398620605469,0,normal
2026-06-02 11:44:15,2.894163131713867,0,normal
2026-06-02 11:44:15,0.46706199645996094,0,normal
2026-06-02 11:44:16,0.8428096771240234,0,normal
2026-06-02 11:44:16,1.0881423950195312,0,normal
2026-06-02 11:44:16,1.0995864868164062,0,normal
2026-06-02 11:44:16,0.45800209045410156,0,normal
2026-06-02 11:44:16,0.7143020629882812,0,normal
2026-06-02 11:44:16,1.0535717010498047,0,normal
2026-06-02 11:44:16,0.39458274841308594,0,normal
2026-06-02 11:44:16,0.4620552062988281,0,normal
2026-06-02 11:44:16,0.5655288696289062,0,normal
2026-06-02 11:44:16,0.4069805145263672,0,normal
2026-06-02 11:44:17,0.6310939788818359,0,normal
2026-06-02 11:44:17,0.5769729614257812,0,normal
2026-06-02 11:44:17,0.61798095703125,0,normal
2026-06-02 11:44:17,0.5784034729003906,0,normal
2026-06-02 11:44:17,0.6539821624755859,0,normal
2026-06-02 11:44:17,0.3974437713623047,0,normal
2026-06-02 11:44:17,0.6108283996582031,0,normal
2026-06-02 11:44:17,0.5309581756591797,0,normal
2026-06-02 11:44:17,0.9047985076904297,0,normal
2026-06-02 11:44:17,0.5164146423339844,0,normal
2026-06-02 11:44:18,0.6351470947265625,0,normal
2026-06-02 11:44:18,0.6058216094970703,0,normal
2026-06-02 11:44:18,0.6442070007324219,0,normal
2026-06-02 11:44:18,0.7975101470947266,0,normal
2026-06-02 11:44:18,1.4765262603759766,0,normal
2026-06-02 11:44:18,0.47850608825683594,0,normal
2026-06-02 11:44:18,0.6234645843505859,0,normal
2026-06-02 11:44:18,0.9260177612304688,0,normal
2026-06-02 11:44:18,0.6697177886962891,0,normal
2026-06-02 11:44:18,0.46563148498535156,0,normal
2026-06-02 11:44:19,0.5278587341308594,0,normal
2026-06-02 11:44:19,0.7047653198242188,0,normal
2026-06-02 11:44:19,2.038717269897461,0,normal
2026-06-02 11:44:19,0.591278076171875,0,normal
2026-06-02 11:44:19,0.5540847778320312,0,normal
2026-06-02 11:44:19,0.5061626434326172,0,normal
2026-06-02 11:44:19,1.2199878692626953,0,normal
2026-06-02 11:44:19,0.6058216094970703,0,normal
2026-06-02 11:44:19,0.6747245788574219,0,normal
2026-06-02 11:44:19,0.4279613494873047,0,normal
2026-06-02 11:44:20,0.6289482116699219,0,normal
2026-06-02 11:44:20,0.4737377166748047,0,normal
2026-06-02 11:44:20,0.6346702575683594,0,normal
2026-06-02 11:44:20,0.5066394805908203,0,normal
2026-06-02 11:44:20,0.6196498870849609,0,normal
2026-06-02 11:44:20,0.44989585876464844,0,normal
2026-06-02 11:44:20,1.0271072387695312,0,normal
2026-06-02 11:44:20,1.1241436004638672,0,normal
2026-06-02 11:44:20,0.5679130554199219,0,normal
2026-06-02 11:44:21,0.6031990051269531,0,normal
2026-06-02 11:44:21,0.6380081176757812,0,normal
2026-06-02 11:44:21,1.0313987731933594,0,normal
2026-06-02 11:44:21,0.400543212890625,0,normal
2026-06-02 11:44:21,0.5788803100585938,0,normal
2026-06-02 11:44:21,225.15130043029785,0,anomaly
2026-06-02 11:44:21,0.4906654357910156,0,normal
2026-06-02 11:44:21,0.3769397735595703,0,normal
2026-06-02 11:44:22,0.5095005035400391,0,normal
2026-06-02 11:44:22,0.6275177001953125,0,normal
2026-06-02 11:44:22,0.5099773406982422,0,normal
2026-06-02 11:44:22,0.5574226379394531,0,normal
2026-06-02 11:44:22,0.7762908935546875,0,normal
2026-06-02 11:44:22,1.190185546875,0,normal
2026-06-02 11:44:22,0.7154941558837891,0,normal
2026-06-02 11:44:22,0.5900859832763672,0,normal
2026-06-02 11:44:22,0.457763671875,0,normal
2026-06-02 11:44:22,0.9582042694091797,0,normal
2026-06-02 11:44:23,0.5533695220947266,0,normal
2026-06-02 11:44:23,0.4487037658691406,0,normal
2026-06-02 11:44:23,0.5047321319580078,0,normal
2026-06-02 11:44:23,0.6873607635498047,0,normal
2026-06-02 11:44:23,0.5247592926025391,0,normal
2026-06-02 11:44:23,0.5753040313720703,0,normal
2026-06-02 11:44:23,0.5388259887695312,0,normal
2026-06-02 11:44:24,217.6527976989746,0,anomaly
2026-06-02 11:44:24,0.7641315460205078,0,normal
2026-06-02 11:44:24,0.4372596740722656,0,normal
2026-06-02 11:44:24,1.8281936645507812,0,normal
2026-06-02 11:44:24,1.453399658203125,0,normal
2026-06-02 11:44:24,1.2831687927246094,0,normal
2026-06-02 11:44:24,0.7648468017578125,0,normal
2026-06-02 11:44:24,0.5502700805664062,0,normal
2026-06-02 11:44:24,0.5660057067871094,0,normal
2026-06-02 11:44:24,0.5810260772705078,0,normal
2026-06-02 11:44:25,0.6353855133056641,0,normal
2026-06-02 11:44:25,0.37097930908203125,0,normal
2026-06-02 11:44:25,0.4227161407470703,0,normal
2026-06-02 11:44:25,0.5984306335449219,0,normal
2026-06-02 11:44:25,1.768350601196289,0,normal
2026-06-02 11:44:25,2.087831497192383,0,normal
2026-06-02 11:44:25,0.6196498870849609,0,normal
2026-06-02 11:44:25,0.9539127349853516,0,normal
2026-06-02 11:44:25,0.7662773132324219,0,normal
2026-06-02 11:44:26,0.7073879241943359,0,normal
2026-06-02 11:44:26,2.1164417266845703,0,normal
2026-06-02 11:44:26,0.6592273712158203,0,normal
2026-06-02 11:44:26,1.1718273162841797,0,normal
2026-06-02 11:44:26,0.7169246673583984,0,normal
2026-06-02 11:44:26,0.47659873962402344,0,normal
2026-06-02 11:44:26,0.6268024444580078,0,normal
2026-06-02 11:44:26,2.805948257446289,0,normal
2026-06-02 11:44:26,0.4851818084716797,0,normal
2026-06-02 11:44:26,1.0499954223632812,0,normal
2026-06-02 11:44:27,0.4413127899169922,0,normal
2026-06-02 11:44:27,0.41985511779785156,0,normal
2026-06-02 11:44:27,0.6113052368164062,0,normal
2026-06-02 11:44:27,0.5242824554443359,0,normal
2026-06-02 11:44:27,0.6690025329589844,0,normal
2026-06-02 11:44:27,0.7665157318115234,0,normal
2026-06-02 11:44:27,0.6315708160400391,0,normal
2026-06-02 11:44:27,0.5588531494140625,0,normal
2026-06-02 11:44:27,0.7805824279785156,0,normal
